process,rows,nullable,case,sample,iterations,position,variant,us_per_batch
1,128,true,max_utf8,0,7094,0,enum_static,2.125581
1,128,true,max_utf8,0,7094,1,bound_dynamic,2.114257
1,128,true,max_utf8,0,7094,2,bound_static,2.035341
1,128,true,max_utf8,0,7094,3,before,2.041579
1,128,true,max_utf8,0,7094,4,after,2.054964
1,128,true,max_utf8,0,7094,5,enum_dynamic,2.047176
1,128,true,max_utf8,1,7094,0,bound_dynamic,2.078306
1,128,true,max_utf8,1,7094,1,bound_static,2.034524
1,128,true,max_utf8,1,7094,2,before,2.039311
1,128,true,max_utf8,1,7094,3,after,2.057701
1,128,true,max_utf8,1,7094,4,enum_dynamic,2.051346
1,128,true,max_utf8,1,7094,5,enum_static,2.051446
1,128,true,max_utf8,2,7094,0,bound_static,2.036445
1,128,true,max_utf8,2,7094,1,before,2.074077
1,128,true,max_utf8,2,7094,2,after,2.051939
1,128,true,max_utf8,2,7094,3,enum_dynamic,2.047000
1,128,true,max_utf8,2,7094,4,enum_static,2.079792
1,128,true,max_utf8,2,7094,5,bound_dynamic,2.081160
1,128,true,max_utf8,3,7094,0,before,2.037056
1,128,true,max_utf8,3,7094,1,after,2.051575
1,128,true,max_utf8,3,7094,2,enum_dynamic,2.044709
1,128,true,max_utf8,3,7094,3,enum_static,2.043335
1,128,true,max_utf8,3,7094,4,bound_dynamic,2.071827
1,128,true,max_utf8,3,7094,5,bound_static,2.031623
1,128,true,max_utf8,4,7094,0,after,2.047182
1,128,true,max_utf8,4,7094,1,enum_dynamic,2.041508
1,128,true,max_utf8,4,7094,2,enum_static,2.046201
1,128,true,max_utf8,4,7094,3,bound_dynamic,2.073783
1,128,true,max_utf8,4,7094,4,bound_static,2.036240
1,128,true,max_utf8,4,7094,5,before,2.041702
1,128,true,max_utf8,5,7094,0,enum_dynamic,2.046771
1,128,true,max_utf8,5,7094,1,enum_static,2.047804
1,128,true,max_utf8,5,7094,2,bound_dynamic,2.073736
1,128,true,max_utf8,5,7094,3,bound_static,2.037203
1,128,true,max_utf8,5,7094,4,before,2.048938
1,128,true,max_utf8,5,7094,5,after,2.054054
1,128,true,max_utf8,6,7094,0,enum_static,2.054553
1,128,true,max_utf8,6,7094,1,bound_dynamic,2.077425
1,128,true,max_utf8,6,7094,2,bound_static,2.040005
1,128,true,max_utf8,6,7094,3,before,2.036369
1,128,true,max_utf8,6,7094,4,after,2.051646
1,128,true,max_utf8,6,7094,5,enum_dynamic,2.042377
1,128,true,max_utf8,7,7094,0,bound_dynamic,2.082734
1,128,true,max_utf8,7,7094,1,bound_static,2.041637
1,128,true,max_utf8,7,7094,2,before,2.043346
1,128,true,max_utf8,7,7094,3,after,2.046642
1,128,true,max_utf8,7,7094,4,enum_dynamic,2.047088
1,128,true,max_utf8,7,7094,5,enum_static,2.048480
1,128,true,max_utf8,8,7094,0,bound_static,2.049020
1,128,true,max_utf8,8,7094,1,before,2.041079
1,128,true,max_utf8,8,7094,2,after,2.046865
1,128,true,max_utf8,8,7094,3,enum_dynamic,2.047599
1,128,true,max_utf8,8,7094,4,enum_static,2.106827
1,128,true,max_utf8,8,7094,5,bound_dynamic,2.095251
1,128,true,max_utf8,9,7094,0,before,2.037297
1,128,true,max_utf8,9,7094,1,after,2.046759
1,128,true,max_utf8,9,7094,2,enum_dynamic,2.052398
1,128,true,max_utf8,9,7094,3,enum_static,2.045003
1,128,true,max_utf8,9,7094,4,bound_dynamic,2.080309
1,128,true,max_utf8,9,7094,5,bound_static,2.033767
1,128,true,max_utf8,10,7094,0,after,2.055317
1,128,true,max_utf8,10,7094,1,enum_dynamic,2.047170
1,128,true,max_utf8,10,7094,2,enum_static,2.053678
1,128,true,max_utf8,10,7094,3,bound_dynamic,2.076479
1,128,true,max_utf8,10,7094,4,bound_static,2.030419
1,128,true,max_utf8,10,7094,5,before,2.042260
1,128,true,max_utf8,11,7094,0,enum_dynamic,2.045150
1,128,true,max_utf8,11,7094,1,enum_static,2.048903
1,128,true,max_utf8,11,7094,2,bound_dynamic,2.096743
1,128,true,max_utf8,11,7094,3,bound_static,2.048421
1,128,true,max_utf8,11,7094,4,before,2.040204
1,128,true,max_utf8,11,7094,5,after,2.046877
1,65536,false,min_i64,0,45,0,enum_static,326.425933
1,65536,false,min_i64,0,45,1,bound_dynamic,371.773156
1,65536,false,min_i64,0,45,2,bound_static,342.567600
1,65536,false,min_i64,0,45,3,before,355.348156
1,65536,false,min_i64,0,45,4,after,340.575933
1,65536,false,min_i64,0,45,5,enum_dynamic,355.353689
1,65536,false,min_i64,1,45,0,bound_dynamic,372.187022
1,65536,false,min_i64,1,45,1,bound_static,332.632422
1,65536,false,min_i64,1,45,2,before,353.537978
1,65536,false,min_i64,1,45,3,after,335.764800
1,65536,false,min_i64,1,45,4,enum_dynamic,352.127778
1,65536,false,min_i64,1,45,5,enum_static,340.508333
1,65536,false,min_i64,2,45,0,bound_static,333.882400
1,65536,false,min_i64,2,45,1,before,351.431467
1,65536,false,min_i64,2,45,2,after,334.703711
1,65536,false,min_i64,2,45,3,enum_dynamic,351.735178
1,65536,false,min_i64,2,45,4,enum_static,311.351844
1,65536,false,min_i64,2,45,5,bound_dynamic,372.970378
1,65536,false,min_i64,3,45,0,before,352.966667
1,65536,false,min_i64,3,45,1,after,335.032400
1,65536,false,min_i64,3,45,2,enum_dynamic,350.450911
1,65536,false,min_i64,3,45,3,enum_static,336.807400
1,65536,false,min_i64,3,45,4,bound_dynamic,373.325000
1,65536,false,min_i64,3,45,5,bound_static,333.776867
1,65536,false,min_i64,4,45,0,after,331.871289
1,65536,false,min_i64,4,45,1,enum_dynamic,353.900933
1,65536,false,min_i64,4,45,2,enum_static,335.305556
1,65536,false,min_i64,4,45,3,bound_dynamic,374.680556
1,65536,false,min_i64,4,45,4,bound_static,333.165756
1,65536,false,min_i64,4,45,5,before,353.292578
1,65536,false,min_i64,5,45,0,enum_dynamic,353.546289
1,65536,false,min_i64,5,45,1,enum_static,331.867600
1,65536,false,min_i64,5,45,2,bound_dynamic,370.859244
1,65536,false,min_i64,5,45,3,bound_static,336.621289
1,65536,false,min_i64,5,45,4,before,353.969444
1,65536,false,min_i64,5,45,5,after,336.198156
1,65536,false,min_i64,6,45,0,enum_static,321.965733
1,65536,false,min_i64,6,45,1,bound_dynamic,378.012956
1,65536,false,min_i64,6,45,2,bound_static,336.516667
1,65536,false,min_i64,6,45,3,before,361.243511
1,65536,false,min_i64,6,45,4,after,335.110178
1,65536,false,min_i64,6,45,5,enum_dynamic,354.736111
1,65536,false,min_i64,7,45,0,bound_dynamic,374.877778
1,65536,false,min_i64,7,45,1,bound_static,335.565756
1,65536,false,min_i64,7,45,2,before,352.938889
1,65536,false,min_i64,7,45,3,after,334.094444
1,65536,false,min_i64,7,45,4,enum_dynamic,351.278711
1,65536,false,min_i64,7,45,5,enum_static,330.629644
1,65536,false,min_i64,8,45,0,bound_static,333.761111
1,65536,false,min_i64,8,45,1,before,355.484267
1,65536,false,min_i64,8,45,2,after,335.051867
1,65536,false,min_i64,8,45,3,enum_dynamic,352.930556
1,65536,false,min_i64,8,45,4,enum_static,332.545378
1,65536,false,min_i64,8,45,5,bound_dynamic,376.699067
1,65536,false,min_i64,9,45,0,before,353.901844
1,65536,false,min_i64,9,45,1,after,336.286111
1,65536,false,min_i64,9,45,2,enum_dynamic,353.027778
1,65536,false,min_i64,9,45,3,enum_static,323.456467
1,65536,false,min_i64,9,45,4,bound_dynamic,375.029644
1,65536,false,min_i64,9,45,5,bound_static,336.280556
1,65536,false,min_i64,10,45,0,after,336.022222
1,65536,false,min_i64,10,45,1,enum_dynamic,353.449067
1,65536,false,min_i64,10,45,2,enum_static,339.526844
1,65536,false,min_i64,10,45,3,bound_dynamic,372.729622
1,65536,false,min_i64,10,45,4,bound_static,332.324089
1,65536,false,min_i64,10,45,5,before,355.968511
1,65536,false,min_i64,11,45,0,enum_dynamic,358.125911
1,65536,false,min_i64,11,45,1,enum_static,339.875911
1,65536,false,min_i64,11,45,2,bound_dynamic,370.449067
1,65536,false,min_i64,11,45,3,bound_static,336.500000
1,65536,false,min_i64,11,45,4,before,354.400911
1,65536,false,min_i64,11,45,5,after,333.345356
1,65536,false,min_utf8,0,21,0,enum_static,738.234095
1,65536,false,min_utf8,0,21,1,bound_dynamic,781.698429
1,65536,false,min_utf8,0,21,2,bound_static,739.801571
1,65536,false,min_utf8,0,21,3,before,758.865095
1,65536,false,min_utf8,0,21,4,after,740.101190
1,65536,false,min_utf8,0,21,5,enum_dynamic,754.992048
1,65536,false,min_utf8,1,21,0,bound_dynamic,782.267857
1,65536,false,min_utf8,1,21,1,bound_static,740.394857
1,65536,false,min_utf8,1,21,2,before,758.787714
1,65536,false,min_utf8,1,21,3,after,739.634952
1,65536,false,min_utf8,1,21,4,enum_dynamic,757.285714
1,65536,false,min_utf8,1,21,5,enum_static,741.065476
1,65536,false,min_utf8,2,21,0,bound_static,740.472190
1,65536,false,min_utf8,2,21,1,before,756.271810
1,65536,false,min_utf8,2,21,2,after,742.269857
1,65536,false,min_utf8,2,21,3,enum_dynamic,772.136905
1,65536,false,min_utf8,2,21,4,enum_static,747.597190
1,65536,false,min_utf8,2,21,5,bound_dynamic,777.222238
1,65536,false,min_utf8,3,21,0,before,758.164714
1,65536,false,min_utf8,3,21,1,after,738.174619
1,65536,false,min_utf8,3,21,2,enum_dynamic,755.119048
1,65536,false,min_utf8,3,21,3,enum_static,737.621048
1,65536,false,min_utf8,3,21,4,bound_dynamic,778.664667
1,65536,false,min_utf8,3,21,5,bound_static,753.956333
1,65536,false,min_utf8,4,21,0,after,740.099190
1,65536,false,min_utf8,4,21,1,enum_dynamic,755.164667
1,65536,false,min_utf8,4,21,2,enum_static,739.960286
1,65536,false,min_utf8,4,21,3,bound_dynamic,779.127000
1,65536,false,min_utf8,4,21,4,bound_static,738.428571
1,65536,false,min_utf8,4,21,5,before,756.535714
1,65536,false,min_utf8,5,21,0,enum_dynamic,759.916667
1,65536,false,min_utf8,5,21,1,enum_static,739.920619
1,65536,false,min_utf8,5,21,2,bound_dynamic,776.001952
1,65536,false,min_utf8,5,21,3,bound_static,740.464286
1,65536,false,min_utf8,5,21,4,before,754.863095
1,65536,false,min_utf8,5,21,5,after,736.978143
1,65536,false,min_utf8,6,21,0,enum_static,736.761905
1,65536,false,min_utf8,6,21,1,bound_dynamic,776.198429
1,65536,false,min_utf8,6,21,2,bound_static,738.533762
1,65536,false,min_utf8,6,21,3,before,765.573429
1,65536,false,min_utf8,6,21,4,after,738.369048
1,65536,false,min_utf8,6,21,5,enum_dynamic,756.222238
1,65536,false,min_utf8,7,21,0,bound_dynamic,792.841286
1,65536,false,min_utf8,7,21,1,bound_static,751.382905
1,65536,false,min_utf8,7,21,2,before,756.849190
1,65536,false,min_utf8,7,21,3,after,739.073381
1,65536,false,min_utf8,7,21,4,enum_dynamic,755.807524
1,65536,false,min_utf8,7,21,5,enum_static,740.144857
1,65536,false,min_utf8,8,21,0,bound_static,740.672619
1,65536,false,min_utf8,8,21,1,before,756.513905
1,65536,false,min_utf8,8,21,2,after,737.095238
1,65536,false,min_utf8,8,21,3,enum_dynamic,753.420619
1,65536,false,min_utf8,8,21,4,enum_static,740.873000
1,65536,false,min_utf8,8,21,5,bound_dynamic,778.692476
1,65536,false,min_utf8,9,21,0,before,756.686524
1,65536,false,min_utf8,9,21,1,after,736.942476
1,65536,false,min_utf8,9,21,2,enum_dynamic,755.263905
1,65536,false,min_utf8,9,21,3,enum_static,753.065476
1,65536,false,min_utf8,9,21,4,bound_dynamic,776.898810
1,65536,false,min_utf8,9,21,5,bound_static,737.813476
1,65536,false,min_utf8,10,21,0,after,739.144857
1,65536,false,min_utf8,10,21,1,enum_dynamic,756.984143
1,65536,false,min_utf8,10,21,2,enum_static,740.700429
1,65536,false,min_utf8,10,21,3,bound_dynamic,776.914667
1,65536,false,min_utf8,10,21,4,bound_static,740.164714
1,65536,false,min_utf8,10,21,5,before,760.436524
1,65536,false,min_utf8,11,21,0,enum_dynamic,755.073429
1,65536,false,min_utf8,11,21,1,enum_static,739.684524
1,65536,false,min_utf8,11,21,2,bound_dynamic,778.043619
1,65536,false,min_utf8,11,21,3,bound_static,738.970238
1,65536,false,min_utf8,11,21,4,before,756.906714
1,65536,false,min_utf8,11,21,5,after,740.982143
1,8192,true,covar_i64,0,443,0,enum_static,34.721691
1,8192,true,covar_i64,0,443,1,bound_dynamic,34.015801
1,8192,true,covar_i64,0,443,2,bound_static,34.050226
1,8192,true,covar_i64,0,443,3,before,35.064898
1,8192,true,covar_i64,0,443,4,after,34.433880
1,8192,true,covar_i64,0,443,5,enum_dynamic,35.070919
1,8192,true,covar_i64,1,443,0,bound_dynamic,34.187077
1,8192,true,covar_i64,1,443,1,bound_static,34.308409
1,8192,true,covar_i64,1,443,2,before,35.047874
1,8192,true,covar_i64,1,443,3,after,34.078065
1,8192,true,covar_i64,1,443,4,enum_dynamic,35.003196
1,8192,true,covar_i64,1,443,5,enum_static,35.090763
1,8192,true,covar_i64,2,443,0,bound_static,34.252632
1,8192,true,covar_i64,2,443,1,before,35.105813
1,8192,true,covar_i64,2,443,2,after,34.342081
1,8192,true,covar_i64,2,443,3,enum_dynamic,35.089070
1,8192,true,covar_i64,2,443,4,enum_static,34.988526
1,8192,true,covar_i64,2,443,5,bound_dynamic,34.317530
1,8192,true,covar_i64,3,443,0,before,35.269752
1,8192,true,covar_i64,3,443,1,after,34.363431
1,8192,true,covar_i64,3,443,2,enum_dynamic,35.005456
1,8192,true,covar_i64,3,443,3,enum_static,35.112113
1,8192,true,covar_i64,3,443,4,bound_dynamic,34.314052
1,8192,true,covar_i64,3,443,5,bound_static,34.403499
1,8192,true,covar_i64,4,443,0,after,40.391553
1,8192,true,covar_i64,4,443,1,enum_dynamic,35.803612
1,8192,true,covar_i64,4,443,2,enum_static,34.702032
1,8192,true,covar_i64,4,443,3,bound_dynamic,33.893528
1,8192,true,covar_i64,4,443,4,bound_static,33.956641
1,8192,true,covar_i64,4,443,5,before,34.559632
1,8192,true,covar_i64,5,443,0,enum_dynamic,34.678612
1,8192,true,covar_i64,5,443,1,enum_static,34.562923
1,8192,true,covar_i64,5,443,2,bound_dynamic,33.971312
1,8192,true,covar_i64,5,443,3,bound_static,33.863526
1,8192,true,covar_i64,5,443,4,before,34.360422
1,8192,true,covar_i64,5,443,5,after,33.947989
1,8192,true,covar_i64,6,443,0,enum_static,34.205795
1,8192,true,covar_i64,6,443,1,bound_dynamic,33.923156
1,8192,true,covar_i64,6,443,2,bound_static,33.898797
1,8192,true,covar_i64,6,443,3,before,34.738339
1,8192,true,covar_i64,6,443,4,after,33.873682
1,8192,true,covar_i64,6,443,5,enum_dynamic,34.564427
1,8192,true,covar_i64,7,443,0,bound_dynamic,33.852896
1,8192,true,covar_i64,7,443,1,bound_static,33.852239
1,8192,true,covar_i64,7,443,2,before,34.561795
1,8192,true,covar_i64,7,443,3,after,33.882713
1,8192,true,covar_i64,7,443,4,enum_dynamic,34.561512
1,8192,true,covar_i64,7,443,5,enum_static,34.545239
1,8192,true,covar_i64,8,443,0,bound_static,33.897761
1,8192,true,covar_i64,8,443,1,before,34.535930
1,8192,true,covar_i64,8,443,2,after,33.935666
1,8192,true,covar_i64,8,443,3,enum_dynamic,34.567530
1,8192,true,covar_i64,8,443,4,enum_static,34.684350
1,8192,true,covar_i64,8,443,5,bound_dynamic,34.099135
1,8192,true,covar_i64,9,443,0,before,34.627914
1,8192,true,covar_i64,9,443,1,after,33.880266
1,8192,true,covar_i64,9,443,2,enum_dynamic,34.662528
1,8192,true,covar_i64,9,443,3,enum_static,34.554648
1,8192,true,covar_i64,9,443,4,bound_dynamic,33.924284
1,8192,true,covar_i64,9,443,5,bound_static,34.103178
1,8192,true,covar_i64,10,443,0,after,33.924472
1,8192,true,covar_i64,10,443,1,enum_dynamic,34.699682
1,8192,true,covar_i64,10,443,2,enum_static,34.604027
1,8192,true,covar_i64,10,443,3,bound_dynamic,34.035928
1,8192,true,covar_i64,10,443,4,bound_static,33.947799
1,8192,true,covar_i64,10,443,5,before,34.713693
1,8192,true,covar_i64,11,443,0,enum_dynamic,34.437641
1,8192,true,covar_i64,11,443,1,enum_static,34.505079
1,8192,true,covar_i64,11,443,2,bound_dynamic,34.151993
1,8192,true,covar_i64,11,443,3,bound_static,34.022009
1,8192,true,covar_i64,11,443,4,before,34.656695
1,8192,true,covar_i64,11,443,5,after,34.103181
1,8192,true,sum_i64,0,892,0,enum_static,17.025552
1,8192,true,sum_i64,0,892,1,bound_dynamic,16.881259
1,8192,true,sum_i64,0,892,2,bound_static,16.880232
1,8192,true,sum_i64,0,892,3,before,16.872572
1,8192,true,sum_i64,0,892,4,after,16.875655
1,8192,true,sum_i64,0,892,5,enum_dynamic,16.865565
1,8192,true,sum_i64,1,892,0,bound_dynamic,16.910594
1,8192,true,sum_i64,1,892,1,bound_static,16.854867
1,8192,true,sum_i64,1,892,2,before,16.891723
1,8192,true,sum_i64,1,892,3,after,16.874439
1,8192,true,sum_i64,1,892,4,enum_dynamic,16.895553
1,8192,true,sum_i64,1,892,5,enum_static,16.875841
1,8192,true,sum_i64,2,892,0,bound_static,16.882240
1,8192,true,sum_i64,2,892,1,before,16.860099
1,8192,true,sum_i64,2,892,2,after,16.963659
1,8192,true,sum_i64,2,892,3,enum_dynamic,17.035361
1,8192,true,sum_i64,2,892,4,enum_static,16.531343
1,8192,true,sum_i64,2,892,5,bound_dynamic,16.676242
1,8192,true,sum_i64,3,892,0,before,16.858885
1,8192,true,sum_i64,3,892,1,after,16.869675
1,8192,true,sum_i64,3,892,2,enum_dynamic,16.867526
1,8192,true,sum_i64,3,892,3,enum_static,16.867012
1,8192,true,sum_i64,3,892,4,bound_dynamic,16.848981
1,8192,true,sum_i64,3,892,5,bound_static,16.837864
1,8192,true,sum_i64,4,892,0,after,16.840761
1,8192,true,sum_i64,4,892,1,enum_dynamic,16.846132
1,8192,true,sum_i64,4,892,2,enum_static,16.874674
1,8192,true,sum_i64,4,892,3,bound_dynamic,16.859305
1,8192,true,sum_i64,4,892,4,bound_static,16.712304
1,8192,true,sum_i64,4,892,5,before,16.592303
1,8192,true,sum_i64,5,892,0,enum_dynamic,16.816143
1,8192,true,sum_i64,5,892,1,enum_static,16.870189
1,8192,true,sum_i64,5,892,2,bound_dynamic,16.872478
1,8192,true,sum_i64,5,892,3,bound_static,16.858790
1,8192,true,sum_i64,5,892,4,before,16.845339
1,8192,true,sum_i64,5,892,5,after,16.833007
1,8192,true,sum_i64,6,892,0,enum_static,16.847019
1,8192,true,sum_i64,6,892,1,bound_dynamic,16.820114
1,8192,true,sum_i64,6,892,2,bound_static,16.833007
1,8192,true,sum_i64,6,892,3,before,16.842115
1,8192,true,sum_i64,6,892,4,after,16.839873
1,8192,true,sum_i64,6,892,5,enum_dynamic,16.848001
1,8192,true,sum_i64,7,892,0,bound_dynamic,16.824131
1,8192,true,sum_i64,7,892,1,bound_static,16.835950
1,8192,true,sum_i64,7,892,2,before,16.856035
1,8192,true,sum_i64,7,892,3,after,16.830297
1,8192,true,sum_i64,7,892,4,enum_dynamic,16.892096
1,8192,true,sum_i64,7,892,5,enum_static,16.881492
1,8192,true,sum_i64,8,892,0,bound_static,16.900504
1,8192,true,sum_i64,8,892,1,before,16.857483
1,8192,true,sum_i64,8,892,2,after,16.829970
1,8192,true,sum_i64,8,892,3,enum_dynamic,17.119722
1,8192,true,sum_i64,8,892,4,enum_static,16.862015
1,8192,true,sum_i64,8,892,5,bound_dynamic,16.841508
1,8192,true,sum_i64,9,892,0,before,16.853840
1,8192,true,sum_i64,9,892,1,after,16.894852
1,8192,true,sum_i64,9,892,2,enum_dynamic,16.863275
1,8192,true,sum_i64,9,892,3,enum_static,16.907979
1,8192,true,sum_i64,9,892,4,bound_dynamic,16.833941
1,8192,true,sum_i64,9,892,5,bound_static,16.848935
1,8192,true,sum_i64,10,892,0,after,16.861640
1,8192,true,sum_i64,10,892,1,enum_dynamic,16.873645
1,8192,true,sum_i64,10,892,2,enum_static,16.885090
1,8192,true,sum_i64,10,892,3,bound_dynamic,16.832353
1,8192,true,sum_i64,10,892,4,bound_static,16.874205
1,8192,true,sum_i64,10,892,5,before,16.811799
1,8192,true,sum_i64,11,892,0,enum_dynamic,16.613696
1,8192,true,sum_i64,11,892,1,enum_static,16.836463
1,8192,true,sum_i64,11,892,2,bound_dynamic,16.883923
1,8192,true,sum_i64,11,892,3,bound_static,16.858604
1,8192,true,sum_i64,11,892,4,before,16.854027
1,8192,true,sum_i64,11,892,5,after,16.868694
1,128,false,avg_i64,0,38660,0,enum_static,0.422797
1,128,false,avg_i64,0,38660,1,bound_dynamic,0.388198
1,128,false,avg_i64,0,38660,2,bound_static,0.386882
1,128,false,avg_i64,0,38660,3,before,0.423573
1,128,false,avg_i64,0,38660,4,after,0.388177
1,128,false,avg_i64,0,38660,5,enum_dynamic,0.426021
1,128,false,avg_i64,1,38660,0,bound_dynamic,0.387519
1,128,false,avg_i64,1,38660,1,bound_static,0.388203
1,128,false,avg_i64,1,38660,2,before,0.423364
1,128,false,avg_i64,1,38660,3,after,0.391630
1,128,false,avg_i64,1,38660,4,enum_dynamic,0.422851
1,128,false,avg_i64,1,38660,5,enum_static,0.415524
1,128,false,avg_i64,2,38660,0,bound_static,0.382786
1,128,false,avg_i64,2,38660,1,before,0.423480
1,128,false,avg_i64,2,38660,2,after,0.395928
1,128,false,avg_i64,2,38660,3,enum_dynamic,0.416386
1,128,false,avg_i64,2,38660,4,enum_static,0.416273
1,128,false,avg_i64,2,38660,5,bound_dynamic,0.379482
1,128,false,avg_i64,3,38660,0,before,0.424332
1,128,false,avg_i64,3,38660,1,after,0.389192
1,128,false,avg_i64,3,38660,2,enum_dynamic,0.426219
1,128,false,avg_i64,3,38660,3,enum_static,0.422200
1,128,false,avg_i64,3,38660,4,bound_dynamic,0.382350
1,128,false,avg_i64,3,38660,5,bound_static,0.385947
1,128,false,avg_i64,4,38660,0,after,0.389119
1,128,false,avg_i64,4,38660,1,enum_dynamic,0.425159
1,128,false,avg_i64,4,38660,2,enum_static,0.423627
1,128,false,avg_i64,4,38660,3,bound_dynamic,0.387848
1,128,false,avg_i64,4,38660,4,bound_static,0.389699
1,128,false,avg_i64,4,38660,5,before,0.423263
1,128,false,avg_i64,5,38660,0,enum_dynamic,0.424571
1,128,false,avg_i64,5,38660,1,enum_static,0.423586
1,128,false,avg_i64,5,38660,2,bound_dynamic,0.386778
1,128,false,avg_i64,5,38660,3,bound_static,0.389539
1,128,false,avg_i64,5,38660,4,before,0.423074
1,128,false,avg_i64,5,38660,5,after,0.389030
1,128,false,avg_i64,6,38660,0,enum_static,0.418336
1,128,false,avg_i64,6,38660,1,bound_dynamic,0.380950
1,128,false,avg_i64,6,38660,2,bound_static,0.379882
1,128,false,avg_i64,6,38660,3,before,0.416352
1,128,false,avg_i64,6,38660,4,after,0.382467
1,128,false,avg_i64,6,38660,5,enum_dynamic,0.417006
1,128,false,avg_i64,7,38660,0,bound_dynamic,0.379993
1,128,false,avg_i64,7,38660,1,bound_static,0.379893
1,128,false,avg_i64,7,38660,2,before,0.418356
1,128,false,avg_i64,7,38660,3,after,0.381456
1,128,false,avg_i64,7,38660,4,enum_dynamic,0.420304
1,128,false,avg_i64,7,38660,5,enum_static,0.423016
1,128,false,avg_i64,8,38660,0,bound_static,0.392008
1,128,false,avg_i64,8,38660,1,before,0.416256
1,128,false,avg_i64,8,38660,2,after,0.382371
1,128,false,avg_i64,8,38660,3,enum_dynamic,0.417283
1,128,false,avg_i64,8,38660,4,enum_static,0.415996
1,128,false,avg_i64,8,38660,5,bound_dynamic,0.380389
1,128,false,avg_i64,9,38660,0,before,0.416553
1,128,false,avg_i64,9,38660,1,after,0.382996
1,128,false,avg_i64,9,38660,2,enum_dynamic,0.416620
1,128,false,avg_i64,9,38660,3,enum_static,0.423551
1,128,false,avg_i64,9,38660,4,bound_dynamic,0.382699
1,128,false,avg_i64,9,38660,5,bound_static,0.381153
1,128,false,avg_i64,10,38660,0,after,0.389275
1,128,false,avg_i64,10,38660,1,enum_dynamic,0.425872
1,128,false,avg_i64,10,38660,2,enum_static,0.422271
1,128,false,avg_i64,10,38660,3,bound_dynamic,0.388606
1,128,false,avg_i64,10,38660,4,bound_static,0.389191
1,128,false,avg_i64,10,38660,5,before,0.424033
1,128,false,avg_i64,11,38660,0,enum_dynamic,0.424970
1,128,false,avg_i64,11,38660,1,enum_static,0.423871
1,128,false,avg_i64,11,38660,2,bound_dynamic,0.387331
1,128,false,avg_i64,11,38660,3,bound_static,0.390276
1,128,false,avg_i64,11,38660,4,before,0.424277
1,128,false,avg_i64,11,38660,5,after,0.389120
1,65536,false,mixed_7,0,8,0,enum_static,4001.567625
1,65536,false,mixed_7,0,8,1,bound_dynamic,4044.968750
1,65536,false,mixed_7,0,8,2,bound_static,3984.796875
1,65536,false,mixed_7,0,8,3,before,4019.182250
1,65536,false,mixed_7,0,8,4,after,3986.807250
1,65536,false,mixed_7,0,8,5,enum_dynamic,4046.229125
1,65536,false,mixed_7,1,8,0,bound_dynamic,4025.937500
1,65536,false,mixed_7,1,8,1,bound_static,3966.338625
1,65536,false,mixed_7,1,8,2,before,4033.223875
1,65536,false,mixed_7,1,8,3,after,4001.781250
1,65536,false,mixed_7,1,8,4,enum_dynamic,4036.442750
1,65536,false,mixed_7,1,8,5,enum_static,4011.114625
1,65536,false,mixed_7,2,8,0,bound_static,3984.182250
1,65536,false,mixed_7,2,8,1,before,4021.057375
1,65536,false,mixed_7,2,8,2,after,3993.703125
1,65536,false,mixed_7,2,8,3,enum_dynamic,4030.770875
1,65536,false,mixed_7,2,8,4,enum_static,4052.599000
1,65536,false,mixed_7,2,8,5,bound_dynamic,4123.880125
1,65536,false,mixed_7,3,8,0,before,4053.000000
1,65536,false,mixed_7,3,8,1,after,4000.656250
1,65536,false,mixed_7,3,8,2,enum_dynamic,4078.093750
1,65536,false,mixed_7,3,8,3,enum_static,4008.250000
1,65536,false,mixed_7,3,8,4,bound_dynamic,4028.843750
1,65536,false,mixed_7,3,8,5,bound_static,4011.838500
1,65536,false,mixed_7,4,8,0,after,4007.333375
1,65536,false,mixed_7,4,8,1,enum_dynamic,4047.989625
1,65536,false,mixed_7,4,8,2,enum_static,4004.479125
1,65536,false,mixed_7,4,8,3,bound_dynamic,4034.140625
1,65536,false,mixed_7,4,8,4,bound_static,3986.864625
1,65536,false,mixed_7,4,8,5,before,4089.890625
1,65536,false,mixed_7,5,8,0,enum_dynamic,4063.265625
1,65536,false,mixed_7,5,8,1,enum_static,4110.822875
1,65536,false,mixed_7,5,8,2,bound_dynamic,4130.276000
1,65536,false,mixed_7,5,8,3,bound_static,3990.177125
1,65536,false,mixed_7,5,8,4,before,4051.765625
1,65536,false,mixed_7,5,8,5,after,4083.260375
1,65536,false,mixed_7,6,8,0,enum_static,4072.140625
1,65536,false,mixed_7,6,8,1,bound_dynamic,4120.380125
1,65536,false,mixed_7,6,8,2,bound_static,4054.203125
1,65536,false,mixed_7,6,8,3,before,4097.250000
1,65536,false,mixed_7,6,8,4,after,4050.349000
1,65536,false,mixed_7,6,8,5,enum_dynamic,4103.677125
1,65536,false,mixed_7,7,8,0,bound_dynamic,4110.786375
1,65536,false,mixed_7,7,8,1,bound_static,4049.869750
1,65536,false,mixed_7,7,8,2,before,4122.104125
1,65536,false,mixed_7,7,8,3,after,4078.630250
1,65536,false,mixed_7,7,8,4,enum_dynamic,4148.770875
1,65536,false,mixed_7,7,8,5,enum_static,4100.604125
1,65536,false,mixed_7,8,8,0,bound_static,4095.927125
1,65536,false,mixed_7,8,8,1,before,4057.156250
1,65536,false,mixed_7,8,8,2,after,4063.380250
1,65536,false,mixed_7,8,8,3,enum_dynamic,4130.609375
1,65536,false,mixed_7,8,8,4,enum_static,4112.239625
1,65536,false,mixed_7,8,8,5,bound_dynamic,4139.880125
1,65536,false,mixed_7,9,8,0,before,4091.531250
1,65536,false,mixed_7,9,8,1,after,4010.265625
1,65536,false,mixed_7,9,8,2,enum_dynamic,4023.718750
1,65536,false,mixed_7,9,8,3,enum_static,4009.671875
1,65536,false,mixed_7,9,8,4,bound_dynamic,4041.500000
1,65536,false,mixed_7,9,8,5,bound_static,3996.791625
1,65536,false,mixed_7,10,8,0,after,4162.599000
1,65536,false,mixed_7,10,8,1,enum_dynamic,4074.692750
1,65536,false,mixed_7,10,8,2,enum_static,4011.364500
1,65536,false,mixed_7,10,8,3,bound_dynamic,4024.182250
1,65536,false,mixed_7,10,8,4,bound_static,3997.432250
1,65536,false,mixed_7,10,8,5,before,4054.953125
1,65536,false,mixed_7,11,8,0,enum_dynamic,4026.437500
1,65536,false,mixed_7,11,8,1,enum_static,4003.416750
1,65536,false,mixed_7,11,8,2,bound_dynamic,4035.156250
1,65536,false,mixed_7,11,8,3,bound_static,3985.109375
1,65536,false,mixed_7,11,8,4,before,4035.442750
1,65536,false,mixed_7,11,8,5,after,4010.921875
1,128,false,sum_i64,0,45361,0,enum_static,0.338228
1,128,false,sum_i64,0,45361,1,bound_dynamic,0.344452
1,128,false,sum_i64,0,45361,2,bound_static,0.338763
1,128,false,sum_i64,0,45361,3,before,0.338786
1,128,false,sum_i64,0,45361,4,after,0.335755
1,128,false,sum_i64,0,45361,5,enum_dynamic,0.368107
1,128,false,sum_i64,1,45361,0,bound_dynamic,0.344880
1,128,false,sum_i64,1,45361,1,bound_static,0.335710
1,128,false,sum_i64,1,45361,2,before,0.339076
1,128,false,sum_i64,1,45361,3,after,0.336038
1,128,false,sum_i64,1,45361,4,enum_dynamic,0.368479
1,128,false,sum_i64,1,45361,5,enum_static,0.341373
1,128,false,sum_i64,2,45361,0,bound_static,0.334248
1,128,false,sum_i64,2,45361,1,before,0.336963
1,128,false,sum_i64,2,45361,2,after,0.335698
1,128,false,sum_i64,2,45361,3,enum_dynamic,0.367991
1,128,false,sum_i64,2,45361,4,enum_static,0.340232
1,128,false,sum_i64,2,45361,5,bound_dynamic,0.344779
1,128,false,sum_i64,3,45361,0,before,0.338768
1,128,false,sum_i64,3,45361,1,after,0.335927
1,128,false,sum_i64,3,45361,2,enum_dynamic,0.370877
1,128,false,sum_i64,3,45361,3,enum_static,0.336169
1,128,false,sum_i64,3,45361,4,bound_dynamic,0.343489
1,128,false,sum_i64,3,45361,5,bound_static,0.339940
1,128,false,sum_i64,4,45361,0,after,0.336459
1,128,false,sum_i64,4,45361,1,enum_dynamic,0.367059
1,128,false,sum_i64,4,45361,2,enum_static,0.340102
1,128,false,sum_i64,4,45361,3,bound_dynamic,0.344729
1,128,false,sum_i64,4,45361,4,bound_static,0.339997
1,128,false,sum_i64,4,45361,5,before,0.338338
1,128,false,sum_i64,5,45361,0,enum_dynamic,0.368528
1,128,false,sum_i64,5,45361,1,enum_static,0.339456
1,128,false,sum_i64,5,45361,2,bound_dynamic,0.344826
1,128,false,sum_i64,5,45361,3,bound_static,0.336507
1,128,false,sum_i64,5,45361,4,before,0.339072
1,128,false,sum_i64,5,45361,5,after,0.335276
1,128,false,sum_i64,6,45361,0,enum_static,0.341259
1,128,false,sum_i64,6,45361,1,bound_dynamic,0.344340
1,128,false,sum_i64,6,45361,2,bound_static,0.337382
1,128,false,sum_i64,6,45361,3,before,0.340767
1,128,false,sum_i64,6,45361,4,after,0.332304
1,128,false,sum_i64,6,45361,5,enum_dynamic,0.363852
1,128,false,sum_i64,7,45361,0,bound_dynamic,0.345969
1,128,false,sum_i64,7,45361,1,bound_static,0.338834
1,128,false,sum_i64,7,45361,2,before,0.338569
1,128,false,sum_i64,7,45361,3,after,0.335989
1,128,false,sum_i64,7,45361,4,enum_dynamic,0.367502
1,128,false,sum_i64,7,45361,5,enum_static,0.340659
1,128,false,sum_i64,8,45361,0,bound_static,0.335938
1,128,false,sum_i64,8,45361,1,before,0.338697
1,128,false,sum_i64,8,45361,2,after,0.335358
1,128,false,sum_i64,8,45361,3,enum_dynamic,0.367529
1,128,false,sum_i64,8,45361,4,enum_static,0.339508
1,128,false,sum_i64,8,45361,5,bound_dynamic,0.344080
1,128,false,sum_i64,9,45361,0,before,0.342606
1,128,false,sum_i64,9,45361,1,after,0.335257
1,128,false,sum_i64,9,45361,2,enum_dynamic,0.368725
1,128,false,sum_i64,9,45361,3,enum_static,0.339614
1,128,false,sum_i64,9,45361,4,bound_dynamic,0.344723
1,128,false,sum_i64,9,45361,5,bound_static,0.336053
1,128,false,sum_i64,10,45361,0,after,0.335970
1,128,false,sum_i64,10,45361,1,enum_dynamic,0.367550
1,128,false,sum_i64,10,45361,2,enum_static,0.340771
1,128,false,sum_i64,10,45361,3,bound_dynamic,0.344550
1,128,false,sum_i64,10,45361,4,bound_static,0.338512
1,128,false,sum_i64,10,45361,5,before,0.338532
1,128,false,sum_i64,11,45361,0,enum_dynamic,0.368882
1,128,false,sum_i64,11,45361,1,enum_static,0.341774
1,128,false,sum_i64,11,45361,2,bound_dynamic,0.344574
1,128,false,sum_i64,11,45361,3,bound_static,0.339008
1,128,false,sum_i64,11,45361,4,before,0.339343
1,128,false,sum_i64,11,45361,5,after,0.336109
1,65536,true,covar_i64,0,57,0,enum_static,269.538018
1,65536,true,covar_i64,0,57,1,bound_dynamic,264.616228
1,65536,true,covar_i64,0,57,2,bound_static,264.141825
1,65536,true,covar_i64,0,57,3,before,269.938596
1,65536,true,covar_i64,0,57,4,after,263.847228
1,65536,true,covar_i64,0,57,5,enum_dynamic,269.594298
1,65536,true,covar_i64,1,57,0,bound_dynamic,264.748526
1,65536,true,covar_i64,1,57,1,bound_static,264.030702
1,65536,true,covar_i64,1,57,2,before,270.096491
1,65536,true,covar_i64,1,57,3,after,264.010965
1,65536,true,covar_i64,1,57,4,enum_dynamic,272.621351
1,65536,true,covar_i64,1,57,5,enum_static,270.776316
1,65536,true,covar_i64,2,57,0,bound_static,264.741965
1,65536,true,covar_i64,2,57,1,before,269.364772
1,65536,true,covar_i64,2,57,2,after,263.690070
1,65536,true,covar_i64,2,57,3,enum_dynamic,271.252912
1,65536,true,covar_i64,2,57,4,enum_static,269.805544
1,65536,true,covar_i64,2,57,5,bound_dynamic,264.125000
1,65536,true,covar_i64,3,57,0,before,268.938596
1,65536,true,covar_i64,3,57,1,after,264.921789
1,65536,true,covar_i64,3,57,2,enum_dynamic,270.416667
1,65536,true,covar_i64,3,57,3,enum_static,270.494158
1,65536,true,covar_i64,3,57,4,bound_dynamic,264.086982
1,65536,true,covar_i64,3,57,5,bound_static,263.914474
1,65536,true,covar_i64,4,57,0,after,264.216368
1,65536,true,covar_i64,4,57,1,enum_dynamic,270.114754
1,65536,true,covar_i64,4,57,2,enum_static,273.183474
1,65536,true,covar_i64,4,57,3,bound_dynamic,260.942982
1,65536,true,covar_i64,4,57,4,bound_static,263.384509
1,65536,true,covar_i64,4,57,5,before,269.375000
1,65536,true,covar_i64,5,57,0,enum_dynamic,270.995614
1,65536,true,covar_i64,5,57,1,enum_static,269.913737
1,65536,true,covar_i64,5,57,2,bound_dynamic,264.654982
1,65536,true,covar_i64,5,57,3,bound_static,264.419596
1,65536,true,covar_i64,5,57,4,before,269.449561
1,65536,true,covar_i64,5,57,5,after,264.043860
1,65536,true,covar_i64,6,57,0,enum_static,269.456140
1,65536,true,covar_i64,6,57,1,bound_dynamic,264.163754
1,65536,true,covar_i64,6,57,2,bound_static,263.961982
1,65536,true,covar_i64,6,57,3,before,269.499263
1,65536,true,covar_i64,6,57,4,after,263.812123
1,65536,true,covar_i64,6,57,5,enum_dynamic,269.489035
1,65536,true,covar_i64,7,57,0,bound_dynamic,264.357456
1,65536,true,covar_i64,7,57,1,bound_static,265.579684
1,65536,true,covar_i64,7,57,2,before,269.554825
1,65536,true,covar_i64,7,57,3,after,264.680561
1,65536,true,covar_i64,7,57,4,enum_dynamic,274.250737
1,65536,true,covar_i64,7,57,5,enum_static,270.524123
1,65536,true,covar_i64,8,57,0,bound_static,264.603807
1,65536,true,covar_i64,8,57,1,before,269.846491
1,65536,true,covar_i64,8,57,2,after,264.560684
1,65536,true,covar_i64,8,57,3,enum_dynamic,270.298246
1,65536,true,covar_i64,8,57,4,enum_static,270.380860
1,65536,true,covar_i64,8,57,5,bound_dynamic,264.633772
1,65536,true,covar_i64,9,57,0,before,270.687877
1,65536,true,covar_i64,9,57,1,after,264.710526
1,65536,true,covar_i64,9,57,2,enum_dynamic,270.347228
1,65536,true,covar_i64,9,57,3,enum_static,270.263895
1,65536,true,covar_i64,9,57,4,bound_dynamic,265.089175
1,65536,true,covar_i64,9,57,5,bound_static,267.413754
1,65536,true,covar_i64,10,57,0,after,265.306281
1,65536,true,covar_i64,10,57,1,enum_dynamic,270.261702
1,65536,true,covar_i64,10,57,2,enum_static,269.749263
1,65536,true,covar_i64,10,57,3,bound_dynamic,273.548982
1,65536,true,covar_i64,10,57,4,bound_static,260.736105
1,65536,true,covar_i64,10,57,5,before,266.991228
1,65536,true,covar_i64,11,57,0,enum_dynamic,269.599421
1,65536,true,covar_i64,11,57,1,enum_static,270.271211
1,65536,true,covar_i64,11,57,2,bound_dynamic,264.162281
1,65536,true,covar_i64,11,57,3,bound_static,264.007316
1,65536,true,covar_i64,11,57,4,before,269.823842
1,65536,true,covar_i64,11,57,5,after,264.318719
1,128,false,sum_u64,0,44314,0,enum_static,0.338580
1,128,false,sum_u64,0,44314,1,bound_dynamic,0.335786
1,128,false,sum_u64,0,44314,2,bound_static,0.335355
1,128,false,sum_u64,0,44314,3,before,0.339196
1,128,false,sum_u64,0,44314,4,after,0.336268
1,128,false,sum_u64,0,44314,5,enum_dynamic,0.348838
1,128,false,sum_u64,1,44314,0,bound_dynamic,0.337328
1,128,false,sum_u64,1,44314,1,bound_static,0.335302
1,128,false,sum_u64,1,44314,2,before,0.339318
1,128,false,sum_u64,1,44314,3,after,0.337560
1,128,false,sum_u64,1,44314,4,enum_dynamic,0.348671
1,128,false,sum_u64,1,44314,5,enum_static,0.338750
1,128,false,sum_u64,2,44314,0,bound_static,0.335622
1,128,false,sum_u64,2,44314,1,before,0.339507
1,128,false,sum_u64,2,44314,2,after,0.334947
1,128,false,sum_u64,2,44314,3,enum_dynamic,0.350900
1,128,false,sum_u64,2,44314,4,enum_static,0.338571
1,128,false,sum_u64,2,44314,5,bound_dynamic,0.336713
1,128,false,sum_u64,3,44314,0,before,0.334567
1,128,false,sum_u64,3,44314,1,after,0.336763
1,128,false,sum_u64,3,44314,2,enum_dynamic,0.349317
1,128,false,sum_u64,3,44314,3,enum_static,0.333260
1,128,false,sum_u64,3,44314,4,bound_dynamic,0.330501
1,128,false,sum_u64,3,44314,5,bound_static,0.337016
1,128,false,sum_u64,4,44314,0,after,0.335213
1,128,false,sum_u64,4,44314,1,enum_dynamic,0.348647
1,128,false,sum_u64,4,44314,2,enum_static,0.340343
1,128,false,sum_u64,4,44314,3,bound_dynamic,0.335766
1,128,false,sum_u64,4,44314,4,bound_static,0.335385
1,128,false,sum_u64,4,44314,5,before,0.338655
1,128,false,sum_u64,5,44314,0,enum_dynamic,0.349200
1,128,false,sum_u64,5,44314,1,enum_static,0.339741
1,128,false,sum_u64,5,44314,2,bound_dynamic,0.330372
1,128,false,sum_u64,5,44314,3,bound_static,0.334051
1,128,false,sum_u64,5,44314,4,before,0.338754
1,128,false,sum_u64,5,44314,5,after,0.335114
1,128,false,sum_u64,6,44314,0,enum_static,0.338608
1,128,false,sum_u64,6,44314,1,bound_dynamic,0.336575
1,128,false,sum_u64,6,44314,2,bound_static,0.335280
1,128,false,sum_u64,6,44314,3,before,0.339735
1,128,false,sum_u64,6,44314,4,after,0.335579
1,128,false,sum_u64,6,44314,5,enum_dynamic,0.349316
1,128,false,sum_u64,7,44314,0,bound_dynamic,0.335927
1,128,false,sum_u64,7,44314,1,bound_static,0.335238
1,128,false,sum_u64,7,44314,2,before,0.343998
1,128,false,sum_u64,7,44314,3,after,0.333301
1,128,false,sum_u64,7,44314,4,enum_dynamic,0.344286
1,128,false,sum_u64,7,44314,5,enum_static,0.336433
1,128,false,sum_u64,8,44314,0,bound_static,0.336035
1,128,false,sum_u64,8,44314,1,before,0.339893
1,128,false,sum_u64,8,44314,2,after,0.328884
1,128,false,sum_u64,8,44314,3,enum_dynamic,0.343599
1,128,false,sum_u64,8,44314,4,enum_static,0.336097
1,128,false,sum_u64,8,44314,5,bound_dynamic,0.336435
1,128,false,sum_u64,9,44314,0,before,0.339553
1,128,false,sum_u64,9,44314,1,after,0.335639
1,128,false,sum_u64,9,44314,2,enum_dynamic,0.348936
1,128,false,sum_u64,9,44314,3,enum_static,0.338950
1,128,false,sum_u64,9,44314,4,bound_dynamic,0.335402
1,128,false,sum_u64,9,44314,5,bound_static,0.332316
1,128,false,sum_u64,10,44314,0,after,0.334601
1,128,false,sum_u64,10,44314,1,enum_dynamic,0.346970
1,128,false,sum_u64,10,44314,2,enum_static,0.335498
1,128,false,sum_u64,10,44314,3,bound_dynamic,0.335164
1,128,false,sum_u64,10,44314,4,bound_static,0.336324
1,128,false,sum_u64,10,44314,5,before,0.336176
1,128,false,sum_u64,11,44314,0,enum_dynamic,0.342380
1,128,false,sum_u64,11,44314,1,enum_static,0.339077
1,128,false,sum_u64,11,44314,2,bound_dynamic,0.336466
1,128,false,sum_u64,11,44314,3,bound_static,0.335423
1,128,false,sum_u64,11,44314,4,before,0.338462
1,128,false,sum_u64,11,44314,5,after,0.336620
1,8192,false,avg_i64,0,1071,0,enum_static,16.396048
1,8192,false,avg_i64,0,1071,1,bound_dynamic,14.045207
1,8192,false,avg_i64,0,1071,2,bound_static,14.075397
1,8192,false,avg_i64,0,1071,3,before,16.263344
1,8192,false,avg_i64,0,1071,4,after,14.002373
1,8192,false,avg_i64,0,1071,5,enum_dynamic,16.316721
1,8192,false,avg_i64,1,1071,0,bound_dynamic,13.913632
1,8192,false,avg_i64,1,1071,1,bound_static,14.165422
1,8192,false,avg_i64,1,1071,2,before,16.170946
1,8192,false,avg_i64,1,1071,3,after,14.113134
1,8192,false,avg_i64,1,1071,4,enum_dynamic,16.416588
1,8192,false,avg_i64,1,1071,5,enum_static,16.433202
1,8192,false,avg_i64,2,1071,0,bound_static,14.111928
1,8192,false,avg_i64,2,1071,1,before,16.515056
1,8192,false,avg_i64,2,1071,2,after,13.799176
1,8192,false,avg_i64,2,1071,3,enum_dynamic,16.133520
1,8192,false,avg_i64,2,1071,4,enum_static,16.380641
1,8192,false,avg_i64,2,1071,5,bound_dynamic,14.067072
1,8192,false,avg_i64,3,1071,0,before,16.338235
1,8192,false,avg_i64,3,1071,1,after,14.113095
1,8192,false,avg_i64,3,1071,2,enum_dynamic,16.402661
1,8192,false,avg_i64,3,1071,3,enum_static,16.360839
1,8192,false,avg_i64,3,1071,4,bound_dynamic,14.032641
1,8192,false,avg_i64,3,1071,5,bound_static,14.095667
1,8192,false,avg_i64,4,1071,0,after,14.063492
1,8192,false,avg_i64,4,1071,1,enum_dynamic,16.432229
1,8192,false,avg_i64,4,1071,2,enum_static,16.362823
1,8192,false,avg_i64,4,1071,3,bound_dynamic,14.054311
1,8192,false,avg_i64,4,1071,4,bound_static,14.099907
1,8192,false,avg_i64,4,1071,5,before,16.390250
1,8192,false,avg_i64,5,1071,0,enum_dynamic,16.426510
1,8192,false,avg_i64,5,1071,1,enum_static,16.452692
1,8192,false,avg_i64,5,1071,2,bound_dynamic,14.035247
1,8192,false,avg_i64,5,1071,3,bound_static,14.101968
1,8192,false,avg_i64,5,1071,4,before,16.377995
1,8192,false,avg_i64,5,1071,5,after,14.082594
1,8192,false,avg_i64,6,1071,0,enum_static,16.188609
1,8192,false,avg_i64,6,1071,1,bound_dynamic,14.108232
1,8192,false,avg_i64,6,1071,2,bound_static,14.118970
1,8192,false,avg_i64,6,1071,3,before,16.407408
1,8192,false,avg_i64,6,1071,4,after,14.251984
1,8192,false,avg_i64,6,1071,5,enum_dynamic,16.483543
1,8192,false,avg_i64,7,1071,0,bound_dynamic,14.074269
1,8192,false,avg_i64,7,1071,1,bound_static,14.133403
1,8192,false,avg_i64,7,1071,2,before,16.403089
1,8192,false,avg_i64,7,1071,3,after,14.101307
1,8192,false,avg_i64,7,1071,4,enum_dynamic,16.450319
1,8192,false,avg_i64,7,1071,5,enum_static,16.415072
1,8192,false,avg_i64,8,1071,0,bound_static,14.099751
1,8192,false,avg_i64,8,1071,1,before,16.069911
1,8192,false,avg_i64,8,1071,2,after,14.050108
1,8192,false,avg_i64,8,1071,3,enum_dynamic,16.421725
1,8192,false,avg_i64,8,1071,4,enum_static,16.421958
1,8192,false,avg_i64,8,1071,5,bound_dynamic,14.053766
1,8192,false,avg_i64,9,1071,0,before,16.360917
1,8192,false,avg_i64,9,1071,1,after,14.076020
1,8192,false,avg_i64,9,1071,2,enum_dynamic,16.426471
1,8192,false,avg_i64,9,1071,3,enum_static,16.412154
1,8192,false,avg_i64,9,1071,4,bound_dynamic,14.047697
1,8192,false,avg_i64,9,1071,5,bound_static,14.097261
1,8192,false,avg_i64,10,1071,0,after,14.218331
1,8192,false,avg_i64,10,1071,1,enum_dynamic,16.386826
1,8192,false,avg_i64,10,1071,2,enum_static,16.424408
1,8192,false,avg_i64,10,1071,3,bound_dynamic,14.046764
1,8192,false,avg_i64,10,1071,4,bound_static,14.105198
1,8192,false,avg_i64,10,1071,5,before,16.167639
1,8192,false,avg_i64,11,1071,0,enum_dynamic,16.496032
1,8192,false,avg_i64,11,1071,1,enum_static,16.494475
1,8192,false,avg_i64,11,1071,2,bound_dynamic,14.131225
1,8192,false,avg_i64,11,1071,3,bound_static,14.133364
1,8192,false,avg_i64,11,1071,4,before,16.392740
1,8192,false,avg_i64,11,1071,5,after,14.130641
1,128,true,sum_u64,0,38660,0,enum_static,0.393111
1,128,true,sum_u64,0,38660,1,bound_dynamic,0.387936
1,128,true,sum_u64,0,38660,2,bound_static,0.385895
1,128,true,sum_u64,0,38660,3,before,0.380524
1,128,true,sum_u64,0,38660,4,after,0.378985
1,128,true,sum_u64,0,38660,5,enum_dynamic,0.396000
1,128,true,sum_u64,1,38660,0,bound_dynamic,0.385649
1,128,true,sum_u64,1,38660,1,bound_static,0.390814
1,128,true,sum_u64,1,38660,2,before,0.387395
1,128,true,sum_u64,1,38660,3,after,0.385731
1,128,true,sum_u64,1,38660,4,enum_dynamic,0.396436
1,128,true,sum_u64,1,38660,5,enum_static,0.389978
1,128,true,sum_u64,2,38660,0,bound_static,0.386216
1,128,true,sum_u64,2,38660,1,before,0.388378
1,128,true,sum_u64,2,38660,2,after,0.388120
1,128,true,sum_u64,2,38660,3,enum_dynamic,0.393503
1,128,true,sum_u64,2,38660,4,enum_static,0.383527
1,128,true,sum_u64,2,38660,5,bound_dynamic,0.388123
1,128,true,sum_u64,3,38660,0,before,0.388683
1,128,true,sum_u64,3,38660,1,after,0.386043
1,128,true,sum_u64,3,38660,2,enum_dynamic,0.398876
1,128,true,sum_u64,3,38660,3,enum_static,0.389347
1,128,true,sum_u64,3,38660,4,bound_dynamic,0.387477
1,128,true,sum_u64,3,38660,5,bound_static,0.389300
1,128,true,sum_u64,4,38660,0,after,0.387032
1,128,true,sum_u64,4,38660,1,enum_dynamic,0.397868
1,128,true,sum_u64,4,38660,2,enum_static,0.389201
1,128,true,sum_u64,4,38660,3,bound_dynamic,0.387025
1,128,true,sum_u64,4,38660,4,bound_static,0.393859
1,128,true,sum_u64,4,38660,5,before,0.388094
1,128,true,sum_u64,5,38660,0,enum_dynamic,0.388258
1,128,true,sum_u64,5,38660,1,enum_static,0.384564
1,128,true,sum_u64,5,38660,2,bound_dynamic,0.384258
1,128,true,sum_u64,5,38660,3,bound_static,0.389523
1,128,true,sum_u64,5,38660,4,before,0.392566
1,128,true,sum_u64,5,38660,5,after,0.385736
1,128,true,sum_u64,6,38660,0,enum_static,0.396006
1,128,true,sum_u64,6,38660,1,bound_dynamic,0.385763
1,128,true,sum_u64,6,38660,2,bound_static,0.388039
1,128,true,sum_u64,6,38660,3,before,0.391712
1,128,true,sum_u64,6,38660,4,after,0.389497
1,128,true,sum_u64,6,38660,5,enum_dynamic,0.391381
1,128,true,sum_u64,7,38660,0,bound_dynamic,0.383431
1,128,true,sum_u64,7,38660,1,bound_static,0.386637
1,128,true,sum_u64,7,38660,2,before,0.391131
1,128,true,sum_u64,7,38660,3,after,0.385509
1,128,true,sum_u64,7,38660,4,enum_dynamic,0.396394
1,128,true,sum_u64,7,38660,5,enum_static,0.389770
1,128,true,sum_u64,8,38660,0,bound_static,0.387248
1,128,true,sum_u64,8,38660,1,before,0.390086
1,128,true,sum_u64,8,38660,2,after,0.385607
1,128,true,sum_u64,8,38660,3,enum_dynamic,0.395383
1,128,true,sum_u64,8,38660,4,enum_static,0.389616
1,128,true,sum_u64,8,38660,5,bound_dynamic,0.389332
1,128,true,sum_u64,9,38660,0,before,0.388511
1,128,true,sum_u64,9,38660,1,after,0.386363
1,128,true,sum_u64,9,38660,2,enum_dynamic,0.395787
1,128,true,sum_u64,9,38660,3,enum_static,0.389596
1,128,true,sum_u64,9,38660,4,bound_dynamic,0.387070
1,128,true,sum_u64,9,38660,5,bound_static,0.379078
1,128,true,sum_u64,10,38660,0,after,0.379576
1,128,true,sum_u64,10,38660,1,enum_dynamic,0.397726
1,128,true,sum_u64,10,38660,2,enum_static,0.392688
1,128,true,sum_u64,10,38660,3,bound_dynamic,0.388353
1,128,true,sum_u64,10,38660,4,bound_static,0.385966
1,128,true,sum_u64,10,38660,5,before,0.389117
1,128,true,sum_u64,11,38660,0,enum_dynamic,0.398294
1,128,true,sum_u64,11,38660,1,enum_static,0.391348
1,128,true,sum_u64,11,38660,2,bound_dynamic,0.392366
1,128,true,sum_u64,11,38660,3,bound_static,0.383200
1,128,true,sum_u64,11,38660,4,before,0.384788
1,128,true,sum_u64,11,38660,5,after,0.383290
1,8192,false,max_i64,0,361,0,enum_static,46.441482
1,8192,false,max_i64,0,361,1,bound_dynamic,46.884925
1,8192,false,max_i64,0,361,2,bound_static,44.787283
1,8192,false,max_i64,0,361,3,before,44.426476
1,8192,false,max_i64,0,361,4,after,44.765235
1,8192,false,max_i64,0,361,5,enum_dynamic,44.713413
1,8192,false,max_i64,1,361,0,bound_dynamic,46.875233
1,8192,false,max_i64,1,361,1,bound_static,44.598801
1,8192,false,max_i64,1,361,2,before,44.638967
1,8192,false,max_i64,1,361,3,after,44.591643
1,8192,false,max_i64,1,361,4,enum_dynamic,44.730030
1,8192,false,max_i64,1,361,5,enum_static,45.061402
1,8192,false,max_i64,2,361,0,bound_static,44.643119
1,8192,false,max_i64,2,361,1,before,44.427518
1,8192,false,max_i64,2,361,2,after,44.644737
1,8192,false,max_i64,2,361,3,enum_dynamic,44.734881
1,8192,false,max_i64,2,361,4,enum_static,42.785781
1,8192,false,max_i64,2,361,5,bound_dynamic,46.993075
1,8192,false,max_i64,3,361,0,before,44.561867
1,8192,false,max_i64,3,361,1,after,44.647507
1,8192,false,max_i64,3,361,2,enum_dynamic,44.881000
1,8192,false,max_i64,3,361,3,enum_static,44.403972
1,8192,false,max_i64,3,361,4,bound_dynamic,46.968604
1,8192,false,max_i64,3,361,5,bound_static,44.763620
1,8192,false,max_i64,4,361,0,after,44.812440
1,8192,false,max_i64,4,361,1,enum_dynamic,44.542474
1,8192,false,max_i64,4,361,2,enum_static,44.262235
1,8192,false,max_i64,4,361,3,bound_dynamic,47.001618
1,8192,false,max_i64,4,361,4,bound_static,44.705792
1,8192,false,max_i64,4,361,5,before,45.010504
1,8192,false,max_i64,5,361,0,enum_dynamic,45.245499
1,8192,false,max_i64,5,361,1,enum_static,45.057479
1,8192,false,max_i64,5,361,2,bound_dynamic,47.730839
1,8192,false,max_i64,5,361,3,bound_static,44.890003
1,8192,false,max_i64,5,361,4,before,44.417130
1,8192,false,max_i64,5,361,5,after,44.734418
1,8192,false,max_i64,6,361,0,enum_static,44.932709
1,8192,false,max_i64,6,361,1,bound_dynamic,47.040745
1,8192,false,max_i64,6,361,2,bound_static,44.692751
1,8192,false,max_i64,6,361,3,before,44.583565
1,8192,false,max_i64,6,361,4,after,44.766850
1,8192,false,max_i64,6,361,5,enum_dynamic,44.719759
1,8192,false,max_i64,7,361,0,bound_dynamic,46.942291
1,8192,false,max_i64,7,361,1,bound_static,44.778047
1,8192,false,max_i64,7,361,2,before,44.723454
1,8192,false,max_i64,7,361,3,after,44.793515
1,8192,false,max_i64,7,361,4,enum_dynamic,44.609535
1,8192,false,max_i64,7,361,5,enum_static,45.096953
1,8192,false,max_i64,8,361,0,bound_static,45.259465
1,8192,false,max_i64,8,361,1,before,44.483380
1,8192,false,max_i64,8,361,2,after,44.726338
1,8192,false,max_i64,8,361,3,enum_dynamic,44.565443
1,8192,false,max_i64,8,361,4,enum_static,45.544898
1,8192,false,max_i64,8,361,5,bound_dynamic,47.082756
1,8192,false,max_i64,9,361,0,before,44.894391
1,8192,false,max_i64,9,361,1,after,45.565557
1,8192,false,max_i64,9,361,2,enum_dynamic,45.465374
1,8192,false,max_i64,9,361,3,enum_static,43.217452
1,8192,false,max_i64,9,361,4,bound_dynamic,47.072252
1,8192,false,max_i64,9,361,5,bound_static,44.865305
1,8192,false,max_i64,10,361,0,after,44.763850
1,8192,false,max_i64,10,361,1,enum_dynamic,44.770892
1,8192,false,max_i64,10,361,2,enum_static,45.681208
1,8192,false,max_i64,10,361,3,bound_dynamic,47.129618
1,8192,false,max_i64,10,361,4,bound_static,45.150623
1,8192,false,max_i64,10,361,5,before,44.978532
1,8192,false,max_i64,11,361,0,enum_dynamic,44.530584
1,8192,false,max_i64,11,361,1,enum_static,44.183172
1,8192,false,max_i64,11,361,2,bound_dynamic,46.985920
1,8192,false,max_i64,11,361,3,bound_static,44.670474
1,8192,false,max_i64,11,361,4,before,44.493191
1,8192,false,max_i64,11,361,5,after,44.577100
1,128,false,max_utf8,0,8057,0,enum_static,1.851485
1,128,false,max_utf8,0,8057,1,bound_dynamic,1.901188
1,128,false,max_utf8,0,8057,2,bound_static,1.848972
1,128,false,max_utf8,0,8057,3,before,1.845745
1,128,false,max_utf8,0,8057,4,after,1.850270
1,128,false,max_utf8,0,8057,5,enum_dynamic,1.856455
1,128,false,max_utf8,1,8057,0,bound_dynamic,1.890080
1,128,false,max_utf8,1,8057,1,bound_static,1.844659
1,128,false,max_utf8,1,8057,2,before,1.846971
1,128,false,max_utf8,1,8057,3,after,1.844948
1,128,false,max_utf8,1,8057,4,enum_dynamic,1.861104
1,128,false,max_utf8,1,8057,5,enum_static,1.847286
1,128,false,max_utf8,2,8057,0,bound_static,1.841763
1,128,false,max_utf8,2,8057,1,before,1.853109
1,128,false,max_utf8,2,8057,2,after,1.843004
1,128,false,max_utf8,2,8057,3,enum_dynamic,1.860261
1,128,false,max_utf8,2,8057,4,enum_static,1.849329
1,128,false,max_utf8,2,8057,5,bound_dynamic,1.888348
1,128,false,max_utf8,3,8057,0,before,1.846448
1,128,false,max_utf8,3,8057,1,after,1.845864
1,128,false,max_utf8,3,8057,2,enum_dynamic,1.884676
1,128,false,max_utf8,3,8057,3,enum_static,1.854511
1,128,false,max_utf8,3,8057,4,bound_dynamic,1.909240
1,128,false,max_utf8,3,8057,5,bound_static,1.855995
1,128,false,max_utf8,4,8057,0,after,1.847736
1,128,false,max_utf8,4,8057,1,enum_dynamic,1.861321
1,128,false,max_utf8,4,8057,2,enum_static,1.851734
1,128,false,max_utf8,4,8057,3,bound_dynamic,1.923343
1,128,false,max_utf8,4,8057,4,bound_static,1.854418
1,128,false,max_utf8,4,8057,5,before,1.846676
1,128,false,max_utf8,5,8057,0,enum_dynamic,1.867207
1,128,false,max_utf8,5,8057,1,enum_static,1.849375
1,128,false,max_utf8,5,8057,2,bound_dynamic,1.890835
1,128,false,max_utf8,5,8057,3,bound_static,1.851635
1,128,false,max_utf8,5,8057,4,before,1.844995
1,128,false,max_utf8,5,8057,5,after,1.852075
1,128,false,max_utf8,6,8057,0,enum_static,1.854107
1,128,false,max_utf8,6,8057,1,bound_dynamic,1.893783
1,128,false,max_utf8,6,8057,2,bound_static,1.846557
1,128,false,max_utf8,6,8057,3,before,1.851661
1,128,false,max_utf8,6,8057,4,after,1.861901
1,128,false,max_utf8,6,8057,5,enum_dynamic,1.862806
1,128,false,max_utf8,7,8057,0,bound_dynamic,1.889496
1,128,false,max_utf8,7,8057,1,bound_static,1.842011
1,128,false,max_utf8,7,8057,2,before,1.850146
1,128,false,max_utf8,7,8057,3,after,1.844297
1,128,false,max_utf8,7,8057,4,enum_dynamic,1.866421
1,128,false,max_utf8,7,8057,5,enum_static,1.847002
1,128,false,max_utf8,8,8057,0,bound_static,1.845885
1,128,false,max_utf8,8,8057,1,before,1.846505
1,128,false,max_utf8,8,8057,2,after,1.856228
1,128,false,max_utf8,8,8057,3,enum_dynamic,1.871551
1,128,false,max_utf8,8,8057,4,enum_static,1.847379
1,128,false,max_utf8,8,8057,5,bound_dynamic,1.891611
1,128,false,max_utf8,9,8057,0,before,1.849205
1,128,false,max_utf8,9,8057,1,after,1.849375
1,128,false,max_utf8,9,8057,2,enum_dynamic,1.857629
1,128,false,max_utf8,9,8057,3,enum_static,1.849205
1,128,false,max_utf8,9,8057,4,bound_dynamic,1.884334
1,128,false,max_utf8,9,8057,5,bound_static,1.843288
1,128,false,max_utf8,10,8057,0,after,1.840315
1,128,false,max_utf8,10,8057,1,enum_dynamic,1.857769
1,128,false,max_utf8,10,8057,2,enum_static,1.882933
1,128,false,max_utf8,10,8057,3,bound_dynamic,1.884950
1,128,false,max_utf8,10,8057,4,bound_static,1.843873
1,128,false,max_utf8,10,8057,5,before,1.841147
1,128,false,max_utf8,11,8057,0,enum_dynamic,1.857479
1,128,false,max_utf8,11,8057,1,enum_static,1.851454
1,128,false,max_utf8,11,8057,2,bound_dynamic,1.892878
1,128,false,max_utf8,11,8057,3,bound_static,1.845714
1,128,false,max_utf8,11,8057,4,before,1.846784
1,128,false,max_utf8,11,8057,5,after,1.847726
1,65536,false,count_i64,0,492,0,enum_static,31.572917
1,65536,false,count_i64,0,492,1,bound_dynamic,31.206215
1,65536,false,count_i64,0,492,2,bound_static,31.149559
1,65536,false,count_i64,0,492,3,before,31.642616
1,65536,false,count_i64,0,492,4,after,31.117886
1,65536,false,count_i64,0,492,5,enum_dynamic,31.557419
1,65536,false,count_i64,1,492,0,bound_dynamic,31.170224
1,65536,false,count_i64,1,492,1,bound_static,31.199780
1,65536,false,count_i64,1,492,2,before,31.676321
1,65536,false,count_i64,1,492,3,after,31.127880
1,65536,false,count_i64,1,492,4,enum_dynamic,31.640498
1,65536,false,count_i64,1,492,5,enum_static,31.714346
1,65536,false,count_i64,2,492,0,bound_static,31.170646
1,65536,false,count_i64,2,492,1,before,31.579014
1,65536,false,count_i64,2,492,2,after,31.148882
1,65536,false,count_i64,2,492,3,enum_dynamic,31.348746
1,65536,false,count_i64,2,492,4,enum_static,31.541159
1,65536,false,count_i64,2,492,5,bound_dynamic,31.151848
1,65536,false,count_i64,3,492,0,before,31.301236
1,65536,false,count_i64,3,492,1,after,30.592904
1,65536,false,count_i64,3,492,2,enum_dynamic,31.369496
1,65536,false,count_i64,3,492,3,enum_static,31.602559
1,65536,false,count_i64,3,492,4,bound_dynamic,31.126270
1,65536,false,count_i64,3,492,5,bound_static,31.185976
1,65536,false,count_i64,4,492,0,after,30.747205
1,65536,false,count_i64,4,492,1,enum_dynamic,31.044207
1,65536,false,count_i64,4,492,2,enum_static,30.993734
1,65536,false,count_i64,4,492,3,bound_dynamic,31.200287
1,65536,false,count_i64,4,492,4,bound_static,31.182841
1,65536,false,count_i64,4,492,5,before,31.634315
1,65536,false,count_i64,5,492,0,enum_dynamic,31.638974
1,65536,false,count_i64,5,492,1,enum_static,31.568766
1,65536,false,count_i64,5,492,2,bound_dynamic,31.097222
1,65536,false,count_i64,5,492,3,bound_static,30.999492
1,65536,false,count_i64,5,492,4,before,31.232132
1,65536,false,count_i64,5,492,5,after,30.579100
1,65536,false,count_i64,6,492,0,enum_static,31.256945
1,65536,false,count_i64,6,492,1,bound_dynamic,31.171154
1,65536,false,count_i64,6,492,2,bound_static,30.949864
1,65536,false,count_i64,6,492,3,before,31.316394
1,65536,false,count_i64,6,492,4,after,31.147949
1,65536,false,count_i64,6,492,5,enum_dynamic,31.631352
1,65536,false,count_i64,7,492,0,bound_dynamic,30.610264
1,65536,false,count_i64,7,492,1,bound_static,31.112888
1,65536,false,count_i64,7,492,2,before,30.988567
1,65536,false,count_i64,7,492,3,after,30.680557
1,65536,false,count_i64,7,492,4,enum_dynamic,31.113059
1,65536,false,count_i64,7,492,5,enum_static,31.055811
1,65536,false,count_i64,8,492,0,bound_static,30.607978
1,65536,false,count_i64,8,492,1,before,31.695207
1,65536,false,count_i64,8,492,2,after,31.127541
1,65536,false,count_i64,8,492,3,enum_dynamic,31.600947
1,65536,false,count_i64,8,492,4,enum_static,31.634992
1,65536,false,count_i64,8,492,5,bound_dynamic,31.130252
1,65536,false,count_i64,9,492,0,before,31.564278
1,65536,false,count_i64,9,492,1,after,31.115514
1,65536,false,count_i64,9,492,2,enum_dynamic,31.562839
1,65536,false,count_i64,9,492,3,enum_static,31.683606
1,65536,false,count_i64,9,492,4,bound_dynamic,31.120512
1,65536,false,count_i64,9,492,5,bound_static,31.385163
1,65536,false,count_i64,10,492,0,after,30.752795
1,65536,false,count_i64,10,492,1,enum_dynamic,31.565717
1,65536,false,count_i64,10,492,2,enum_static,31.743478
1,65536,false,count_i64,10,492,3,bound_dynamic,31.031758
1,65536,false,count_i64,10,492,4,bound_static,30.580963
1,65536,false,count_i64,10,492,5,before,31.095612
1,65536,false,count_i64,11,492,0,enum_dynamic,30.995258
1,65536,false,count_i64,11,492,1,enum_static,31.300390
1,65536,false,count_i64,11,492,2,bound_dynamic,30.952321
1,65536,false,count_i64,11,492,3,bound_static,30.629911
1,65536,false,count_i64,11,492,4,before,30.976626
1,65536,false,count_i64,11,492,5,after,30.782774
1,65536,true,sum_f64,0,216,0,enum_static,69.598764
1,65536,true,sum_f64,0,216,1,bound_dynamic,71.423806
1,65536,true,sum_f64,0,216,2,bound_static,70.920139
1,65536,true,sum_f64,0,216,3,before,71.136769
1,65536,true,sum_f64,0,216,4,after,72.159333
1,65536,true,sum_f64,0,216,5,enum_dynamic,71.143907
1,65536,true,sum_f64,1,216,0,bound_dynamic,72.500963
1,65536,true,sum_f64,1,216,1,bound_static,71.705829
1,65536,true,sum_f64,1,216,2,before,71.487653
1,65536,true,sum_f64,1,216,3,after,72.133491
1,65536,true,sum_f64,1,216,4,enum_dynamic,71.303819
1,65536,true,sum_f64,1,216,5,enum_static,70.983218
1,65536,true,sum_f64,2,216,0,bound_static,71.226468
1,65536,true,sum_f64,2,216,1,before,71.190394
1,65536,true,sum_f64,2,216,2,after,72.458333
1,65536,true,sum_f64,2,216,3,enum_dynamic,71.098764
1,65536,true,sum_f64,2,216,4,enum_static,71.113042
1,65536,true,sum_f64,2,216,5,bound_dynamic,72.210458
1,65536,true,sum_f64,3,216,0,before,71.139083
1,65536,true,sum_f64,3,216,1,after,72.257907
1,65536,true,sum_f64,3,216,2,enum_dynamic,71.242861
1,65536,true,sum_f64,3,216,3,enum_static,71.314236
1,65536,true,sum_f64,3,216,4,bound_dynamic,72.189431
1,65536,true,sum_f64,3,216,5,bound_static,71.187884
1,65536,true,sum_f64,4,216,0,after,72.045718
1,65536,true,sum_f64,4,216,1,enum_dynamic,69.852046
1,65536,true,sum_f64,4,216,2,enum_static,69.929398
1,65536,true,sum_f64,4,216,3,bound_dynamic,71.065005
1,65536,true,sum_f64,4,216,4,bound_static,69.807097
1,65536,true,sum_f64,4,216,5,before,69.670139
1,65536,true,sum_f64,5,216,0,enum_dynamic,69.638500
1,65536,true,sum_f64,5,216,1,enum_static,69.767361
1,65536,true,sum_f64,5,216,2,bound_dynamic,72.010806
1,65536,true,sum_f64,5,216,3,bound_static,69.817903
1,65536,true,sum_f64,5,216,4,before,72.970102
1,65536,true,sum_f64,5,216,5,after,71.079861
1,65536,true,sum_f64,6,216,0,enum_static,70.659722
1,65536,true,sum_f64,6,216,1,bound_dynamic,72.591819
1,65536,true,sum_f64,6,216,2,bound_static,71.384838
1,65536,true,sum_f64,6,216,3,before,71.403935
1,65536,true,sum_f64,6,216,4,after,72.353782
1,65536,true,sum_f64,6,216,5,enum_dynamic,71.145060
1,65536,true,sum_f64,7,216,0,bound_dynamic,71.529514
1,65536,true,sum_f64,7,216,1,bound_static,69.850116
1,65536,true,sum_f64,7,216,2,before,69.842981
1,65536,true,sum_f64,7,216,3,after,70.955440
1,65536,true,sum_f64,7,216,4,enum_dynamic,69.804977
1,65536,true,sum_f64,7,216,5,enum_static,69.794171
1,65536,true,sum_f64,8,216,0,bound_static,69.796296
1,65536,true,sum_f64,8,216,1,before,69.728588
1,65536,true,sum_f64,8,216,2,after,71.349343
1,65536,true,sum_f64,8,216,3,enum_dynamic,69.980324
1,65536,true,sum_f64,8,216,4,enum_static,69.908181
1,65536,true,sum_f64,8,216,5,bound_dynamic,71.152005
1,65536,true,sum_f64,9,216,0,before,71.271412
1,65536,true,sum_f64,9,216,1,after,70.922644
1,65536,true,sum_f64,9,216,2,enum_dynamic,69.792245
1,65536,true,sum_f64,9,216,3,enum_static,70.066551
1,65536,true,sum_f64,9,216,4,bound_dynamic,71.132523
1,65536,true,sum_f64,9,216,5,bound_static,69.994792
1,65536,true,sum_f64,10,216,0,after,71.348380
1,65536,true,sum_f64,10,216,1,enum_dynamic,71.000579
1,65536,true,sum_f64,10,216,2,enum_static,71.260995
1,65536,true,sum_f64,10,216,3,bound_dynamic,72.239389
1,65536,true,sum_f64,10,216,4,bound_static,71.170333
1,65536,true,sum_f64,10,216,5,before,71.095870
1,65536,true,sum_f64,11,216,0,enum_dynamic,71.195218
1,65536,true,sum_f64,11,216,1,enum_static,70.970486
1,65536,true,sum_f64,11,216,2,bound_dynamic,70.817324
1,65536,true,sum_f64,11,216,3,bound_static,69.916856
1,65536,true,sum_f64,11,216,4,before,70.237847
1,65536,true,sum_f64,11,216,5,after,72.304977
1,8192,false,count_i64,0,3924,0,enum_static,3.846893
1,8192,false,count_i64,0,3924,1,bound_dynamic,3.828321
1,8192,false,count_i64,0,3924,2,bound_static,3.823012
1,8192,false,count_i64,0,3924,3,before,3.832633
1,8192,false,count_i64,0,3924,4,after,3.819413
1,8192,false,count_i64,0,3924,5,enum_dynamic,3.844738
1,8192,false,count_i64,1,3924,0,bound_dynamic,3.873174
1,8192,false,count_i64,1,3924,1,bound_static,3.831008
1,8192,false,count_i64,1,3924,2,before,3.829702
1,8192,false,count_i64,1,3924,3,after,3.835722
1,8192,false,count_i64,1,3924,4,enum_dynamic,3.833078
1,8192,false,count_i64,1,3924,5,enum_static,3.899868
1,8192,false,count_i64,2,3924,0,bound_static,3.857002
1,8192,false,count_i64,2,3924,1,before,3.891119
1,8192,false,count_i64,2,3924,2,after,3.841446
1,8192,false,count_i64,2,3924,3,enum_dynamic,3.834427
1,8192,false,count_i64,2,3924,4,enum_static,3.842072
1,8192,false,count_i64,2,3924,5,bound_dynamic,3.877442
1,8192,false,count_i64,3,3924,0,before,3.842444
1,8192,false,count_i64,3,3924,1,after,3.821547
1,8192,false,count_i64,3,3924,2,enum_dynamic,3.833588
1,8192,false,count_i64,3,3924,3,enum_static,3.838908
1,8192,false,count_i64,3,3924,4,bound_dynamic,3.825231
1,8192,false,count_i64,3,3924,5,bound_static,3.826240
1,8192,false,count_i64,4,3924,0,after,3.818138
1,8192,false,count_i64,4,3924,1,enum_dynamic,3.834576
1,8192,false,count_i64,4,3924,2,enum_static,3.881530
1,8192,false,count_i64,4,3924,3,bound_dynamic,3.852606
1,8192,false,count_i64,4,3924,4,bound_static,3.857851
1,8192,false,count_i64,4,3924,5,before,3.838929
1,8192,false,count_i64,5,3924,0,enum_dynamic,3.900920
1,8192,false,count_i64,5,3924,1,enum_static,3.910211
1,8192,false,count_i64,5,3924,2,bound_dynamic,3.895897
1,8192,false,count_i64,5,3924,3,bound_static,3.912249
1,8192,false,count_i64,5,3924,4,before,3.903192
1,8192,false,count_i64,5,3924,5,after,3.822418
1,8192,false,count_i64,6,3924,0,enum_static,3.828481
1,8192,false,count_i64,6,3924,1,bound_dynamic,3.890036
1,8192,false,count_i64,6,3924,2,bound_static,3.895494
1,8192,false,count_i64,6,3924,3,before,3.897437
1,8192,false,count_i64,6,3924,4,after,3.840915
1,8192,false,count_i64,6,3924,5,enum_dynamic,3.827185
1,8192,false,count_i64,7,3924,0,bound_dynamic,3.819349
1,8192,false,count_i64,7,3924,1,bound_static,3.825762
1,8192,false,count_i64,7,3924,2,before,3.825561
1,8192,false,count_i64,7,3924,3,after,3.822991
1,8192,false,count_i64,7,3924,4,enum_dynamic,3.830594
1,8192,false,count_i64,7,3924,5,enum_static,3.835606
1,8192,false,count_i64,8,3924,0,bound_static,3.835839
1,8192,false,count_i64,8,3924,1,before,3.825093
1,8192,false,count_i64,8,3924,2,after,3.824372
1,8192,false,count_i64,8,3924,3,enum_dynamic,3.883282
1,8192,false,count_i64,8,3924,4,enum_static,3.939995
1,8192,false,count_i64,8,3924,5,bound_dynamic,3.860931
1,8192,false,count_i64,9,3924,0,before,3.830742
1,8192,false,count_i64,9,3924,1,after,3.820772
1,8192,false,count_i64,9,3924,2,enum_dynamic,3.856004
1,8192,false,count_i64,9,3924,3,enum_static,3.859784
1,8192,false,count_i64,9,3924,4,bound_dynamic,3.916242
1,8192,false,count_i64,9,3924,5,bound_static,3.945825
1,8192,false,count_i64,10,3924,0,after,3.941939
1,8192,false,count_i64,10,3924,1,enum_dynamic,3.909213
1,8192,false,count_i64,10,3924,2,enum_static,3.912164
1,8192,false,count_i64,10,3924,3,bound_dynamic,3.895855
1,8192,false,count_i64,10,3924,4,bound_static,3.894272
1,8192,false,count_i64,10,3924,5,before,3.927731
1,8192,false,count_i64,11,3924,0,enum_dynamic,3.848624
1,8192,false,count_i64,11,3924,1,enum_static,3.832962
1,8192,false,count_i64,11,3924,2,bound_dynamic,3.826697
1,8192,false,count_i64,11,3924,3,bound_static,3.836816
1,8192,false,count_i64,11,3924,4,before,3.823119
1,8192,false,count_i64,11,3924,5,after,3.827769
1,65536,false,sum_u64,0,132,0,enum_static,114.478856
1,65536,false,sum_u64,0,132,1,bound_dynamic,114.570705
1,65536,false,sum_u64,0,132,2,bound_static,114.432136
1,65536,false,sum_u64,0,132,3,before,114.605432
1,65536,false,sum_u64,0,132,4,after,114.397091
1,65536,false,sum_u64,0,132,5,enum_dynamic,114.627523
1,65536,false,sum_u64,1,132,0,bound_dynamic,114.242424
1,65536,false,sum_u64,1,132,1,bound_static,114.291038
1,65536,false,sum_u64,1,132,2,before,114.811871
1,65536,false,sum_u64,1,132,3,after,114.373424
1,65536,false,sum_u64,1,132,4,enum_dynamic,114.655621
1,65536,false,sum_u64,1,132,5,enum_static,114.446023
1,65536,false,sum_u64,2,132,0,bound_static,115.981061
1,65536,false,sum_u64,2,132,1,before,114.480742
1,65536,false,sum_u64,2,132,2,after,114.182129
1,65536,false,sum_u64,2,132,3,enum_dynamic,114.459917
1,65536,false,sum_u64,2,132,4,enum_static,114.389205
1,65536,false,sum_u64,2,132,5,bound_dynamic,114.505992
1,65536,false,sum_u64,3,132,0,before,113.609848
1,65536,false,sum_u64,3,132,1,after,113.097538
1,65536,false,sum_u64,3,132,2,enum_dynamic,114.039455
1,65536,false,sum_u64,3,132,3,enum_static,114.535038
1,65536,false,sum_u64,3,132,4,bound_dynamic,114.295136
1,65536,false,sum_u64,3,132,5,bound_static,114.538826
1,65536,false,sum_u64,4,132,0,after,114.835538
1,65536,false,sum_u64,4,132,1,enum_dynamic,114.266098
1,65536,false,sum_u64,4,132,2,enum_static,114.472856
1,65536,false,sum_u64,4,132,3,bound_dynamic,114.183083
1,65536,false,sum_u64,4,132,4,bound_static,114.161614
1,65536,false,sum_u64,4,132,5,before,114.154992
1,65536,false,sum_u64,5,132,0,enum_dynamic,114.188129
1,65536,false,sum_u64,5,132,1,enum_static,114.163189
1,65536,false,sum_u64,5,132,2,bound_dynamic,114.123742
1,65536,false,sum_u64,5,132,3,bound_static,114.176136
1,65536,false,sum_u64,5,132,4,before,114.149939
1,65536,false,sum_u64,5,132,5,after,113.693818
1,65536,false,sum_u64,6,132,0,enum_static,112.972848
1,65536,false,sum_u64,6,132,1,bound_dynamic,114.421720
1,65536,false,sum_u64,6,132,2,bound_static,114.564076
1,65536,false,sum_u64,6,132,3,before,114.468121
1,65536,false,sum_u64,6,132,4,after,114.340909
1,65536,false,sum_u64,6,132,5,enum_dynamic,114.993061
1,65536,false,sum_u64,7,132,0,bound_dynamic,114.279674
1,65536,false,sum_u64,7,132,1,bound_static,114.689394
1,65536,false,sum_u64,7,132,2,before,114.455803
1,65536,false,sum_u64,7,132,3,after,114.783144
1,65536,false,sum_u64,7,132,4,enum_dynamic,114.279667
1,65536,false,sum_u64,7,132,5,enum_static,115.706758
1,65536,false,sum_u64,8,132,0,bound_static,112.954545
1,65536,false,sum_u64,8,132,1,before,113.544826
1,65536,false,sum_u64,8,132,2,after,114.515780
1,65536,false,sum_u64,8,132,3,enum_dynamic,114.186553
1,65536,false,sum_u64,8,132,4,enum_static,114.730742
1,65536,false,sum_u64,8,132,5,bound_dynamic,113.970644
1,65536,false,sum_u64,9,132,0,before,114.616788
1,65536,false,sum_u64,9,132,1,after,115.733583
1,65536,false,sum_u64,9,132,2,enum_dynamic,113.305235
1,65536,false,sum_u64,9,132,3,enum_static,113.564076
1,65536,false,sum_u64,9,132,4,bound_dynamic,114.569129
1,65536,false,sum_u64,9,132,5,bound_static,114.476326
1,65536,false,sum_u64,10,132,0,after,114.552712
1,65536,false,sum_u64,10,132,1,enum_dynamic,114.492424
1,65536,false,sum_u64,10,132,2,enum_static,114.363636
1,65536,false,sum_u64,10,132,3,bound_dynamic,114.672038
1,65536,false,sum_u64,10,132,4,bound_static,114.330811
1,65536,false,sum_u64,10,132,5,before,114.805553
1,65536,false,sum_u64,11,132,0,enum_dynamic,113.750311
1,65536,false,sum_u64,11,132,1,enum_static,113.834280
1,65536,false,sum_u64,11,132,2,bound_dynamic,114.535985
1,65536,false,sum_u64,11,132,3,bound_static,114.842485
1,65536,false,sum_u64,11,132,4,before,114.262621
1,65536,false,sum_u64,11,132,5,after,114.764205
1,8192,false,count_distinct_i64,0,43,0,enum_static,354.988372
1,8192,false,count_distinct_i64,0,43,1,bound_dynamic,357.199628
1,8192,false,count_distinct_i64,0,43,2,bound_static,394.905047
1,8192,false,count_distinct_i64,0,43,3,before,359.071698
1,8192,false,count_distinct_i64,0,43,4,after,399.444767
1,8192,false,count_distinct_i64,0,43,5,enum_dynamic,400.175372
1,8192,false,count_distinct_i64,1,43,0,bound_dynamic,356.075581
1,8192,false,count_distinct_i64,1,43,1,bound_static,397.091093
1,8192,false,count_distinct_i64,1,43,2,before,357.875000
1,8192,false,count_distinct_i64,1,43,3,after,397.808140
1,8192,false,count_distinct_i64,1,43,4,enum_dynamic,397.334302
1,8192,false,count_distinct_i64,1,43,5,enum_static,358.205419
1,8192,false,count_distinct_i64,2,43,0,bound_static,393.670558
1,8192,false,count_distinct_i64,2,43,1,before,354.264535
1,8192,false,count_distinct_i64,2,43,2,after,394.872093
1,8192,false,count_distinct_i64,2,43,3,enum_dynamic,393.315907
1,8192,false,count_distinct_i64,2,43,4,enum_static,356.714140
1,8192,false,count_distinct_i64,2,43,5,bound_dynamic,354.890512
1,8192,false,count_distinct_i64,3,43,0,before,356.659884
1,8192,false,count_distinct_i64,3,43,1,after,394.546512
1,8192,false,count_distinct_i64,3,43,2,enum_dynamic,395.062977
1,8192,false,count_distinct_i64,3,43,3,enum_static,356.665698
1,8192,false,count_distinct_i64,3,43,4,bound_dynamic,356.247093
1,8192,false,count_distinct_i64,3,43,5,bound_static,393.437977
1,8192,false,count_distinct_i64,4,43,0,after,395.828488
1,8192,false,count_distinct_i64,4,43,1,enum_dynamic,398.009674
1,8192,false,count_distinct_i64,4,43,2,enum_static,356.690884
1,8192,false,count_distinct_i64,4,43,3,bound_dynamic,355.451558
1,8192,false,count_distinct_i64,4,43,4,bound_static,395.849791
1,8192,false,count_distinct_i64,4,43,5,before,357.795558
1,8192,false,count_distinct_i64,5,43,0,enum_dynamic,394.618209
1,8192,false,count_distinct_i64,5,43,1,enum_static,356.849791
1,8192,false,count_distinct_i64,5,43,2,bound_dynamic,357.925395
1,8192,false,count_distinct_i64,5,43,3,bound_static,394.733512
1,8192,false,count_distinct_i64,5,43,4,before,355.015512
1,8192,false,count_distinct_i64,5,43,5,after,394.867256
1,8192,false,count_distinct_i64,6,43,0,enum_static,362.651163
1,8192,false,count_distinct_i64,6,43,1,bound_dynamic,356.541674
1,8192,false,count_distinct_i64,6,43,2,bound_static,394.877907
1,8192,false,count_distinct_i64,6,43,3,before,357.969953
1,8192,false,count_distinct_i64,6,43,4,after,402.598837
1,8192,false,count_distinct_i64,6,43,5,enum_dynamic,395.100767
1,8192,false,count_distinct_i64,7,43,0,bound_dynamic,357.283907
1,8192,false,count_distinct_i64,7,43,1,bound_static,399.829465
1,8192,false,count_distinct_i64,7,43,2,before,360.032953
1,8192,false,count_distinct_i64,7,43,3,after,394.963186
1,8192,false,count_distinct_i64,7,43,4,enum_dynamic,395.371116
1,8192,false,count_distinct_i64,7,43,5,enum_static,356.235465
1,8192,false,count_distinct_i64,8,43,0,bound_static,396.632744
1,8192,false,count_distinct_i64,8,43,1,before,357.081395
1,8192,false,count_distinct_i64,8,43,2,after,394.975767
1,8192,false,count_distinct_i64,8,43,3,enum_dynamic,394.388558
1,8192,false,count_distinct_i64,8,43,4,enum_static,357.819767
1,8192,false,count_distinct_i64,8,43,5,bound_dynamic,354.134698
1,8192,false,count_distinct_i64,9,43,0,before,360.908907
1,8192,false,count_distinct_i64,9,43,1,after,393.818791
1,8192,false,count_distinct_i64,9,43,2,enum_dynamic,395.173442
1,8192,false,count_distinct_i64,9,43,3,enum_static,357.646326
1,8192,false,count_distinct_i64,9,43,4,bound_dynamic,357.827512
1,8192,false,count_distinct_i64,9,43,5,bound_static,396.182163
1,8192,false,count_distinct_i64,10,43,0,after,393.880814
1,8192,false,count_distinct_i64,10,43,1,enum_dynamic,396.184093
1,8192,false,count_distinct_i64,10,43,2,enum_static,355.983535
1,8192,false,count_distinct_i64,10,43,3,bound_dynamic,358.488372
1,8192,false,count_distinct_i64,10,43,4,bound_static,395.085279
1,8192,false,count_distinct_i64,10,43,5,before,358.387581
1,8192,false,count_distinct_i64,11,43,0,enum_dynamic,403.522302
1,8192,false,count_distinct_i64,11,43,1,enum_static,378.601744
1,8192,false,count_distinct_i64,11,43,2,bound_dynamic,371.683140
1,8192,false,count_distinct_i64,11,43,3,bound_static,402.652140
1,8192,false,count_distinct_i64,11,43,4,before,373.606605
1,8192,false,count_distinct_i64,11,43,5,after,395.676349
1,128,true,avg_i64,0,33297,0,enum_static,0.488716
1,128,true,avg_i64,0,33297,1,bound_dynamic,0.459855
1,128,true,avg_i64,0,33297,2,bound_static,0.462628
1,128,true,avg_i64,0,33297,3,before,0.493619
1,128,true,avg_i64,0,33297,4,after,0.461270
1,128,true,avg_i64,0,33297,5,enum_dynamic,0.496260
1,128,true,avg_i64,1,33297,0,bound_dynamic,0.459951
1,128,true,avg_i64,1,33297,1,bound_static,0.460028
1,128,true,avg_i64,1,33297,2,before,0.495007
1,128,true,avg_i64,1,33297,3,after,0.460404
1,128,true,avg_i64,1,33297,4,enum_dynamic,0.494991
1,128,true,avg_i64,1,33297,5,enum_static,0.493485
1,128,true,avg_i64,2,33297,0,bound_static,0.461125
1,128,true,avg_i64,2,33297,1,before,0.493614
1,128,true,avg_i64,2,33297,2,after,0.455902
1,128,true,avg_i64,2,33297,3,enum_dynamic,0.485001
1,128,true,avg_i64,2,33297,4,enum_static,0.493656
1,128,true,avg_i64,2,33297,5,bound_dynamic,0.460437
1,128,true,avg_i64,3,33297,0,before,0.495809
1,128,true,avg_i64,3,33297,1,after,0.457170
1,128,true,avg_i64,3,33297,2,enum_dynamic,0.493487
1,128,true,avg_i64,3,33297,3,enum_static,0.494582
1,128,true,avg_i64,3,33297,4,bound_dynamic,0.458924
1,128,true,avg_i64,3,33297,5,bound_static,0.454694
1,128,true,avg_i64,4,33297,0,after,0.452706
1,128,true,avg_i64,4,33297,1,enum_dynamic,0.488191
1,128,true,avg_i64,4,33297,2,enum_static,0.495717
1,128,true,avg_i64,4,33297,3,bound_dynamic,0.455659
1,128,true,avg_i64,4,33297,4,bound_static,0.453088
1,128,true,avg_i64,4,33297,5,before,0.494229
1,128,true,avg_i64,5,33297,0,enum_dynamic,0.500413
1,128,true,avg_i64,5,33297,1,enum_static,0.490019
1,128,true,avg_i64,5,33297,2,bound_dynamic,0.451889
1,128,true,avg_i64,5,33297,3,bound_static,0.456546
1,128,true,avg_i64,5,33297,4,before,0.494046
1,128,true,avg_i64,5,33297,5,after,0.453544
1,128,true,avg_i64,6,33297,0,enum_static,0.492334
1,128,true,avg_i64,6,33297,1,bound_dynamic,0.452887
1,128,true,avg_i64,6,33297,2,bound_static,0.452576
1,128,true,avg_i64,6,33297,3,before,0.485832
1,128,true,avg_i64,6,33297,4,after,0.453417
1,128,true,avg_i64,6,33297,5,enum_dynamic,0.488261
1,128,true,avg_i64,7,33297,0,bound_dynamic,0.464575
1,128,true,avg_i64,7,33297,1,bound_static,0.463254
1,128,true,avg_i64,7,33297,2,before,0.486419
1,128,true,avg_i64,7,33297,3,after,0.453000
1,128,true,avg_i64,7,33297,4,enum_dynamic,0.493493
1,128,true,avg_i64,7,33297,5,enum_static,0.493369
1,128,true,avg_i64,8,33297,0,bound_static,0.455095
1,128,true,avg_i64,8,33297,1,before,0.485465
1,128,true,avg_i64,8,33297,2,after,0.452068
1,128,true,avg_i64,8,33297,3,enum_dynamic,0.490662
1,128,true,avg_i64,8,33297,4,enum_static,0.484466
1,128,true,avg_i64,8,33297,5,bound_dynamic,0.450402
1,128,true,avg_i64,9,33297,0,before,0.485154
1,128,true,avg_i64,9,33297,1,after,0.454470
1,128,true,avg_i64,9,33297,2,enum_dynamic,0.493583
1,128,true,avg_i64,9,33297,3,enum_static,0.499045
1,128,true,avg_i64,9,33297,4,bound_dynamic,0.452144
1,128,true,avg_i64,9,33297,5,bound_static,0.455094
1,128,true,avg_i64,10,33297,0,after,0.460831
1,128,true,avg_i64,10,33297,1,enum_dynamic,0.489231
1,128,true,avg_i64,10,33297,2,enum_static,0.493049
1,128,true,avg_i64,10,33297,3,bound_dynamic,0.460225
1,128,true,avg_i64,10,33297,4,bound_static,0.464785
1,128,true,avg_i64,10,33297,5,before,0.486246
1,128,true,avg_i64,11,33297,0,enum_dynamic,0.485168
1,128,true,avg_i64,11,33297,1,enum_static,0.484717
1,128,true,avg_i64,11,33297,2,bound_dynamic,0.455748
1,128,true,avg_i64,11,33297,3,bound_static,0.459154
1,128,true,avg_i64,11,33297,4,before,0.484851
1,128,true,avg_i64,11,33297,5,after,0.452041
1,128,false,mixed_7,0,1751,0,enum_static,8.576076
1,128,false,mixed_7,0,1751,1,bound_dynamic,8.677946
1,128,false,mixed_7,0,1751,2,bound_static,8.594994
1,128,false,mixed_7,0,1751,3,before,8.616291
1,128,false,mixed_7,0,1751,4,after,8.535456
1,128,false,mixed_7,0,1751,5,enum_dynamic,8.736912
1,128,false,mixed_7,1,1751,0,bound_dynamic,8.683848
1,128,false,mixed_7,1,1751,1,bound_static,8.607058
1,128,false,mixed_7,1,1751,2,before,8.610199
1,128,false,mixed_7,1,1751,3,after,8.525081
1,128,false,mixed_7,1,1751,4,enum_dynamic,8.716495
1,128,false,mixed_7,1,1751,5,enum_static,8.568389
1,128,false,mixed_7,2,1751,0,bound_static,8.585927
1,128,false,mixed_7,2,1751,1,before,8.644846
1,128,false,mixed_7,2,1751,2,after,8.530340
1,128,false,mixed_7,2,1751,3,enum_dynamic,8.759589
1,128,false,mixed_7,2,1751,4,enum_static,8.543190
1,128,false,mixed_7,2,1751,5,bound_dynamic,8.671973
1,128,false,mixed_7,3,1751,0,before,8.631092
1,128,false,mixed_7,3,1751,1,after,8.514777
1,128,false,mixed_7,3,1751,2,enum_dynamic,8.751547
1,128,false,mixed_7,3,1751,3,enum_static,8.553874
1,128,false,mixed_7,3,1751,4,bound_dynamic,9.180159
1,128,false,mixed_7,3,1751,5,bound_static,8.613816
1,128,false,mixed_7,4,1751,0,after,8.572530
1,128,false,mixed_7,4,1751,1,enum_dynamic,8.761089
1,128,false,mixed_7,4,1751,2,enum_static,8.578027
1,128,false,mixed_7,4,1751,3,bound_dynamic,8.775462
1,128,false,mixed_7,4,1751,4,bound_static,8.601918
1,128,false,mixed_7,4,1751,5,before,8.638088
1,128,false,mixed_7,5,1751,0,enum_dynamic,8.729749
1,128,false,mixed_7,5,1751,1,enum_static,8.578503
1,128,false,mixed_7,5,1751,2,bound_dynamic,8.678945
1,128,false,mixed_7,5,1751,3,bound_static,8.613959
1,128,false,mixed_7,5,1751,4,before,8.612031
1,128,false,mixed_7,5,1751,5,after,8.530459
1,128,false,mixed_7,6,1751,0,enum_static,8.551280
1,128,false,mixed_7,6,1751,1,bound_dynamic,8.674686
1,128,false,mixed_7,6,1751,2,bound_static,8.599753
1,128,false,mixed_7,6,1751,3,before,8.630616
1,128,false,mixed_7,6,1751,4,after,8.543332
1,128,false,mixed_7,6,1751,5,enum_dynamic,8.774677
1,128,false,mixed_7,7,1751,0,bound_dynamic,8.705597
1,128,false,mixed_7,7,1751,1,bound_static,8.583286
1,128,false,mixed_7,7,1751,2,before,8.626975
1,128,false,mixed_7,7,1751,3,after,8.546830
1,128,false,mixed_7,7,1751,4,enum_dynamic,8.723681
1,128,false,mixed_7,7,1751,5,enum_static,8.546854
1,128,false,mixed_7,8,1751,0,bound_static,8.597396
1,128,false,mixed_7,8,1751,1,before,8.635066
1,128,false,mixed_7,8,1751,2,after,9.028389
1,128,false,mixed_7,8,1751,3,enum_dynamic,8.787645
1,128,false,mixed_7,8,1751,4,enum_static,8.568271
1,128,false,mixed_7,8,1751,5,bound_dynamic,8.729940
1,128,false,mixed_7,9,1751,0,before,8.783314
1,128,false,mixed_7,9,1751,1,after,8.697982
1,128,false,mixed_7,9,1751,2,enum_dynamic,8.920284
1,128,false,mixed_7,9,1751,3,enum_static,8.730416
1,128,false,mixed_7,9,1751,4,bound_dynamic,8.852679
1,128,false,mixed_7,9,1751,5,bound_static,8.759328
1,128,false,mixed_7,10,1751,0,after,8.685203
1,128,false,mixed_7,10,1751,1,enum_dynamic,8.917310
1,128,false,mixed_7,10,1751,2,enum_static,8.731701
1,128,false,mixed_7,10,1751,3,bound_dynamic,8.834095
1,128,false,mixed_7,10,1751,4,bound_static,8.597635
1,128,false,mixed_7,10,1751,5,before,8.600228
1,128,false,mixed_7,11,1751,0,enum_dynamic,8.767704
1,128,false,mixed_7,11,1751,1,enum_static,8.533029
1,128,false,mixed_7,11,1751,2,bound_dynamic,8.679469
1,128,false,mixed_7,11,1751,3,bound_static,8.579098
1,128,false,mixed_7,11,1751,4,before,8.622668
1,128,false,mixed_7,11,1751,5,after,8.575718
1,65536,true,count_distinct_i64,0,8,0,enum_static,2728.067625
1,65536,true,count_distinct_i64,0,8,1,bound_dynamic,2752.421875
1,65536,true,count_distinct_i64,0,8,2,bound_static,3091.682250
1,65536,true,count_distinct_i64,0,8,3,before,2764.979250
1,65536,true,count_distinct_i64,0,8,4,after,3163.625000
1,65536,true,count_distinct_i64,0,8,5,enum_dynamic,3265.948000
1,65536,true,count_distinct_i64,1,8,0,bound_dynamic,2848.270875
1,65536,true,count_distinct_i64,1,8,1,bound_static,3146.724000
1,65536,true,count_distinct_i64,1,8,2,before,2773.411500
1,65536,true,count_distinct_i64,1,8,3,after,3220.515625
1,65536,true,count_distinct_i64,1,8,4,enum_dynamic,3253.234375
1,65536,true,count_distinct_i64,1,8,5,enum_static,2802.916750
1,65536,true,count_distinct_i64,2,8,0,bound_static,3141.578125
1,65536,true,count_distinct_i64,2,8,1,before,2797.520875
1,65536,true,count_distinct_i64,2,8,2,after,3186.052125
1,65536,true,count_distinct_i64,2,8,3,enum_dynamic,3089.578125
1,65536,true,count_distinct_i64,2,8,4,enum_static,2736.458375
1,65536,true,count_distinct_i64,2,8,5,bound_dynamic,2727.770750
1,65536,true,count_distinct_i64,3,8,0,before,2725.468750
1,65536,true,count_distinct_i64,3,8,1,after,3076.140625
1,65536,true,count_distinct_i64,3,8,2,enum_dynamic,3139.671875
1,65536,true,count_distinct_i64,3,8,3,enum_static,2794.828125
1,65536,true,count_distinct_i64,3,8,4,bound_dynamic,2789.651000
1,65536,true,count_distinct_i64,3,8,5,bound_static,3092.218750
1,65536,true,count_distinct_i64,4,8,0,after,3142.208375
1,65536,true,count_distinct_i64,4,8,1,enum_dynamic,3180.479250
1,65536,true,count_distinct_i64,4,8,2,enum_static,2796.385375
1,65536,true,count_distinct_i64,4,8,3,bound_dynamic,2769.192750
1,65536,true,count_distinct_i64,4,8,4,bound_static,3090.619875
1,65536,true,count_distinct_i64,4,8,5,before,2732.953125
1,65536,true,count_distinct_i64,5,8,0,enum_dynamic,3086.135500
1,65536,true,count_distinct_i64,5,8,1,enum_static,2794.270875
1,65536,true,count_distinct_i64,5,8,2,bound_dynamic,2791.921875
1,65536,true,count_distinct_i64,5,8,3,bound_static,3160.776000
1,65536,true,count_distinct_i64,5,8,4,before,2732.447875
1,65536,true,count_distinct_i64,5,8,5,after,3076.833375
1,65536,true,count_distinct_i64,6,8,0,enum_static,2728.250000
1,65536,true,count_distinct_i64,6,8,1,bound_dynamic,2720.812500
1,65536,true,count_distinct_i64,6,8,2,bound_static,3072.890625
1,65536,true,count_distinct_i64,6,8,3,before,2722.770875
1,65536,true,count_distinct_i64,6,8,4,after,3084.354125
1,65536,true,count_distinct_i64,6,8,5,enum_dynamic,3161.911375
1,65536,true,count_distinct_i64,7,8,0,bound_dynamic,2786.395875
1,65536,true,count_distinct_i64,7,8,1,bound_static,3189.510500
1,65536,true,count_distinct_i64,7,8,2,before,2796.104125
1,65536,true,count_distinct_i64,7,8,3,after,3138.489500
1,65536,true,count_distinct_i64,7,8,4,enum_dynamic,3217.010500
1,65536,true,count_distinct_i64,7,8,5,enum_static,2728.338500
1,65536,true,count_distinct_i64,8,8,0,bound_static,3101.046875
1,65536,true,count_distinct_i64,8,8,1,before,2760.781250
1,65536,true,count_distinct_i64,8,8,2,after,3171.177000
1,65536,true,count_distinct_i64,8,8,3,enum_dynamic,3235.416625
1,65536,true,count_distinct_i64,8,8,4,enum_static,2781.994750
1,65536,true,count_distinct_i64,8,8,5,bound_dynamic,2786.484375
1,65536,true,count_distinct_i64,9,8,0,before,2727.609375
1,65536,true,count_distinct_i64,9,8,1,after,3074.026000
1,65536,true,count_distinct_i64,9,8,2,enum_dynamic,3072.260500
1,65536,true,count_distinct_i64,9,8,3,enum_static,2908.177125
1,65536,true,count_distinct_i64,9,8,4,bound_dynamic,2731.156250
1,65536,true,count_distinct_i64,9,8,5,bound_static,3099.500000
1,65536,true,count_distinct_i64,10,8,0,after,3130.151000
1,65536,true,count_distinct_i64,10,8,1,enum_dynamic,3191.671875
1,65536,true,count_distinct_i64,10,8,2,enum_static,2793.890625
1,65536,true,count_distinct_i64,10,8,3,bound_dynamic,2790.135375
1,65536,true,count_distinct_i64,10,8,4,bound_static,3098.255250
1,65536,true,count_distinct_i64,10,8,5,before,2731.979250
1,65536,true,count_distinct_i64,11,8,0,enum_dynamic,3139.130250
1,65536,true,count_distinct_i64,11,8,1,enum_static,2795.854125
1,65536,true,count_distinct_i64,11,8,2,bound_dynamic,2808.213500
1,65536,true,count_distinct_i64,11,8,3,bound_static,3143.229250
1,65536,true,count_distinct_i64,11,8,4,before,2758.234375
1,65536,true,count_distinct_i64,11,8,5,after,3196.333250
1,128,true,mixed_7,0,1667,0,enum_static,9.069886
1,128,true,mixed_7,0,1667,1,bound_dynamic,9.147370
1,128,true,mixed_7,0,1667,2,bound_static,9.013697
1,128,true,mixed_7,0,1667,3,before,9.217506
1,128,true,mixed_7,0,1667,4,after,9.169266
1,128,true,mixed_7,0,1667,5,enum_dynamic,9.460657
1,128,true,mixed_7,1,1667,0,bound_dynamic,8.978379
1,128,true,mixed_7,1,1667,1,bound_static,8.886948
1,128,true,mixed_7,1,1667,2,before,9.026494
1,128,true,mixed_7,1,1667,3,after,8.864802
1,128,true,mixed_7,1,1667,4,enum_dynamic,9.072410
1,128,true,mixed_7,1,1667,5,enum_static,8.886672
1,128,true,mixed_7,2,1667,0,bound_static,8.850680
1,128,true,mixed_7,2,1667,1,before,9.019146
1,128,true,mixed_7,2,1667,2,after,8.826684
1,128,true,mixed_7,2,1667,3,enum_dynamic,9.088208
1,128,true,mixed_7,2,1667,4,enum_static,8.916042
1,128,true,mixed_7,2,1667,5,bound_dynamic,8.961433
1,128,true,mixed_7,3,1667,0,before,9.027019
1,128,true,mixed_7,3,1667,1,after,8.823960
1,128,true,mixed_7,3,1667,2,enum_dynamic,9.084383
1,128,true,mixed_7,3,1667,3,enum_static,8.907693
1,128,true,mixed_7,3,1667,4,bound_dynamic,8.976930
1,128,true,mixed_7,3,1667,5,bound_static,8.851579
1,128,true,mixed_7,4,1667,0,after,8.853104
1,128,true,mixed_7,4,1667,1,enum_dynamic,9.155219
1,128,true,mixed_7,4,1667,2,enum_static,9.063112
1,128,true,mixed_7,4,1667,3,bound_dynamic,9.141322
1,128,true,mixed_7,4,1667,4,bound_static,9.003224
1,128,true,mixed_7,4,1667,5,before,9.226355
1,128,true,mixed_7,5,1667,0,enum_dynamic,9.264372
1,128,true,mixed_7,5,1667,1,enum_static,9.365977
1,128,true,mixed_7,5,1667,2,bound_dynamic,8.993426
1,128,true,mixed_7,5,1667,3,bound_static,8.864277
1,128,true,mixed_7,5,1667,4,before,9.046391
1,128,true,mixed_7,5,1667,5,after,8.822235
1,128,true,mixed_7,6,1667,0,enum_static,8.910443
1,128,true,mixed_7,6,1667,1,bound_dynamic,9.067487
1,128,true,mixed_7,6,1667,2,bound_static,8.892596
1,128,true,mixed_7,6,1667,3,before,9.035393
1,128,true,mixed_7,6,1667,4,after,8.993277
1,128,true,mixed_7,6,1667,5,enum_dynamic,9.279644
1,128,true,mixed_7,7,1667,0,bound_dynamic,9.188762
1,128,true,mixed_7,7,1667,1,bound_static,8.981279
1,128,true,mixed_7,7,1667,2,before,9.173166
1,128,true,mixed_7,7,1667,3,after,8.851554
1,128,true,mixed_7,7,1667,4,enum_dynamic,9.102080
1,128,true,mixed_7,7,1667,5,enum_static,8.922815
1,128,true,mixed_7,8,1667,0,bound_static,8.854404
1,128,true,mixed_7,8,1667,1,before,9.030219
1,128,true,mixed_7,8,1667,2,after,8.844981
1,128,true,mixed_7,8,1667,3,enum_dynamic,9.106554
1,128,true,mixed_7,8,1667,4,enum_static,8.910593
1,128,true,mixed_7,8,1667,5,bound_dynamic,8.971005
1,128,true,mixed_7,9,1667,0,before,9.160218
1,128,true,mixed_7,9,1667,1,after,8.987852
1,128,true,mixed_7,9,1667,2,enum_dynamic,9.286968
1,128,true,mixed_7,9,1667,3,enum_static,9.072436
1,128,true,mixed_7,9,1667,4,bound_dynamic,9.166791
1,128,true,mixed_7,9,1667,5,bound_static,8.980929
1,128,true,mixed_7,10,1667,0,after,8.851005
1,128,true,mixed_7,10,1667,1,enum_dynamic,9.092731
1,128,true,mixed_7,10,1667,2,enum_static,8.980404
1,128,true,mixed_7,10,1667,3,bound_dynamic,9.003224
1,128,true,mixed_7,10,1667,4,bound_static,8.861828
1,128,true,mixed_7,10,1667,5,before,9.035643
1,128,true,mixed_7,11,1667,0,enum_dynamic,9.249475
1,128,true,mixed_7,11,1667,1,enum_static,8.952860
1,128,true,mixed_7,11,1667,2,bound_dynamic,9.141647
1,128,true,mixed_7,11,1667,3,bound_static,9.054814
1,128,true,mixed_7,11,1667,4,before,9.216632
1,128,true,mixed_7,11,1667,5,after,9.131649
1,65536,true,mixed_7,0,8,0,enum_static,4112.380250
1,65536,true,mixed_7,0,8,1,bound_dynamic,4150.593750
1,65536,true,mixed_7,0,8,2,bound_static,4438.447875
1,65536,true,mixed_7,0,8,3,before,4133.036500
1,65536,true,mixed_7,0,8,4,after,4435.921875
1,65536,true,mixed_7,0,8,5,enum_dynamic,4520.406250
1,65536,true,mixed_7,1,8,0,bound_dynamic,4077.838625
1,65536,true,mixed_7,1,8,1,bound_static,4433.166625
1,65536,true,mixed_7,1,8,2,before,4157.703125
1,65536,true,mixed_7,1,8,3,after,4473.869875
1,65536,true,mixed_7,1,8,4,enum_dynamic,4504.994750
1,65536,true,mixed_7,1,8,5,enum_static,4044.916625
1,65536,true,mixed_7,2,8,0,bound_static,4367.385375
1,65536,true,mixed_7,2,8,1,before,4084.385375
1,65536,true,mixed_7,2,8,2,after,4441.276000
1,65536,true,mixed_7,2,8,3,enum_dynamic,4504.109375
1,65536,true,mixed_7,2,8,4,enum_static,4039.432375
1,65536,true,mixed_7,2,8,5,bound_dynamic,4057.182375
1,65536,true,mixed_7,3,8,0,before,4059.328125
1,65536,true,mixed_7,3,8,1,after,4420.244750
1,65536,true,mixed_7,3,8,2,enum_dynamic,4412.765625
1,65536,true,mixed_7,3,8,3,enum_static,4073.526000
1,65536,true,mixed_7,3,8,4,bound_dynamic,4084.380250
1,65536,true,mixed_7,3,8,5,bound_static,4452.260500
1,65536,true,mixed_7,4,8,0,after,4459.723875
1,65536,true,mixed_7,4,8,1,enum_dynamic,4491.130250
1,65536,true,mixed_7,4,8,2,enum_static,4117.130125
1,65536,true,mixed_7,4,8,3,bound_dynamic,4144.057375
1,65536,true,mixed_7,4,8,4,bound_static,4484.708375
1,65536,true,mixed_7,4,8,5,before,4146.270875
1,65536,true,mixed_7,5,8,0,enum_dynamic,4504.369750
1,65536,true,mixed_7,5,8,1,enum_static,4117.088500
1,65536,true,mixed_7,5,8,2,bound_dynamic,4141.479250
1,65536,true,mixed_7,5,8,3,bound_static,4453.906250
1,65536,true,mixed_7,5,8,4,before,4139.151125
1,65536,true,mixed_7,5,8,5,after,4462.057250
1,65536,true,mixed_7,6,8,0,enum_static,4122.421875
1,65536,true,mixed_7,6,8,1,bound_dynamic,4112.223875
1,65536,true,mixed_7,6,8,2,bound_static,4450.484375
1,65536,true,mixed_7,6,8,3,before,4150.447875
1,65536,true,mixed_7,6,8,4,after,4482.843750
1,65536,true,mixed_7,6,8,5,enum_dynamic,4503.786500
1,65536,true,mixed_7,7,8,0,bound_dynamic,4131.822875
1,65536,true,mixed_7,7,8,1,bound_static,4363.369875
1,65536,true,mixed_7,7,8,2,before,4057.843750
1,65536,true,mixed_7,7,8,3,after,4379.442750
1,65536,true,mixed_7,7,8,4,enum_dynamic,4477.067625
1,65536,true,mixed_7,7,8,5,enum_static,4122.494875
1,65536,true,mixed_7,8,8,0,bound_static,4483.182250
1,65536,true,mixed_7,8,8,1,before,4092.338625
1,65536,true,mixed_7,8,8,2,after,4400.026000
1,65536,true,mixed_7,8,8,3,enum_dynamic,4503.979250
1,65536,true,mixed_7,8,8,4,enum_static,4098.276000
1,65536,true,mixed_7,8,8,5,bound_dynamic,4095.390625
1,65536,true,mixed_7,9,8,0,before,4146.947875
1,65536,true,mixed_7,9,8,1,after,4466.020875
1,65536,true,mixed_7,9,8,2,enum_dynamic,4530.515625
1,65536,true,mixed_7,9,8,3,enum_static,4061.822875
1,65536,true,mixed_7,9,8,4,bound_dynamic,4058.291750
1,65536,true,mixed_7,9,8,5,bound_static,4452.593750
1,65536,true,mixed_7,10,8,0,after,4391.265625
1,65536,true,mixed_7,10,8,1,enum_dynamic,4419.015625
1,65536,true,mixed_7,10,8,2,enum_static,4118.583375
1,65536,true,mixed_7,10,8,3,bound_dynamic,4146.161500
1,65536,true,mixed_7,10,8,4,bound_static,4447.494875
1,65536,true,mixed_7,10,8,5,before,4153.250000
1,65536,true,mixed_7,11,8,0,enum_dynamic,4438.494750
1,65536,true,mixed_7,11,8,1,enum_static,4077.630125
1,65536,true,mixed_7,11,8,2,bound_dynamic,4293.875000
1,65536,true,mixed_7,11,8,3,bound_static,4663.171875
1,65536,true,mixed_7,11,8,4,before,4208.552125
1,65536,true,mixed_7,11,8,5,after,4566.479250
1,128,true,count_star,0,50000,0,enum_static,0.072047
1,128,true,count_star,0,50000,1,bound_dynamic,0.070188
1,128,true,count_star,0,50000,2,bound_static,0.069928
1,128,true,count_star,0,50000,3,before,0.071894
1,128,true,count_star,0,50000,4,after,0.069995
1,128,true,count_star,0,50000,5,enum_dynamic,0.071698
1,128,true,count_star,1,50000,0,bound_dynamic,0.070097
1,128,true,count_star,1,50000,1,bound_static,0.070061
1,128,true,count_star,1,50000,2,before,0.071855
1,128,true,count_star,1,50000,3,after,0.069992
1,128,true,count_star,1,50000,4,enum_dynamic,0.081908
1,128,true,count_star,1,50000,5,enum_static,0.072054
1,128,true,count_star,2,50000,0,bound_static,0.074372
1,128,true,count_star,2,50000,1,before,0.075618
1,128,true,count_star,2,50000,2,after,0.072173
1,128,true,count_star,2,50000,3,enum_dynamic,0.070178
1,128,true,count_star,2,50000,4,enum_static,0.070834
1,128,true,count_star,2,50000,5,bound_dynamic,0.068854
1,128,true,count_star,3,50000,0,before,0.069976
1,128,true,count_star,3,50000,1,after,0.068081
1,128,true,count_star,3,50000,2,enum_dynamic,0.069792
1,128,true,count_star,3,50000,3,enum_static,0.071463
1,128,true,count_star,3,50000,4,bound_dynamic,0.068337
1,128,true,count_star,3,50000,5,bound_static,0.068128
1,128,true,count_star,4,50000,0,after,0.068106
1,128,true,count_star,4,50000,1,enum_dynamic,0.070107
1,128,true,count_star,4,50000,2,enum_static,0.069942
1,128,true,count_star,4,50000,3,bound_dynamic,0.067991
1,128,true,count_star,4,50000,4,bound_static,0.067904
1,128,true,count_star,4,50000,5,before,0.069803
1,128,true,count_star,5,50000,0,enum_dynamic,0.069770
1,128,true,count_star,5,50000,1,enum_static,0.070758
1,128,true,count_star,5,50000,2,bound_dynamic,0.068062
1,128,true,count_star,5,50000,3,bound_static,0.068217
1,128,true,count_star,5,50000,4,before,0.069696
1,128,true,count_star,5,50000,5,after,0.068148
1,128,true,count_star,6,50000,0,enum_static,0.070055
1,128,true,count_star,6,50000,1,bound_dynamic,0.067888
1,128,true,count_star,6,50000,2,bound_static,0.068054
1,128,true,count_star,6,50000,3,before,0.070538
1,128,true,count_star,6,50000,4,after,0.069873
1,128,true,count_star,6,50000,5,enum_dynamic,0.071203
1,128,true,count_star,7,50000,0,bound_dynamic,0.069338
1,128,true,count_star,7,50000,1,bound_static,0.069337
1,128,true,count_star,7,50000,2,before,0.071000
1,128,true,count_star,7,50000,3,after,0.069278
1,128,true,count_star,7,50000,4,enum_dynamic,0.070945
1,128,true,count_star,7,50000,5,enum_static,0.071201
1,128,true,count_star,8,50000,0,bound_static,0.069257
1,128,true,count_star,8,50000,1,before,0.071166
1,128,true,count_star,8,50000,2,after,0.069648
1,128,true,count_star,8,50000,3,enum_dynamic,0.071441
1,128,true,count_star,8,50000,4,enum_static,0.071054
1,128,true,count_star,8,50000,5,bound_dynamic,0.069165
1,128,true,count_star,9,50000,0,before,0.073368
1,128,true,count_star,9,50000,1,after,0.068204
1,128,true,count_star,9,50000,2,enum_dynamic,0.069669
1,128,true,count_star,9,50000,3,enum_static,0.071175
1,128,true,count_star,9,50000,4,bound_dynamic,0.068197
1,128,true,count_star,9,50000,5,bound_static,0.068252
1,128,true,count_star,10,50000,0,after,0.070187
1,128,true,count_star,10,50000,1,enum_dynamic,0.070535
1,128,true,count_star,10,50000,2,enum_static,0.070399
1,128,true,count_star,10,50000,3,bound_dynamic,0.068353
1,128,true,count_star,10,50000,4,bound_static,0.068037
1,128,true,count_star,10,50000,5,before,0.069710
1,128,true,count_star,11,50000,0,enum_dynamic,0.069621
1,128,true,count_star,11,50000,1,enum_static,0.070123
1,128,true,count_star,11,50000,2,bound_dynamic,0.068076
1,128,true,count_star,11,50000,3,bound_static,0.068532
1,128,true,count_star,11,50000,4,before,0.070286
1,128,true,count_star,11,50000,5,after,0.068229
1,8192,true,min_i64,0,344,0,enum_static,44.760419
1,8192,true,min_i64,0,344,1,bound_dynamic,49.214634
1,8192,true,min_i64,0,344,2,bound_static,44.627785
1,8192,true,min_i64,0,344,3,before,47.143773
1,8192,true,min_i64,0,344,4,after,44.787547
1,8192,true,min_i64,0,344,5,enum_dynamic,47.107195
1,8192,true,min_i64,1,344,0,bound_dynamic,49.508599
1,8192,true,min_i64,1,344,1,bound_static,44.549297
1,8192,true,min_i64,1,344,2,before,47.122698
1,8192,true,min_i64,1,344,3,after,44.724442
1,8192,true,min_i64,1,344,4,enum_dynamic,47.221416
1,8192,true,min_i64,1,344,5,enum_static,44.850776
1,8192,true,min_i64,2,344,0,bound_static,44.664122
1,8192,true,min_i64,2,344,1,before,47.292273
1,8192,true,min_i64,2,344,2,after,44.778465
1,8192,true,min_i64,2,344,3,enum_dynamic,47.178779
1,8192,true,min_i64,2,344,4,enum_static,44.723110
1,8192,true,min_i64,2,344,5,bound_dynamic,49.303294
1,8192,true,min_i64,3,344,0,before,47.347384
1,8192,true,min_i64,3,344,1,after,44.926599
1,8192,true,min_i64,3,344,2,enum_dynamic,47.307657
1,8192,true,min_i64,3,344,3,enum_static,44.866884
1,8192,true,min_i64,3,344,4,bound_dynamic,49.275677
1,8192,true,min_i64,3,344,5,bound_static,44.765503
1,8192,true,min_i64,4,344,0,after,44.765384
1,8192,true,min_i64,4,344,1,enum_dynamic,47.299177
1,8192,true,min_i64,4,344,2,enum_static,44.882145
1,8192,true,min_i64,4,344,3,bound_dynamic,49.284035
1,8192,true,min_i64,4,344,4,bound_static,44.748183
1,8192,true,min_i64,4,344,5,before,47.233285
1,8192,true,min_i64,5,344,0,enum_dynamic,47.140747
1,8192,true,min_i64,5,344,1,enum_static,44.879846
1,8192,true,min_i64,5,344,2,bound_dynamic,48.440770
1,8192,true,min_i64,5,344,3,bound_static,43.894744
1,8192,true,min_i64,5,344,4,before,46.326186
1,8192,true,min_i64,5,344,5,after,44.096294
1,8192,true,min_i64,6,344,0,enum_static,44.016596
1,8192,true,min_i64,6,344,1,bound_dynamic,49.179750
1,8192,true,min_i64,6,344,2,bound_static,44.779677
1,8192,true,min_i64,6,344,3,before,47.173814
1,8192,true,min_i64,6,344,4,after,44.747576
1,8192,true,min_i64,6,344,5,enum_dynamic,47.711846
1,8192,true,min_i64,7,344,0,bound_dynamic,48.414608
1,8192,true,min_i64,7,344,1,bound_static,43.899346
1,8192,true,min_i64,7,344,2,before,46.491642
1,8192,true,min_i64,7,344,3,after,44.124029
1,8192,true,min_i64,7,344,4,enum_dynamic,46.367006
1,8192,true,min_i64,7,344,5,enum_static,44.235224
1,8192,true,min_i64,8,344,0,bound_static,44.720567
1,8192,true,min_i64,8,344,1,before,47.186773
1,8192,true,min_i64,8,344,2,after,45.048087
1,8192,true,min_i64,8,344,3,enum_dynamic,47.237645
1,8192,true,min_i64,8,344,4,enum_static,44.807895
1,8192,true,min_i64,8,344,5,bound_dynamic,48.946221
1,8192,true,min_i64,9,344,0,before,46.624881
1,8192,true,min_i64,9,344,1,after,44.921270
1,8192,true,min_i64,9,344,2,enum_dynamic,47.103805
1,8192,true,min_i64,9,344,3,enum_static,44.867977
1,8192,true,min_i64,9,344,4,bound_dynamic,49.644985
1,8192,true,min_i64,9,344,5,bound_static,44.107195
1,8192,true,min_i64,10,344,0,after,43.912913
1,8192,true,min_i64,10,344,1,enum_dynamic,46.805352
1,8192,true,min_i64,10,344,2,enum_static,43.972988
1,8192,true,min_i64,10,344,3,bound_dynamic,48.448401
1,8192,true,min_i64,10,344,4,bound_static,43.882994
1,8192,true,min_i64,10,344,5,before,47.088299
1,8192,true,min_i64,11,344,0,enum_dynamic,47.165576
1,8192,true,min_i64,11,344,1,enum_static,44.824128
1,8192,true,min_i64,11,344,2,bound_dynamic,49.160610
1,8192,true,min_i64,11,344,3,bound_static,44.639413
1,8192,true,min_i64,11,344,4,before,47.224442
1,8192,true,min_i64,11,344,5,after,43.991887
1,128,true,sum_f64,0,50000,0,enum_static,0.259369
1,128,true,sum_f64,0,50000,1,bound_dynamic,0.257969
1,128,true,sum_f64,0,50000,2,bound_static,0.269798
1,128,true,sum_f64,0,50000,3,before,0.258306
1,128,true,sum_f64,0,50000,4,after,0.260537
1,128,true,sum_f64,0,50000,5,enum_dynamic,0.271567
1,128,true,sum_f64,1,50000,0,bound_dynamic,0.262163
1,128,true,sum_f64,1,50000,1,bound_static,0.269226
1,128,true,sum_f64,1,50000,2,before,0.263562
1,128,true,sum_f64,1,50000,3,after,0.263957
1,128,true,sum_f64,1,50000,4,enum_dynamic,0.270401
1,128,true,sum_f64,1,50000,5,enum_static,0.264443
1,128,true,sum_f64,2,50000,0,bound_static,0.268806
1,128,true,sum_f64,2,50000,1,before,0.263937
1,128,true,sum_f64,2,50000,2,after,0.262867
1,128,true,sum_f64,2,50000,3,enum_dynamic,0.269926
1,128,true,sum_f64,2,50000,4,enum_static,0.263777
1,128,true,sum_f64,2,50000,5,bound_dynamic,0.264037
1,128,true,sum_f64,3,50000,0,before,0.263136
1,128,true,sum_f64,3,50000,1,after,0.263242
1,128,true,sum_f64,3,50000,2,enum_dynamic,0.267852
1,128,true,sum_f64,3,50000,3,enum_static,0.259549
1,128,true,sum_f64,3,50000,4,bound_dynamic,0.258601
1,128,true,sum_f64,3,50000,5,bound_static,0.264993
1,128,true,sum_f64,4,50000,0,after,0.258600
1,128,true,sum_f64,4,50000,1,enum_dynamic,0.264748
1,128,true,sum_f64,4,50000,2,enum_static,0.260748
1,128,true,sum_f64,4,50000,3,bound_dynamic,0.258709
1,128,true,sum_f64,4,50000,4,bound_static,0.265818
1,128,true,sum_f64,4,50000,5,before,0.260243
1,128,true,sum_f64,5,50000,0,enum_dynamic,0.265069
1,128,true,sum_f64,5,50000,1,enum_static,0.258497
1,128,true,sum_f64,5,50000,2,bound_dynamic,0.262164
1,128,true,sum_f64,5,50000,3,bound_static,0.268307
1,128,true,sum_f64,5,50000,4,before,0.263853
1,128,true,sum_f64,5,50000,5,after,0.263708
1,128,true,sum_f64,6,50000,0,enum_static,0.260069
1,128,true,sum_f64,6,50000,1,bound_dynamic,0.259276
1,128,true,sum_f64,6,50000,2,bound_static,0.264092
1,128,true,sum_f64,6,50000,3,before,0.259127
1,128,true,sum_f64,6,50000,4,after,0.258397
1,128,true,sum_f64,6,50000,5,enum_dynamic,0.264632
1,128,true,sum_f64,7,50000,0,bound_dynamic,0.257652
1,128,true,sum_f64,7,50000,1,bound_static,0.263266
1,128,true,sum_f64,7,50000,2,before,0.264658
1,128,true,sum_f64,7,50000,3,after,0.259872
1,128,true,sum_f64,7,50000,4,enum_dynamic,0.265804
1,128,true,sum_f64,7,50000,5,enum_static,0.263387
1,128,true,sum_f64,8,50000,0,bound_static,0.273963
1,128,true,sum_f64,8,50000,1,before,0.264095
1,128,true,sum_f64,8,50000,2,after,0.265025
1,128,true,sum_f64,8,50000,3,enum_dynamic,0.269020
1,128,true,sum_f64,8,50000,4,enum_static,0.264288
1,128,true,sum_f64,8,50000,5,bound_dynamic,0.263230
1,128,true,sum_f64,9,50000,0,before,0.263517
1,128,true,sum_f64,9,50000,1,after,0.263940
1,128,true,sum_f64,9,50000,2,enum_dynamic,0.268880
1,128,true,sum_f64,9,50000,3,enum_static,0.264776
1,128,true,sum_f64,9,50000,4,bound_dynamic,0.262244
1,128,true,sum_f64,9,50000,5,bound_static,0.271765
1,128,true,sum_f64,10,50000,0,after,0.259146
1,128,true,sum_f64,10,50000,1,enum_dynamic,0.263384
1,128,true,sum_f64,10,50000,2,enum_static,0.258177
1,128,true,sum_f64,10,50000,3,bound_dynamic,0.257434
1,128,true,sum_f64,10,50000,4,bound_static,0.263924
1,128,true,sum_f64,10,50000,5,before,0.259163
1,128,true,sum_f64,11,50000,0,enum_dynamic,0.265249
1,128,true,sum_f64,11,50000,1,enum_static,0.259944
1,128,true,sum_f64,11,50000,2,bound_dynamic,0.258418
1,128,true,sum_f64,11,50000,3,bound_static,0.266427
1,128,true,sum_f64,11,50000,4,before,0.259745
1,128,true,sum_f64,11,50000,5,after,0.262425
1,65536,true,avg_i64,0,109,0,enum_static,155.774083
1,65536,true,avg_i64,0,109,1,bound_dynamic,139.097862
1,65536,true,avg_i64,0,109,2,bound_static,138.223239
1,65536,true,avg_i64,0,109,3,before,153.630734
1,65536,true,avg_i64,0,109,4,after,138.860862
1,65536,true,avg_i64,0,109,5,enum_dynamic,156.497706
1,65536,true,avg_i64,1,109,0,bound_dynamic,139.806578
1,65536,true,avg_i64,1,109,1,bound_static,138.165514
1,65536,true,avg_i64,1,109,2,before,154.483945
1,65536,true,avg_i64,1,109,3,after,139.123092
1,65536,true,avg_i64,1,109,4,enum_dynamic,156.774083
1,65536,true,avg_i64,1,109,5,enum_static,156.310404
1,65536,true,avg_i64,2,109,0,bound_static,139.036697
1,65536,true,avg_i64,2,109,1,before,155.728596
1,65536,true,avg_i64,2,109,2,after,139.186927
1,65536,true,avg_i64,2,109,3,enum_dynamic,156.085633
1,65536,true,avg_i64,2,109,4,enum_static,156.406339
1,65536,true,avg_i64,2,109,5,bound_dynamic,138.738532
1,65536,true,avg_i64,3,109,0,before,156.522936
1,65536,true,avg_i64,3,109,1,after,139.188459
1,65536,true,avg_i64,3,109,2,enum_dynamic,153.762615
1,65536,true,avg_i64,3,109,3,enum_static,157.948394
1,65536,true,avg_i64,3,109,4,bound_dynamic,138.055046
1,65536,true,avg_i64,3,109,5,bound_static,136.602835
1,65536,true,avg_i64,4,109,0,after,138.978587
1,65536,true,avg_i64,4,109,1,enum_dynamic,156.137615
1,65536,true,avg_i64,4,109,2,enum_static,156.812312
1,65536,true,avg_i64,4,109,3,bound_dynamic,138.808101
1,65536,true,avg_i64,4,109,4,bound_static,139.147936
1,65536,true,avg_i64,4,109,5,before,155.709092
1,65536,true,avg_i64,5,109,0,enum_dynamic,156.579514
1,65536,true,avg_i64,5,109,1,enum_static,156.534789
1,65536,true,avg_i64,5,109,2,bound_dynamic,139.331807
1,65536,true,avg_i64,5,109,3,bound_static,139.017587
1,65536,true,avg_i64,5,109,4,before,156.503440
1,65536,true,avg_i64,5,109,5,after,138.954128
1,65536,true,avg_i64,6,109,0,enum_static,156.428138
1,65536,true,avg_i64,6,109,1,bound_dynamic,138.564982
1,65536,true,avg_i64,6,109,2,bound_static,138.531339
1,65536,true,avg_i64,6,109,3,before,158.171642
1,65536,true,avg_i64,6,109,4,after,139.000761
1,65536,true,avg_i64,6,109,5,enum_dynamic,155.747321
1,65536,true,avg_i64,7,109,0,bound_dynamic,137.845954
1,65536,true,avg_i64,7,109,1,bound_static,139.218651
1,65536,true,avg_i64,7,109,2,before,156.225917
1,65536,true,avg_i64,7,109,3,after,139.343651
1,65536,true,avg_i64,7,109,4,enum_dynamic,156.563450
1,65536,true,avg_i64,7,109,5,enum_static,156.732798
1,65536,true,avg_i64,8,109,0,bound_static,141.415899
1,65536,true,avg_i64,8,109,1,before,155.701450
1,65536,true,avg_i64,8,109,2,after,139.360477
1,65536,true,avg_i64,8,109,3,enum_dynamic,156.849000
1,65536,true,avg_i64,8,109,4,enum_static,156.405963
1,65536,true,avg_i64,8,109,5,bound_dynamic,139.735092
1,65536,true,avg_i64,9,109,0,before,156.069569
1,65536,true,avg_i64,9,109,1,after,138.736624
1,65536,true,avg_i64,9,109,2,enum_dynamic,156.068807
1,65536,true,avg_i64,9,109,3,enum_static,155.895642
1,65536,true,avg_i64,9,109,4,bound_dynamic,140.883028
1,65536,true,avg_i64,9,109,5,bound_static,138.863147
1,65536,true,avg_i64,10,109,0,after,138.741972
1,65536,true,avg_i64,10,109,1,enum_dynamic,155.900229
1,65536,true,avg_i64,10,109,2,enum_static,156.042431
1,65536,true,avg_i64,10,109,3,bound_dynamic,138.693037
1,65536,true,avg_i64,10,109,4,bound_static,138.733183
1,65536,true,avg_i64,10,109,5,before,156.135321
1,65536,true,avg_i64,11,109,0,enum_dynamic,156.081807
1,65536,true,avg_i64,11,109,1,enum_static,156.373468
1,65536,true,avg_i64,11,109,2,bound_dynamic,138.785165
1,65536,true,avg_i64,11,109,3,bound_static,139.142578
1,65536,true,avg_i64,11,109,4,before,156.430431
1,65536,true,avg_i64,11,109,5,after,138.984330
1,65536,true,min_i64,0,43,0,enum_static,352.717047
1,65536,true,min_i64,0,43,1,bound_dynamic,387.761628
1,65536,true,min_i64,0,43,2,bound_static,351.650186
1,65536,true,min_i64,0,43,3,before,373.297488
1,65536,true,min_i64,0,43,4,after,346.655023
1,65536,true,min_i64,0,43,5,enum_dynamic,365.037791
1,65536,true,min_i64,1,43,0,bound_dynamic,380.496140
1,65536,true,min_i64,1,43,1,bound_static,346.267442
1,65536,true,min_i64,1,43,2,before,364.035860
1,65536,true,min_i64,1,43,3,after,345.924419
1,65536,true,min_i64,1,43,4,enum_dynamic,366.575581
1,65536,true,min_i64,1,43,5,enum_static,353.199605
1,65536,true,min_i64,2,43,0,bound_static,348.204465
1,65536,true,min_i64,2,43,1,before,365.120163
1,65536,true,min_i64,2,43,2,after,352.895349
1,65536,true,min_i64,2,43,3,enum_dynamic,371.966093
1,65536,true,min_i64,2,43,4,enum_static,351.808140
1,65536,true,min_i64,2,43,5,bound_dynamic,388.122093
1,65536,true,min_i64,3,43,0,before,371.531977
1,65536,true,min_i64,3,43,1,after,352.916651
1,65536,true,min_i64,3,43,2,enum_dynamic,372.984512
1,65536,true,min_i64,3,43,3,enum_static,351.660837
1,65536,true,min_i64,3,43,4,bound_dynamic,388.156977
1,65536,true,min_i64,3,43,5,bound_static,350.949605
1,65536,true,min_i64,4,43,0,after,354.216093
1,65536,true,min_i64,4,43,1,enum_dynamic,371.016465
1,65536,true,min_i64,4,43,2,enum_static,352.206395
1,65536,true,min_i64,4,43,3,bound_dynamic,390.402140
1,65536,true,min_i64,4,43,4,bound_static,346.778093
1,65536,true,min_i64,4,43,5,before,371.064930
1,65536,true,min_i64,5,43,0,enum_dynamic,371.188000
1,65536,true,min_i64,5,43,1,enum_static,354.046512
1,65536,true,min_i64,5,43,2,bound_dynamic,387.191860
1,65536,true,min_i64,5,43,3,bound_static,345.805233
1,65536,true,min_i64,5,43,4,before,364.764535
1,65536,true,min_i64,5,43,5,after,346.088186
1,65536,true,min_i64,6,43,0,enum_static,345.732558
1,65536,true,min_i64,6,43,1,bound_dynamic,381.049419
1,65536,true,min_i64,6,43,2,bound_static,346.881767
1,65536,true,min_i64,6,43,3,before,371.363372
1,65536,true,min_i64,6,43,4,after,351.345930
1,65536,true,min_i64,6,43,5,enum_dynamic,370.248070
1,65536,true,min_i64,7,43,0,bound_dynamic,391.155047
1,65536,true,min_i64,7,43,1,bound_static,350.295535
1,65536,true,min_i64,7,43,2,before,370.471884
1,65536,true,min_i64,7,43,3,after,351.398256
1,65536,true,min_i64,7,43,4,enum_dynamic,370.239349
1,65536,true,min_i64,7,43,5,enum_static,352.132744
1,65536,true,min_i64,8,43,0,bound_static,351.265512
1,65536,true,min_i64,8,43,1,before,372.583326
1,65536,true,min_i64,8,43,2,after,351.756791
1,65536,true,min_i64,8,43,3,enum_dynamic,370.696698
1,65536,true,min_i64,8,43,4,enum_static,352.226744
1,65536,true,min_i64,8,43,5,bound_dynamic,380.194767
1,65536,true,min_i64,9,43,0,before,369.584302
1,65536,true,min_i64,9,43,1,after,352.310070
1,65536,true,min_i64,9,43,2,enum_dynamic,371.672488
1,65536,true,min_i64,9,43,3,enum_static,351.968023
1,65536,true,min_i64,9,43,4,bound_dynamic,388.049419
1,65536,true,min_i64,9,43,5,bound_static,351.229651
1,65536,true,min_i64,10,43,0,after,351.584302
1,65536,true,min_i64,10,43,1,enum_dynamic,371.808140
1,65536,true,min_i64,10,43,2,enum_static,353.034884
1,65536,true,min_i64,10,43,3,bound_dynamic,381.339140
1,65536,true,min_i64,10,43,4,bound_static,346.288767
1,65536,true,min_i64,10,43,5,before,372.176349
1,65536,true,min_i64,11,43,0,enum_dynamic,364.298465
1,65536,true,min_i64,11,43,1,enum_static,346.012605
1,65536,true,min_i64,11,43,2,bound_dynamic,389.634674
1,65536,true,min_i64,11,43,3,bound_static,348.781000
1,65536,true,min_i64,11,43,4,before,364.424419
1,65536,true,min_i64,11,43,5,after,350.157953
1,128,false,min_i64,0,19525,0,enum_static,0.758566
1,128,false,min_i64,0,19525,1,bound_dynamic,0.835800
1,128,false,min_i64,0,19525,2,bound_static,0.750813
1,128,false,min_i64,0,19525,3,before,0.803540
1,128,false,min_i64,0,19525,4,after,0.770766
1,128,false,min_i64,0,19525,5,enum_dynamic,0.826921
1,128,false,min_i64,1,19525,0,bound_dynamic,0.849411
1,128,false,min_i64,1,19525,1,bound_static,0.762710
1,128,false,min_i64,1,19525,2,before,0.808871
1,128,false,min_i64,1,19525,3,after,0.768058
1,128,false,min_i64,1,19525,4,enum_dynamic,0.831729
1,128,false,min_i64,1,19525,5,enum_static,0.767697
1,128,false,min_i64,2,19525,0,bound_static,0.764046
1,128,false,min_i64,2,19525,1,before,0.806137
1,128,false,min_i64,2,19525,2,after,0.771402
1,128,false,min_i64,2,19525,3,enum_dynamic,0.828888
1,128,false,min_i64,2,19525,4,enum_static,0.773703
1,128,false,min_i64,2,19525,5,bound_dynamic,0.832798
1,128,false,min_i64,3,19525,0,before,0.789511
1,128,false,min_i64,3,19525,1,after,0.754994
1,128,false,min_i64,3,19525,2,enum_dynamic,0.812518
1,128,false,min_i64,3,19525,3,enum_static,0.755992
1,128,false,min_i64,3,19525,4,bound_dynamic,0.831353
1,128,false,min_i64,3,19525,5,bound_static,0.753747
1,128,false,min_i64,4,19525,0,after,0.772894
1,128,false,min_i64,4,19525,1,enum_dynamic,0.817676
1,128,false,min_i64,4,19525,2,enum_static,0.757962
1,128,false,min_i64,4,19525,3,bound_dynamic,0.842738
1,128,false,min_i64,4,19525,4,bound_static,0.752200
1,128,false,min_i64,4,19525,5,before,0.796411
1,128,false,min_i64,5,19525,0,enum_dynamic,0.834543
1,128,false,min_i64,5,19525,1,enum_static,0.768991
1,128,false,min_i64,5,19525,2,bound_dynamic,0.850655
1,128,false,min_i64,5,19525,3,bound_static,0.763660
1,128,false,min_i64,5,19525,4,before,0.810145
1,128,false,min_i64,5,19525,5,after,0.772682
1,128,false,min_i64,6,19525,0,enum_static,0.767403
1,128,false,min_i64,6,19525,1,bound_dynamic,0.831754
1,128,false,min_i64,6,19525,2,bound_static,0.748239
1,128,false,min_i64,6,19525,3,before,0.792085
1,128,false,min_i64,6,19525,4,after,0.756677
1,128,false,min_i64,6,19525,5,enum_dynamic,0.814539
1,128,false,min_i64,7,19525,0,bound_dynamic,0.833735
1,128,false,min_i64,7,19525,1,bound_static,0.751530
1,128,false,min_i64,7,19525,2,before,0.792019
1,128,false,min_i64,7,19525,3,after,0.763905
1,128,false,min_i64,7,19525,4,enum_dynamic,0.835216
1,128,false,min_i64,7,19525,5,enum_static,0.771041
1,128,false,min_i64,8,19525,0,bound_static,0.764415
1,128,false,min_i64,8,19525,1,before,0.817064
1,128,false,min_i64,8,19525,2,after,0.769274
1,128,false,min_i64,8,19525,3,enum_dynamic,0.825655
1,128,false,min_i64,8,19525,4,enum_static,0.770175
1,128,false,min_i64,8,19525,5,bound_dynamic,0.848500
1,128,false,min_i64,9,19525,0,before,0.808246
1,128,false,min_i64,9,19525,1,after,0.773602
1,128,false,min_i64,9,19525,2,enum_dynamic,0.832753
1,128,false,min_i64,9,19525,3,enum_static,0.770758
1,128,false,min_i64,9,19525,4,bound_dynamic,0.852661
1,128,false,min_i64,9,19525,5,bound_static,0.749977
1,128,false,min_i64,10,19525,0,after,0.755391
1,128,false,min_i64,10,19525,1,enum_dynamic,0.823873
1,128,false,min_i64,10,19525,2,enum_static,0.761402
1,128,false,min_i64,10,19525,3,bound_dynamic,0.848523
1,128,false,min_i64,10,19525,4,bound_static,0.767303
1,128,false,min_i64,10,19525,5,before,0.810380
1,128,false,min_i64,11,19525,0,enum_dynamic,0.836880
1,128,false,min_i64,11,19525,1,enum_static,0.768425
1,128,false,min_i64,11,19525,2,bound_dynamic,0.851033
1,128,false,min_i64,11,19525,3,bound_static,0.765164
1,128,false,min_i64,11,19525,4,before,0.809366
1,128,false,min_i64,11,19525,5,after,0.773626
1,8192,false,max_utf8,0,157,0,enum_static,96.991242
1,8192,false,max_utf8,0,157,1,bound_dynamic,99.187369
1,8192,false,max_utf8,0,157,2,bound_static,96.735401
1,8192,false,max_utf8,0,157,3,before,96.650478
1,8192,false,max_utf8,0,157,4,after,96.658439
1,8192,false,max_utf8,0,157,5,enum_dynamic,96.629516
1,8192,false,max_utf8,1,157,0,bound_dynamic,99.132701
1,8192,false,max_utf8,1,157,1,bound_static,97.096599
1,8192,false,max_utf8,1,157,2,before,96.079089
1,8192,false,max_utf8,1,157,3,after,94.706478
1,8192,false,max_utf8,1,157,4,enum_dynamic,94.826962
1,8192,false,max_utf8,1,157,5,enum_static,95.000796
1,8192,false,max_utf8,2,157,0,bound_static,94.962841
1,8192,false,max_utf8,2,157,1,before,94.835987
1,8192,false,max_utf8,2,157,2,after,95.658439
1,8192,false,max_utf8,2,157,3,enum_dynamic,95.630045
1,8192,false,max_utf8,2,157,4,enum_static,95.466828
1,8192,false,max_utf8,2,157,5,bound_dynamic,97.417994
1,8192,false,max_utf8,3,157,0,before,95.615975
1,8192,false,max_utf8,3,157,1,after,96.418522
1,8192,false,max_utf8,3,157,2,enum_dynamic,95.049892
1,8192,false,max_utf8,3,157,3,enum_static,94.933917
1,8192,false,max_utf8,3,157,4,bound_dynamic,97.273089
1,8192,false,max_utf8,3,157,5,bound_static,94.865975
1,8192,false,max_utf8,4,157,0,after,95.013803
1,8192,false,max_utf8,4,157,1,enum_dynamic,96.390389
1,8192,false,max_utf8,4,157,2,enum_static,96.652866
1,8192,false,max_utf8,4,157,3,bound_dynamic,98.579350
1,8192,false,max_utf8,4,157,4,bound_static,94.871815
1,8192,false,max_utf8,4,157,5,before,94.891720
1,8192,false,max_utf8,5,157,0,enum_dynamic,96.076433
1,8192,false,max_utf8,5,157,1,enum_static,96.707006
1,8192,false,max_utf8,5,157,2,bound_dynamic,98.456478
1,8192,false,max_utf8,5,157,3,bound_static,95.098459
1,8192,false,max_utf8,5,157,4,before,94.986197
1,8192,false,max_utf8,5,157,5,after,94.769108
1,8192,false,max_utf8,6,157,0,enum_static,94.740446
1,8192,false,max_utf8,6,157,1,bound_dynamic,97.234605
1,8192,false,max_utf8,6,157,2,bound_static,94.718682
1,8192,false,max_utf8,6,157,3,before,94.876592
1,8192,false,max_utf8,6,157,4,after,95.317675
1,8192,false,max_utf8,6,157,5,enum_dynamic,94.813694
1,8192,false,max_utf8,7,157,0,bound_dynamic,101.853771
1,8192,false,max_utf8,7,157,1,bound_static,98.661096
1,8192,false,max_utf8,7,157,2,before,100.754510
1,8192,false,max_utf8,7,157,3,after,97.395166
1,8192,false,max_utf8,7,157,4,enum_dynamic,95.262739
1,8192,false,max_utf8,7,157,5,enum_static,95.592357
1,8192,false,max_utf8,8,157,0,bound_static,95.159236
1,8192,false,max_utf8,8,157,1,before,95.126860
1,8192,false,max_utf8,8,157,2,after,96.185777
1,8192,false,max_utf8,8,157,3,enum_dynamic,94.978503
1,8192,false,max_utf8,8,157,4,enum_static,96.143312
1,8192,false,max_utf8,8,157,5,bound_dynamic,97.490185
1,8192,false,max_utf8,9,157,0,before,95.111465
1,8192,false,max_utf8,9,157,1,after,94.982484
1,8192,false,max_utf8,9,157,2,enum_dynamic,94.831745
1,8192,false,max_utf8,9,157,3,enum_static,94.779987
1,8192,false,max_utf8,9,157,4,bound_dynamic,97.524949
1,8192,false,max_utf8,9,157,5,bound_static,94.881102
1,8192,false,max_utf8,10,157,0,after,95.076701
1,8192,false,max_utf8,10,157,1,enum_dynamic,94.657911
1,8192,false,max_utf8,10,157,2,enum_static,94.872879
1,8192,false,max_utf8,10,157,3,bound_dynamic,97.276803
1,8192,false,max_utf8,10,157,4,bound_static,95.806261
1,8192,false,max_utf8,10,157,5,before,94.748146
1,8192,false,max_utf8,11,157,0,enum_dynamic,94.589439
1,8192,false,max_utf8,11,157,1,enum_static,95.516987
1,8192,false,max_utf8,11,157,2,bound_dynamic,97.269904
1,8192,false,max_utf8,11,157,3,bound_static,94.748408
1,8192,false,max_utf8,11,157,4,before,94.955943
1,8192,false,max_utf8,11,157,5,after,94.942408
1,65536,false,max_utf8,0,20,0,enum_static,757.416650
1,65536,false,max_utf8,0,20,1,bound_dynamic,779.843750
1,65536,false,max_utf8,0,20,2,bound_static,766.685400
1,65536,false,max_utf8,0,20,3,before,755.670850
1,65536,false,max_utf8,0,20,4,after,757.795850
1,65536,false,max_utf8,0,20,5,enum_dynamic,752.566650
1,65536,false,max_utf8,1,20,0,bound_dynamic,776.122900
1,65536,false,max_utf8,1,20,1,bound_static,756.950000
1,65536,false,max_utf8,1,20,2,before,755.164600
1,65536,false,max_utf8,1,20,3,after,757.318750
1,65536,false,max_utf8,1,20,4,enum_dynamic,756.575000
1,65536,false,max_utf8,1,20,5,enum_static,758.739600
1,65536,false,max_utf8,2,20,0,bound_static,760.525000
1,65536,false,max_utf8,2,20,1,before,757.650000
1,65536,false,max_utf8,2,20,2,after,772.566650
1,65536,false,max_utf8,2,20,3,enum_dynamic,769.250000
1,65536,false,max_utf8,2,20,4,enum_static,773.743750
1,65536,false,max_utf8,2,20,5,bound_dynamic,791.820850
1,65536,false,max_utf8,3,20,0,before,773.812500
1,65536,false,max_utf8,3,20,1,after,772.912500
1,65536,false,max_utf8,3,20,2,enum_dynamic,766.895850
1,65536,false,max_utf8,3,20,3,enum_static,760.545850
1,65536,false,max_utf8,3,20,4,bound_dynamic,777.433350
1,65536,false,max_utf8,3,20,5,bound_static,759.364550
1,65536,false,max_utf8,4,20,0,after,758.825000
1,65536,false,max_utf8,4,20,1,enum_dynamic,755.733300
1,65536,false,max_utf8,4,20,2,enum_static,760.560400
1,65536,false,max_utf8,4,20,3,bound_dynamic,782.268750
1,65536,false,max_utf8,4,20,4,bound_static,774.335400
1,65536,false,max_utf8,4,20,5,before,773.600000
1,65536,false,max_utf8,5,20,0,enum_dynamic,774.214600
1,65536,false,max_utf8,5,20,1,enum_static,769.316700
1,65536,false,max_utf8,5,20,2,bound_dynamic,778.295850
1,65536,false,max_utf8,5,20,3,bound_static,759.668750
1,65536,false,max_utf8,5,20,4,before,758.508350
1,65536,false,max_utf8,5,20,5,after,759.004150
1,65536,false,max_utf8,6,20,0,enum_static,773.952100
1,65536,false,max_utf8,6,20,1,bound_dynamic,783.756250
1,65536,false,max_utf8,6,20,2,bound_static,759.722950
1,65536,false,max_utf8,6,20,3,before,756.972900
1,65536,false,max_utf8,6,20,4,after,760.550000
1,65536,false,max_utf8,6,20,5,enum_dynamic,762.495850
1,65536,false,max_utf8,7,20,0,bound_dynamic,779.489600
1,65536,false,max_utf8,7,20,1,bound_static,757.918750
1,65536,false,max_utf8,7,20,2,before,758.164600
1,65536,false,max_utf8,7,20,3,after,781.683350
1,65536,false,max_utf8,7,20,4,enum_dynamic,753.560450
1,65536,false,max_utf8,7,20,5,enum_static,757.381250
1,65536,false,max_utf8,8,20,0,bound_static,756.520850
1,65536,false,max_utf8,8,20,1,before,757.937500
1,65536,false,max_utf8,8,20,2,after,756.345850
1,65536,false,max_utf8,8,20,3,enum_dynamic,763.027100
1,65536,false,max_utf8,8,20,4,enum_static,759.133350
1,65536,false,max_utf8,8,20,5,bound_dynamic,777.166650
1,65536,false,max_utf8,9,20,0,before,759.558300
1,65536,false,max_utf8,9,20,1,after,759.600000
1,65536,false,max_utf8,9,20,2,enum_dynamic,763.370850
1,65536,false,max_utf8,9,20,3,enum_static,773.460400
1,65536,false,max_utf8,9,20,4,bound_dynamic,796.083350
1,65536,false,max_utf8,9,20,5,bound_static,762.431250
1,65536,false,max_utf8,10,20,0,after,761.441700
1,65536,false,max_utf8,10,20,1,enum_dynamic,754.647950
1,65536,false,max_utf8,10,20,2,enum_static,758.660400
1,65536,false,max_utf8,10,20,3,bound_dynamic,777.477100
1,65536,false,max_utf8,10,20,4,bound_static,759.191650
1,65536,false,max_utf8,10,20,5,before,756.454200
1,65536,false,max_utf8,11,20,0,enum_dynamic,753.341700
1,65536,false,max_utf8,11,20,1,enum_static,760.606250
1,65536,false,max_utf8,11,20,2,bound_dynamic,775.814550
1,65536,false,max_utf8,11,20,3,bound_static,756.889600
1,65536,false,max_utf8,11,20,4,before,755.370850
1,65536,false,max_utf8,11,20,5,after,756.812500
1,65536,true,max_utf8,0,18,0,enum_static,863.046333
1,65536,true,max_utf8,0,18,1,bound_dynamic,883.606500
1,65536,true,max_utf8,0,18,2,bound_static,862.888889
1,65536,true,max_utf8,0,18,3,before,863.412056
1,65536,true,max_utf8,0,18,4,after,856.861111
1,65536,true,max_utf8,0,18,5,enum_dynamic,863.386556
1,65536,true,max_utf8,1,18,0,bound_dynamic,901.620333
1,65536,true,max_utf8,1,18,1,bound_static,863.652778
1,65536,true,max_utf8,1,18,2,before,865.412000
1,65536,true,max_utf8,1,18,3,after,865.812500
1,65536,true,max_utf8,1,18,4,enum_dynamic,858.724556
1,65536,true,max_utf8,1,18,5,enum_static,862.946778
1,65536,true,max_utf8,2,18,0,bound_static,865.412056
1,65536,true,max_utf8,2,18,1,before,862.481500
1,65536,true,max_utf8,2,18,2,after,863.078722
1,65536,true,max_utf8,2,18,3,enum_dynamic,858.766222
1,65536,true,max_utf8,2,18,4,enum_static,876.828667
1,65536,true,max_utf8,2,18,5,bound_dynamic,888.597222
1,65536,true,max_utf8,3,18,0,before,875.993056
1,65536,true,max_utf8,3,18,1,after,875.064833
1,65536,true,max_utf8,3,18,2,enum_dynamic,876.280056
1,65536,true,max_utf8,3,18,3,enum_static,878.625000
1,65536,true,max_utf8,3,18,4,bound_dynamic,897.046278
1,65536,true,max_utf8,3,18,5,bound_static,877.567167
1,65536,true,max_utf8,4,18,0,after,881.219889
1,65536,true,max_utf8,4,18,1,enum_dynamic,875.590278
1,65536,true,max_utf8,4,18,2,enum_static,886.625000
1,65536,true,max_utf8,4,18,3,bound_dynamic,880.020833
1,65536,true,max_utf8,4,18,4,bound_static,863.213000
1,65536,true,max_utf8,4,18,5,before,868.969944
1,65536,true,max_utf8,5,18,0,enum_dynamic,860.666667
1,65536,true,max_utf8,5,18,1,enum_static,862.148167
1,65536,true,max_utf8,5,18,2,bound_dynamic,887.122667
1,65536,true,max_utf8,5,18,3,bound_static,881.606500
1,65536,true,max_utf8,5,18,4,before,876.914389
1,65536,true,max_utf8,5,18,5,after,859.405111
1,65536,true,max_utf8,6,18,0,enum_static,864.756944
1,65536,true,max_utf8,6,18,1,bound_dynamic,876.412000
1,65536,true,max_utf8,6,18,2,bound_static,863.291667
1,65536,true,max_utf8,6,18,3,before,868.078722
1,65536,true,max_utf8,6,18,4,after,861.069444
1,65536,true,max_utf8,6,18,5,enum_dynamic,863.384278
1,65536,true,max_utf8,7,18,0,bound_dynamic,888.222222
1,65536,true,max_utf8,7,18,1,bound_static,878.666667
1,65536,true,max_utf8,7,18,2,before,880.129611
1,65536,true,max_utf8,7,18,3,after,877.317111
1,65536,true,max_utf8,7,18,4,enum_dynamic,873.787056
1,65536,true,max_utf8,7,18,5,enum_static,875.648167
1,65536,true,max_utf8,8,18,0,bound_static,873.243056
1,65536,true,max_utf8,8,18,1,before,879.425889
1,65536,true,max_utf8,8,18,2,after,887.247667
1,65536,true,max_utf8,8,18,3,enum_dynamic,864.893500
1,65536,true,max_utf8,8,18,4,enum_static,862.405056
1,65536,true,max_utf8,8,18,5,bound_dynamic,880.104167
1,65536,true,max_utf8,9,18,0,before,867.104167
1,65536,true,max_utf8,9,18,1,after,855.131944
1,65536,true,max_utf8,9,18,2,enum_dynamic,858.062500
1,65536,true,max_utf8,9,18,3,enum_static,860.969889
1,65536,true,max_utf8,9,18,4,bound_dynamic,871.474556
1,65536,true,max_utf8,9,18,5,bound_static,859.581000
1,65536,true,max_utf8,10,18,0,after,867.377278
1,65536,true,max_utf8,10,18,1,enum_dynamic,862.370389
1,65536,true,max_utf8,10,18,2,enum_static,865.419000
1,65536,true,max_utf8,10,18,3,bound_dynamic,880.923611
1,65536,true,max_utf8,10,18,4,bound_static,861.062500
1,65536,true,max_utf8,10,18,5,before,863.923611
1,65536,true,max_utf8,11,18,0,enum_dynamic,867.687500
1,65536,true,max_utf8,11,18,1,enum_static,860.115778
1,65536,true,max_utf8,11,18,2,bound_dynamic,877.747667
1,65536,true,max_utf8,11,18,3,bound_static,867.171278
1,65536,true,max_utf8,11,18,4,before,870.789333
1,65536,true,max_utf8,11,18,5,after,870.675944
1,128,false,min_utf8,0,8241,0,enum_static,1.818625
1,128,false,min_utf8,0,8241,1,bound_dynamic,1.922825
1,128,false,min_utf8,0,8241,2,bound_static,1.807199
1,128,false,min_utf8,0,8241,3,before,1.850509
1,128,false,min_utf8,0,8241,4,after,1.818216
1,128,false,min_utf8,0,8241,5,enum_dynamic,1.866051
1,128,false,min_utf8,1,8241,0,bound_dynamic,1.889420
1,128,false,min_utf8,1,8241,1,bound_static,1.813433
1,128,false,min_utf8,1,8241,2,before,1.846873
1,128,false,min_utf8,1,8241,3,after,1.812796
1,128,false,min_utf8,1,8241,4,enum_dynamic,1.862911
1,128,false,min_utf8,1,8241,5,enum_static,1.815207
1,128,false,min_utf8,2,8241,0,bound_static,1.811153
1,128,false,min_utf8,2,8241,1,before,1.880476
1,128,false,min_utf8,2,8241,2,after,1.815546
1,128,false,min_utf8,2,8241,3,enum_dynamic,1.862972
1,128,false,min_utf8,2,8241,4,enum_static,1.819884
1,128,false,min_utf8,2,8241,5,bound_dynamic,1.888742
1,128,false,min_utf8,3,8241,0,before,1.847278
1,128,false,min_utf8,3,8241,1,after,1.823697
1,128,false,min_utf8,3,8241,2,enum_dynamic,1.872831
1,128,false,min_utf8,3,8241,3,enum_static,1.821315
1,128,false,min_utf8,3,8241,4,bound_dynamic,1.896114
1,128,false,min_utf8,3,8241,5,bound_static,1.813236
1,128,false,min_utf8,4,8241,0,after,1.812396
1,128,false,min_utf8,4,8241,1,enum_dynamic,1.893050
1,128,false,min_utf8,4,8241,2,enum_static,1.820420
1,128,false,min_utf8,4,8241,3,bound_dynamic,1.898672
1,128,false,min_utf8,4,8241,4,bound_static,1.810374
1,128,false,min_utf8,4,8241,5,before,1.853360
1,128,false,min_utf8,5,8241,0,enum_dynamic,1.868948
1,128,false,min_utf8,5,8241,1,enum_static,1.829794
1,128,false,min_utf8,5,8241,2,bound_dynamic,1.926096
1,128,false,min_utf8,5,8241,3,bound_static,1.843835
1,128,false,min_utf8,5,8241,4,before,1.880506
1,128,false,min_utf8,5,8241,5,after,1.849654
1,128,false,min_utf8,6,8241,0,enum_static,1.849978
1,128,false,min_utf8,6,8241,1,bound_dynamic,1.930712
1,128,false,min_utf8,6,8241,2,bound_static,1.845468
1,128,false,min_utf8,6,8241,3,before,1.879222
1,128,false,min_utf8,6,8241,4,after,1.849098
1,128,false,min_utf8,6,8241,5,enum_dynamic,1.902525
1,128,false,min_utf8,7,8241,0,bound_dynamic,1.935091
1,128,false,min_utf8,7,8241,1,bound_static,1.847602
1,128,false,min_utf8,7,8241,2,before,1.880112
1,128,false,min_utf8,7,8241,3,after,1.813620
1,128,false,min_utf8,7,8241,4,enum_dynamic,1.868003
1,128,false,min_utf8,7,8241,5,enum_static,1.819985
1,128,false,min_utf8,8,8241,0,bound_static,1.836969
1,128,false,min_utf8,8,8241,1,before,1.881674
1,128,false,min_utf8,8,8241,2,after,1.850949
1,128,false,min_utf8,8,8241,3,enum_dynamic,1.917243
1,128,false,min_utf8,8,8241,4,enum_static,1.853138
1,128,false,min_utf8,8,8241,5,bound_dynamic,1.931425
1,128,false,min_utf8,9,8241,0,before,1.880471
1,128,false,min_utf8,9,8241,1,after,1.854943
1,128,false,min_utf8,9,8241,2,enum_dynamic,1.902631
1,128,false,min_utf8,9,8241,3,enum_static,1.858821
1,128,false,min_utf8,9,8241,4,bound_dynamic,1.932689
1,128,false,min_utf8,9,8241,5,bound_static,1.848400
1,128,false,min_utf8,10,8241,0,after,1.847834
1,128,false,min_utf8,10,8241,1,enum_dynamic,1.907510
1,128,false,min_utf8,10,8241,2,enum_static,1.872204
1,128,false,min_utf8,10,8241,3,bound_dynamic,1.909027
1,128,false,min_utf8,10,8241,4,bound_static,1.814459
1,128,false,min_utf8,10,8241,5,before,1.841827
1,128,false,min_utf8,11,8241,0,enum_dynamic,1.866652
1,128,false,min_utf8,11,8241,1,enum_static,1.815597
1,128,false,min_utf8,11,8241,2,bound_dynamic,1.896200
1,128,false,min_utf8,11,8241,3,bound_static,1.809909
1,128,false,min_utf8,11,8241,4,before,1.855186
1,128,false,min_utf8,11,8241,5,after,1.814055
1,65536,true,sum_u64,0,113,0,enum_static,133.087389
1,65536,true,sum_u64,0,113,1,bound_dynamic,133.251106
1,65536,true,sum_u64,0,113,2,bound_static,133.455009
1,65536,true,sum_u64,0,113,3,before,133.171460
1,65536,true,sum_u64,0,113,4,after,133.359885
1,65536,true,sum_u64,0,113,5,enum_dynamic,133.099186
1,65536,true,sum_u64,1,113,0,bound_dynamic,133.299416
1,65536,true,sum_u64,1,113,1,bound_static,134.453168
1,65536,true,sum_u64,1,113,2,before,133.507743
1,65536,true,sum_u64,1,113,3,after,131.754053
1,65536,true,sum_u64,1,113,4,enum_dynamic,132.311584
1,65536,true,sum_u64,1,113,5,enum_static,133.344398
1,65536,true,sum_u64,2,113,0,bound_static,133.525071
1,65536,true,sum_u64,2,113,1,before,133.424779
1,65536,true,sum_u64,2,113,2,after,133.233779
1,65536,true,sum_u64,2,113,3,enum_dynamic,134.117257
1,65536,true,sum_u64,2,113,4,enum_static,133.992628
1,65536,true,sum_u64,2,113,5,bound_dynamic,133.576699
1,65536,true,sum_u64,3,113,0,before,133.269177
1,65536,true,sum_u64,3,113,1,after,133.366150
1,65536,true,sum_u64,3,113,2,enum_dynamic,133.251469
1,65536,true,sum_u64,3,113,3,enum_static,133.754062
1,65536,true,sum_u64,3,113,4,bound_dynamic,133.185097
1,65536,true,sum_u64,3,113,5,bound_static,132.815265
1,65536,true,sum_u64,4,113,0,after,132.849929
1,65536,true,sum_u64,4,113,1,enum_dynamic,133.155973
1,65536,true,sum_u64,4,113,2,enum_static,133.021752
1,65536,true,sum_u64,4,113,3,bound_dynamic,132.916301
1,65536,true,sum_u64,4,113,4,bound_static,132.952062
1,65536,true,sum_u64,4,113,5,before,132.931416
1,65536,true,sum_u64,5,113,0,enum_dynamic,133.117257
1,65536,true,sum_u64,5,113,1,enum_static,132.904867
1,65536,true,sum_u64,5,113,2,bound_dynamic,132.803841
1,65536,true,sum_u64,5,113,3,bound_static,132.883115
1,65536,true,sum_u64,5,113,4,before,133.127947
1,65536,true,sum_u64,5,113,5,after,133.429204
1,65536,true,sum_u64,6,113,0,enum_static,133.105460
1,65536,true,sum_u64,6,113,1,bound_dynamic,132.785761
1,65536,true,sum_u64,6,113,2,bound_static,133.488566
1,65536,true,sum_u64,6,113,3,before,131.282442
1,65536,true,sum_u64,6,113,4,after,132.117991
1,65536,true,sum_u64,6,113,5,enum_dynamic,131.944327
1,65536,true,sum_u64,7,113,0,bound_dynamic,132.319690
1,65536,true,sum_u64,7,113,1,bound_static,132.536133
1,65536,true,sum_u64,7,113,2,before,133.175885
1,65536,true,sum_u64,7,113,3,after,133.236354
1,65536,true,sum_u64,7,113,4,enum_dynamic,133.301628
1,65536,true,sum_u64,7,113,5,enum_static,133.432894
1,65536,true,sum_u64,8,113,0,bound_static,133.368363
1,65536,true,sum_u64,8,113,1,before,133.263274
1,65536,true,sum_u64,8,113,2,after,133.282442
1,65536,true,sum_u64,8,113,3,enum_dynamic,133.311575
1,65536,true,sum_u64,8,113,4,enum_static,133.598814
1,65536,true,sum_u64,8,113,5,bound_dynamic,133.807522
1,65536,true,sum_u64,9,113,0,before,131.333336
1,65536,true,sum_u64,9,113,1,after,131.737832
1,65536,true,sum_u64,9,113,2,enum_dynamic,133.270646
1,65536,true,sum_u64,9,113,3,enum_static,133.456124
1,65536,true,sum_u64,9,113,4,bound_dynamic,133.008106
1,65536,true,sum_u64,9,113,5,bound_static,133.691372
1,65536,true,sum_u64,10,113,0,after,131.948381
1,65536,true,sum_u64,10,113,1,enum_dynamic,133.730832
1,65536,true,sum_u64,10,113,2,enum_static,132.970496
1,65536,true,sum_u64,10,113,3,bound_dynamic,133.173301
1,65536,true,sum_u64,10,113,4,bound_static,133.537973
1,65536,true,sum_u64,10,113,5,before,133.570425
1,65536,true,sum_u64,11,113,0,enum_dynamic,133.135327
1,65536,true,sum_u64,11,113,1,enum_static,133.143442
1,65536,true,sum_u64,11,113,2,bound_dynamic,133.313788
1,65536,true,sum_u64,11,113,3,bound_static,133.300142
1,65536,true,sum_u64,11,113,4,before,132.773973
1,65536,true,sum_u64,11,113,5,after,132.896389
1,8192,true,mixed_7,0,30,0,enum_static,513.750000
1,8192,true,mixed_7,0,30,1,bound_dynamic,522.944433
1,8192,true,mixed_7,0,30,2,bound_static,564.447233
1,8192,true,mixed_7,0,30,3,before,521.294433
1,8192,true,mixed_7,0,30,4,after,572.030533
1,8192,true,mixed_7,0,30,5,enum_dynamic,567.094467
1,8192,true,mixed_7,1,30,0,bound_dynamic,512.866667
1,8192,true,mixed_7,1,30,1,bound_static,548.122233
1,8192,true,mixed_7,1,30,2,before,510.348600
1,8192,true,mixed_7,1,30,3,after,552.191667
1,8192,true,mixed_7,1,30,4,enum_dynamic,562.793033
1,8192,true,mixed_7,1,30,5,enum_static,520.155567
1,8192,true,mixed_7,2,30,0,bound_static,563.430567
1,8192,true,mixed_7,2,30,1,before,520.655533
1,8192,true,mixed_7,2,30,2,after,565.175000
1,8192,true,mixed_7,2,30,3,enum_dynamic,573.988900
1,8192,true,mixed_7,2,30,4,enum_static,518.872200
1,8192,true,mixed_7,2,30,5,bound_dynamic,521.827800
1,8192,true,mixed_7,3,30,0,before,521.516667
1,8192,true,mixed_7,3,30,1,after,557.411133
1,8192,true,mixed_7,3,30,2,enum_dynamic,574.687500
1,8192,true,mixed_7,3,30,3,enum_static,517.012500
1,8192,true,mixed_7,3,30,4,bound_dynamic,524.640300
1,8192,true,mixed_7,3,30,5,bound_static,565.615267
1,8192,true,mixed_7,4,30,0,after,566.543067
1,8192,true,mixed_7,4,30,1,enum_dynamic,563.934733
1,8192,true,mixed_7,4,30,2,enum_static,520.165300
1,8192,true,mixed_7,4,30,3,bound_dynamic,512.262500
1,8192,true,mixed_7,4,30,4,bound_static,549.422233
1,8192,true,mixed_7,4,30,5,before,512.348600
1,8192,true,mixed_7,5,30,0,enum_dynamic,556.597233
1,8192,true,mixed_7,5,30,1,enum_static,507.601400
1,8192,true,mixed_7,5,30,2,bound_dynamic,512.215267
1,8192,true,mixed_7,5,30,3,bound_static,568.986100
1,8192,true,mixed_7,5,30,4,before,517.631933
1,8192,true,mixed_7,5,30,5,after,551.962500
1,8192,true,mixed_7,6,30,0,enum_static,510.200000
1,8192,true,mixed_7,6,30,1,bound_dynamic,517.394433
1,8192,true,mixed_7,6,30,2,bound_static,551.766667
1,8192,true,mixed_7,6,30,3,before,516.198600
1,8192,true,mixed_7,6,30,4,after,566.375000
1,8192,true,mixed_7,6,30,5,enum_dynamic,569.727767
1,8192,true,mixed_7,7,30,0,bound_dynamic,521.541667
1,8192,true,mixed_7,7,30,1,bound_static,559.359700
1,8192,true,mixed_7,7,30,2,before,521.936100
1,8192,true,mixed_7,7,30,3,after,569.651400
1,8192,true,mixed_7,7,30,4,enum_dynamic,567.570833
1,8192,true,mixed_7,7,30,5,enum_static,517.755567
1,8192,true,mixed_7,8,30,0,bound_static,562.006933
1,8192,true,mixed_7,8,30,1,before,519.934700
1,8192,true,mixed_7,8,30,2,after,561.675000
1,8192,true,mixed_7,8,30,3,enum_dynamic,568.202767
1,8192,true,mixed_7,8,30,4,enum_static,517.288900
1,8192,true,mixed_7,8,30,5,bound_dynamic,523.088867
1,8192,true,mixed_7,9,30,0,before,521.236133
1,8192,true,mixed_7,9,30,1,after,549.600000
1,8192,true,mixed_7,9,30,2,enum_dynamic,556.373600
1,8192,true,mixed_7,9,30,3,enum_static,508.472233
1,8192,true,mixed_7,9,30,4,bound_dynamic,512.890267
1,8192,true,mixed_7,9,30,5,bound_static,550.359733
1,8192,true,mixed_7,10,30,0,after,565.925000
1,8192,true,mixed_7,10,30,1,enum_dynamic,562.887500
1,8192,true,mixed_7,10,30,2,enum_static,515.025000
1,8192,true,mixed_7,10,30,3,bound_dynamic,514.019467
1,8192,true,mixed_7,10,30,4,bound_static,554.351400
1,8192,true,mixed_7,10,30,5,before,523.879167
1,8192,true,mixed_7,11,30,0,enum_dynamic,568.344433
1,8192,true,mixed_7,11,30,1,enum_static,517.048633
1,8192,true,mixed_7,11,30,2,bound_dynamic,521.797233
1,8192,true,mixed_7,11,30,3,bound_static,559.236100
1,8192,true,mixed_7,11,30,4,before,520.968067
1,8192,true,mixed_7,11,30,5,after,564.275000
1,8192,false,sum_i64,0,1037,0,enum_static,14.482200
1,8192,false,sum_i64,0,1037,1,bound_dynamic,14.465927
1,8192,false,sum_i64,0,1037,2,bound_static,14.481878
1,8192,false,sum_i64,0,1037,3,before,14.464159
1,8192,false,sum_i64,0,1037,4,after,14.506750
1,8192,false,sum_i64,0,1037,5,enum_dynamic,14.504018
1,8192,false,sum_i64,1,1037,0,bound_dynamic,14.547292
1,8192,false,sum_i64,1,1037,1,bound_static,14.477097
1,8192,false,sum_i64,1,1037,2,before,14.519286
1,8192,false,sum_i64,1,1037,3,after,14.322645
1,8192,false,sum_i64,1,1037,4,enum_dynamic,14.421689
1,8192,false,sum_i64,1,1037,5,enum_static,14.477780
1,8192,false,sum_i64,2,1037,0,bound_static,14.472717
1,8192,false,sum_i64,2,1037,1,before,14.315574
1,8192,false,sum_i64,2,1037,2,after,14.470629
1,8192,false,sum_i64,2,1037,3,enum_dynamic,14.521697
1,8192,false,sum_i64,2,1037,4,enum_static,14.470186
1,8192,false,sum_i64,2,1037,5,bound_dynamic,14.481959
1,8192,false,sum_i64,3,1037,0,before,14.505987
1,8192,false,sum_i64,3,1037,1,after,14.525033
1,8192,false,sum_i64,3,1037,2,enum_dynamic,14.206324
1,8192,false,sum_i64,3,1037,3,enum_static,14.441499
1,8192,false,sum_i64,3,1037,4,bound_dynamic,14.574292
1,8192,false,sum_i64,3,1037,5,bound_static,14.334499
1,8192,false,sum_i64,4,1037,0,after,14.520451
1,8192,false,sum_i64,4,1037,1,enum_dynamic,14.395170
1,8192,false,sum_i64,4,1037,2,enum_static,14.482040
1,8192,false,sum_i64,4,1037,3,bound_dynamic,14.463356
1,8192,false,sum_i64,4,1037,4,bound_static,14.501005
1,8192,false,sum_i64,4,1037,5,before,14.472316
1,8192,false,sum_i64,5,1037,0,enum_dynamic,14.483607
1,8192,false,sum_i64,5,1037,1,enum_static,14.472797
1,8192,false,sum_i64,5,1037,2,bound_dynamic,14.519728
1,8192,false,sum_i64,5,1037,3,bound_static,14.511531
1,8192,false,sum_i64,5,1037,4,before,14.453994
1,8192,false,sum_i64,5,1037,5,after,14.512175
1,8192,false,sum_i64,6,1037,0,enum_static,14.479267
1,8192,false,sum_i64,6,1037,1,bound_dynamic,14.500603
1,8192,false,sum_i64,6,1037,2,bound_static,14.454516
1,8192,false,sum_i64,6,1037,3,before,14.498554
1,8192,false,sum_i64,6,1037,4,after,14.475973
1,8192,false,sum_i64,6,1037,5,enum_dynamic,14.482803
1,8192,false,sum_i64,7,1037,0,bound_dynamic,14.495942
1,8192,false,sum_i64,7,1037,1,bound_static,14.451261
1,8192,false,sum_i64,7,1037,2,before,14.508679
1,8192,false,sum_i64,7,1037,3,after,14.477901
1,8192,false,sum_i64,7,1037,4,enum_dynamic,14.490277
1,8192,false,sum_i64,7,1037,5,enum_static,14.538091
1,8192,false,sum_i64,8,1037,0,bound_static,14.517478
1,8192,false,sum_i64,8,1037,1,before,14.512134
1,8192,false,sum_i64,8,1037,2,after,14.506549
1,8192,false,sum_i64,8,1037,3,enum_dynamic,14.478223
1,8192,false,sum_i64,8,1037,4,enum_static,14.450618
1,8192,false,sum_i64,8,1037,5,bound_dynamic,14.393524
1,8192,false,sum_i64,9,1037,0,before,14.384442
1,8192,false,sum_i64,9,1037,1,after,14.501647
1,8192,false,sum_i64,9,1037,2,enum_dynamic,14.509161
1,8192,false,sum_i64,9,1037,3,enum_static,14.504259
1,8192,false,sum_i64,9,1037,4,bound_dynamic,14.510286
1,8192,false,sum_i64,9,1037,5,bound_static,14.443748
1,8192,false,sum_i64,10,1037,0,after,14.453993
1,8192,false,sum_i64,10,1037,1,enum_dynamic,14.464481
1,8192,false,sum_i64,10,1037,2,enum_static,14.454998
1,8192,false,sum_i64,10,1037,3,bound_dynamic,14.458816
1,8192,false,sum_i64,10,1037,4,bound_static,14.458012
1,8192,false,sum_i64,10,1037,5,before,14.451221
1,8192,false,sum_i64,11,1037,0,enum_dynamic,14.471512
1,8192,false,sum_i64,11,1037,1,enum_static,14.460744
1,8192,false,sum_i64,11,1037,2,bound_dynamic,14.502411
1,8192,false,sum_i64,11,1037,3,bound_static,14.463677
1,8192,false,sum_i64,11,1037,4,before,14.477500
1,8192,false,sum_i64,11,1037,5,after,14.475169
1,8192,false,sum_u64,0,1040,0,enum_static,14.498117
1,8192,false,sum_u64,0,1040,1,bound_dynamic,14.473197
1,8192,false,sum_u64,0,1040,2,bound_static,14.472876
1,8192,false,sum_u64,0,1040,3,before,14.487419
1,8192,false,sum_u64,0,1040,4,after,14.443269
1,8192,false,sum_u64,0,1040,5,enum_dynamic,14.504046
1,8192,false,sum_u64,1,1040,0,bound_dynamic,14.461979
1,8192,false,sum_u64,1,1040,1,bound_static,14.499961
1,8192,false,sum_u64,1,1040,2,before,14.487661
1,8192,false,sum_u64,1,1040,3,after,14.490104
1,8192,false,sum_u64,1,1040,4,enum_dynamic,14.453164
1,8192,false,sum_u64,1,1040,5,enum_static,14.496354
1,8192,false,sum_u64,2,1040,0,bound_static,14.448718
1,8192,false,sum_u64,2,1040,1,before,14.493069
1,8192,false,sum_u64,2,1040,2,after,14.463742
1,8192,false,sum_u64,2,1040,3,enum_dynamic,14.439303
1,8192,false,sum_u64,2,1040,4,enum_static,14.489543
1,8192,false,sum_u64,2,1040,5,bound_dynamic,14.455088
1,8192,false,sum_u64,3,1040,0,before,14.631490
1,8192,false,sum_u64,3,1040,1,after,14.287179
1,8192,false,sum_u64,3,1040,2,enum_dynamic,14.443188
1,8192,false,sum_u64,3,1040,3,enum_static,14.578125
1,8192,false,sum_u64,3,1040,4,bound_dynamic,14.469431
1,8192,false,sum_u64,3,1040,5,bound_static,14.405449
1,8192,false,sum_u64,4,1040,0,after,14.471475
1,8192,false,sum_u64,4,1040,1,enum_dynamic,14.510817
1,8192,false,sum_u64,4,1040,2,enum_static,14.467989
1,8192,false,sum_u64,4,1040,3,bound_dynamic,14.365625
1,8192,false,sum_u64,4,1040,4,bound_static,14.432252
1,8192,false,sum_u64,4,1040,5,before,14.455729
1,8192,false,sum_u64,5,1040,0,enum_dynamic,14.442108
1,8192,false,sum_u64,5,1040,1,enum_static,14.501762
1,8192,false,sum_u64,5,1040,2,bound_dynamic,14.462380
1,8192,false,sum_u64,5,1040,3,bound_static,14.506731
1,8192,false,sum_u64,5,1040,4,before,14.477084
1,8192,false,sum_u64,5,1040,5,after,14.444752
1,8192,false,sum_u64,6,1040,0,enum_static,14.496274
1,8192,false,sum_u64,6,1040,1,bound_dynamic,14.449038
1,8192,false,sum_u64,6,1040,2,bound_static,14.493990
1,8192,false,sum_u64,6,1040,3,before,14.468830
1,8192,false,sum_u64,6,1040,4,after,14.482051
1,8192,false,sum_u64,6,1040,5,enum_dynamic,14.508293
1,8192,false,sum_u64,7,1040,0,bound_dynamic,14.492548
1,8192,false,sum_u64,7,1040,1,bound_static,14.483093
1,8192,false,sum_u64,7,1040,2,before,14.470512
1,8192,false,sum_u64,7,1040,3,after,14.487901
1,8192,false,sum_u64,7,1040,4,enum_dynamic,14.470874
1,8192,false,sum_u64,7,1040,5,enum_static,14.463983
1,8192,false,sum_u64,8,1040,0,bound_static,14.424639
1,8192,false,sum_u64,8,1040,1,before,14.524439
1,8192,false,sum_u64,8,1040,2,after,14.485216
1,8192,false,sum_u64,8,1040,3,enum_dynamic,14.484456
1,8192,false,sum_u64,8,1040,4,enum_static,14.265625
1,8192,false,sum_u64,8,1040,5,bound_dynamic,14.507733
1,8192,false,sum_u64,9,1040,0,before,14.470592
1,8192,false,sum_u64,9,1040,1,after,14.454728
1,8192,false,sum_u64,9,1040,2,enum_dynamic,14.572797
1,8192,false,sum_u64,9,1040,3,enum_static,14.220753
1,8192,false,sum_u64,9,1040,4,bound_dynamic,14.455449
1,8192,false,sum_u64,9,1040,5,bound_static,14.463582
1,8192,false,sum_u64,10,1040,0,after,14.462660
1,8192,false,sum_u64,10,1040,1,enum_dynamic,14.452524
1,8192,false,sum_u64,10,1040,2,enum_static,14.453846
1,8192,false,sum_u64,10,1040,3,bound_dynamic,14.449480
1,8192,false,sum_u64,10,1040,4,bound_static,14.458774
1,8192,false,sum_u64,10,1040,5,before,14.483734
1,8192,false,sum_u64,11,1040,0,enum_dynamic,14.446355
1,8192,false,sum_u64,11,1040,1,enum_static,14.504127
1,8192,false,sum_u64,11,1040,2,bound_dynamic,14.450640
1,8192,false,sum_u64,11,1040,3,bound_static,14.493389
1,8192,false,sum_u64,11,1040,4,before,14.465585
1,8192,false,sum_u64,11,1040,5,after,14.481170
1,65536,false,max_i64,0,43,0,enum_static,359.197674
1,65536,false,max_i64,0,43,1,bound_dynamic,369.204465
1,65536,false,max_i64,0,43,2,bound_static,355.309116
1,65536,false,max_i64,0,43,3,before,352.412791
1,65536,false,max_i64,0,43,4,after,354.295535
1,65536,false,max_i64,0,43,5,enum_dynamic,358.292628
1,65536,false,max_i64,1,43,0,bound_dynamic,374.524209
1,65536,false,max_i64,1,43,1,bound_static,351.479651
1,65536,false,max_i64,1,43,2,before,354.667628
1,65536,false,max_i64,1,43,3,after,362.466093
1,65536,false,max_i64,1,43,4,enum_dynamic,361.489326
1,65536,false,max_i64,1,43,5,enum_static,362.076535
1,65536,false,max_i64,2,43,0,bound_static,352.752907
1,65536,false,max_i64,2,43,1,before,355.899233
1,65536,false,max_i64,2,43,2,after,358.709302
1,65536,false,max_i64,2,43,3,enum_dynamic,360.659884
1,65536,false,max_i64,2,43,4,enum_static,357.456395
1,65536,false,max_i64,2,43,5,bound_dynamic,378.902140
1,65536,false,max_i64,3,43,0,before,353.512605
1,65536,false,max_i64,3,43,1,after,352.326535
1,65536,false,max_i64,3,43,2,enum_dynamic,352.876930
1,65536,false,max_i64,3,43,3,enum_static,354.140488
1,65536,false,max_i64,3,43,4,bound_dynamic,372.781977
1,65536,false,max_i64,3,43,5,bound_static,360.401163
1,65536,false,max_i64,4,43,0,after,361.548442
1,65536,false,max_i64,4,43,1,enum_dynamic,359.962209
1,65536,false,max_i64,4,43,2,enum_static,372.085279
1,65536,false,max_i64,4,43,3,bound_dynamic,380.649233
1,65536,false,max_i64,4,43,4,bound_static,356.292628
1,65536,false,max_i64,4,43,5,before,359.773256
1,65536,false,max_i64,5,43,0,enum_dynamic,357.950581
1,65536,false,max_i64,5,43,1,enum_static,338.800372
1,65536,false,max_i64,5,43,2,bound_dynamic,379.667628
1,65536,false,max_i64,5,43,3,bound_static,365.236442
1,65536,false,max_i64,5,43,4,before,359.000977
1,65536,false,max_i64,5,43,5,after,356.758721
1,65536,false,max_i64,6,43,0,enum_static,349.675395
1,65536,false,max_i64,6,43,1,bound_dynamic,375.649233
1,65536,false,max_i64,6,43,2,bound_static,355.982558
1,65536,false,max_i64,6,43,3,before,351.482558
1,65536,false,max_i64,6,43,4,after,354.979651
1,65536,false,max_i64,6,43,5,enum_dynamic,351.836233
1,65536,false,max_i64,7,43,0,bound_dynamic,368.431186
1,65536,false,max_i64,7,43,1,bound_static,354.704465
1,65536,false,max_i64,7,43,2,before,351.900209
1,65536,false,max_i64,7,43,3,after,356.276163
1,65536,false,max_i64,7,43,4,enum_dynamic,358.258721
1,65536,false,max_i64,7,43,5,enum_static,342.785837
1,65536,false,max_i64,8,43,0,bound_static,351.029070
1,65536,false,max_i64,8,43,1,before,353.277116
1,65536,false,max_i64,8,43,2,after,354.133721
1,65536,false,max_i64,8,43,3,enum_dynamic,355.160860
1,65536,false,max_i64,8,43,4,enum_static,352.486442
1,65536,false,max_i64,8,43,5,bound_dynamic,370.815907
1,65536,false,max_i64,9,43,0,before,353.742256
1,65536,false,max_i64,9,43,1,after,360.317837
1,65536,false,max_i64,9,43,2,enum_dynamic,352.269395
1,65536,false,max_i64,9,43,3,enum_static,369.404070
1,65536,false,max_i64,9,43,4,bound_dynamic,372.895349
1,65536,false,max_i64,9,43,5,bound_static,353.353698
1,65536,false,max_i64,10,43,0,after,355.799419
1,65536,false,max_i64,10,43,1,enum_dynamic,360.805233
1,65536,false,max_i64,10,43,2,enum_static,343.745140
1,65536,false,max_i64,10,43,3,bound_dynamic,375.663744
1,65536,false,max_i64,10,43,4,bound_static,353.587209
1,65536,false,max_i64,10,43,5,before,351.096907
1,65536,false,max_i64,11,43,0,enum_dynamic,354.759674
1,65536,false,max_i64,11,43,1,enum_static,342.957349
1,65536,false,max_i64,11,43,2,bound_dynamic,377.736419
1,65536,false,max_i64,11,43,3,bound_static,358.988372
1,65536,false,max_i64,11,43,4,before,358.039721
1,65536,false,max_i64,11,43,5,after,355.034884
1,128,true,covar_i64,0,17042,0,enum_static,0.910232
1,128,true,covar_i64,0,17042,1,bound_dynamic,0.915075
1,128,true,covar_i64,0,17042,2,bound_static,0.904899
1,128,true,covar_i64,0,17042,3,before,0.914735
1,128,true,covar_i64,0,17042,4,after,0.898009
1,128,true,covar_i64,0,17042,5,enum_dynamic,0.918980
1,128,true,covar_i64,1,17042,0,bound_dynamic,0.895530
1,128,true,covar_i64,1,17042,1,bound_static,0.904550
1,128,true,covar_i64,1,17042,2,before,0.912760
1,128,true,covar_i64,1,17042,3,after,0.888797
1,128,true,covar_i64,1,17042,4,enum_dynamic,0.906928
1,128,true,covar_i64,1,17042,5,enum_static,0.923028
1,128,true,covar_i64,2,17042,0,bound_static,0.893586
1,128,true,covar_i64,2,17042,1,before,0.909417
1,128,true,covar_i64,2,17042,2,after,0.892344
1,128,true,covar_i64,2,17042,3,enum_dynamic,0.909779
1,128,true,covar_i64,2,17042,4,enum_static,0.928265
1,128,true,covar_i64,2,17042,5,bound_dynamic,0.905557
1,128,true,covar_i64,3,17042,0,before,0.909838
1,128,true,covar_i64,3,17042,1,after,0.895014
1,128,true,covar_i64,3,17042,2,enum_dynamic,0.912236
1,128,true,covar_i64,3,17042,3,enum_static,0.909307
1,128,true,covar_i64,3,17042,4,bound_dynamic,0.893188
1,128,true,covar_i64,3,17042,5,bound_static,0.898136
1,128,true,covar_i64,4,17042,0,after,0.895469
1,128,true,covar_i64,4,17042,1,enum_dynamic,0.919425
1,128,true,covar_i64,4,17042,2,enum_static,0.916713
1,128,true,covar_i64,4,17042,3,bound_dynamic,0.913540
1,128,true,covar_i64,4,17042,4,bound_static,0.909254
1,128,true,covar_i64,4,17042,5,before,0.904784
1,128,true,covar_i64,5,17042,0,enum_dynamic,0.902579
1,128,true,covar_i64,5,17042,1,enum_static,0.907386
1,128,true,covar_i64,5,17042,2,bound_dynamic,0.894361
1,128,true,covar_i64,5,17042,3,bound_static,0.909249
1,128,true,covar_i64,5,17042,4,before,0.922850
1,128,true,covar_i64,5,17042,5,after,0.910892
1,128,true,covar_i64,6,17042,0,enum_static,0.897017
1,128,true,covar_i64,6,17042,1,bound_dynamic,0.890000
1,128,true,covar_i64,6,17042,2,bound_static,0.898975
1,128,true,covar_i64,6,17042,3,before,0.902743
1,128,true,covar_i64,6,17042,4,after,0.889481
1,128,true,covar_i64,6,17042,5,enum_dynamic,0.902650
1,128,true,covar_i64,7,17042,0,bound_dynamic,0.895251
1,128,true,covar_i64,7,17042,1,bound_static,0.913503
1,128,true,covar_i64,7,17042,2,before,0.907034
1,128,true,covar_i64,7,17042,3,after,0.893865
1,128,true,covar_i64,7,17042,4,enum_dynamic,0.903801
1,128,true,covar_i64,7,17042,5,enum_static,0.912777
1,128,true,covar_i64,8,17042,0,bound_static,0.895696
1,128,true,covar_i64,8,17042,1,before,0.908285
1,128,true,covar_i64,8,17042,2,after,0.893239
1,128,true,covar_i64,8,17042,3,enum_dynamic,0.909273
1,128,true,covar_i64,8,17042,4,enum_static,0.921818
1,128,true,covar_i64,8,17042,5,bound_dynamic,0.916371
1,128,true,covar_i64,9,17042,0,before,0.905317
1,128,true,covar_i64,9,17042,1,after,0.900403
1,128,true,covar_i64,9,17042,2,enum_dynamic,0.925525
1,128,true,covar_i64,9,17042,3,enum_static,0.911549
1,128,true,covar_i64,9,17042,4,bound_dynamic,0.898442
1,128,true,covar_i64,9,17042,5,bound_static,0.905850
1,128,true,covar_i64,10,17042,0,after,0.896364
1,128,true,covar_i64,10,17042,1,enum_dynamic,0.908576
1,128,true,covar_i64,10,17042,2,enum_static,0.924036
1,128,true,covar_i64,10,17042,3,bound_dynamic,0.897435
1,128,true,covar_i64,10,17042,4,bound_static,0.891799
1,128,true,covar_i64,10,17042,5,before,0.914547
1,128,true,covar_i64,11,17042,0,enum_dynamic,0.916246
1,128,true,covar_i64,11,17042,1,enum_static,0.920420
1,128,true,covar_i64,11,17042,2,bound_dynamic,0.910865
1,128,true,covar_i64,11,17042,3,bound_static,0.907728
1,128,true,covar_i64,11,17042,4,before,0.923750
1,128,true,covar_i64,11,17042,5,after,0.919420
1,8192,true,avg_i64,0,832,0,enum_static,20.334236
1,8192,true,avg_i64,0,832,1,bound_dynamic,18.040013
1,8192,true,avg_i64,0,832,2,bound_static,18.086989
1,8192,true,avg_i64,0,832,3,before,20.262770
1,8192,true,avg_i64,0,832,4,after,18.093299
1,8192,true,avg_i64,0,832,5,enum_dynamic,20.461538
1,8192,true,avg_i64,1,832,0,bound_dynamic,18.085787
1,8192,true,avg_i64,1,832,1,bound_static,18.032602
1,8192,true,avg_i64,1,832,2,before,20.278195
1,8192,true,avg_i64,1,832,3,after,18.101112
1,8192,true,avg_i64,1,832,4,enum_dynamic,20.283353
1,8192,true,avg_i64,1,832,5,enum_static,20.266226
1,8192,true,avg_i64,2,832,0,bound_static,18.163011
1,8192,true,avg_i64,2,832,1,before,20.243339
1,8192,true,avg_i64,2,832,2,after,17.739934
1,8192,true,avg_i64,2,832,3,enum_dynamic,20.335537
1,8192,true,avg_i64,2,832,4,enum_static,20.298227
1,8192,true,avg_i64,2,832,5,bound_dynamic,18.037460
1,8192,true,avg_i64,3,832,0,before,19.970654
1,8192,true,avg_i64,3,832,1,after,18.154248
1,8192,true,avg_i64,3,832,2,enum_dynamic,20.273988
1,8192,true,avg_i64,3,832,3,enum_static,20.310797
1,8192,true,avg_i64,3,832,4,bound_dynamic,18.087391
1,8192,true,avg_i64,3,832,5,bound_static,18.102263
1,8192,true,avg_i64,4,832,0,after,18.087841
1,8192,true,avg_i64,4,832,1,enum_dynamic,20.287611
1,8192,true,avg_i64,4,832,2,enum_static,20.298828
1,8192,true,avg_i64,4,832,3,bound_dynamic,18.066256
1,8192,true,avg_i64,4,832,4,bound_static,18.037510
1,8192,true,avg_i64,4,832,5,before,20.254708
1,8192,true,avg_i64,5,832,0,enum_dynamic,20.280399
1,8192,true,avg_i64,5,832,1,enum_static,20.291316
1,8192,true,avg_i64,5,832,2,bound_dynamic,18.063251
1,8192,true,avg_i64,5,832,3,bound_static,18.082332
1,8192,true,avg_i64,5,832,4,before,20.280899
1,8192,true,avg_i64,5,832,5,after,18.109174
1,8192,true,avg_i64,6,832,0,enum_static,20.272236
1,8192,true,avg_i64,6,832,1,bound_dynamic,18.066957
1,8192,true,avg_i64,6,832,2,bound_static,18.084185
1,8192,true,avg_i64,6,832,3,before,20.272987
1,8192,true,avg_i64,6,832,4,after,17.994641
1,8192,true,avg_i64,6,832,5,enum_dynamic,20.292969
1,8192,true,avg_i64,7,832,0,bound_dynamic,18.077674
1,8192,true,avg_i64,7,832,1,bound_static,18.073468
1,8192,true,avg_i64,7,832,2,before,20.332132
1,8192,true,avg_i64,7,832,3,after,18.255559
1,8192,true,avg_i64,7,832,4,enum_dynamic,20.010918
1,8192,true,avg_i64,7,832,5,enum_static,20.228016
1,8192,true,avg_i64,8,832,0,bound_static,18.122044
1,8192,true,avg_i64,8,832,1,before,20.264173
1,8192,true,avg_i64,8,832,2,after,18.094001
1,8192,true,avg_i64,8,832,3,enum_dynamic,20.412309
1,8192,true,avg_i64,8,832,4,enum_static,20.489382
1,8192,true,avg_i64,8,832,5,bound_dynamic,18.084936
1,8192,true,avg_i64,9,832,0,before,20.347906
1,8192,true,avg_i64,9,832,1,after,18.102314
1,8192,true,avg_i64,9,832,2,enum_dynamic,20.327924
1,8192,true,avg_i64,9,832,3,enum_static,20.273187
1,8192,true,avg_i64,9,832,4,bound_dynamic,18.101913
1,8192,true,avg_i64,9,832,5,bound_static,18.114032
1,8192,true,avg_i64,10,832,0,after,18.155248
1,8192,true,avg_i64,10,832,1,enum_dynamic,20.384867
1,8192,true,avg_i64,10,832,2,enum_static,20.425430
1,8192,true,avg_i64,10,832,3,bound_dynamic,18.090595
1,8192,true,avg_i64,10,832,4,bound_static,18.078925
1,8192,true,avg_i64,10,832,5,before,20.306892
1,8192,true,avg_i64,11,832,0,enum_dynamic,20.285207
1,8192,true,avg_i64,11,832,1,enum_static,20.095303
1,8192,true,avg_i64,11,832,2,bound_dynamic,18.093450
1,8192,true,avg_i64,11,832,3,bound_static,18.112579
1,8192,true,avg_i64,11,832,4,before,20.258363
1,8192,true,avg_i64,11,832,5,after,18.091196
1,8192,false,min_utf8,0,160,0,enum_static,94.035938
1,8192,false,min_utf8,0,160,1,bound_dynamic,98.511456
1,8192,false,min_utf8,0,160,2,bound_static,92.542444
1,8192,false,min_utf8,0,160,3,before,96.667969
1,8192,false,min_utf8,0,160,4,after,94.402344
1,8192,false,min_utf8,0,160,5,enum_dynamic,97.404169
1,8192,false,min_utf8,1,160,0,bound_dynamic,97.866663
1,8192,false,min_utf8,1,160,1,bound_static,92.395831
1,8192,false,min_utf8,1,160,2,before,95.127606
1,8192,false,min_utf8,1,160,3,after,92.500000
1,8192,false,min_utf8,1,160,4,enum_dynamic,94.763800
1,8192,false,min_utf8,1,160,5,enum_static,92.539844
1,8192,false,min_utf8,2,160,0,bound_static,92.407813
1,8192,false,min_utf8,2,160,1,before,94.672919
1,8192,false,min_utf8,2,160,2,after,92.201044
1,8192,false,min_utf8,2,160,3,enum_dynamic,95.168750
1,8192,false,min_utf8,2,160,4,enum_static,92.365625
1,8192,false,min_utf8,2,160,5,bound_dynamic,97.272394
1,8192,false,min_utf8,3,160,0,before,94.915106
1,8192,false,min_utf8,3,160,1,after,93.520831
1,8192,false,min_utf8,3,160,2,enum_dynamic,95.297919
1,8192,false,min_utf8,3,160,3,enum_static,92.325000
1,8192,false,min_utf8,3,160,4,bound_dynamic,98.560419
1,8192,false,min_utf8,3,160,5,bound_static,94.084637
1,8192,false,min_utf8,4,160,0,after,94.199737
1,8192,false,min_utf8,4,160,1,enum_dynamic,96.763544
1,8192,false,min_utf8,4,160,2,enum_static,94.353906
1,8192,false,min_utf8,4,160,3,bound_dynamic,99.078644
1,8192,false,min_utf8,4,160,4,bound_static,93.876300
1,8192,false,min_utf8,4,160,5,before,94.942969
1,8192,false,min_utf8,5,160,0,enum_dynamic,94.988281
1,8192,false,min_utf8,5,160,1,enum_static,92.393750
1,8192,false,min_utf8,5,160,2,bound_dynamic,97.550256
1,8192,false,min_utf8,5,160,3,bound_static,94.480731
1,8192,false,min_utf8,5,160,4,before,95.109638
1,8192,false,min_utf8,5,160,5,after,92.770313
1,8192,false,min_utf8,6,160,0,enum_static,92.383338
1,8192,false,min_utf8,6,160,1,bound_dynamic,97.326037
1,8192,false,min_utf8,6,160,2,bound_static,92.280731
1,8192,false,min_utf8,6,160,3,before,95.033856
1,8192,false,min_utf8,6,160,4,after,92.203388
1,8192,false,min_utf8,6,160,5,enum_dynamic,95.106512
1,8192,false,min_utf8,7,160,0,bound_dynamic,97.584894
1,8192,false,min_utf8,7,160,1,bound_static,93.455725
1,8192,false,min_utf8,7,160,2,before,95.838800
1,8192,false,min_utf8,7,160,3,after,92.763544
1,8192,false,min_utf8,7,160,4,enum_dynamic,95.110156
1,8192,false,min_utf8,7,160,5,enum_static,93.540625
1,8192,false,min_utf8,8,160,0,bound_static,93.083594
1,8192,false,min_utf8,8,160,1,before,94.898694
1,8192,false,min_utf8,8,160,2,after,92.845313
1,8192,false,min_utf8,8,160,3,enum_dynamic,94.940625
1,8192,false,min_utf8,8,160,4,enum_static,92.629431
1,8192,false,min_utf8,8,160,5,bound_dynamic,98.716150
1,8192,false,min_utf8,9,160,0,before,94.937500
1,8192,false,min_utf8,9,160,1,after,92.370575
1,8192,false,min_utf8,9,160,2,enum_dynamic,94.875000
1,8192,false,min_utf8,9,160,3,enum_static,92.431769
1,8192,false,min_utf8,9,160,4,bound_dynamic,97.755988
1,8192,false,min_utf8,9,160,5,bound_static,92.265887
1,8192,false,min_utf8,10,160,0,after,92.256250
1,8192,false,min_utf8,10,160,1,enum_dynamic,94.863800
1,8192,false,min_utf8,10,160,2,enum_static,92.481250
1,8192,false,min_utf8,10,160,3,bound_dynamic,97.368231
1,8192,false,min_utf8,10,160,4,bound_static,92.503125
1,8192,false,min_utf8,10,160,5,before,94.846612
1,8192,false,min_utf8,11,160,0,enum_dynamic,94.550519
1,8192,false,min_utf8,11,160,1,enum_static,93.767188
1,8192,false,min_utf8,11,160,2,bound_dynamic,99.859375
1,8192,false,min_utf8,11,160,3,bound_static,92.569012
1,8192,false,min_utf8,11,160,4,before,94.820831
1,8192,false,min_utf8,11,160,5,after,92.477869
1,8192,true,sum_f64,0,1677,0,enum_static,9.210644
1,8192,true,sum_f64,0,1677,1,bound_dynamic,9.158020
1,8192,true,sum_f64,0,1677,2,bound_static,9.062463
1,8192,true,sum_f64,0,1677,3,before,9.139262
1,8192,true,sum_f64,0,1677,4,after,9.242323
1,8192,true,sum_f64,0,1677,5,enum_dynamic,8.946680
1,8192,true,sum_f64,1,1677,0,bound_dynamic,9.104080
1,8192,true,sum_f64,1,1677,1,bound_static,8.952867
1,8192,true,sum_f64,1,1677,2,before,9.091085
1,8192,true,sum_f64,1,1677,3,after,9.269778
1,8192,true,sum_f64,1,1677,4,enum_dynamic,9.116230
1,8192,true,sum_f64,1,1677,5,enum_static,9.107583
1,8192,true,sum_f64,2,1677,0,bound_static,9.135808
1,8192,true,sum_f64,2,1677,1,before,9.127286
1,8192,true,sum_f64,2,1677,2,after,9.260063
1,8192,true,sum_f64,2,1677,3,enum_dynamic,9.111831
1,8192,true,sum_f64,2,1677,4,enum_static,9.114739
1,8192,true,sum_f64,2,1677,5,bound_dynamic,9.274622
1,8192,true,sum_f64,3,1677,0,before,9.123087
1,8192,true,sum_f64,3,1677,1,after,9.306798
1,8192,true,sum_f64,3,1677,2,enum_dynamic,9.106664
1,8192,true,sum_f64,3,1677,3,enum_static,9.100204
1,8192,true,sum_f64,3,1677,4,bound_dynamic,9.248261
1,8192,true,sum_f64,3,1677,5,bound_static,9.134044
1,8192,true,sum_f64,4,1677,0,after,9.260038
1,8192,true,sum_f64,4,1677,1,enum_dynamic,9.112478
1,8192,true,sum_f64,4,1677,2,enum_static,9.103036
1,8192,true,sum_f64,4,1677,3,bound_dynamic,9.250398
1,8192,true,sum_f64,4,1677,4,bound_static,9.141026
1,8192,true,sum_f64,4,1677,5,before,9.114639
1,8192,true,sum_f64,5,1677,0,enum_dynamic,9.101893
1,8192,true,sum_f64,5,1677,1,enum_static,9.109521
1,8192,true,sum_f64,5,1677,2,bound_dynamic,9.122913
1,8192,true,sum_f64,5,1677,3,bound_static,9.157374
1,8192,true,sum_f64,5,1677,4,before,9.306524
1,8192,true,sum_f64,5,1677,5,after,9.407548
1,8192,true,sum_f64,6,1677,0,enum_static,9.130914
1,8192,true,sum_f64,6,1677,1,bound_dynamic,9.197749
1,8192,true,sum_f64,6,1677,2,bound_static,9.176332
1,8192,true,sum_f64,6,1677,3,before,8.980123
1,8192,true,sum_f64,6,1677,4,after,9.287840
1,8192,true,sum_f64,6,1677,5,enum_dynamic,9.136578
1,8192,true,sum_f64,7,1677,0,bound_dynamic,9.272088
1,8192,true,sum_f64,7,1677,1,bound_static,9.159262
1,8192,true,sum_f64,7,1677,2,before,9.151983
1,8192,true,sum_f64,7,1677,3,after,9.278597
1,8192,true,sum_f64,7,1677,4,enum_dynamic,9.125100
1,8192,true,sum_f64,7,1677,5,enum_static,9.134442
1,8192,true,sum_f64,8,1677,0,bound_static,9.159635
1,8192,true,sum_f64,8,1677,1,before,9.166418
1,8192,true,sum_f64,8,1677,2,after,9.268287
1,8192,true,sum_f64,8,1677,3,enum_dynamic,9.039381
1,8192,true,sum_f64,8,1677,4,enum_static,8.938332
1,8192,true,sum_f64,8,1677,5,bound_dynamic,9.100054
1,8192,true,sum_f64,9,1677,0,before,8.948370
1,8192,true,sum_f64,9,1677,1,after,9.275865
1,8192,true,sum_f64,9,1677,2,enum_dynamic,9.194594
1,8192,true,sum_f64,9,1677,3,enum_static,9.139063
1,8192,true,sum_f64,9,1677,4,bound_dynamic,9.260162
1,8192,true,sum_f64,9,1677,5,bound_static,9.149448
1,8192,true,sum_f64,10,1677,0,after,9.160082
1,8192,true,sum_f64,10,1677,1,enum_dynamic,8.962582
1,8192,true,sum_f64,10,1677,2,enum_static,9.067829
1,8192,true,sum_f64,10,1677,3,bound_dynamic,9.286250
1,8192,true,sum_f64,10,1677,4,bound_static,9.193823
1,8192,true,sum_f64,10,1677,5,before,8.990310
1,8192,true,sum_f64,11,1677,0,enum_dynamic,9.037393
1,8192,true,sum_f64,11,1677,1,enum_static,8.979751
1,8192,true,sum_f64,11,1677,2,bound_dynamic,9.204259
1,8192,true,sum_f64,11,1677,3,bound_static,9.152679
1,8192,true,sum_f64,11,1677,4,before,9.137796
1,8192,true,sum_f64,11,1677,5,after,9.246547
1,65536,false,sum_f64,0,289,0,enum_static,51.992502
1,65536,false,sum_f64,0,289,1,bound_dynamic,51.978952
1,65536,false,sum_f64,0,289,2,bound_static,51.997550
1,65536,false,sum_f64,0,289,3,before,52.015713
1,65536,false,sum_f64,0,289,4,after,52.000000
1,65536,false,sum_f64,0,289,5,enum_dynamic,51.982554
1,65536,false,sum_f64,1,289,0,bound_dynamic,52.188581
1,65536,false,sum_f64,1,289,1,bound_static,52.067474
1,65536,false,sum_f64,1,289,2,before,52.158592
1,65536,false,sum_f64,1,289,3,after,51.997405
1,65536,false,sum_f64,1,289,4,enum_dynamic,51.157872
1,65536,false,sum_f64,1,289,5,enum_static,52.178343
1,65536,false,sum_f64,2,289,0,bound_static,52.013554
1,65536,false,sum_f64,2,289,1,before,52.043976
1,65536,false,sum_f64,2,289,2,after,52.082754
1,65536,false,sum_f64,2,289,3,enum_dynamic,52.219291
1,65536,false,sum_f64,2,289,4,enum_static,52.153256
1,65536,false,sum_f64,2,289,5,bound_dynamic,52.275232
1,65536,false,sum_f64,3,289,0,before,52.182526
1,65536,false,sum_f64,3,289,1,after,52.079585
1,65536,false,sum_f64,3,289,2,enum_dynamic,52.317907
1,65536,false,sum_f64,3,289,3,enum_static,52.041235
1,65536,false,sum_f64,3,289,4,bound_dynamic,52.218713
1,65536,false,sum_f64,3,289,5,bound_static,52.066754
1,65536,false,sum_f64,4,289,0,after,52.246394
1,65536,false,sum_f64,4,289,1,enum_dynamic,52.112170
1,65536,false,sum_f64,4,289,2,enum_static,52.238467
1,65536,false,sum_f64,4,289,3,bound_dynamic,52.566176
1,65536,false,sum_f64,4,289,4,bound_static,51.877740
1,65536,false,sum_f64,4,289,5,before,51.901962
1,65536,false,sum_f64,5,289,0,enum_dynamic,52.153401
1,65536,false,sum_f64,5,289,1,enum_static,52.272349
1,65536,false,sum_f64,5,289,2,bound_dynamic,52.143166
1,65536,false,sum_f64,5,289,3,bound_static,52.272924
1,65536,false,sum_f64,5,289,4,before,52.053201
1,65536,false,sum_f64,5,289,5,after,52.387689
1,65536,false,sum_f64,6,289,0,enum_static,52.105536
1,65536,false,sum_f64,6,289,1,bound_dynamic,52.219723
1,65536,false,sum_f64,6,289,2,bound_static,52.369952
1,65536,false,sum_f64,6,289,3,before,52.186419
1,65536,false,sum_f64,6,289,4,after,52.144176
1,65536,false,sum_f64,6,289,5,enum_dynamic,52.129180
1,65536,false,sum_f64,7,289,0,bound_dynamic,52.161619
1,65536,false,sum_f64,7,289,1,bound_static,52.130913
1,65536,false,sum_f64,7,289,2,before,52.122263
1,65536,false,sum_f64,7,289,3,after,52.160035
1,65536,false,sum_f64,7,289,4,enum_dynamic,52.145471
1,65536,false,sum_f64,7,289,5,enum_static,52.191896
1,65536,false,sum_f64,8,289,0,bound_static,52.217848
1,65536,false,sum_f64,8,289,1,before,52.310554
1,65536,false,sum_f64,8,289,2,after,52.124135
1,65536,false,sum_f64,8,289,3,enum_dynamic,52.108851
1,65536,false,sum_f64,8,289,4,enum_static,52.186997
1,65536,false,sum_f64,8,289,5,bound_dynamic,51.422145
1,65536,false,sum_f64,9,289,0,before,52.081024
1,65536,false,sum_f64,9,289,1,after,52.111450
1,65536,false,sum_f64,9,289,2,enum_dynamic,52.097464
1,65536,false,sum_f64,9,289,3,enum_static,51.913495
1,65536,false,sum_f64,9,289,4,bound_dynamic,51.533882
1,65536,false,sum_f64,9,289,5,bound_static,52.301616
1,65536,false,sum_f64,10,289,0,after,52.087516
1,65536,false,sum_f64,10,289,1,enum_dynamic,52.221166
1,65536,false,sum_f64,10,289,2,enum_static,52.638408
1,65536,false,sum_f64,10,289,3,bound_dynamic,51.723903
1,65536,false,sum_f64,10,289,4,bound_static,51.982699
1,65536,false,sum_f64,10,289,5,before,52.010668
1,65536,false,sum_f64,11,289,0,enum_dynamic,52.062429
1,65536,false,sum_f64,11,289,1,enum_static,52.103374
1,65536,false,sum_f64,11,289,2,bound_dynamic,52.043540
1,65536,false,sum_f64,11,289,3,bound_static,52.058536
1,65536,false,sum_f64,11,289,4,before,52.069204
1,65536,false,sum_f64,11,289,5,after,52.038785
1,65536,true,max_i64,0,41,0,enum_static,371.119902
1,65536,true,max_i64,0,41,1,bound_dynamic,388.857732
1,65536,true,max_i64,0,41,2,bound_static,370.326220
1,65536,true,max_i64,0,41,3,before,372.459341
1,65536,true,max_i64,0,41,4,after,370.375000
1,65536,true,max_i64,0,41,5,enum_dynamic,372.286585
1,65536,true,max_i64,1,41,0,bound_dynamic,387.766244
1,65536,true,max_i64,1,41,1,bound_static,370.275415
1,65536,true,max_i64,1,41,2,before,370.920732
1,65536,true,max_i64,1,41,3,after,370.890244
1,65536,true,max_i64,1,41,4,enum_dynamic,371.801829
1,65536,true,max_i64,1,41,5,enum_static,370.898366
1,65536,true,max_i64,2,41,0,bound_static,370.579268
1,65536,true,max_i64,2,41,1,before,372.471537
1,65536,true,max_i64,2,41,2,after,376.637195
1,65536,true,max_i64,2,41,3,enum_dynamic,368.765244
1,65536,true,max_i64,2,41,4,enum_static,366.026439
1,65536,true,max_i64,2,41,5,bound_dynamic,387.111805
1,65536,true,max_i64,3,41,0,before,366.736805
1,65536,true,max_i64,3,41,1,after,368.919707
1,65536,true,max_i64,3,41,2,enum_dynamic,371.694098
1,65536,true,max_i64,3,41,3,enum_static,372.180878
1,65536,true,max_i64,3,41,4,bound_dynamic,385.435976
1,65536,true,max_i64,3,41,5,bound_static,364.992878
1,65536,true,max_i64,4,41,0,after,367.304878
1,65536,true,max_i64,4,41,1,enum_dynamic,371.422756
1,65536,true,max_i64,4,41,2,enum_static,372.029463
1,65536,true,max_i64,4,41,3,bound_dynamic,381.934951
1,65536,true,max_i64,4,41,4,bound_static,364.276439
1,65536,true,max_i64,4,41,5,before,371.238829
1,65536,true,max_i64,5,41,0,enum_dynamic,372.096537
1,65536,true,max_i64,5,41,1,enum_static,370.532537
1,65536,true,max_i64,5,41,2,bound_dynamic,387.667683
1,65536,true,max_i64,5,41,3,bound_static,369.602634
1,65536,true,max_i64,5,41,4,before,371.119927
1,65536,true,max_i64,5,41,5,after,369.797756
1,65536,true,max_i64,6,41,0,enum_static,363.311976
1,65536,true,max_i64,6,41,1,bound_dynamic,380.692073
1,65536,true,max_i64,6,41,2,bound_static,368.819122
1,65536,true,max_i64,6,41,3,before,364.154463
1,65536,true,max_i64,6,41,4,after,368.976634
1,65536,true,max_i64,6,41,5,enum_dynamic,370.878049
1,65536,true,max_i64,7,41,0,bound_dynamic,387.108756
1,65536,true,max_i64,7,41,1,bound_static,365.497976
1,65536,true,max_i64,7,41,2,before,364.395317
1,65536,true,max_i64,7,41,3,after,370.173780
1,65536,true,max_i64,7,41,4,enum_dynamic,368.369927
1,65536,true,max_i64,7,41,5,enum_static,371.839439
1,65536,true,max_i64,8,41,0,bound_static,369.681902
1,65536,true,max_i64,8,41,1,before,372.071146
1,65536,true,max_i64,8,41,2,after,371.143293
1,65536,true,max_i64,8,41,3,enum_dynamic,370.020317
1,65536,true,max_i64,8,41,4,enum_static,373.291683
1,65536,true,max_i64,8,41,5,bound_dynamic,382.554878
1,65536,true,max_i64,9,41,0,before,364.413634
1,65536,true,max_i64,9,41,1,after,370.427854
1,65536,true,max_i64,9,41,2,enum_dynamic,370.222561
1,65536,true,max_i64,9,41,3,enum_static,374.920732
1,65536,true,max_i64,9,41,4,bound_dynamic,388.165659
1,65536,true,max_i64,9,41,5,bound_static,369.940049
1,65536,true,max_i64,10,41,0,after,372.010146
1,65536,true,max_i64,10,41,1,enum_dynamic,370.362805
1,65536,true,max_i64,10,41,2,enum_static,371.565049
1,65536,true,max_i64,10,41,3,bound_dynamic,387.764220
1,65536,true,max_i64,10,41,4,bound_static,369.493902
1,65536,true,max_i64,10,41,5,before,367.441049
1,65536,true,max_i64,11,41,0,enum_dynamic,367.559951
1,65536,true,max_i64,11,41,1,enum_static,372.338415
1,65536,true,max_i64,11,41,2,bound_dynamic,387.418707
1,65536,true,max_i64,11,41,3,bound_static,370.263195
1,65536,true,max_i64,11,41,4,before,371.464439
1,65536,true,max_i64,11,41,5,after,373.819098
1,128,false,sum_f64,0,50000,0,enum_static,0.221367
1,128,false,sum_f64,0,50000,1,bound_dynamic,0.218251
1,128,false,sum_f64,0,50000,2,bound_static,0.217862
1,128,false,sum_f64,0,50000,3,before,0.219824
1,128,false,sum_f64,0,50000,4,after,0.215440
1,128,false,sum_f64,0,50000,5,enum_dynamic,0.228047
1,128,false,sum_f64,1,50000,0,bound_dynamic,0.216175
1,128,false,sum_f64,1,50000,1,bound_static,0.217013
1,128,false,sum_f64,1,50000,2,before,0.219573
1,128,false,sum_f64,1,50000,3,after,0.218398
1,128,false,sum_f64,1,50000,4,enum_dynamic,0.226727
1,128,false,sum_f64,1,50000,5,enum_static,0.220870
1,128,false,sum_f64,2,50000,0,bound_static,0.216053
1,128,false,sum_f64,2,50000,1,before,0.219627
1,128,false,sum_f64,2,50000,2,after,0.215679
1,128,false,sum_f64,2,50000,3,enum_dynamic,0.225551
1,128,false,sum_f64,2,50000,4,enum_static,0.220997
1,128,false,sum_f64,2,50000,5,bound_dynamic,0.218355
1,128,false,sum_f64,3,50000,0,before,0.219764
1,128,false,sum_f64,3,50000,1,after,0.216567
1,128,false,sum_f64,3,50000,2,enum_dynamic,0.227233
1,128,false,sum_f64,3,50000,3,enum_static,0.222853
1,128,false,sum_f64,3,50000,4,bound_dynamic,0.218017
1,128,false,sum_f64,3,50000,5,bound_static,0.218100
1,128,false,sum_f64,4,50000,0,after,0.216562
1,128,false,sum_f64,4,50000,1,enum_dynamic,0.226546
1,128,false,sum_f64,4,50000,2,enum_static,0.221635
1,128,false,sum_f64,4,50000,3,bound_dynamic,0.218037
1,128,false,sum_f64,4,50000,4,bound_static,0.217507
1,128,false,sum_f64,4,50000,5,before,0.220386
1,128,false,sum_f64,5,50000,0,enum_dynamic,0.226806
1,128,false,sum_f64,5,50000,1,enum_static,0.220097
1,128,false,sum_f64,5,50000,2,bound_dynamic,0.218545
1,128,false,sum_f64,5,50000,3,bound_static,0.218515
1,128,false,sum_f64,5,50000,4,before,0.219523
1,128,false,sum_f64,5,50000,5,after,0.213979
1,128,false,sum_f64,6,50000,0,enum_static,0.220892
1,128,false,sum_f64,6,50000,1,bound_dynamic,0.217753
1,128,false,sum_f64,6,50000,2,bound_static,0.218103
1,128,false,sum_f64,6,50000,3,before,0.220608
1,128,false,sum_f64,6,50000,4,after,0.216549
1,128,false,sum_f64,6,50000,5,enum_dynamic,0.225766
1,128,false,sum_f64,7,50000,0,bound_dynamic,0.218347
1,128,false,sum_f64,7,50000,1,bound_static,0.216823
1,128,false,sum_f64,7,50000,2,before,0.221997
1,128,false,sum_f64,7,50000,3,after,0.217196
1,128,false,sum_f64,7,50000,4,enum_dynamic,0.228925
1,128,false,sum_f64,7,50000,5,enum_static,0.228122
1,128,false,sum_f64,8,50000,0,bound_static,0.227564
1,128,false,sum_f64,8,50000,1,before,0.224778
1,128,false,sum_f64,8,50000,2,after,0.219573
1,128,false,sum_f64,8,50000,3,enum_dynamic,0.238255
1,128,false,sum_f64,8,50000,4,enum_static,0.226793
1,128,false,sum_f64,8,50000,5,bound_dynamic,0.228448
1,128,false,sum_f64,9,50000,0,before,0.215799
1,128,false,sum_f64,9,50000,1,after,0.220197
1,128,false,sum_f64,9,50000,2,enum_dynamic,0.236912
1,128,false,sum_f64,9,50000,3,enum_static,0.231427
1,128,false,sum_f64,9,50000,4,bound_dynamic,0.232007
1,128,false,sum_f64,9,50000,5,bound_static,0.228475
1,128,false,sum_f64,10,50000,0,after,0.225323
1,128,false,sum_f64,10,50000,1,enum_dynamic,0.227343
1,128,false,sum_f64,10,50000,2,enum_static,0.220614
1,128,false,sum_f64,10,50000,3,bound_dynamic,0.217880
1,128,false,sum_f64,10,50000,4,bound_static,0.217684
1,128,false,sum_f64,10,50000,5,before,0.219108
1,128,false,sum_f64,11,50000,0,enum_dynamic,0.227902
1,128,false,sum_f64,11,50000,1,enum_static,0.220507
1,128,false,sum_f64,11,50000,2,bound_dynamic,0.215844
1,128,false,sum_f64,11,50000,3,bound_static,0.219259
1,128,false,sum_f64,11,50000,4,before,0.216784
1,128,false,sum_f64,11,50000,5,after,0.214675
1,65536,false,count_star,0,483,0,enum_static,31.674087
1,65536,false,count_star,0,483,1,bound_dynamic,31.152346
1,65536,false,count_star,0,483,2,bound_static,31.097567
1,65536,false,count_star,0,483,3,before,31.539855
1,65536,false,count_star,0,483,4,after,31.121636
1,65536,false,count_star,0,483,5,enum_dynamic,31.350501
1,65536,false,count_star,1,483,0,bound_dynamic,30.515615
1,65536,false,count_star,1,483,1,bound_static,30.875689
1,65536,false,count_star,1,483,2,before,31.586180
1,65536,false,count_star,1,483,3,after,31.089286
1,65536,false,count_star,1,483,4,enum_dynamic,31.042617
1,65536,false,count_star,1,483,5,enum_static,31.454969
1,65536,false,count_star,2,483,0,bound_static,31.103433
1,65536,false,count_star,2,483,1,before,31.819099
1,65536,false,count_star,2,483,2,after,31.150104
1,65536,false,count_star,2,483,3,enum_dynamic,31.618012
1,65536,false,count_star,2,483,4,enum_static,31.716874
1,65536,false,count_star,2,483,5,bound_dynamic,31.144841
1,65536,false,count_star,3,483,0,before,31.606538
1,65536,false,count_star,3,483,1,after,31.157350
1,65536,false,count_star,3,483,2,enum_dynamic,31.521480
1,65536,false,count_star,3,483,3,enum_static,31.175725
1,65536,false,count_star,3,483,4,bound_dynamic,31.237923
1,65536,false,count_star,3,483,5,bound_static,31.147774
1,65536,false,count_star,4,483,0,after,30.844375
1,65536,false,count_star,4,483,1,enum_dynamic,31.166064
1,65536,false,count_star,4,483,2,enum_static,31.535627
1,65536,false,count_star,4,483,3,bound_dynamic,31.179865
1,65536,false,count_star,4,483,4,bound_static,31.108265
1,65536,false,count_star,4,483,5,before,31.579193
1,65536,false,count_star,5,483,0,enum_dynamic,31.662095
1,65536,false,count_star,5,483,1,enum_static,31.861197
1,65536,false,count_star,5,483,2,bound_dynamic,31.277261
1,65536,false,count_star,5,483,3,bound_static,31.166062
1,65536,false,count_star,5,483,4,before,31.675896
1,65536,false,count_star,5,483,5,after,31.159592
1,65536,false,count_star,6,483,0,enum_static,31.585319
1,65536,false,count_star,6,483,1,bound_dynamic,31.084799
1,65536,false,count_star,6,483,2,bound_static,31.111025
1,65536,false,count_star,6,483,3,before,31.702037
1,65536,false,count_star,6,483,4,after,31.165975
1,65536,false,count_star,6,483,5,enum_dynamic,31.721532
1,65536,false,count_star,7,483,0,bound_dynamic,31.074101
1,65536,false,count_star,7,483,1,bound_static,31.162180
1,65536,false,count_star,7,483,2,before,31.563147
1,65536,false,count_star,7,483,3,after,31.093513
1,65536,false,count_star,7,483,4,enum_dynamic,31.237836
1,65536,false,count_star,7,483,5,enum_static,31.600155
1,65536,false,count_star,8,483,0,bound_static,31.345584
1,65536,false,count_star,8,483,1,before,31.572981
1,65536,false,count_star,8,483,2,after,30.587128
1,65536,false,count_star,8,483,3,enum_dynamic,31.551070
1,65536,false,count_star,8,483,4,enum_static,31.653640
1,65536,false,count_star,8,483,5,bound_dynamic,31.142340
1,65536,false,count_star,9,483,0,before,31.514665
1,65536,false,count_star,9,483,1,after,31.105590
1,65536,false,count_star,9,483,2,enum_dynamic,31.529070
1,65536,false,count_star,9,483,3,enum_static,31.616977
1,65536,false,count_star,9,483,4,bound_dynamic,31.138114
1,65536,false,count_star,9,483,5,bound_static,31.100068
1,65536,false,count_star,10,483,0,after,31.177882
1,65536,false,count_star,10,483,1,enum_dynamic,31.493012
1,65536,false,count_star,10,483,2,enum_static,31.660799
1,65536,false,count_star,10,483,3,bound_dynamic,31.089114
1,65536,false,count_star,10,483,4,bound_static,30.876899
1,65536,false,count_star,10,483,5,before,31.261992
1,65536,false,count_star,11,483,0,enum_dynamic,31.910023
1,65536,false,count_star,11,483,1,enum_static,31.661232
1,65536,false,count_star,11,483,2,bound_dynamic,31.030797
1,65536,false,count_star,11,483,3,bound_static,30.617062
1,65536,false,count_star,11,483,4,before,31.603607
1,65536,false,count_star,11,483,5,after,31.228950
1,8192,false,count_star,0,3856,0,enum_static,3.897562
1,8192,false,count_star,0,3856,1,bound_dynamic,3.909038
1,8192,false,count_star,0,3856,2,bound_static,3.896903
1,8192,false,count_star,0,3856,3,before,3.904391
1,8192,false,count_star,0,3856,4,after,3.898621
1,8192,false,count_star,0,3856,5,enum_dynamic,3.906715
1,8192,false,count_star,1,3856,0,bound_dynamic,3.893921
1,8192,false,count_star,1,3856,1,bound_static,3.894818
1,8192,false,count_star,1,3856,2,before,3.902641
1,8192,false,count_star,1,3856,3,after,3.912658
1,8192,false,count_star,1,3856,4,enum_dynamic,3.909405
1,8192,false,count_star,1,3856,5,enum_static,3.896103
1,8192,false,count_star,2,3856,0,bound_static,3.898978
1,8192,false,count_star,2,3856,1,before,3.903646
1,8192,false,count_star,2,3856,2,after,3.897476
1,8192,false,count_star,2,3856,3,enum_dynamic,3.884444
1,8192,false,count_star,2,3856,4,enum_static,3.861579
1,8192,false,count_star,2,3856,5,bound_dynamic,3.837202
1,8192,false,count_star,3,3856,0,before,3.859278
1,8192,false,count_star,3,3856,1,after,3.895239
1,8192,false,count_star,3,3856,2,enum_dynamic,3.893953
1,8192,false,count_star,3,3856,3,enum_static,3.907439
1,8192,false,count_star,3,3856,4,bound_dynamic,3.897476
1,8192,false,count_star,3,3856,5,bound_static,3.903408
1,8192,false,count_star,4,3856,0,after,3.892872
1,8192,false,count_star,4,3856,1,enum_dynamic,3.919541
1,8192,false,count_star,4,3856,2,enum_static,3.899453
1,8192,false,count_star,4,3856,3,bound_dynamic,3.907169
1,8192,false,count_star,4,3856,4,bound_static,3.895109
1,8192,false,count_star,4,3856,5,before,3.893726
1,8192,false,count_star,5,3856,0,enum_dynamic,3.906574
1,8192,false,count_star,5,3856,1,enum_static,3.940126
1,8192,false,count_star,5,3856,2,bound_dynamic,3.893099
1,8192,false,count_star,5,3856,3,bound_static,3.894947
1,8192,false,count_star,5,3856,4,before,3.910961
1,8192,false,count_star,5,3856,5,after,3.892311
1,8192,false,count_star,6,3856,0,enum_static,3.895336
1,8192,false,count_star,6,3856,1,bound_dynamic,3.896838
1,8192,false,count_star,6,3856,2,bound_static,3.897508
1,8192,false,count_star,6,3856,3,before,3.879787
1,8192,false,count_star,6,3856,4,after,3.826364
1,8192,false,count_star,6,3856,5,enum_dynamic,3.892667
1,8192,false,count_star,7,3856,0,bound_dynamic,3.931568
1,8192,false,count_star,7,3856,1,bound_static,3.850665
1,8192,false,count_star,7,3856,2,before,3.838336
1,8192,false,count_star,7,3856,3,after,3.832566
1,8192,false,count_star,7,3856,4,enum_dynamic,3.854891
1,8192,false,count_star,7,3856,5,enum_static,3.902111
1,8192,false,count_star,8,3856,0,bound_static,3.906185
1,8192,false,count_star,8,3856,1,before,3.896060
1,8192,false,count_star,8,3856,2,after,3.890279
1,8192,false,count_star,8,3856,3,enum_dynamic,3.894537
1,8192,false,count_star,8,3856,4,enum_static,3.897606
1,8192,false,count_star,8,3856,5,bound_dynamic,3.893986
1,8192,false,count_star,9,3856,0,before,3.895272
1,8192,false,count_star,9,3856,1,after,3.891457
1,8192,false,count_star,9,3856,2,enum_dynamic,3.894796
1,8192,false,count_star,9,3856,3,enum_static,3.912117
1,8192,false,count_star,9,3856,4,bound_dynamic,3.893597
1,8192,false,count_star,9,3856,5,bound_static,3.898113
1,8192,false,count_star,10,3856,0,after,3.892808
1,8192,false,count_star,10,3856,1,enum_dynamic,3.911761
1,8192,false,count_star,10,3856,2,enum_static,3.934237
1,8192,false,count_star,10,3856,3,bound_dynamic,3.895272
1,8192,false,count_star,10,3856,4,bound_static,3.895369
1,8192,false,count_star,10,3856,5,before,3.904067
1,8192,false,count_star,11,3856,0,enum_dynamic,3.908465
1,8192,false,count_star,11,3856,1,enum_static,3.903527
1,8192,false,count_star,11,3856,2,bound_dynamic,3.905353
1,8192,false,count_star,11,3856,3,bound_static,3.898427
1,8192,false,count_star,11,3856,4,before,3.922351
1,8192,false,count_star,11,3856,5,after,3.841762
1,65536,false,avg_i64,0,140,0,enum_static,126.455057
1,65536,false,avg_i64,0,140,1,bound_dynamic,108.291071
1,65536,false,avg_i64,0,140,2,bound_static,108.076786
1,65536,false,avg_i64,0,140,3,before,126.620536
1,65536,false,avg_i64,0,140,4,after,108.454464
1,65536,false,avg_i64,0,140,5,enum_dynamic,124.976786
1,65536,false,avg_i64,1,140,0,bound_dynamic,104.542264
1,65536,false,avg_i64,1,140,1,bound_static,104.972321
1,65536,false,avg_i64,1,140,2,before,123.012793
1,65536,false,avg_i64,1,140,3,after,104.702086
1,65536,false,avg_i64,1,140,4,enum_dynamic,122.969350
1,65536,false,avg_i64,1,140,5,enum_static,123.208336
1,65536,false,avg_i64,2,140,0,bound_static,104.657143
1,65536,false,avg_i64,2,140,1,before,122.880057
1,65536,false,avg_i64,2,140,2,after,104.506843
1,65536,false,avg_i64,2,140,3,enum_dynamic,122.594943
1,65536,false,avg_i64,2,140,4,enum_static,123.113686
1,65536,false,avg_i64,2,140,5,bound_dynamic,103.280950
1,65536,false,avg_i64,3,140,0,before,123.307143
1,65536,false,avg_i64,3,140,1,after,104.533336
1,65536,false,avg_i64,3,140,2,enum_dynamic,123.345536
1,65536,false,avg_i64,3,140,3,enum_static,123.046721
1,65536,false,avg_i64,3,140,4,bound_dynamic,104.819050
1,65536,false,avg_i64,3,140,5,bound_static,104.594643
1,65536,false,avg_i64,4,140,0,after,104.756250
1,65536,false,avg_i64,4,140,1,enum_dynamic,123.949700
1,65536,false,avg_i64,4,140,2,enum_static,123.161607
1,65536,false,avg_i64,4,140,3,bound_dynamic,104.640479
1,65536,false,avg_i64,4,140,4,bound_static,104.586607
1,65536,false,avg_i64,4,140,5,before,123.572614
1,65536,false,avg_i64,5,140,0,enum_dynamic,123.063693
1,65536,false,avg_i64,5,140,1,enum_static,122.854464
1,65536,false,avg_i64,5,140,2,bound_dynamic,104.254171
1,65536,false,avg_i64,5,140,3,bound_static,104.201486
1,65536,false,avg_i64,5,140,4,before,122.949707
1,65536,false,avg_i64,5,140,5,after,104.750593
1,65536,false,avg_i64,6,140,0,enum_static,123.181850
1,65536,false,avg_i64,6,140,1,bound_dynamic,104.657743
1,65536,false,avg_i64,6,140,2,bound_static,104.546129
1,65536,false,avg_i64,6,140,3,before,122.488693
1,65536,false,avg_i64,6,140,4,after,104.392857
1,65536,false,avg_i64,6,140,5,enum_dynamic,122.669343
1,65536,false,avg_i64,7,140,0,bound_dynamic,104.346721
1,65536,false,avg_i64,7,140,1,bound_static,104.355057
1,65536,false,avg_i64,7,140,2,before,122.504764
1,65536,false,avg_i64,7,140,3,after,104.587500
1,65536,false,avg_i64,7,140,4,enum_dynamic,122.599400
1,65536,false,avg_i64,7,140,5,enum_static,122.845836
1,65536,false,avg_i64,8,140,0,bound_static,104.436607
1,65536,false,avg_i64,8,140,1,before,122.965179
1,65536,false,avg_i64,8,140,2,after,104.592857
1,65536,false,avg_i64,8,140,3,enum_dynamic,122.883929
1,65536,false,avg_i64,8,140,4,enum_static,123.050000
1,65536,false,avg_i64,8,140,5,bound_dynamic,104.649107
1,65536,false,avg_i64,9,140,0,before,122.870536
1,65536,false,avg_i64,9,140,1,after,104.719643
1,65536,false,avg_i64,9,140,2,enum_dynamic,123.023814
1,65536,false,avg_i64,9,140,3,enum_static,123.185114
1,65536,false,avg_i64,9,140,4,bound_dynamic,105.637793
1,65536,false,avg_i64,9,140,5,bound_static,104.388993
1,65536,false,avg_i64,10,140,0,after,104.771429
1,65536,false,avg_i64,10,140,1,enum_dynamic,122.877679
1,65536,false,avg_i64,10,140,2,enum_static,123.140179
1,65536,false,avg_i64,10,140,3,bound_dynamic,104.897921
1,65536,false,avg_i64,10,140,4,bound_static,104.930064
1,65536,false,avg_i64,10,140,5,before,123.039586
1,65536,false,avg_i64,11,140,0,enum_dynamic,123.459229
1,65536,false,avg_i64,11,140,1,enum_static,123.066964
1,65536,false,avg_i64,11,140,2,bound_dynamic,105.160121
1,65536,false,avg_i64,11,140,3,bound_static,103.897021
1,65536,false,avg_i64,11,140,4,before,123.635714
1,65536,false,avg_i64,11,140,5,after,104.678871
1,8192,false,covar_i64,0,562,0,enum_static,27.522687
1,8192,false,covar_i64,0,562,1,bound_dynamic,26.829701
1,8192,false,covar_i64,0,562,2,bound_static,26.799527
1,8192,false,covar_i64,0,562,3,before,27.517422
1,8192,false,covar_i64,0,562,4,after,26.839043
1,8192,false,covar_i64,0,562,5,enum_dynamic,27.493772
1,8192,false,covar_i64,1,562,0,bound_dynamic,26.932459
1,8192,false,covar_i64,1,562,1,bound_static,26.765792
1,8192,false,covar_i64,1,562,2,before,27.507710
1,8192,false,covar_i64,1,562,3,after,26.762160
1,8192,false,covar_i64,1,562,4,enum_dynamic,27.706701
1,8192,false,covar_i64,1,562,5,enum_static,27.443653
1,8192,false,covar_i64,2,562,0,bound_static,26.872923
1,8192,false,covar_i64,2,562,1,before,27.533735
1,8192,false,covar_i64,2,562,2,after,26.787294
1,8192,false,covar_i64,2,562,3,enum_dynamic,27.600756
1,8192,false,covar_i64,2,562,4,enum_static,27.498221
1,8192,false,covar_i64,2,562,5,bound_dynamic,26.877744
1,8192,false,covar_i64,3,562,0,before,27.474495
1,8192,false,covar_i64,3,562,1,after,27.031434
1,8192,false,covar_i64,3,562,2,enum_dynamic,27.750000
1,8192,false,covar_i64,3,562,3,enum_static,27.604018
1,8192,false,covar_i64,3,562,4,bound_dynamic,26.823101
1,8192,false,covar_i64,3,562,5,bound_static,26.996664
1,8192,false,covar_i64,4,562,0,after,26.813835
1,8192,false,covar_i64,4,562,1,enum_dynamic,27.645610
1,8192,false,covar_i64,4,562,2,enum_static,27.514680
1,8192,false,covar_i64,4,562,3,bound_dynamic,26.834742
1,8192,false,covar_i64,4,562,4,bound_static,26.895388
1,8192,false,covar_i64,4,562,5,before,27.491326
1,8192,false,covar_i64,5,562,0,enum_dynamic,27.535957
1,8192,false,covar_i64,5,562,1,enum_static,27.518388
1,8192,false,covar_i64,5,562,2,bound_dynamic,26.800639
1,8192,false,covar_i64,5,562,3,bound_static,26.829181
1,8192,false,covar_i64,5,562,4,before,27.507340
1,8192,false,covar_i64,5,562,5,after,26.808644
1,8192,false,covar_i64,6,562,0,enum_static,27.530472
1,8192,false,covar_i64,6,562,1,bound_dynamic,26.810053
1,8192,false,covar_i64,6,562,2,bound_static,26.872256
1,8192,false,covar_i64,6,562,3,before,27.612692
1,8192,false,covar_i64,6,562,4,after,26.798265
1,8192,false,covar_i64,6,562,5,enum_dynamic,27.652210
1,8192,false,covar_i64,7,562,0,bound_dynamic,26.816356
1,8192,false,covar_i64,7,562,1,bound_static,26.932680
1,8192,false,covar_i64,7,562,2,before,27.512678
1,8192,false,covar_i64,7,562,3,after,26.854835
1,8192,false,covar_i64,7,562,4,enum_dynamic,27.640052
1,8192,false,covar_i64,7,562,5,enum_static,27.653840
1,8192,false,covar_i64,8,562,0,bound_static,26.836671
1,8192,false,covar_i64,8,562,1,before,27.600311
1,8192,false,covar_i64,8,562,2,after,26.821027
1,8192,false,covar_i64,8,562,3,enum_dynamic,28.245774
1,8192,false,covar_i64,8,562,4,enum_static,27.556940
1,8192,false,covar_i64,8,562,5,bound_dynamic,26.779657
1,8192,false,covar_i64,9,562,0,before,27.867883
1,8192,false,covar_i64,9,562,1,after,26.871294
1,8192,false,covar_i64,9,562,2,enum_dynamic,27.552639
1,8192,false,covar_i64,9,562,3,enum_static,27.514977
1,8192,false,covar_i64,9,562,4,bound_dynamic,26.851201
1,8192,false,covar_i64,9,562,5,bound_static,26.942838
1,8192,false,covar_i64,10,562,0,after,26.976795
1,8192,false,covar_i64,10,562,1,enum_dynamic,27.603128
1,8192,false,covar_i64,10,562,2,enum_static,27.218714
1,8192,false,covar_i64,10,562,3,bound_dynamic,26.436165
1,8192,false,covar_i64,10,562,4,bound_static,26.512158
1,8192,false,covar_i64,10,562,5,before,27.191354
1,8192,false,covar_i64,11,562,0,enum_dynamic,27.149466
1,8192,false,covar_i64,11,562,1,enum_static,27.287961
1,8192,false,covar_i64,11,562,2,bound_dynamic,26.436980
1,8192,false,covar_i64,11,562,3,bound_static,26.471160
1,8192,false,covar_i64,11,562,4,before,27.125817
1,8192,false,covar_i64,11,562,5,after,26.468566
1,128,true,count_i64,0,50000,0,enum_static,0.126819
1,128,true,count_i64,0,50000,1,bound_dynamic,0.116767
1,128,true,count_i64,0,50000,2,bound_static,0.116737
1,128,true,count_i64,0,50000,3,before,0.133962
1,128,true,count_i64,0,50000,4,after,0.117568
1,128,true,count_i64,0,50000,5,enum_dynamic,0.134140
1,128,true,count_i64,1,50000,0,bound_dynamic,0.116789
1,128,true,count_i64,1,50000,1,bound_static,0.116786
1,128,true,count_i64,1,50000,2,before,0.135771
1,128,true,count_i64,1,50000,3,after,0.117090
1,128,true,count_i64,1,50000,4,enum_dynamic,0.135364
1,128,true,count_i64,1,50000,5,enum_static,0.126943
1,128,true,count_i64,2,50000,0,bound_static,0.117117
1,128,true,count_i64,2,50000,1,before,0.139448
1,128,true,count_i64,2,50000,2,after,0.117389
1,128,true,count_i64,2,50000,3,enum_dynamic,0.134368
1,128,true,count_i64,2,50000,4,enum_static,0.126753
1,128,true,count_i64,2,50000,5,bound_dynamic,0.117096
1,128,true,count_i64,3,50000,0,before,0.133873
1,128,true,count_i64,3,50000,1,after,0.116807
1,128,true,count_i64,3,50000,2,enum_dynamic,0.136241
1,128,true,count_i64,3,50000,3,enum_static,0.126776
1,128,true,count_i64,3,50000,4,bound_dynamic,0.117118
1,128,true,count_i64,3,50000,5,bound_static,0.116879
1,128,true,count_i64,4,50000,0,after,0.116703
1,128,true,count_i64,4,50000,1,enum_dynamic,0.135477
1,128,true,count_i64,4,50000,2,enum_static,0.126017
1,128,true,count_i64,4,50000,3,bound_dynamic,0.117010
1,128,true,count_i64,4,50000,4,bound_static,0.117054
1,128,true,count_i64,4,50000,5,before,0.133401
1,128,true,count_i64,5,50000,0,enum_dynamic,0.134430
1,128,true,count_i64,5,50000,1,enum_static,0.125088
1,128,true,count_i64,5,50000,2,bound_dynamic,0.116744
1,128,true,count_i64,5,50000,3,bound_static,0.118228
1,128,true,count_i64,5,50000,4,before,0.133873
1,128,true,count_i64,5,50000,5,after,0.114764
1,128,true,count_i64,6,50000,0,enum_static,0.122730
1,128,true,count_i64,6,50000,1,bound_dynamic,0.115187
1,128,true,count_i64,6,50000,2,bound_static,0.115033
1,128,true,count_i64,6,50000,3,before,0.132276
1,128,true,count_i64,6,50000,4,after,0.115185
1,128,true,count_i64,6,50000,5,enum_dynamic,0.134841
1,128,true,count_i64,7,50000,0,bound_dynamic,0.117673
1,128,true,count_i64,7,50000,1,bound_static,0.118630
1,128,true,count_i64,7,50000,2,before,0.132725
1,128,true,count_i64,7,50000,3,after,0.114678
1,128,true,count_i64,7,50000,4,enum_dynamic,0.131412
1,128,true,count_i64,7,50000,5,enum_static,0.125122
1,128,true,count_i64,8,50000,0,bound_static,0.114577
1,128,true,count_i64,8,50000,1,before,0.132429
1,128,true,count_i64,8,50000,2,after,0.114710
1,128,true,count_i64,8,50000,3,enum_dynamic,0.131703
1,128,true,count_i64,8,50000,4,enum_static,0.122158
1,128,true,count_i64,8,50000,5,bound_dynamic,0.114576
1,128,true,count_i64,9,50000,0,before,0.135722
1,128,true,count_i64,9,50000,1,after,0.115792
1,128,true,count_i64,9,50000,2,enum_dynamic,0.131323
1,128,true,count_i64,9,50000,3,enum_static,0.122560
1,128,true,count_i64,9,50000,4,bound_dynamic,0.115209
1,128,true,count_i64,9,50000,5,bound_static,0.114747
1,128,true,count_i64,10,50000,0,after,0.114558
1,128,true,count_i64,10,50000,1,enum_dynamic,0.132722
1,128,true,count_i64,10,50000,2,enum_static,0.125521
1,128,true,count_i64,10,50000,3,bound_dynamic,0.116789
1,128,true,count_i64,10,50000,4,bound_static,0.116929
1,128,true,count_i64,10,50000,5,before,0.134472
1,128,true,count_i64,11,50000,0,enum_dynamic,0.133934
1,128,true,count_i64,11,50000,1,enum_static,0.126613
1,128,true,count_i64,11,50000,2,bound_dynamic,0.116780
1,128,true,count_i64,11,50000,3,bound_static,0.116940
1,128,true,count_i64,11,50000,4,before,0.134577
1,128,true,count_i64,11,50000,5,after,0.116792
1,128,true,min_i64,0,17298,0,enum_static,0.850994
1,128,true,min_i64,0,17298,1,bound_dynamic,0.919904
1,128,true,min_i64,0,17298,2,bound_static,0.846186
1,128,true,min_i64,0,17298,3,before,0.905972
1,128,true,min_i64,0,17298,4,after,0.855766
1,128,true,min_i64,0,17298,5,enum_dynamic,0.927790
1,128,true,min_i64,1,17298,0,bound_dynamic,0.921715
1,128,true,min_i64,1,17298,1,bound_static,0.845934
1,128,true,min_i64,1,17298,2,before,0.904849
1,128,true,min_i64,1,17298,3,after,0.854730
1,128,true,min_i64,1,17298,4,enum_dynamic,0.928407
1,128,true,min_i64,1,17298,5,enum_static,0.851900
1,128,true,min_i64,2,17298,0,bound_static,0.856274
1,128,true,min_i64,2,17298,1,before,0.913868
1,128,true,min_i64,2,17298,2,after,0.856260
1,128,true,min_i64,2,17298,3,enum_dynamic,0.926877
1,128,true,min_i64,2,17298,4,enum_static,0.855891
1,128,true,min_i64,2,17298,5,bound_dynamic,0.919473
1,128,true,min_i64,3,17298,0,before,0.906425
1,128,true,min_i64,3,17298,1,after,0.855176
1,128,true,min_i64,3,17298,2,enum_dynamic,0.926429
1,128,true,min_i64,3,17298,3,enum_static,0.855342
1,128,true,min_i64,3,17298,4,bound_dynamic,0.921756
1,128,true,min_i64,3,17298,5,bound_static,0.847391
1,128,true,min_i64,4,17298,0,after,0.865806
1,128,true,min_i64,4,17298,1,enum_dynamic,0.905977
1,128,true,min_i64,4,17298,2,enum_static,0.832057
1,128,true,min_i64,4,17298,3,bound_dynamic,0.900034
1,128,true,min_i64,4,17298,4,bound_static,0.836905
1,128,true,min_i64,4,17298,5,before,0.893894
1,128,true,min_i64,5,17298,0,enum_dynamic,0.904864
1,128,true,min_i64,5,17298,1,enum_static,0.845440
1,128,true,min_i64,5,17298,2,bound_dynamic,0.919167
1,128,true,min_i64,5,17298,3,bound_static,0.842188
1,128,true,min_i64,5,17298,4,before,0.904001
1,128,true,min_i64,5,17298,5,after,0.849824
1,128,true,min_i64,6,17298,0,enum_static,0.848116
1,128,true,min_i64,6,17298,1,bound_dynamic,0.916891
1,128,true,min_i64,6,17298,2,bound_static,0.843342
1,128,true,min_i64,6,17298,3,before,0.902725
1,128,true,min_i64,6,17298,4,after,0.851057
1,128,true,min_i64,6,17298,5,enum_dynamic,0.920391
1,128,true,min_i64,7,17298,0,bound_dynamic,0.912702
1,128,true,min_i64,7,17298,1,bound_static,0.845478
1,128,true,min_i64,7,17298,2,before,0.900916
1,128,true,min_i64,7,17298,3,after,0.851727
1,128,true,min_i64,7,17298,4,enum_dynamic,0.917438
1,128,true,min_i64,7,17298,5,enum_static,0.848581
1,128,true,min_i64,8,17298,0,bound_static,0.844828
1,128,true,min_i64,8,17298,1,before,0.911199
1,128,true,min_i64,8,17298,2,after,0.838642
1,128,true,min_i64,8,17298,3,enum_dynamic,0.919673
1,128,true,min_i64,8,17298,4,enum_static,0.847480
1,128,true,min_i64,8,17298,5,bound_dynamic,0.911994
1,128,true,min_i64,9,17298,0,before,0.887831
1,128,true,min_i64,9,17298,1,after,0.846863
1,128,true,min_i64,9,17298,2,enum_dynamic,0.924613
1,128,true,min_i64,9,17298,3,enum_static,0.845283
1,128,true,min_i64,9,17298,4,bound_dynamic,0.915650
1,128,true,min_i64,9,17298,5,bound_static,0.855631
1,128,true,min_i64,10,17298,0,after,0.848684
1,128,true,min_i64,10,17298,1,enum_dynamic,0.919203
1,128,true,min_i64,10,17298,2,enum_static,0.847160
1,128,true,min_i64,10,17298,3,bound_dynamic,0.914036
1,128,true,min_i64,10,17298,4,bound_static,0.843257
1,128,true,min_i64,10,17298,5,before,0.901773
1,128,true,min_i64,11,17298,0,enum_dynamic,0.918228
1,128,true,min_i64,11,17298,1,enum_static,0.849470
1,128,true,min_i64,11,17298,2,bound_dynamic,0.914484
1,128,true,min_i64,11,17298,3,bound_static,0.844151
1,128,true,min_i64,11,17298,4,before,0.904206
1,128,true,min_i64,11,17298,5,after,0.851669
1,8192,true,count_distinct_i64,0,44,0,enum_static,348.357955
1,8192,true,count_distinct_i64,0,44,1,bound_dynamic,348.773682
1,8192,true,count_distinct_i64,0,44,2,bound_static,392.964023
1,8192,true,count_distinct_i64,0,44,3,before,348.526500
1,8192,true,count_distinct_i64,0,44,4,after,392.444136
1,8192,true,count_distinct_i64,0,44,5,enum_dynamic,392.515136
1,8192,true,count_distinct_i64,1,44,0,bound_dynamic,347.704545
1,8192,true,count_distinct_i64,1,44,1,bound_static,392.100386
1,8192,true,count_distinct_i64,1,44,2,before,348.924250
1,8192,true,count_distinct_i64,1,44,3,after,394.738636
1,8192,true,count_distinct_i64,1,44,4,enum_dynamic,392.700750
1,8192,true,count_distinct_i64,1,44,5,enum_static,348.111750
1,8192,true,count_distinct_i64,2,44,0,bound_static,405.395841
1,8192,true,count_distinct_i64,2,44,1,before,360.471591
1,8192,true,count_distinct_i64,2,44,2,after,406.893000
1,8192,true,count_distinct_i64,2,44,3,enum_dynamic,406.547341
1,8192,true,count_distinct_i64,2,44,4,enum_static,349.361750
1,8192,true,count_distinct_i64,2,44,5,bound_dynamic,357.488636
1,8192,true,count_distinct_i64,3,44,0,before,349.129727
1,8192,true,count_distinct_i64,3,44,1,after,400.997159
1,8192,true,count_distinct_i64,3,44,2,enum_dynamic,394.576705
1,8192,true,count_distinct_i64,3,44,3,enum_static,352.149614
1,8192,true,count_distinct_i64,3,44,4,bound_dynamic,352.164773
1,8192,true,count_distinct_i64,3,44,5,bound_static,408.944136
1,8192,true,count_distinct_i64,4,44,0,after,407.720636
1,8192,true,count_distinct_i64,4,44,1,enum_dynamic,407.661932
1,8192,true,count_distinct_i64,4,44,2,enum_static,357.867409
1,8192,true,count_distinct_i64,4,44,3,bound_dynamic,357.769886
1,8192,true,count_distinct_i64,4,44,4,bound_static,407.435591
1,8192,true,count_distinct_i64,4,44,5,before,358.210227
1,8192,true,count_distinct_i64,5,44,0,enum_dynamic,408.060614
1,8192,true,count_distinct_i64,5,44,1,enum_static,349.006636
1,8192,true,count_distinct_i64,5,44,2,bound_dynamic,357.403409
1,8192,true,count_distinct_i64,5,44,3,bound_static,408.648682
1,8192,true,count_distinct_i64,5,44,4,before,349.335227
1,8192,true,count_distinct_i64,5,44,5,after,396.853227
1,8192,true,count_distinct_i64,6,44,0,enum_static,367.368386
1,8192,true,count_distinct_i64,6,44,1,bound_dynamic,343.427091
1,8192,true,count_distinct_i64,6,44,2,bound_static,386.342818
1,8192,true,count_distinct_i64,6,44,3,before,351.145841
1,8192,true,count_distinct_i64,6,44,4,after,399.411932
1,8192,true,count_distinct_i64,6,44,5,enum_dynamic,400.016114
1,8192,true,count_distinct_i64,7,44,0,bound_dynamic,349.170455
1,8192,true,count_distinct_i64,7,44,1,bound_static,398.419500
1,8192,true,count_distinct_i64,7,44,2,before,349.600364
1,8192,true,count_distinct_i64,7,44,3,after,398.799250
1,8192,true,count_distinct_i64,7,44,4,enum_dynamic,391.027455
1,8192,true,count_distinct_i64,7,44,5,enum_static,347.919500
1,8192,true,count_distinct_i64,8,44,0,bound_static,392.445068
1,8192,true,count_distinct_i64,8,44,1,before,347.671409
1,8192,true,count_distinct_i64,8,44,2,after,385.159091
1,8192,true,count_distinct_i64,8,44,3,enum_dynamic,386.857955
1,8192,true,count_distinct_i64,8,44,4,enum_static,343.169500
1,8192,true,count_distinct_i64,8,44,5,bound_dynamic,348.561568
1,8192,true,count_distinct_i64,9,44,0,before,348.912864
1,8192,true,count_distinct_i64,9,44,1,after,393.827659
1,8192,true,count_distinct_i64,9,44,2,enum_dynamic,393.188432
1,8192,true,count_distinct_i64,9,44,3,enum_static,358.232955
1,8192,true,count_distinct_i64,9,44,4,bound_dynamic,356.905318
1,8192,true,count_distinct_i64,9,44,5,bound_static,407.689386
1,8192,true,count_distinct_i64,10,44,0,after,406.979182
1,8192,true,count_distinct_i64,10,44,1,enum_dynamic,408.771773
1,8192,true,count_distinct_i64,10,44,2,enum_static,357.636364
1,8192,true,count_distinct_i64,10,44,3,bound_dynamic,358.055864
1,8192,true,count_distinct_i64,10,44,4,bound_static,406.828591
1,8192,true,count_distinct_i64,10,44,5,before,358.428977
1,8192,true,count_distinct_i64,11,44,0,enum_dynamic,402.553023
1,8192,true,count_distinct_i64,11,44,1,enum_static,350.858886
1,8192,true,count_distinct_i64,11,44,2,bound_dynamic,348.231068
1,8192,true,count_distinct_i64,11,44,3,bound_static,398.976341
1,8192,true,count_distinct_i64,11,44,4,before,358.276523
1,8192,true,count_distinct_i64,11,44,5,after,387.693182
1,65536,true,sum_i64,0,113,0,enum_static,133.643434
1,65536,true,sum_i64,0,113,1,bound_dynamic,133.127584
1,65536,true,sum_i64,0,113,2,bound_static,133.387912
1,65536,true,sum_i64,0,113,3,before,134.497044
1,65536,true,sum_i64,0,113,4,after,133.632372
1,65536,true,sum_i64,0,113,5,enum_dynamic,133.215336
1,65536,true,sum_i64,1,113,0,bound_dynamic,133.243735
1,65536,true,sum_i64,1,113,1,bound_static,133.310106
1,65536,true,sum_i64,1,113,2,before,133.130531
1,65536,true,sum_i64,1,113,3,after,133.260699
1,65536,true,sum_i64,1,113,4,enum_dynamic,133.061947
1,65536,true,sum_i64,1,113,5,enum_static,133.668513
1,65536,true,sum_i64,2,113,0,bound_static,132.189522
1,65536,true,sum_i64,2,113,1,before,132.363575
1,65536,true,sum_i64,2,113,2,after,133.163345
1,65536,true,sum_i64,2,113,3,enum_dynamic,133.179204
1,65536,true,sum_i64,2,113,4,enum_static,133.228611
1,65536,true,sum_i64,2,113,5,bound_dynamic,133.287973
1,65536,true,sum_i64,3,113,0,before,133.332593
1,65536,true,sum_i64,3,113,1,after,133.172938
1,65536,true,sum_i64,3,113,2,enum_dynamic,134.266956
1,65536,true,sum_i64,3,113,3,enum_static,131.122788
1,65536,true,sum_i64,3,113,4,bound_dynamic,132.843655
1,65536,true,sum_i64,3,113,5,bound_static,132.135699
1,65536,true,sum_i64,4,113,0,after,133.692478
1,65536,true,sum_i64,4,113,1,enum_dynamic,132.315265
1,65536,true,sum_i64,4,113,2,enum_static,133.493363
1,65536,true,sum_i64,4,113,3,bound_dynamic,133.049044
1,65536,true,sum_i64,4,113,4,bound_static,133.599186
1,65536,true,sum_i64,4,113,5,before,133.136062
1,65536,true,sum_i64,5,113,0,enum_dynamic,133.450584
1,65536,true,sum_i64,5,113,1,enum_static,131.396389
1,65536,true,sum_i64,5,113,2,bound_dynamic,132.918142
1,65536,true,sum_i64,5,113,3,bound_static,132.968664
1,65536,true,sum_i64,5,113,4,before,133.250372
1,65536,true,sum_i64,5,113,5,after,132.857301
1,65536,true,sum_i64,6,113,0,enum_static,133.040566
1,65536,true,sum_i64,6,113,1,bound_dynamic,132.901912
1,65536,true,sum_i64,6,113,2,bound_static,134.115416
1,65536,true,sum_i64,6,113,3,before,131.307522
1,65536,true,sum_i64,6,113,4,after,132.164823
1,65536,true,sum_i64,6,113,5,enum_dynamic,133.056788
1,65536,true,sum_i64,7,113,0,bound_dynamic,132.905602
1,65536,true,sum_i64,7,113,1,bound_static,133.198381
1,65536,true,sum_i64,7,113,2,before,133.178832
1,65536,true,sum_i64,7,113,3,after,133.345133
1,65536,true,sum_i64,7,113,4,enum_dynamic,133.275442
1,65536,true,sum_i64,7,113,5,enum_static,133.171088
1,65536,true,sum_i64,8,113,0,bound_static,133.132743
1,65536,true,sum_i64,8,113,1,before,133.390487
1,65536,true,sum_i64,8,113,2,after,133.183628
1,65536,true,sum_i64,8,113,3,enum_dynamic,133.207965
1,65536,true,sum_i64,8,113,4,enum_static,133.443584
1,65536,true,sum_i64,8,113,5,bound_dynamic,133.389381
1,65536,true,sum_i64,9,113,0,before,133.426257
1,65536,true,sum_i64,9,113,1,after,133.145646
1,65536,true,sum_i64,9,113,2,enum_dynamic,133.935841
1,65536,true,sum_i64,9,113,3,enum_static,133.028761
1,65536,true,sum_i64,9,113,4,bound_dynamic,132.932159
1,65536,true,sum_i64,9,113,5,bound_static,133.112832
1,65536,true,sum_i64,10,113,0,after,132.997053
1,65536,true,sum_i64,10,113,1,enum_dynamic,133.353619
1,65536,true,sum_i64,10,113,2,enum_static,132.782823
1,65536,true,sum_i64,10,113,3,bound_dynamic,133.303469
1,65536,true,sum_i64,10,113,4,bound_static,133.476035
1,65536,true,sum_i64,10,113,5,before,133.462752
1,65536,true,sum_i64,11,113,0,enum_dynamic,133.221239
1,65536,true,sum_i64,11,113,1,enum_static,133.624637
1,65536,true,sum_i64,11,113,2,bound_dynamic,133.270655
1,65536,true,sum_i64,11,113,3,bound_static,133.291664
1,65536,true,sum_i64,11,113,4,before,132.963867
1,65536,true,sum_i64,11,113,5,after,133.317115
1,8192,true,count_star,0,3930,0,enum_static,3.828340
1,8192,true,count_star,0,3930,1,bound_dynamic,3.830566
1,8192,true,count_star,0,3930,2,bound_static,3.876866
1,8192,true,count_star,0,3930,3,before,3.867886
1,8192,true,count_star,0,3930,4,after,3.893957
1,8192,true,count_star,0,3930,5,enum_dynamic,3.909510
1,8192,true,count_star,1,3930,0,bound_dynamic,3.841433
1,8192,true,count_star,1,3930,1,bound_static,3.836779
1,8192,true,count_star,1,3930,2,before,3.881446
1,8192,true,count_star,1,3930,3,after,3.896957
1,8192,true,count_star,1,3930,4,enum_dynamic,3.899046
1,8192,true,count_star,1,3930,5,enum_static,3.897710
1,8192,true,count_star,2,3930,0,bound_static,3.909415
1,8192,true,count_star,2,3930,1,before,3.895833
1,8192,true,count_star,2,3930,2,after,3.938931
1,8192,true,count_star,2,3930,3,enum_dynamic,3.900848
1,8192,true,count_star,2,3930,4,enum_static,3.903361
1,8192,true,count_star,2,3930,5,bound_dynamic,3.929464
1,8192,true,count_star,3,3930,0,before,3.875000
1,8192,true,count_star,3,3930,1,after,3.894604
1,8192,true,count_star,3,3930,2,enum_dynamic,3.925615
1,8192,true,count_star,3,3930,3,enum_static,3.898166
1,8192,true,count_star,3,3930,4,bound_dynamic,3.900583
1,8192,true,count_star,3,3930,5,bound_static,3.897996
1,8192,true,count_star,4,3930,0,after,3.892038
1,8192,true,count_star,4,3930,1,enum_dynamic,3.899735
1,8192,true,count_star,4,3930,2,enum_static,3.895335
1,8192,true,count_star,4,3930,3,bound_dynamic,3.889536
1,8192,true,count_star,4,3930,4,bound_static,3.892875
1,8192,true,count_star,4,3930,5,before,3.894869
1,8192,true,count_star,5,3930,0,enum_dynamic,3.896183
1,8192,true,count_star,5,3930,1,enum_static,3.897350
1,8192,true,count_star,5,3930,2,bound_dynamic,3.897890
1,8192,true,count_star,5,3930,3,bound_static,3.908736
1,8192,true,count_star,5,3930,4,before,3.898293
1,8192,true,count_star,5,3930,5,after,3.912935
1,8192,true,count_star,6,3930,0,enum_static,3.899268
1,8192,true,count_star,6,3930,1,bound_dynamic,3.927481
1,8192,true,count_star,6,3930,2,bound_static,3.835008
1,8192,true,count_star,6,3930,3,before,3.852523
1,8192,true,count_star,6,3930,4,after,3.917154
1,8192,true,count_star,6,3930,5,enum_dynamic,3.832570
1,8192,true,count_star,7,3930,0,bound_dynamic,3.825753
1,8192,true,count_star,7,3930,1,bound_static,3.892610
1,8192,true,count_star,7,3930,2,before,3.907782
1,8192,true,count_star,7,3930,3,after,3.893427
1,8192,true,count_star,7,3930,4,enum_dynamic,3.903764
1,8192,true,count_star,7,3930,5,enum_static,3.904220
1,8192,true,count_star,8,3930,0,bound_static,3.890564
1,8192,true,count_star,8,3930,1,before,3.909118
1,8192,true,count_star,8,3930,2,after,3.903679
1,8192,true,count_star,8,3930,3,enum_dynamic,3.903403
1,8192,true,count_star,8,3930,4,enum_static,3.896141
1,8192,true,count_star,8,3930,5,bound_dynamic,3.899756
1,8192,true,count_star,9,3930,0,before,3.885348
1,8192,true,count_star,9,3930,1,after,3.846522
1,8192,true,count_star,9,3930,2,enum_dynamic,3.865712
1,8192,true,count_star,9,3930,3,enum_static,3.907050
1,8192,true,count_star,9,3930,4,bound_dynamic,3.880418
1,8192,true,count_star,9,3930,5,bound_static,3.826983
1,8192,true,count_star,10,3930,0,after,3.825085
1,8192,true,count_star,10,3930,1,enum_dynamic,3.861270
1,8192,true,count_star,10,3930,2,enum_static,3.903785
1,8192,true,count_star,10,3930,3,bound_dynamic,3.900435
1,8192,true,count_star,10,3930,4,bound_static,3.896151
1,8192,true,count_star,10,3930,5,before,3.900541
1,8192,true,count_star,11,3930,0,enum_dynamic,3.901368
1,8192,true,count_star,11,3930,1,enum_static,3.843967
1,8192,true,count_star,11,3930,2,bound_dynamic,3.833524
1,8192,true,count_star,11,3930,3,bound_static,3.821565
1,8192,true,count_star,11,3930,4,before,3.869603
1,8192,true,count_star,11,3930,5,after,3.930428
1,8192,false,sum_f64,0,2284,0,enum_static,6.670954
1,8192,false,sum_f64,0,2284,1,bound_dynamic,6.709245
1,8192,false,sum_f64,0,2284,2,bound_static,6.708880
1,8192,false,sum_f64,0,2284,3,before,6.713915
1,8192,false,sum_f64,0,2284,4,after,6.669148
1,8192,false,sum_f64,0,2284,5,enum_dynamic,6.692517
1,8192,false,sum_f64,1,2284,0,bound_dynamic,6.707513
1,8192,false,sum_f64,1,2284,1,bound_static,6.724898
1,8192,false,sum_f64,1,2284,2,before,6.763263
1,8192,false,sum_f64,1,2284,3,after,6.717491
1,8192,false,sum_f64,1,2284,4,enum_dynamic,6.690802
1,8192,false,sum_f64,1,2284,5,enum_static,6.629378
1,8192,false,sum_f64,2,2284,0,bound_static,6.701821
1,8192,false,sum_f64,2,2284,1,before,6.671373
1,8192,false,sum_f64,2,2284,2,after,6.701000
1,8192,false,sum_f64,2,2284,3,enum_dynamic,6.694013
1,8192,false,sum_f64,2,2284,4,enum_static,6.712328
1,8192,false,sum_f64,2,2284,5,bound_dynamic,6.698884
1,8192,false,sum_f64,3,2284,0,before,6.716962
1,8192,false,sum_f64,3,2284,1,after,6.700744
1,8192,false,sum_f64,3,2284,2,enum_dynamic,6.696202
1,8192,false,sum_f64,3,2284,3,enum_static,6.602142
1,8192,false,sum_f64,3,2284,4,bound_dynamic,6.701255
1,8192,false,sum_f64,3,2284,5,bound_static,6.704812
1,8192,false,sum_f64,4,2284,0,after,6.704849
1,8192,false,sum_f64,4,2284,1,enum_dynamic,6.698592
1,8192,false,sum_f64,4,2284,2,enum_static,6.727288
1,8192,false,sum_f64,4,2284,3,bound_dynamic,6.708005
1,8192,false,sum_f64,4,2284,4,bound_static,6.727561
1,8192,false,sum_f64,4,2284,5,before,6.747866
1,8192,false,sum_f64,5,2284,0,enum_dynamic,6.689908
1,8192,false,sum_f64,5,2284,1,enum_static,6.708735
1,8192,false,sum_f64,5,2284,2,bound_dynamic,6.704831
1,8192,false,sum_f64,5,2284,3,bound_static,6.736956
1,8192,false,sum_f64,5,2284,4,before,6.793400
1,8192,false,sum_f64,5,2284,5,after,6.737029
1,8192,false,sum_f64,6,2284,0,enum_static,6.706546
1,8192,false,sum_f64,6,2284,1,bound_dynamic,6.712146
1,8192,false,sum_f64,6,2284,2,bound_static,6.713076
1,8192,false,sum_f64,6,2284,3,before,6.734530
1,8192,false,sum_f64,6,2284,4,after,6.716159
1,8192,false,sum_f64,6,2284,5,enum_dynamic,6.688796
1,8192,false,sum_f64,7,2284,0,bound_dynamic,6.727452
1,8192,false,sum_f64,7,2284,1,bound_static,6.714554
1,8192,false,sum_f64,7,2284,2,before,6.716707
1,8192,false,sum_f64,7,2284,3,after,6.706783
1,8192,false,sum_f64,7,2284,4,enum_dynamic,6.709191
1,8192,false,sum_f64,7,2284,5,enum_static,6.715466
1,8192,false,sum_f64,8,2284,0,bound_static,6.689999
1,8192,false,sum_f64,8,2284,1,before,6.706801
1,8192,false,sum_f64,8,2284,2,after,6.708863
1,8192,false,sum_f64,8,2284,3,enum_dynamic,6.706801
1,8192,false,sum_f64,8,2284,4,enum_static,6.664313
1,8192,false,sum_f64,8,2284,5,bound_dynamic,6.708863
1,8192,false,sum_f64,9,2284,0,before,6.700380
1,8192,false,sum_f64,9,2284,1,after,6.716670
1,8192,false,sum_f64,9,2284,2,enum_dynamic,6.688193
1,8192,false,sum_f64,9,2284,3,enum_static,6.710486
1,8192,false,sum_f64,9,2284,4,bound_dynamic,6.687719
1,8192,false,sum_f64,9,2284,5,bound_static,6.721194
1,8192,false,sum_f64,10,2284,0,after,6.703317
1,8192,false,sum_f64,10,2284,1,enum_dynamic,6.727944
1,8192,false,sum_f64,10,2284,2,enum_static,6.696567
1,8192,false,sum_f64,10,2284,3,bound_dynamic,6.719990
1,8192,false,sum_f64,10,2284,4,bound_static,6.705159
1,8192,false,sum_f64,10,2284,5,before,6.704904
1,8192,false,sum_f64,11,2284,0,enum_dynamic,6.699960
1,8192,false,sum_f64,11,2284,1,enum_static,6.700544
1,8192,false,sum_f64,11,2284,2,bound_dynamic,6.709409
1,8192,false,sum_f64,11,2284,3,bound_static,6.756148
1,8192,false,sum_f64,11,2284,4,before,6.718239
1,8192,false,sum_f64,11,2284,5,after,6.708753
1,128,false,covar_i64,0,20353,0,enum_static,0.744724
1,128,false,covar_i64,0,20353,1,bound_dynamic,0.742470
1,128,false,covar_i64,0,20353,2,bound_static,0.759739
1,128,false,covar_i64,0,20353,3,before,0.754520
1,128,false,covar_i64,0,20353,4,after,0.725260
1,128,false,covar_i64,0,20353,5,enum_dynamic,0.745535
1,128,false,covar_i64,1,20353,0,bound_dynamic,0.732574
1,128,false,covar_i64,1,20353,1,bound_static,0.757996
1,128,false,covar_i64,1,20353,2,before,0.744428
1,128,false,covar_i64,1,20353,3,after,0.733743
1,128,false,covar_i64,1,20353,4,enum_dynamic,0.748528
1,128,false,covar_i64,1,20353,5,enum_static,0.755059
1,128,false,covar_i64,2,20353,0,bound_static,0.751910
1,128,false,covar_i64,2,20353,1,before,0.743981
1,128,false,covar_i64,2,20353,2,after,0.732327
1,128,false,covar_i64,2,20353,3,enum_dynamic,0.749150
1,128,false,covar_i64,2,20353,4,enum_static,0.757487
1,128,false,covar_i64,2,20353,5,bound_dynamic,0.743516
1,128,false,covar_i64,3,20353,0,before,0.749918
1,128,false,covar_i64,3,20353,1,after,0.731917
1,128,false,covar_i64,3,20353,2,enum_dynamic,0.746243
1,128,false,covar_i64,3,20353,3,enum_static,0.755245
1,128,false,covar_i64,3,20353,4,bound_dynamic,0.743723
1,128,false,covar_i64,3,20353,5,bound_static,0.755396
1,128,false,covar_i64,4,20353,0,after,0.733477
1,128,false,covar_i64,4,20353,1,enum_dynamic,0.746565
1,128,false,covar_i64,4,20353,2,enum_static,0.764265
1,128,false,covar_i64,4,20353,3,bound_dynamic,0.743691
1,128,false,covar_i64,4,20353,4,bound_static,0.755177
1,128,false,covar_i64,4,20353,5,before,0.755147
1,128,false,covar_i64,5,20353,0,enum_dynamic,0.747421
1,128,false,covar_i64,5,20353,1,enum_static,0.756529
1,128,false,covar_i64,5,20353,2,bound_dynamic,0.747085
1,128,false,covar_i64,5,20353,3,bound_static,0.753009
1,128,false,covar_i64,5,20353,4,before,0.756727
1,128,false,covar_i64,5,20353,5,after,0.744556
1,128,false,covar_i64,6,20353,0,enum_static,0.746860
1,128,false,covar_i64,6,20353,1,bound_dynamic,0.724627
1,128,false,covar_i64,6,20353,2,bound_static,0.748006
1,128,false,covar_i64,6,20353,3,before,0.744532
1,128,false,covar_i64,6,20353,4,after,0.733205
1,128,false,covar_i64,6,20353,5,enum_dynamic,0.756592
1,128,false,covar_i64,7,20353,0,bound_dynamic,0.730402
1,128,false,covar_i64,7,20353,1,bound_static,0.742966
1,128,false,covar_i64,7,20353,2,before,0.745212
1,128,false,covar_i64,7,20353,3,after,0.734126
1,128,false,covar_i64,7,20353,4,enum_dynamic,0.749503
1,128,false,covar_i64,7,20353,5,enum_static,0.754836
1,128,false,covar_i64,8,20353,0,bound_static,0.755353
1,128,false,covar_i64,8,20353,1,before,0.745515
1,128,false,covar_i64,8,20353,2,after,0.732574
1,128,false,covar_i64,8,20353,3,enum_dynamic,0.748962
1,128,false,covar_i64,8,20353,4,enum_static,0.757734
1,128,false,covar_i64,8,20353,5,bound_dynamic,0.744149
1,128,false,covar_i64,9,20353,0,before,0.734173
1,128,false,covar_i64,9,20353,1,after,0.732554
1,128,false,covar_i64,9,20353,2,enum_dynamic,0.748108
1,128,false,covar_i64,9,20353,3,enum_static,0.757904
1,128,false,covar_i64,9,20353,4,bound_dynamic,0.743064
1,128,false,covar_i64,9,20353,5,bound_static,0.755726
1,128,false,covar_i64,10,20353,0,after,0.731999
1,128,false,covar_i64,10,20353,1,enum_dynamic,0.748198
1,128,false,covar_i64,10,20353,2,enum_static,0.757499
1,128,false,covar_i64,10,20353,3,bound_dynamic,0.743144
1,128,false,covar_i64,10,20353,4,bound_static,0.755579
1,128,false,covar_i64,10,20353,5,before,0.754825
1,128,false,covar_i64,11,20353,0,enum_dynamic,0.749889
1,128,false,covar_i64,11,20353,1,enum_static,0.762420
1,128,false,covar_i64,11,20353,2,bound_dynamic,0.733459
1,128,false,covar_i64,11,20353,3,bound_static,0.740632
1,128,false,covar_i64,11,20353,4,before,0.748078
1,128,false,covar_i64,11,20353,5,after,0.742403
1,8192,false,mixed_7,0,30,0,enum_static,512.609733
1,8192,false,mixed_7,0,30,1,bound_dynamic,516.984733
1,8192,false,mixed_7,0,30,2,bound_static,550.322233
1,8192,false,mixed_7,0,30,3,before,518.112500
1,8192,false,mixed_7,0,30,4,after,550.983333
1,8192,false,mixed_7,0,30,5,enum_dynamic,557.366667
1,8192,false,mixed_7,1,30,0,bound_dynamic,517.894467
1,8192,false,mixed_7,1,30,1,bound_static,549.591667
1,8192,false,mixed_7,1,30,2,before,519.097233
1,8192,false,mixed_7,1,30,3,after,547.975000
1,8192,false,mixed_7,1,30,4,enum_dynamic,555.915267
1,8192,false,mixed_7,1,30,5,enum_static,515.143033
1,8192,false,mixed_7,2,30,0,bound_static,551.463900
1,8192,false,mixed_7,2,30,1,before,517.823600
1,8192,false,mixed_7,2,30,2,after,553.084733
1,8192,false,mixed_7,2,30,3,enum_dynamic,555.400000
1,8192,false,mixed_7,2,30,4,enum_static,514.626400
1,8192,false,mixed_7,2,30,5,bound_dynamic,523.606933
1,8192,false,mixed_7,3,30,0,before,509.861133
1,8192,false,mixed_7,3,30,1,after,540.098600
1,8192,false,mixed_7,3,30,2,enum_dynamic,547.590267
1,8192,false,mixed_7,3,30,3,enum_static,515.630533
1,8192,false,mixed_7,3,30,4,bound_dynamic,545.809700
1,8192,false,mixed_7,3,30,5,bound_static,545.241667
1,8192,false,mixed_7,4,30,0,after,540.451400
1,8192,false,mixed_7,4,30,1,enum_dynamic,548.300000
1,8192,false,mixed_7,4,30,2,enum_static,513.905567
1,8192,false,mixed_7,4,30,3,bound_dynamic,520.808333
1,8192,false,mixed_7,4,30,4,bound_static,548.786100
1,8192,false,mixed_7,4,30,5,before,520.947233
1,8192,false,mixed_7,5,30,0,enum_dynamic,555.448633
1,8192,false,mixed_7,5,30,1,enum_static,513.004167
1,8192,false,mixed_7,5,30,2,bound_dynamic,516.301400
1,8192,false,mixed_7,5,30,3,bound_static,551.091667
1,8192,false,mixed_7,5,30,4,before,515.762500
1,8192,false,mixed_7,5,30,5,after,550.387500
1,8192,false,mixed_7,6,30,0,enum_static,512.406933
1,8192,false,mixed_7,6,30,1,bound_dynamic,518.256933
1,8192,false,mixed_7,6,30,2,bound_static,548.861133
1,8192,false,mixed_7,6,30,3,before,513.825000
1,8192,false,mixed_7,6,30,4,after,549.281967
1,8192,false,mixed_7,6,30,5,enum_dynamic,554.263900
1,8192,false,mixed_7,7,30,0,bound_dynamic,517.131933
1,8192,false,mixed_7,7,30,1,bound_static,549.638867
1,8192,false,mixed_7,7,30,2,before,515.429167
1,8192,false,mixed_7,7,30,3,after,547.211100
1,8192,false,mixed_7,7,30,4,enum_dynamic,555.552767
1,8192,false,mixed_7,7,30,5,enum_static,511.550000
1,8192,false,mixed_7,8,30,0,bound_static,541.473633
1,8192,false,mixed_7,8,30,1,before,512.354167
1,8192,false,mixed_7,8,30,2,after,549.901400
1,8192,false,mixed_7,8,30,3,enum_dynamic,550.569467
1,8192,false,mixed_7,8,30,4,enum_static,515.688900
1,8192,false,mixed_7,8,30,5,bound_dynamic,520.970833
1,8192,false,mixed_7,9,30,0,before,519.380567
1,8192,false,mixed_7,9,30,1,after,549.641667
1,8192,false,mixed_7,9,30,2,enum_dynamic,554.604167
1,8192,false,mixed_7,9,30,3,enum_static,512.563867
1,8192,false,mixed_7,9,30,4,bound_dynamic,516.022233
1,8192,false,mixed_7,9,30,5,bound_static,550.498600
1,8192,false,mixed_7,10,30,0,after,549.288900
1,8192,false,mixed_7,10,30,1,enum_dynamic,554.662500
1,8192,false,mixed_7,10,30,2,enum_static,515.234733
1,8192,false,mixed_7,10,30,3,bound_dynamic,516.240267
1,8192,false,mixed_7,10,30,4,bound_static,548.756967
1,8192,false,mixed_7,10,30,5,before,516.777800
1,8192,false,mixed_7,11,30,0,enum_dynamic,556.356933
1,8192,false,mixed_7,11,30,1,enum_static,518.047200
1,8192,false,mixed_7,11,30,2,bound_dynamic,518.498600
1,8192,false,mixed_7,11,30,3,bound_static,550.345833
1,8192,false,mixed_7,11,30,4,before,517.220833
1,8192,false,mixed_7,11,30,5,after,548.190267
1,128,false,count_i64,0,50000,0,enum_static,0.072704
1,128,false,count_i64,0,50000,1,bound_dynamic,0.070748
1,128,false,count_i64,0,50000,2,bound_static,0.071394
1,128,false,count_i64,0,50000,3,before,0.072653
1,128,false,count_i64,0,50000,4,after,0.071556
1,128,false,count_i64,0,50000,5,enum_dynamic,0.072840
1,128,false,count_i64,1,50000,0,bound_dynamic,0.070939
1,128,false,count_i64,1,50000,1,bound_static,0.072078
1,128,false,count_i64,1,50000,2,before,0.073065
1,128,false,count_i64,1,50000,3,after,0.070998
1,128,false,count_i64,1,50000,4,enum_dynamic,0.072647
1,128,false,count_i64,1,50000,5,enum_static,0.072730
1,128,false,count_i64,2,50000,0,bound_static,0.073248
1,128,false,count_i64,2,50000,1,before,0.074165
1,128,false,count_i64,2,50000,2,after,0.070109
1,128,false,count_i64,2,50000,3,enum_dynamic,0.072368
1,128,false,count_i64,2,50000,4,enum_static,0.071108
1,128,false,count_i64,2,50000,5,bound_dynamic,0.069967
1,128,false,count_i64,3,50000,0,before,0.071703
1,128,false,count_i64,3,50000,1,after,0.069645
1,128,false,count_i64,3,50000,2,enum_dynamic,0.071340
1,128,false,count_i64,3,50000,3,enum_static,0.071664
1,128,false,count_i64,3,50000,4,bound_dynamic,0.069943
1,128,false,count_i64,3,50000,5,bound_static,0.071392
1,128,false,count_i64,4,50000,0,after,0.069678
1,128,false,count_i64,4,50000,1,enum_dynamic,0.071465
1,128,false,count_i64,4,50000,2,enum_static,0.072009
1,128,false,count_i64,4,50000,3,bound_dynamic,0.069944
1,128,false,count_i64,4,50000,4,bound_static,0.070635
1,128,false,count_i64,4,50000,5,before,0.071457
1,128,false,count_i64,5,50000,0,enum_dynamic,0.071600
1,128,false,count_i64,5,50000,1,enum_static,0.071351
1,128,false,count_i64,5,50000,2,bound_dynamic,0.071508
1,128,false,count_i64,5,50000,3,bound_static,0.072345
1,128,false,count_i64,5,50000,4,before,0.072717
1,128,false,count_i64,5,50000,5,after,0.071263
1,128,false,count_i64,6,50000,0,enum_static,0.072989
1,128,false,count_i64,6,50000,1,bound_dynamic,0.070988
1,128,false,count_i64,6,50000,2,bound_static,0.072026
1,128,false,count_i64,6,50000,3,before,0.072922
1,128,false,count_i64,6,50000,4,after,0.071174
1,128,false,count_i64,6,50000,5,enum_dynamic,0.072659
1,128,false,count_i64,7,50000,0,bound_dynamic,0.070999
1,128,false,count_i64,7,50000,1,bound_static,0.071983
1,128,false,count_i64,7,50000,2,before,0.073400
1,128,false,count_i64,7,50000,3,after,0.070891
1,128,false,count_i64,7,50000,4,enum_dynamic,0.072769
1,128,false,count_i64,7,50000,5,enum_static,0.072978
1,128,false,count_i64,8,50000,0,bound_static,0.072369
1,128,false,count_i64,8,50000,1,before,0.072827
1,128,false,count_i64,8,50000,2,after,0.070998
1,128,false,count_i64,8,50000,3,enum_dynamic,0.072705
1,128,false,count_i64,8,50000,4,enum_static,0.072718
1,128,false,count_i64,8,50000,5,bound_dynamic,0.071436
1,128,false,count_i64,9,50000,0,before,0.072803
1,128,false,count_i64,9,50000,1,after,0.073356
1,128,false,count_i64,9,50000,2,enum_dynamic,0.073758
1,128,false,count_i64,9,50000,3,enum_static,0.072493
1,128,false,count_i64,9,50000,4,bound_dynamic,0.071213
1,128,false,count_i64,9,50000,5,bound_static,0.070078
1,128,false,count_i64,10,50000,0,after,0.069682
1,128,false,count_i64,10,50000,1,enum_dynamic,0.071491
1,128,false,count_i64,10,50000,2,enum_static,0.072112
1,128,false,count_i64,10,50000,3,bound_dynamic,0.069984
1,128,false,count_i64,10,50000,4,bound_static,0.070670
1,128,false,count_i64,10,50000,5,before,0.071430
1,128,false,count_i64,11,50000,0,enum_dynamic,0.072097
1,128,false,count_i64,11,50000,1,enum_static,0.071739
1,128,false,count_i64,11,50000,2,bound_dynamic,0.071143
1,128,false,count_i64,11,50000,3,bound_static,0.072077
1,128,false,count_i64,11,50000,4,before,0.072768
1,128,false,count_i64,11,50000,5,after,0.071582
1,128,false,max_i64,0,18286,0,enum_static,0.809267
1,128,false,max_i64,0,18286,1,bound_dynamic,0.846492
1,128,false,max_i64,0,18286,2,bound_static,0.804090
1,128,false,max_i64,0,18286,3,before,0.808950
1,128,false,max_i64,0,18286,4,after,0.807227
1,128,false,max_i64,0,18286,5,enum_dynamic,0.829530
1,128,false,max_i64,1,18286,0,bound_dynamic,0.848901
1,128,false,max_i64,1,18286,1,bound_static,0.803237
1,128,false,max_i64,1,18286,2,before,0.805840
1,128,false,max_i64,1,18286,3,after,0.807348
1,128,false,max_i64,1,18286,4,enum_dynamic,0.827648
1,128,false,max_i64,1,18286,5,enum_static,0.813951
1,128,false,max_i64,2,18286,0,bound_static,0.801522
1,128,false,max_i64,2,18286,1,before,0.804368
1,128,false,max_i64,2,18286,2,after,0.805095
1,128,false,max_i64,2,18286,3,enum_dynamic,0.830034
1,128,false,max_i64,2,18286,4,enum_static,0.810176
1,128,false,max_i64,2,18286,5,bound_dynamic,0.848206
1,128,false,max_i64,3,18286,0,before,0.805883
1,128,false,max_i64,3,18286,1,after,0.806621
1,128,false,max_i64,3,18286,2,enum_dynamic,0.832422
1,128,false,max_i64,3,18286,3,enum_static,0.807786
1,128,false,max_i64,3,18286,4,bound_dynamic,0.851109
1,128,false,max_i64,3,18286,5,bound_static,0.806933
1,128,false,max_i64,4,18286,0,after,0.808301
1,128,false,max_i64,4,18286,1,enum_dynamic,0.829154
1,128,false,max_i64,4,18286,2,enum_static,0.808410
1,128,false,max_i64,4,18286,3,bound_dynamic,0.850371
1,128,false,max_i64,4,18286,4,bound_static,0.803365
1,128,false,max_i64,4,18286,5,before,0.808934
1,128,false,max_i64,5,18286,0,enum_dynamic,0.827954
1,128,false,max_i64,5,18286,1,enum_static,0.812730
1,128,false,max_i64,5,18286,2,bound_dynamic,0.845786
1,128,false,max_i64,5,18286,3,bound_static,0.802324
1,128,false,max_i64,5,18286,4,before,0.803424
1,128,false,max_i64,5,18286,5,after,0.804889
1,128,false,max_i64,6,18286,0,enum_static,0.807911
1,128,false,max_i64,6,18286,1,bound_dynamic,0.846269
1,128,false,max_i64,6,18286,2,bound_static,0.801875
1,128,false,max_i64,6,18286,3,before,0.805810
1,128,false,max_i64,6,18286,4,after,0.804523
1,128,false,max_i64,6,18286,5,enum_dynamic,0.829868
1,128,false,max_i64,7,18286,0,bound_dynamic,0.848112
1,128,false,max_i64,7,18286,1,bound_static,0.802201
1,128,false,max_i64,7,18286,2,before,0.807273
1,128,false,max_i64,7,18286,3,after,0.805990
1,128,false,max_i64,7,18286,4,enum_dynamic,0.830446
1,128,false,max_i64,7,18286,5,enum_static,0.807469
1,128,false,max_i64,8,18286,0,bound_static,0.802187
1,128,false,max_i64,8,18286,1,before,0.805997
1,128,false,max_i64,8,18286,2,after,0.805694
1,128,false,max_i64,8,18286,3,enum_dynamic,0.830884
1,128,false,max_i64,8,18286,4,enum_static,0.808307
1,128,false,max_i64,8,18286,5,bound_dynamic,0.849060
1,128,false,max_i64,9,18286,0,before,0.808975
1,128,false,max_i64,9,18286,1,after,0.808553
1,128,false,max_i64,9,18286,2,enum_dynamic,0.828439
1,128,false,max_i64,9,18286,3,enum_static,0.807738
1,128,false,max_i64,9,18286,4,bound_dynamic,0.850067
1,128,false,max_i64,9,18286,5,bound_static,0.803363
1,128,false,max_i64,10,18286,0,after,0.807574
1,128,false,max_i64,10,18286,1,enum_dynamic,0.828368
1,128,false,max_i64,10,18286,2,enum_static,0.808330
1,128,false,max_i64,10,18286,3,bound_dynamic,0.850357
1,128,false,max_i64,10,18286,4,bound_static,0.797090
1,128,false,max_i64,10,18286,5,before,0.793704
1,128,false,max_i64,11,18286,0,enum_dynamic,0.827689
1,128,false,max_i64,11,18286,1,enum_static,0.810171
1,128,false,max_i64,11,18286,2,bound_dynamic,0.846005
1,128,false,max_i64,11,18286,3,bound_static,0.790869
1,128,false,max_i64,11,18286,4,before,0.797495
1,128,false,max_i64,11,18286,5,after,0.810973
1,128,true,count_distinct_i64,0,2865,0,enum_static,5.312711
1,128,true,count_distinct_i64,0,2865,1,bound_dynamic,5.302792
1,128,true,count_distinct_i64,0,2865,2,bound_static,5.255250
1,128,true,count_distinct_i64,0,2865,3,before,5.261780
1,128,true,count_distinct_i64,0,2865,4,after,5.253418
1,128,true,count_distinct_i64,0,2865,5,enum_dynamic,5.313801
1,128,true,count_distinct_i64,1,2865,0,bound_dynamic,5.307373
1,128,true,count_distinct_i64,1,2865,1,bound_static,5.247775
1,128,true,count_distinct_i64,1,2865,2,before,5.263816
1,128,true,count_distinct_i64,1,2865,3,after,5.245608
1,128,true,count_distinct_i64,1,2865,4,enum_dynamic,5.308973
1,128,true,count_distinct_i64,1,2865,5,enum_static,5.298051
1,128,true,count_distinct_i64,2,2865,0,bound_static,5.254261
1,128,true,count_distinct_i64,2,2865,1,before,5.259846
1,128,true,count_distinct_i64,2,2865,2,after,5.237624
1,128,true,count_distinct_i64,2,2865,3,enum_dynamic,5.309366
1,128,true,count_distinct_i64,2,2865,4,enum_static,5.314994
1,128,true,count_distinct_i64,2,2865,5,bound_dynamic,5.307621
1,128,true,count_distinct_i64,3,2865,0,before,5.181894
1,128,true,count_distinct_i64,3,2865,1,after,5.361518
1,128,true,count_distinct_i64,3,2865,2,enum_dynamic,5.434744
1,128,true,count_distinct_i64,3,2865,3,enum_static,5.216216
1,128,true,count_distinct_i64,3,2865,4,bound_dynamic,5.291376
1,128,true,count_distinct_i64,3,2865,5,bound_static,5.263438
1,128,true,count_distinct_i64,4,2865,0,after,5.236794
1,128,true,count_distinct_i64,4,2865,1,enum_dynamic,5.302356
1,128,true,count_distinct_i64,4,2865,2,enum_static,5.298269
1,128,true,count_distinct_i64,4,2865,3,bound_dynamic,5.281836
1,128,true,count_distinct_i64,4,2865,4,bound_static,5.253665
1,128,true,count_distinct_i64,4,2865,5,before,5.249200
1,128,true,count_distinct_i64,5,2865,0,enum_dynamic,5.354494
1,128,true,count_distinct_i64,5,2865,1,enum_static,5.291289
1,128,true,count_distinct_i64,5,2865,2,bound_dynamic,5.284511
1,128,true,count_distinct_i64,5,2865,3,bound_static,5.254872
1,128,true,count_distinct_i64,5,2865,4,before,5.251193
1,128,true,count_distinct_i64,5,2865,5,after,5.243092
1,128,true,count_distinct_i64,6,2865,0,enum_static,5.297949
1,128,true,count_distinct_i64,6,2865,1,bound_dynamic,5.277414
1,128,true,count_distinct_i64,6,2865,2,bound_static,5.259846
1,128,true,count_distinct_i64,6,2865,3,before,5.261896
1,128,true,count_distinct_i64,6,2865,4,after,5.236358
1,128,true,count_distinct_i64,6,2865,5,enum_dynamic,5.308799
1,128,true,count_distinct_i64,7,2865,0,bound_dynamic,5.277356
1,128,true,count_distinct_i64,7,2865,1,bound_static,5.267045
1,128,true,count_distinct_i64,7,2865,2,before,5.257970
1,128,true,count_distinct_i64,7,2865,3,after,5.250858
1,128,true,count_distinct_i64,7,2865,4,enum_dynamic,5.298924
1,128,true,count_distinct_i64,7,2865,5,enum_static,5.303825
1,128,true,count_distinct_i64,8,2865,0,bound_static,5.255046
1,128,true,count_distinct_i64,8,2865,1,before,5.267089
1,128,true,count_distinct_i64,8,2865,2,after,5.245070
1,128,true,count_distinct_i64,8,2865,3,enum_dynamic,5.288235
1,128,true,count_distinct_i64,8,2865,4,enum_static,5.539267
1,128,true,count_distinct_i64,8,2865,5,bound_dynamic,5.364631
1,128,true,count_distinct_i64,9,2865,0,before,5.503941
1,128,true,count_distinct_i64,9,2865,1,after,5.470986
1,128,true,count_distinct_i64,9,2865,2,enum_dynamic,5.586198
1,128,true,count_distinct_i64,9,2865,3,enum_static,5.308392
1,128,true,count_distinct_i64,9,2865,4,bound_dynamic,5.385369
1,128,true,count_distinct_i64,9,2865,5,bound_static,5.534846
1,128,true,count_distinct_i64,10,2865,0,after,5.510151
1,128,true,count_distinct_i64,10,2865,1,enum_dynamic,5.730628
1,128,true,count_distinct_i64,10,2865,2,enum_static,5.604872
1,128,true,count_distinct_i64,10,2865,3,bound_dynamic,5.552952
1,128,true,count_distinct_i64,10,2865,4,bound_static,5.521713
1,128,true,count_distinct_i64,10,2865,5,before,5.534526
1,128,true,count_distinct_i64,11,2865,0,enum_dynamic,5.668368
1,128,true,count_distinct_i64,11,2865,1,enum_static,5.494473
1,128,true,count_distinct_i64,11,2865,2,bound_dynamic,5.501775
1,128,true,count_distinct_i64,11,2865,3,bound_static,5.453956
1,128,true,count_distinct_i64,11,2865,4,before,5.456443
1,128,true,count_distinct_i64,11,2865,5,after,5.457679
1,65536,false,covar_i64,0,72,0,enum_static,219.148153
1,65536,false,covar_i64,0,72,1,bound_dynamic,217.133097
1,65536,false,covar_i64,0,72,2,bound_static,214.649306
1,65536,false,covar_i64,0,72,3,before,220.756375
1,65536,false,covar_i64,0,72,4,after,215.184611
1,65536,false,covar_i64,0,72,5,enum_dynamic,224.960653
1,65536,false,covar_i64,1,72,0,bound_dynamic,219.701972
1,65536,false,covar_i64,1,72,1,bound_static,209.538194
1,65536,false,covar_i64,1,72,2,before,217.454861
1,65536,false,covar_i64,1,72,3,after,208.963542
1,65536,false,covar_i64,1,72,4,enum_dynamic,214.787625
1,65536,false,covar_i64,1,72,5,enum_static,215.539347
1,65536,false,covar_i64,2,72,0,bound_static,208.761000
1,65536,false,covar_i64,2,72,1,before,215.660875
1,65536,false,covar_i64,2,72,2,after,209.790500
1,65536,false,covar_i64,2,72,3,enum_dynamic,215.601847
1,65536,false,covar_i64,2,72,4,enum_static,215.091444
1,65536,false,covar_i64,2,72,5,bound_dynamic,209.177667
1,65536,false,covar_i64,3,72,0,before,214.468181
1,65536,false,covar_i64,3,72,1,after,207.443861
1,65536,false,covar_i64,3,72,2,enum_dynamic,214.931125
1,65536,false,covar_i64,3,72,3,enum_static,215.127889
1,65536,false,covar_i64,3,72,4,bound_dynamic,208.166083
1,65536,false,covar_i64,3,72,5,bound_static,209.096069
1,65536,false,covar_i64,4,72,0,after,208.107056
1,65536,false,covar_i64,4,72,1,enum_dynamic,216.601861
1,65536,false,covar_i64,4,72,2,enum_static,216.127319
1,65536,false,covar_i64,4,72,3,bound_dynamic,210.140042
1,65536,false,covar_i64,4,72,4,bound_static,209.577542
1,65536,false,covar_i64,4,72,5,before,219.468750
1,65536,false,covar_i64,5,72,0,enum_dynamic,215.846639
1,65536,false,covar_i64,5,72,1,enum_static,214.615750
1,65536,false,covar_i64,5,72,2,bound_dynamic,212.857069
1,65536,false,covar_i64,5,72,3,bound_static,208.814236
1,65536,false,covar_i64,5,72,4,before,212.212958
1,65536,false,covar_i64,5,72,5,after,203.358208
1,65536,false,covar_i64,6,72,0,enum_static,209.558458
1,65536,false,covar_i64,6,72,1,bound_dynamic,203.143514
1,65536,false,covar_i64,6,72,2,bound_static,209.255792
1,65536,false,covar_i64,6,72,3,before,210.068292
1,65536,false,covar_i64,6,72,4,after,205.819444
1,65536,false,covar_i64,6,72,5,enum_dynamic,214.438069
1,65536,false,covar_i64,7,72,0,bound_dynamic,206.893514
1,65536,false,covar_i64,7,72,1,bound_static,207.815389
1,65536,false,covar_i64,7,72,2,before,215.306139
1,65536,false,covar_i64,7,72,3,after,202.966431
1,65536,false,covar_i64,7,72,4,enum_dynamic,214.619792
1,65536,false,covar_i64,7,72,5,enum_static,216.247681
1,65536,false,covar_i64,8,72,0,bound_static,209.170722
1,65536,false,covar_i64,8,72,1,before,212.722792
1,65536,false,covar_i64,8,72,2,after,208.775472
1,65536,false,covar_i64,8,72,3,enum_dynamic,217.143528
1,65536,false,covar_i64,8,72,4,enum_static,212.395250
1,65536,false,covar_i64,8,72,5,bound_dynamic,203.529514
1,65536,false,covar_i64,9,72,0,before,216.780681
1,65536,false,covar_i64,9,72,1,after,206.865736
1,65536,false,covar_i64,9,72,2,enum_dynamic,208.730319
1,65536,false,covar_i64,9,72,3,enum_static,209.342597
1,65536,false,covar_i64,9,72,4,bound_dynamic,202.830444
1,65536,false,covar_i64,9,72,5,bound_static,201.745944
1,65536,false,covar_i64,10,72,0,after,201.489000
1,65536,false,covar_i64,10,72,1,enum_dynamic,206.877319
1,65536,false,covar_i64,10,72,2,enum_static,207.473389
1,65536,false,covar_i64,10,72,3,bound_dynamic,201.181708
1,65536,false,covar_i64,10,72,4,bound_static,201.130792
1,65536,false,covar_i64,10,72,5,before,206.901625
1,65536,false,covar_i64,11,72,0,enum_dynamic,207.221056
1,65536,false,covar_i64,11,72,1,enum_static,207.164931
1,65536,false,covar_i64,11,72,2,bound_dynamic,201.777208
1,65536,false,covar_i64,11,72,3,bound_static,201.408569
1,65536,false,covar_i64,11,72,4,before,208.366903
1,65536,false,covar_i64,11,72,5,after,201.163778
1,65536,true,min_utf8,0,18,0,enum_static,854.877278
1,65536,true,min_utf8,0,18,1,bound_dynamic,879.585667
1,65536,true,min_utf8,0,18,2,bound_static,859.930556
1,65536,true,min_utf8,0,18,3,before,888.851833
1,65536,true,min_utf8,0,18,4,after,852.597222
1,65536,true,min_utf8,0,18,5,enum_dynamic,860.759222
1,65536,true,min_utf8,1,18,0,bound_dynamic,875.456000
1,65536,true,min_utf8,1,18,1,bound_static,840.104167
1,65536,true,min_utf8,1,18,2,before,868.891222
1,65536,true,min_utf8,1,18,3,after,855.312500
1,65536,true,min_utf8,1,18,4,enum_dynamic,879.138889
1,65536,true,min_utf8,1,18,5,enum_static,858.458333
1,65536,true,min_utf8,2,18,0,bound_static,860.175889
1,65536,true,min_utf8,2,18,1,before,884.972222
1,65536,true,min_utf8,2,18,2,after,860.243056
1,65536,true,min_utf8,2,18,3,enum_dynamic,877.460667
1,65536,true,min_utf8,2,18,4,enum_static,860.113444
1,65536,true,min_utf8,2,18,5,bound_dynamic,906.546333
1,65536,true,min_utf8,3,18,0,before,875.032444
1,65536,true,min_utf8,3,18,1,after,858.245389
1,65536,true,min_utf8,3,18,2,enum_dynamic,887.416667
1,65536,true,min_utf8,3,18,3,enum_static,855.664333
1,65536,true,min_utf8,3,18,4,bound_dynamic,878.229167
1,65536,true,min_utf8,3,18,5,bound_static,857.534722
1,65536,true,min_utf8,4,18,0,after,867.462944
1,65536,true,min_utf8,4,18,1,enum_dynamic,861.067111
1,65536,true,min_utf8,4,18,2,enum_static,854.430556
1,65536,true,min_utf8,4,18,3,bound_dynamic,893.847222
1,65536,true,min_utf8,4,18,4,bound_static,869.803278
1,65536,true,min_utf8,4,18,5,before,871.935167
1,65536,true,min_utf8,5,18,0,enum_dynamic,884.629611
1,65536,true,min_utf8,5,18,1,enum_static,859.669000
1,65536,true,min_utf8,5,18,2,bound_dynamic,899.175944
1,65536,true,min_utf8,5,18,3,bound_static,858.611111
1,65536,true,min_utf8,5,18,4,before,880.108778
1,65536,true,min_utf8,5,18,5,after,889.983778
1,65536,true,min_utf8,6,18,0,enum_static,858.773167
1,65536,true,min_utf8,6,18,1,bound_dynamic,914.919000
1,65536,true,min_utf8,6,18,2,bound_static,844.564778
1,65536,true,min_utf8,6,18,3,before,862.071778
1,65536,true,min_utf8,6,18,4,after,856.164389
1,65536,true,min_utf8,6,18,5,enum_dynamic,875.576389
1,65536,true,min_utf8,7,18,0,bound_dynamic,890.615722
1,65536,true,min_utf8,7,18,1,bound_static,863.851889
1,65536,true,min_utf8,7,18,2,before,875.106500
1,65536,true,min_utf8,7,18,3,after,862.773167
1,65536,true,min_utf8,7,18,4,enum_dynamic,861.229167
1,65536,true,min_utf8,7,18,5,enum_static,848.125000
1,65536,true,min_utf8,8,18,0,bound_static,854.472222
1,65536,true,min_utf8,8,18,1,before,879.548611
1,65536,true,min_utf8,8,18,2,after,856.162056
1,65536,true,min_utf8,8,18,3,enum_dynamic,874.928278
1,65536,true,min_utf8,8,18,4,enum_static,863.687500
1,65536,true,min_utf8,8,18,5,bound_dynamic,878.488389
1,65536,true,min_utf8,9,18,0,before,871.326389
1,65536,true,min_utf8,9,18,1,after,858.409722
1,65536,true,min_utf8,9,18,2,enum_dynamic,879.331056
1,65536,true,min_utf8,9,18,3,enum_static,856.335667
1,65536,true,min_utf8,9,18,4,bound_dynamic,896.108778
1,65536,true,min_utf8,9,18,5,bound_static,860.395833
1,65536,true,min_utf8,10,18,0,after,863.229167
1,65536,true,min_utf8,10,18,1,enum_dynamic,878.958333
1,65536,true,min_utf8,10,18,2,enum_static,858.618056
1,65536,true,min_utf8,10,18,3,bound_dynamic,896.210667
1,65536,true,min_utf8,10,18,4,bound_static,859.645833
1,65536,true,min_utf8,10,18,5,before,884.562500
1,65536,true,min_utf8,11,18,0,enum_dynamic,882.946722
1,65536,true,min_utf8,11,18,1,enum_static,860.708333
1,65536,true,min_utf8,11,18,2,bound_dynamic,894.527778
1,65536,true,min_utf8,11,18,3,bound_static,841.770833
1,65536,true,min_utf8,11,18,4,before,857.921278
1,65536,true,min_utf8,11,18,5,after,847.713000
1,128,true,sum_i64,0,38660,0,enum_static,0.391792
1,128,true,sum_i64,0,38660,1,bound_dynamic,0.401055
1,128,true,sum_i64,0,38660,2,bound_static,0.386708
1,128,true,sum_i64,0,38660,3,before,0.390683
1,128,true,sum_i64,0,38660,4,after,0.384773
1,128,true,sum_i64,0,38660,5,enum_dynamic,0.416209
1,128,true,sum_i64,1,38660,0,bound_dynamic,0.396346
1,128,true,sum_i64,1,38660,1,bound_static,0.389677
1,128,true,sum_i64,1,38660,2,before,0.390391
1,128,true,sum_i64,1,38660,3,after,0.386977
1,128,true,sum_i64,1,38660,4,enum_dynamic,0.412848
1,128,true,sum_i64,1,38660,5,enum_static,0.390317
1,128,true,sum_i64,2,38660,0,bound_static,0.387076
1,128,true,sum_i64,2,38660,1,before,0.385467
1,128,true,sum_i64,2,38660,2,after,0.385064
1,128,true,sum_i64,2,38660,3,enum_dynamic,0.408149
1,128,true,sum_i64,2,38660,4,enum_static,0.393627
1,128,true,sum_i64,2,38660,5,bound_dynamic,0.394109
1,128,true,sum_i64,3,38660,0,before,0.387989
1,128,true,sum_i64,3,38660,1,after,0.385229
1,128,true,sum_i64,3,38660,2,enum_dynamic,0.412443
1,128,true,sum_i64,3,38660,3,enum_static,0.387974
1,128,true,sum_i64,3,38660,4,bound_dynamic,0.397446
1,128,true,sum_i64,3,38660,5,bound_static,0.387432
1,128,true,sum_i64,4,38660,0,after,0.384341
1,128,true,sum_i64,4,38660,1,enum_dynamic,0.417140
1,128,true,sum_i64,4,38660,2,enum_static,0.390155
1,128,true,sum_i64,4,38660,3,bound_dynamic,0.395894
1,128,true,sum_i64,4,38660,4,bound_static,0.387742
1,128,true,sum_i64,4,38660,5,before,0.387477
1,128,true,sum_i64,5,38660,0,enum_dynamic,0.413761
1,128,true,sum_i64,5,38660,1,enum_static,0.389132
1,128,true,sum_i64,5,38660,2,bound_dynamic,0.397799
1,128,true,sum_i64,5,38660,3,bound_static,0.386168
1,128,true,sum_i64,5,38660,4,before,0.394130
1,128,true,sum_i64,5,38660,5,after,0.385620
1,128,true,sum_i64,6,38660,0,enum_static,0.390715
1,128,true,sum_i64,6,38660,1,bound_dynamic,0.395525
1,128,true,sum_i64,6,38660,2,bound_static,0.386517
1,128,true,sum_i64,6,38660,3,before,0.392054
1,128,true,sum_i64,6,38660,4,after,0.386614
1,128,true,sum_i64,6,38660,5,enum_dynamic,0.424097
1,128,true,sum_i64,7,38660,0,bound_dynamic,0.394378
1,128,true,sum_i64,7,38660,1,bound_static,0.384270
1,128,true,sum_i64,7,38660,2,before,0.391126
1,128,true,sum_i64,7,38660,3,after,0.386304
1,128,true,sum_i64,7,38660,4,enum_dynamic,0.408106
1,128,true,sum_i64,7,38660,5,enum_static,0.391172
1,128,true,sum_i64,8,38660,0,bound_static,0.384913
1,128,true,sum_i64,8,38660,1,before,0.389473
1,128,true,sum_i64,8,38660,2,after,0.385860
1,128,true,sum_i64,8,38660,3,enum_dynamic,0.407610
1,128,true,sum_i64,8,38660,4,enum_static,0.391323
1,128,true,sum_i64,8,38660,5,bound_dynamic,0.395493
1,128,true,sum_i64,9,38660,0,before,0.388966
1,128,true,sum_i64,9,38660,1,after,0.387154
1,128,true,sum_i64,9,38660,2,enum_dynamic,0.408276
1,128,true,sum_i64,9,38660,3,enum_static,0.391372
1,128,true,sum_i64,9,38660,4,bound_dynamic,0.396161
1,128,true,sum_i64,9,38660,5,bound_static,0.389871
1,128,true,sum_i64,10,38660,0,after,0.391075
1,128,true,sum_i64,10,38660,1,enum_dynamic,0.414160
1,128,true,sum_i64,10,38660,2,enum_static,0.391486
1,128,true,sum_i64,10,38660,3,bound_dynamic,0.395048
1,128,true,sum_i64,10,38660,4,bound_static,0.391616
1,128,true,sum_i64,10,38660,5,before,0.388282
1,128,true,sum_i64,11,38660,0,enum_dynamic,0.413368
1,128,true,sum_i64,11,38660,1,enum_static,0.388295
1,128,true,sum_i64,11,38660,2,bound_dynamic,0.395973
1,128,true,sum_i64,11,38660,3,bound_static,0.389380
1,128,true,sum_i64,11,38660,4,before,0.392511
1,128,true,sum_i64,11,38660,5,after,0.385302
1,65536,false,sum_i64,0,132,0,enum_static,114.848167
1,65536,false,sum_i64,0,132,1,bound_dynamic,113.996530
1,65536,false,sum_i64,0,132,2,bound_static,114.056500
1,65536,false,sum_i64,0,132,3,before,114.284727
1,65536,false,sum_i64,0,132,4,after,113.810924
1,65536,false,sum_i64,0,132,5,enum_dynamic,114.473167
1,65536,false,sum_i64,1,132,0,bound_dynamic,114.295455
1,65536,false,sum_i64,1,132,1,bound_static,114.597848
1,65536,false,sum_i64,1,132,2,before,114.351636
1,65536,false,sum_i64,1,132,3,after,114.624371
1,65536,false,sum_i64,1,132,4,enum_dynamic,114.412879
1,65536,false,sum_i64,1,132,5,enum_static,114.826386
1,65536,false,sum_i64,2,132,0,bound_static,114.446659
1,65536,false,sum_i64,2,132,1,before,114.507258
1,65536,false,sum_i64,2,132,2,after,114.416038
1,65536,false,sum_i64,2,132,3,enum_dynamic,114.507894
1,65536,false,sum_i64,2,132,4,enum_static,114.371530
1,65536,false,sum_i64,2,132,5,bound_dynamic,114.607955
1,65536,false,sum_i64,3,132,0,before,114.701705
1,65536,false,sum_i64,3,132,1,after,114.832068
1,65536,false,sum_i64,3,132,2,enum_dynamic,114.113636
1,65536,false,sum_i64,3,132,3,enum_static,114.309977
1,65536,false,sum_i64,3,132,4,bound_dynamic,114.523674
1,65536,false,sum_i64,3,132,5,bound_static,114.407826
1,65536,false,sum_i64,4,132,0,after,114.141727
1,65536,false,sum_i64,4,132,1,enum_dynamic,114.902144
1,65536,false,sum_i64,4,132,2,enum_static,114.375000
1,65536,false,sum_i64,4,132,3,bound_dynamic,114.561553
1,65536,false,sum_i64,4,132,4,bound_static,114.221591
1,65536,false,sum_i64,4,132,5,before,114.777144
1,65536,false,sum_i64,5,132,0,enum_dynamic,115.972220
1,65536,false,sum_i64,5,132,1,enum_static,116.092485
1,65536,false,sum_i64,5,132,2,bound_dynamic,113.137311
1,65536,false,sum_i64,5,132,3,bound_static,114.559970
1,65536,false,sum_i64,5,132,4,before,114.408455
1,65536,false,sum_i64,5,132,5,after,114.282197
1,65536,false,sum_i64,6,132,0,enum_static,114.573545
1,65536,false,sum_i64,6,132,1,bound_dynamic,114.285667
1,65536,false,sum_i64,6,132,2,bound_static,114.568500
1,65536,false,sum_i64,6,132,3,before,114.190341
1,65536,false,sum_i64,6,132,4,after,114.134788
1,65536,false,sum_i64,6,132,5,enum_dynamic,114.228220
1,65536,false,sum_i64,7,132,0,bound_dynamic,114.198864
1,65536,false,sum_i64,7,132,1,bound_static,113.261992
1,65536,false,sum_i64,7,132,2,before,113.949492
1,65536,false,sum_i64,7,132,3,after,114.187182
1,65536,false,sum_i64,7,132,4,enum_dynamic,114.512947
1,65536,false,sum_i64,7,132,5,enum_static,114.247795
1,65536,false,sum_i64,8,132,0,bound_static,114.213697
1,65536,false,sum_i64,8,132,1,before,114.362371
1,65536,false,sum_i64,8,132,2,after,114.262939
1,65536,false,sum_i64,8,132,3,enum_dynamic,114.310606
1,65536,false,sum_i64,8,132,4,enum_static,114.265470
1,65536,false,sum_i64,8,132,5,bound_dynamic,114.179924
1,65536,false,sum_i64,9,132,0,before,114.544189
1,65536,false,sum_i64,9,132,1,after,114.626894
1,65536,false,sum_i64,9,132,2,enum_dynamic,114.266417
1,65536,false,sum_i64,9,132,3,enum_static,114.634788
1,65536,false,sum_i64,9,132,4,bound_dynamic,114.351636
1,65536,false,sum_i64,9,132,5,bound_static,114.436871
1,65536,false,sum_i64,10,132,0,after,114.427402
1,65536,false,sum_i64,10,132,1,enum_dynamic,114.369947
1,65536,false,sum_i64,10,132,2,enum_static,114.163515
1,65536,false,sum_i64,10,132,3,bound_dynamic,114.424242
1,65536,false,sum_i64,10,132,4,bound_static,115.671720
1,65536,false,sum_i64,10,132,5,before,114.462121
1,65536,false,sum_i64,11,132,0,enum_dynamic,114.675826
1,65536,false,sum_i64,11,132,1,enum_static,114.346273
1,65536,false,sum_i64,11,132,2,bound_dynamic,114.569447
1,65536,false,sum_i64,11,132,3,bound_static,114.961174
1,65536,false,sum_i64,11,132,4,before,116.099750
1,65536,false,sum_i64,11,132,5,after,113.874053
1,8192,true,count_i64,0,2405,0,enum_static,6.278534
1,8192,true,count_i64,0,2405,1,bound_dynamic,6.400190
1,8192,true,count_i64,0,2405,2,bound_static,6.562994
1,8192,true,count_i64,0,2405,3,before,6.250208
1,8192,true,count_i64,0,2405,4,after,6.493901
1,8192,true,count_i64,0,2405,5,enum_dynamic,6.276143
1,8192,true,count_i64,1,2405,0,bound_dynamic,6.386798
1,8192,true,count_i64,1,2405,1,bound_static,6.552547
1,8192,true,count_i64,1,2405,2,before,6.343070
1,8192,true,count_i64,1,2405,3,after,6.523753
1,8192,true,count_i64,1,2405,4,enum_dynamic,6.225537
1,8192,true,count_i64,1,2405,5,enum_static,6.058402
1,8192,true,count_i64,2,2405,0,bound_static,6.568953
1,8192,true,count_i64,2,2405,1,before,6.276161
1,8192,true,count_i64,2,2405,2,after,6.426230
1,8192,true,count_i64,2,2405,3,enum_dynamic,6.270357
1,8192,true,count_i64,2,2405,4,enum_static,6.162370
1,8192,true,count_i64,2,2405,5,bound_dynamic,6.494958
1,8192,true,count_i64,3,2405,0,before,6.290835
1,8192,true,count_i64,3,2405,1,after,6.505163
1,8192,true,count_i64,3,2405,2,enum_dynamic,6.358333
1,8192,true,count_i64,3,2405,3,enum_static,6.153517
1,8192,true,count_i64,3,2405,4,bound_dynamic,6.505301
1,8192,true,count_i64,3,2405,5,bound_static,6.566770
1,8192,true,count_i64,4,2405,0,after,6.527148
1,8192,true,count_i64,4,2405,1,enum_dynamic,6.282484
1,8192,true,count_i64,4,2405,2,enum_static,6.077893
1,8192,true,count_i64,4,2405,3,bound_dynamic,6.573857
1,8192,true,count_i64,4,2405,4,bound_static,6.583576
1,8192,true,count_i64,4,2405,5,before,6.217394
1,8192,true,count_i64,5,2405,0,enum_dynamic,6.360707
1,8192,true,count_i64,5,2405,1,enum_static,6.181792
1,8192,true,count_i64,5,2405,2,bound_dynamic,6.504990
1,8192,true,count_i64,5,2405,3,bound_static,6.669369
1,8192,true,count_i64,5,2405,4,before,6.350173
1,8192,true,count_i64,5,2405,5,after,6.496899
1,8192,true,count_i64,6,2405,0,enum_static,6.109840
1,8192,true,count_i64,6,2405,1,bound_dynamic,6.382762
1,8192,true,count_i64,6,2405,2,bound_static,6.548805
1,8192,true,count_i64,6,2405,3,before,6.217775
1,8192,true,count_i64,6,2405,4,after,6.385204
1,8192,true,count_i64,6,2405,5,enum_dynamic,6.290333
1,8192,true,count_i64,7,2405,0,bound_dynamic,6.447800
1,8192,true,count_i64,7,2405,1,bound_static,6.553170
1,8192,true,count_i64,7,2405,2,before,6.234269
1,8192,true,count_i64,7,2405,3,after,6.374064
1,8192,true,count_i64,7,2405,4,enum_dynamic,6.308437
1,8192,true,count_i64,7,2405,5,enum_static,6.155371
1,8192,true,count_i64,8,2405,0,bound_static,6.636764
1,8192,true,count_i64,8,2405,1,before,6.247904
1,8192,true,count_i64,8,2405,2,after,6.395270
1,8192,true,count_i64,8,2405,3,enum_dynamic,6.244144
1,8192,true,count_i64,8,2405,4,enum_static,6.203621
1,8192,true,count_i64,8,2405,5,bound_dynamic,6.432519
1,8192,true,count_i64,9,2405,0,before,6.245235
1,8192,true,count_i64,9,2405,1,after,6.376195
1,8192,true,count_i64,9,2405,2,enum_dynamic,6.280388
1,8192,true,count_i64,9,2405,3,enum_static,6.172921
1,8192,true,count_i64,9,2405,4,bound_dynamic,6.372782
1,8192,true,count_i64,9,2405,5,bound_static,6.542186
1,8192,true,count_i64,10,2405,0,after,6.370980
1,8192,true,count_i64,10,2405,1,enum_dynamic,6.309338
1,8192,true,count_i64,10,2405,2,enum_static,6.167117
1,8192,true,count_i64,10,2405,3,bound_dynamic,6.394335
1,8192,true,count_i64,10,2405,4,bound_static,6.576906
1,8192,true,count_i64,10,2405,5,before,6.308160
1,8192,true,count_i64,11,2405,0,enum_dynamic,6.238531
1,8192,true,count_i64,11,2405,1,enum_static,6.098198
1,8192,true,count_i64,11,2405,2,bound_dynamic,6.512353
1,8192,true,count_i64,11,2405,3,bound_static,6.612179
1,8192,true,count_i64,11,2405,4,before,6.302564
1,8192,true,count_i64,11,2405,5,after,6.376698
1,8192,true,max_i64,0,327,0,enum_static,46.348116
1,8192,true,max_i64,0,327,1,bound_dynamic,49.586517
1,8192,true,max_i64,0,327,2,bound_static,47.035168
1,8192,true,max_i64,0,327,3,before,47.326196
1,8192,true,max_i64,0,327,4,after,47.062180
1,8192,true,max_i64,0,327,5,enum_dynamic,47.306067
1,8192,true,max_i64,1,327,0,bound_dynamic,49.495795
1,8192,true,max_i64,1,327,1,bound_static,46.146278
1,8192,true,max_i64,1,327,2,before,46.684376
1,8192,true,max_i64,1,327,3,after,47.326196
1,8192,true,max_i64,1,327,4,enum_dynamic,47.228211
1,8192,true,max_i64,1,327,5,enum_static,47.219801
1,8192,true,max_i64,2,327,0,bound_static,47.152651
1,8192,true,max_i64,2,327,1,before,47.184633
1,8192,true,max_i64,2,327,2,after,47.500511
1,8192,true,max_i64,2,327,3,enum_dynamic,47.136596
1,8192,true,max_i64,2,327,4,enum_static,47.873853
1,8192,true,max_i64,2,327,5,bound_dynamic,48.511086
1,8192,true,max_i64,3,327,0,before,46.525740
1,8192,true,max_i64,3,327,1,after,46.909021
1,8192,true,max_i64,3,327,2,enum_dynamic,46.786826
1,8192,true,max_i64,3,327,3,enum_static,47.184251
1,8192,true,max_i64,3,327,4,bound_dynamic,49.166920
1,8192,true,max_i64,3,327,5,bound_static,47.135960
1,8192,true,max_i64,4,327,0,after,47.020131
1,8192,true,max_i64,4,327,1,enum_dynamic,47.086391
1,8192,true,max_i64,4,327,2,enum_static,47.092125
1,8192,true,max_i64,4,327,3,bound_dynamic,49.183997
1,8192,true,max_i64,4,327,4,bound_static,47.001783
1,8192,true,max_i64,4,327,5,before,47.144495
1,8192,true,max_i64,5,327,0,enum_dynamic,47.097223
1,8192,true,max_i64,5,327,1,enum_static,47.060780
1,8192,true,max_i64,5,327,2,bound_dynamic,49.273318
1,8192,true,max_i64,5,327,3,bound_static,46.412080
1,8192,true,max_i64,5,327,4,before,46.391437
1,8192,true,max_i64,5,327,5,after,46.255352
1,8192,true,max_i64,6,327,0,enum_static,47.224135
1,8192,true,max_i64,6,327,1,bound_dynamic,49.268349
1,8192,true,max_i64,6,327,2,bound_static,47.045107
1,8192,true,max_i64,6,327,3,before,47.118248
1,8192,true,max_i64,6,327,4,after,47.285040
1,8192,true,max_i64,6,327,5,enum_dynamic,47.324541
1,8192,true,max_i64,7,327,0,bound_dynamic,49.232798
1,8192,true,max_i64,7,327,1,bound_static,46.989807
1,8192,true,max_i64,7,327,2,before,47.224006
1,8192,true,max_i64,7,327,3,after,47.463685
1,8192,true,max_i64,7,327,4,enum_dynamic,47.318168
1,8192,true,max_i64,7,327,5,enum_static,47.078746
1,8192,true,max_i64,8,327,0,bound_static,46.994774
1,8192,true,max_i64,8,327,1,before,47.089832
1,8192,true,max_i64,8,327,2,after,46.180810
1,8192,true,max_i64,8,327,3,enum_dynamic,46.752294
1,8192,true,max_i64,8,327,4,enum_static,47.126529
1,8192,true,max_i64,8,327,5,bound_dynamic,49.504080
1,8192,true,max_i64,9,327,0,before,46.607798
1,8192,true,max_i64,9,327,1,after,46.610092
1,8192,true,max_i64,9,327,2,enum_dynamic,46.998853
1,8192,true,max_i64,9,327,3,enum_static,47.225535
1,8192,true,max_i64,9,327,4,bound_dynamic,49.710373
1,8192,true,max_i64,9,327,5,bound_static,47.168703
1,8192,true,max_i64,10,327,0,after,47.306957
1,8192,true,max_i64,10,327,1,enum_dynamic,47.236749
1,8192,true,max_i64,10,327,2,enum_static,47.159404
1,8192,true,max_i64,10,327,3,bound_dynamic,49.259939
1,8192,true,max_i64,10,327,4,bound_static,46.462413
1,8192,true,max_i64,10,327,5,before,47.224006
1,8192,true,max_i64,11,327,0,enum_dynamic,47.252547
1,8192,true,max_i64,11,327,1,enum_static,47.121685
1,8192,true,max_i64,11,327,2,bound_dynamic,49.305046
1,8192,true,max_i64,11,327,3,bound_static,47.060269
1,8192,true,max_i64,11,327,4,before,47.562566
1,8192,true,max_i64,11,327,5,after,47.159150
1,65536,false,count_distinct_i64,0,8,0,enum_static,2915.770875
1,65536,false,count_distinct_i64,0,8,1,bound_dynamic,3012.182250
1,65536,false,count_distinct_i64,0,8,2,bound_static,3225.921875
1,65536,false,count_distinct_i64,0,8,3,before,2888.572875
1,65536,false,count_distinct_i64,0,8,4,after,3201.286375
1,65536,false,count_distinct_i64,0,8,5,enum_dynamic,3218.588500
1,65536,false,count_distinct_i64,1,8,0,bound_dynamic,2915.098875
1,65536,false,count_distinct_i64,1,8,1,bound_static,3210.510375
1,65536,false,count_distinct_i64,1,8,2,before,2906.869750
1,65536,false,count_distinct_i64,1,8,3,after,3239.651000
1,65536,false,count_distinct_i64,1,8,4,enum_dynamic,3201.953125
1,65536,false,count_distinct_i64,1,8,5,enum_static,2910.192625
1,65536,false,count_distinct_i64,2,8,0,bound_static,3223.078125
1,65536,false,count_distinct_i64,2,8,1,before,2908.770875
1,65536,false,count_distinct_i64,2,8,2,after,3215.432250
1,65536,false,count_distinct_i64,2,8,3,enum_dynamic,3216.192750
1,65536,false,count_distinct_i64,2,8,4,enum_static,2887.484375
1,65536,false,count_distinct_i64,2,8,5,bound_dynamic,2906.359375
1,65536,false,count_distinct_i64,3,8,0,before,2892.599000
1,65536,false,count_distinct_i64,3,8,1,after,3190.979250
1,65536,false,count_distinct_i64,3,8,2,enum_dynamic,3161.489625
1,65536,false,count_distinct_i64,3,8,3,enum_static,2870.359375
1,65536,false,count_distinct_i64,3,8,4,bound_dynamic,2906.197875
1,65536,false,count_distinct_i64,3,8,5,bound_static,3210.349000
1,65536,false,count_distinct_i64,4,8,0,after,3153.041625
1,65536,false,count_distinct_i64,4,8,1,enum_dynamic,3211.260375
1,65536,false,count_distinct_i64,4,8,2,enum_static,2899.817625
1,65536,false,count_distinct_i64,4,8,3,bound_dynamic,2903.770875
1,65536,false,count_distinct_i64,4,8,4,bound_static,3205.593750
1,65536,false,count_distinct_i64,4,8,5,before,2904.703125
1,65536,false,count_distinct_i64,5,8,0,enum_dynamic,3209.005250
1,65536,false,count_distinct_i64,5,8,1,enum_static,2912.354125
1,65536,false,count_distinct_i64,5,8,2,bound_dynamic,2959.500000
1,65536,false,count_distinct_i64,5,8,3,bound_static,3202.213500
1,65536,false,count_distinct_i64,5,8,4,before,2869.380125
1,65536,false,count_distinct_i64,5,8,5,after,3210.671875
1,65536,false,count_distinct_i64,6,8,0,enum_static,2890.729125
1,65536,false,count_distinct_i64,6,8,1,bound_dynamic,2888.843750
1,65536,false,count_distinct_i64,6,8,2,bound_static,3205.713500
1,65536,false,count_distinct_i64,6,8,3,before,2914.276125
1,65536,false,count_distinct_i64,6,8,4,after,3224.036500
1,65536,false,count_distinct_i64,6,8,5,enum_dynamic,3211.531250
1,65536,false,count_distinct_i64,7,8,0,bound_dynamic,2895.099000
1,65536,false,count_distinct_i64,7,8,1,bound_static,3230.067750
1,65536,false,count_distinct_i64,7,8,2,before,2913.651125
1,65536,false,count_distinct_i64,7,8,3,after,3215.224000
1,65536,false,count_distinct_i64,7,8,4,enum_dynamic,3230.359375
1,65536,false,count_distinct_i64,7,8,5,enum_static,2905.354250
1,65536,false,count_distinct_i64,8,8,0,bound_static,3217.640625
1,65536,false,count_distinct_i64,8,8,1,before,2903.942750
1,65536,false,count_distinct_i64,8,8,2,after,3194.093750
1,65536,false,count_distinct_i64,8,8,3,enum_dynamic,3205.864500
1,65536,false,count_distinct_i64,8,8,4,enum_static,2915.817750
1,65536,false,count_distinct_i64,8,8,5,bound_dynamic,2909.166625
1,65536,false,count_distinct_i64,9,8,0,before,2913.927125
1,65536,false,count_distinct_i64,9,8,1,after,3210.708375
1,65536,false,count_distinct_i64,9,8,2,enum_dynamic,3220.099000
1,65536,false,count_distinct_i64,9,8,3,enum_static,2900.343750
1,65536,false,count_distinct_i64,9,8,4,bound_dynamic,2904.703125
1,65536,false,count_distinct_i64,9,8,5,bound_static,3228.161375
1,65536,false,count_distinct_i64,10,8,0,after,3216.651000
1,65536,false,count_distinct_i64,10,8,1,enum_dynamic,3211.744750
1,65536,false,count_distinct_i64,10,8,2,enum_static,2944.078125
1,65536,false,count_distinct_i64,10,8,3,bound_dynamic,2911.302000
1,65536,false,count_distinct_i64,10,8,4,bound_static,3211.390625
1,65536,false,count_distinct_i64,10,8,5,before,2981.937500
1,65536,false,count_distinct_i64,11,8,0,enum_dynamic,3212.703125
1,65536,false,count_distinct_i64,11,8,1,enum_static,2957.583250
1,65536,false,count_distinct_i64,11,8,2,bound_dynamic,2990.073000
1,65536,false,count_distinct_i64,11,8,3,bound_static,3214.625000
1,65536,false,count_distinct_i64,11,8,4,before,2962.104125
1,65536,false,count_distinct_i64,11,8,5,after,3224.677125
1,8192,true,max_utf8,0,138,0,enum_static,110.673609
1,8192,true,max_utf8,0,138,1,bound_dynamic,112.394022
1,8192,true,max_utf8,0,138,2,bound_static,109.484304
1,8192,true,max_utf8,0,138,3,before,110.179949
1,8192,true,max_utf8,0,138,4,after,109.033210
1,8192,true,max_utf8,0,138,5,enum_dynamic,107.787739
1,8192,true,max_utf8,1,138,0,bound_dynamic,110.608399
1,8192,true,max_utf8,1,138,1,bound_static,109.496986
1,8192,true,max_utf8,1,138,2,before,110.514493
1,8192,true,max_utf8,1,138,3,after,110.294681
1,8192,true,max_utf8,1,138,4,enum_dynamic,110.180551
1,8192,true,max_utf8,1,138,5,enum_static,110.107486
1,8192,true,max_utf8,2,138,0,bound_static,109.879529
1,8192,true,max_utf8,2,138,1,before,110.984601
1,8192,true,max_utf8,2,138,2,after,109.940217
1,8192,true,max_utf8,2,138,3,enum_dynamic,109.685391
1,8192,true,max_utf8,2,138,4,enum_static,109.976145
1,8192,true,max_utf8,2,138,5,bound_dynamic,113.005138
1,8192,true,max_utf8,3,138,0,before,111.228261
1,8192,true,max_utf8,3,138,1,after,111.022341
1,8192,true,max_utf8,3,138,2,enum_dynamic,110.022949
1,8192,true,max_utf8,3,138,3,enum_static,110.378928
1,8192,true,max_utf8,3,138,4,bound_dynamic,111.744870
1,8192,true,max_utf8,3,138,5,bound_static,109.572761
1,8192,true,max_utf8,4,138,0,after,110.385268
1,8192,true,max_utf8,4,138,1,enum_dynamic,110.821261
1,8192,true,max_utf8,4,138,2,enum_static,110.128014
1,8192,true,max_utf8,4,138,3,bound_dynamic,111.705312
1,8192,true,max_utf8,4,138,4,bound_static,112.022949
1,8192,true,max_utf8,4,138,5,before,107.332428
1,8192,true,max_utf8,5,138,0,enum_dynamic,109.301630
1,8192,true,max_utf8,5,138,1,enum_static,110.182065
1,8192,true,max_utf8,5,138,2,bound_dynamic,112.793783
1,8192,true,max_utf8,5,138,3,bound_static,110.556159
1,8192,true,max_utf8,5,138,4,before,110.336355
1,8192,true,max_utf8,5,138,5,after,110.510268
1,8192,true,max_utf8,6,138,0,enum_static,110.093297
1,8192,true,max_utf8,6,138,1,bound_dynamic,111.837261
1,8192,true,max_utf8,6,138,2,bound_static,110.019326
1,8192,true,max_utf8,6,138,3,before,110.474638
1,8192,true,max_utf8,6,138,4,after,108.937797
1,8192,true,max_utf8,6,138,5,enum_dynamic,109.855674
1,8192,true,max_utf8,7,138,0,bound_dynamic,112.000609
1,8192,true,max_utf8,7,138,1,bound_static,109.579109
1,8192,true,max_utf8,7,138,2,before,110.222826
1,8192,true,max_utf8,7,138,3,after,110.374703
1,8192,true,max_utf8,7,138,4,enum_dynamic,110.386471
1,8192,true,max_utf8,7,138,5,enum_static,110.485804
1,8192,true,max_utf8,8,138,0,bound_static,110.420594
1,8192,true,max_utf8,8,138,1,before,109.678138
1,8192,true,max_utf8,8,138,2,after,109.728261
1,8192,true,max_utf8,8,138,3,enum_dynamic,109.691123
1,8192,true,max_utf8,8,138,4,enum_static,111.145833
1,8192,true,max_utf8,8,138,5,bound_dynamic,110.310993
1,8192,true,max_utf8,9,138,0,before,108.688101
1,8192,true,max_utf8,9,138,1,after,109.641304
1,8192,true,max_utf8,9,138,2,enum_dynamic,110.191123
1,8192,true,max_utf8,9,138,3,enum_static,109.414551
1,8192,true,max_utf8,9,138,4,bound_dynamic,110.903384
1,8192,true,max_utf8,9,138,5,bound_static,107.691123
1,8192,true,max_utf8,10,138,0,after,110.129529
1,8192,true,max_utf8,10,138,1,enum_dynamic,109.956826
1,8192,true,max_utf8,10,138,2,enum_static,108.249399
1,8192,true,max_utf8,10,138,3,bound_dynamic,110.962565
1,8192,true,max_utf8,10,138,4,bound_static,109.661232
1,8192,true,max_utf8,10,138,5,before,111.289855
1,8192,true,max_utf8,11,138,0,enum_dynamic,108.594812
1,8192,true,max_utf8,11,138,1,enum_static,108.438710
1,8192,true,max_utf8,11,138,2,bound_dynamic,112.166370
1,8192,true,max_utf8,11,138,3,bound_static,110.291964
1,8192,true,max_utf8,11,138,4,before,109.677841
1,8192,true,max_utf8,11,138,5,after,108.258152
1,8192,false,min_i64,0,375,0,enum_static,41.635776
1,8192,false,min_i64,0,375,1,bound_dynamic,48.011888
1,8192,false,min_i64,0,375,2,bound_static,43.466557
1,8192,false,min_i64,0,375,3,before,45.299888
1,8192,false,min_i64,0,375,4,after,42.951667
1,8192,false,min_i64,0,375,5,enum_dynamic,45.557667
1,8192,false,min_i64,1,375,0,bound_dynamic,47.924333
1,8192,false,min_i64,1,375,1,bound_static,42.978333
1,8192,false,min_i64,1,375,2,before,45.323000
1,8192,false,min_i64,1,375,3,after,42.939112
1,8192,false,min_i64,1,375,4,enum_dynamic,45.587779
1,8192,false,min_i64,1,375,5,enum_static,43.370891
1,8192,false,min_i64,2,375,0,bound_static,42.928333
1,8192,false,min_i64,2,375,1,before,45.659667
1,8192,false,min_i64,2,375,2,after,43.187667
1,8192,false,min_i64,2,375,3,enum_dynamic,45.507667
1,8192,false,min_i64,2,375,4,enum_static,43.336333
1,8192,false,min_i64,2,375,5,bound_dynamic,47.416555
1,8192,false,min_i64,3,375,0,before,44.999000
1,8192,false,min_i64,3,375,1,after,42.360445
1,8192,false,min_i64,3,375,2,enum_dynamic,44.664779
1,8192,false,min_i64,3,375,3,enum_static,41.126221
1,8192,false,min_i64,3,375,4,bound_dynamic,47.947224
1,8192,false,min_i64,3,375,5,bound_static,42.837333
1,8192,false,min_i64,4,375,0,after,43.077667
1,8192,false,min_i64,4,375,1,enum_dynamic,45.348888
1,8192,false,min_i64,4,375,2,enum_static,43.454333
1,8192,false,min_i64,4,375,3,bound_dynamic,46.898445
1,8192,false,min_i64,4,375,4,bound_static,42.866667
1,8192,false,min_i64,4,375,5,before,45.381109
1,8192,false,min_i64,5,375,0,enum_dynamic,45.615000
1,8192,false,min_i64,5,375,1,enum_static,43.297221
1,8192,false,min_i64,5,375,2,bound_dynamic,47.835224
1,8192,false,min_i64,5,375,3,bound_static,43.112779
1,8192,false,min_i64,5,375,4,before,45.264445
1,8192,false,min_i64,5,375,5,after,43.076224
1,8192,false,min_i64,6,375,0,enum_static,44.815443
1,8192,false,min_i64,6,375,1,bound_dynamic,47.857445
1,8192,false,min_i64,6,375,2,bound_static,42.937224
1,8192,false,min_i64,6,375,3,before,45.616776
1,8192,false,min_i64,6,375,4,after,43.140000
1,8192,false,min_i64,6,375,5,enum_dynamic,45.556445
1,8192,false,min_i64,7,375,0,bound_dynamic,47.937555
1,8192,false,min_i64,7,375,1,bound_static,42.830667
1,8192,false,min_i64,7,375,2,before,45.541000
1,8192,false,min_i64,7,375,3,after,43.444443
1,8192,false,min_i64,7,375,4,enum_dynamic,45.586000
1,8192,false,min_i64,7,375,5,enum_static,41.959109
1,8192,false,min_i64,8,375,0,bound_static,42.987221
1,8192,false,min_i64,8,375,1,before,45.124445
1,8192,false,min_i64,8,375,2,after,43.080221
1,8192,false,min_i64,8,375,3,enum_dynamic,45.488888
1,8192,false,min_i64,8,375,4,enum_static,43.315557
1,8192,false,min_i64,8,375,5,bound_dynamic,47.635779
1,8192,false,min_i64,9,375,0,before,44.918555
1,8192,false,min_i64,9,375,1,after,42.886333
1,8192,false,min_i64,9,375,2,enum_dynamic,45.018443
1,8192,false,min_i64,9,375,3,enum_static,41.153888
1,8192,false,min_i64,9,375,4,bound_dynamic,47.047109
1,8192,false,min_i64,9,375,5,bound_static,42.162667
1,8192,false,min_i64,10,375,0,after,42.483445
1,8192,false,min_i64,10,375,1,enum_dynamic,45.457443
1,8192,false,min_i64,10,375,2,enum_static,40.657333
1,8192,false,min_i64,10,375,3,bound_dynamic,47.769224
1,8192,false,min_i64,10,375,4,bound_static,42.993333
1,8192,false,min_i64,10,375,5,before,45.425776
1,8192,false,min_i64,11,375,0,enum_dynamic,45.556000
1,8192,false,min_i64,11,375,1,enum_static,43.137000
1,8192,false,min_i64,11,375,2,bound_dynamic,47.866333
1,8192,false,min_i64,11,375,3,bound_static,42.734667
1,8192,false,min_i64,11,375,4,before,44.630779
1,8192,false,min_i64,11,375,5,after,42.666779
1,128,false,count_star,0,50000,0,enum_static,0.070968
1,128,false,count_star,0,50000,1,bound_dynamic,0.069258
1,128,false,count_star,0,50000,2,bound_static,0.069260
1,128,false,count_star,0,50000,3,before,0.071589
1,128,false,count_star,0,50000,4,after,0.069206
1,128,false,count_star,0,50000,5,enum_dynamic,0.070809
1,128,false,count_star,1,50000,0,bound_dynamic,0.069475
1,128,false,count_star,1,50000,1,bound_static,0.069243
1,128,false,count_star,1,50000,2,before,0.071818
1,128,false,count_star,1,50000,3,after,0.067906
1,128,false,count_star,1,50000,4,enum_dynamic,0.069625
1,128,false,count_star,1,50000,5,enum_static,0.069636
1,128,false,count_star,2,50000,0,bound_static,0.069554
1,128,false,count_star,2,50000,1,before,0.071471
1,128,false,count_star,2,50000,2,after,0.069201
1,128,false,count_star,2,50000,3,enum_dynamic,0.070853
1,128,false,count_star,2,50000,4,enum_static,0.071433
1,128,false,count_star,2,50000,5,bound_dynamic,0.069205
1,128,false,count_star,3,50000,0,before,0.070911
1,128,false,count_star,3,50000,1,after,0.069312
1,128,false,count_star,3,50000,2,enum_dynamic,0.070862
1,128,false,count_star,3,50000,3,enum_static,0.070913
1,128,false,count_star,3,50000,4,bound_dynamic,0.070096
1,128,false,count_star,3,50000,5,bound_static,0.072939
1,128,false,count_star,4,50000,0,after,0.068397
1,128,false,count_star,4,50000,1,enum_dynamic,0.069709
1,128,false,count_star,4,50000,2,enum_static,0.069940
1,128,false,count_star,4,50000,3,bound_dynamic,0.067909
1,128,false,count_star,4,50000,4,bound_static,0.067962
1,128,false,count_star,4,50000,5,before,0.069797
1,128,false,count_star,5,50000,0,enum_dynamic,0.069481
1,128,false,count_star,5,50000,1,enum_static,0.070038
1,128,false,count_star,5,50000,2,bound_dynamic,0.070254
1,128,false,count_star,5,50000,3,bound_static,0.067888
1,128,false,count_star,5,50000,4,before,0.069718
1,128,false,count_star,5,50000,5,after,0.069622
1,128,false,count_star,6,50000,0,enum_static,0.070013
1,128,false,count_star,6,50000,1,bound_dynamic,0.068103
1,128,false,count_star,6,50000,2,bound_static,0.068134
1,128,false,count_star,6,50000,3,before,0.069727
1,128,false,count_star,6,50000,4,after,0.067918
1,128,false,count_star,6,50000,5,enum_dynamic,0.069566
1,128,false,count_star,7,50000,0,bound_dynamic,0.069138
1,128,false,count_star,7,50000,1,bound_static,0.070672
1,128,false,count_star,7,50000,2,before,0.070852
1,128,false,count_star,7,50000,3,after,0.068166
1,128,false,count_star,7,50000,4,enum_dynamic,0.070931
1,128,false,count_star,7,50000,5,enum_static,0.069648
1,128,false,count_star,8,50000,0,bound_static,0.067901
1,128,false,count_star,8,50000,1,before,0.069715
1,128,false,count_star,8,50000,2,after,0.068474
1,128,false,count_star,8,50000,3,enum_dynamic,0.069489
1,128,false,count_star,8,50000,4,enum_static,0.069851
1,128,false,count_star,8,50000,5,bound_dynamic,0.067902
1,128,false,count_star,9,50000,0,before,0.069754
1,128,false,count_star,9,50000,1,after,0.068010
1,128,false,count_star,9,50000,2,enum_dynamic,0.069534
1,128,false,count_star,9,50000,3,enum_static,0.069660
1,128,false,count_star,9,50000,4,bound_dynamic,0.069145
1,128,false,count_star,9,50000,5,bound_static,0.069132
1,128,false,count_star,10,50000,0,after,0.070300
1,128,false,count_star,10,50000,1,enum_dynamic,0.070896
1,128,false,count_star,10,50000,2,enum_static,0.070945
1,128,false,count_star,10,50000,3,bound_dynamic,0.069139
1,128,false,count_star,10,50000,4,bound_static,0.069178
1,128,false,count_star,10,50000,5,before,0.070956
1,128,false,count_star,11,50000,0,enum_dynamic,0.070898
1,128,false,count_star,11,50000,1,enum_static,0.070948
1,128,false,count_star,11,50000,2,bound_dynamic,0.069153
1,128,false,count_star,11,50000,3,bound_static,0.069198
1,128,false,count_star,11,50000,4,before,0.070945
1,128,false,count_star,11,50000,5,after,0.069208
1,128,true,max_i64,0,16696,0,enum_static,0.876160
1,128,true,max_i64,0,16696,1,bound_dynamic,0.915721
1,128,true,max_i64,0,16696,2,bound_static,0.875584
1,128,true,max_i64,0,16696,3,before,0.903450
1,128,true,max_i64,0,16696,4,after,0.875462
1,128,true,max_i64,0,16696,5,enum_dynamic,0.918062
1,128,true,max_i64,1,16696,0,bound_dynamic,0.917438
1,128,true,max_i64,1,16696,1,bound_static,0.875225
1,128,true,max_i64,1,16696,2,before,0.905474
1,128,true,max_i64,1,16696,3,after,0.875077
1,128,true,max_i64,1,16696,4,enum_dynamic,0.923847
1,128,true,max_i64,1,16696,5,enum_static,0.878429
1,128,true,max_i64,2,16696,0,bound_static,0.876902
1,128,true,max_i64,2,16696,1,before,0.906075
1,128,true,max_i64,2,16696,2,after,0.874913
1,128,true,max_i64,2,16696,3,enum_dynamic,0.922169
1,128,true,max_i64,2,16696,4,enum_static,0.877743
1,128,true,max_i64,2,16696,5,bound_dynamic,0.918122
1,128,true,max_i64,3,16696,0,before,0.904957
1,128,true,max_i64,3,16696,1,after,0.876749
1,128,true,max_i64,3,16696,2,enum_dynamic,0.920121
1,128,true,max_i64,3,16696,3,enum_static,0.879924
1,128,true,max_i64,3,16696,4,bound_dynamic,0.918219
1,128,true,max_i64,3,16696,5,bound_static,0.877278
1,128,true,max_i64,4,16696,0,after,0.879889
1,128,true,max_i64,4,16696,1,enum_dynamic,0.925097
1,128,true,max_i64,4,16696,2,enum_static,0.879153
1,128,true,max_i64,4,16696,3,bound_dynamic,0.923592
1,128,true,max_i64,4,16696,4,bound_static,0.888611
1,128,true,max_i64,4,16696,5,before,0.896315
1,128,true,max_i64,5,16696,0,enum_dynamic,0.918663
1,128,true,max_i64,5,16696,1,enum_static,0.882884
1,128,true,max_i64,5,16696,2,bound_dynamic,0.923989
1,128,true,max_i64,5,16696,3,bound_static,0.879058
1,128,true,max_i64,5,16696,4,before,0.906515
1,128,true,max_i64,5,16696,5,after,0.882235
1,128,true,max_i64,6,16696,0,enum_static,0.884653
1,128,true,max_i64,6,16696,1,bound_dynamic,0.924865
1,128,true,max_i64,6,16696,2,bound_static,0.880762
1,128,true,max_i64,6,16696,3,before,0.907882
1,128,true,max_i64,6,16696,4,after,0.879028
1,128,true,max_i64,6,16696,5,enum_dynamic,0.926906
1,128,true,max_i64,7,16696,0,bound_dynamic,0.925394
1,128,true,max_i64,7,16696,1,bound_static,0.876814
1,128,true,max_i64,7,16696,2,before,0.907051
1,128,true,max_i64,7,16696,3,after,0.878813
1,128,true,max_i64,7,16696,4,enum_dynamic,0.928286
1,128,true,max_i64,7,16696,5,enum_static,0.882679
1,128,true,max_i64,8,16696,0,bound_static,0.880540
1,128,true,max_i64,8,16696,1,before,0.906432
1,128,true,max_i64,8,16696,2,after,0.886799
1,128,true,max_i64,8,16696,3,enum_dynamic,0.925993
1,128,true,max_i64,8,16696,4,enum_static,0.885437
1,128,true,max_i64,8,16696,5,bound_dynamic,0.923896
1,128,true,max_i64,9,16696,0,before,0.907780
1,128,true,max_i64,9,16696,1,after,0.880905
1,128,true,max_i64,9,16696,2,enum_dynamic,0.925636
1,128,true,max_i64,9,16696,3,enum_static,0.886228
1,128,true,max_i64,9,16696,4,bound_dynamic,0.900248
1,128,true,max_i64,9,16696,5,bound_static,0.860648
1,128,true,max_i64,10,16696,0,after,0.875344
1,128,true,max_i64,10,16696,1,enum_dynamic,0.918014
1,128,true,max_i64,10,16696,2,enum_static,0.876787
1,128,true,max_i64,10,16696,3,bound_dynamic,0.918214
1,128,true,max_i64,10,16696,4,bound_static,0.876021
1,128,true,max_i64,10,16696,5,before,0.904383
1,128,true,max_i64,11,16696,0,enum_dynamic,0.918361
1,128,true,max_i64,11,16696,1,enum_static,0.876103
1,128,true,max_i64,11,16696,2,bound_dynamic,0.916809
1,128,true,max_i64,11,16696,3,bound_static,0.874451
1,128,true,max_i64,11,16696,4,before,0.903278
1,128,true,max_i64,11,16696,5,after,0.874688
1,128,true,min_utf8,0,7347,0,enum_static,2.051036
1,128,true,min_utf8,0,7347,1,bound_dynamic,2.124841
1,128,true,min_utf8,0,7347,2,bound_static,2.014530
1,128,true,min_utf8,0,7347,3,before,2.072927
1,128,true,min_utf8,0,7347,4,after,2.042251
1,128,true,min_utf8,0,7347,5,enum_dynamic,2.109166
1,128,true,min_utf8,1,7347,0,bound_dynamic,2.131091
1,128,true,min_utf8,1,7347,1,bound_static,2.041638
1,128,true,min_utf8,1,7347,2,before,2.089674
1,128,true,min_utf8,1,7347,3,after,2.048177
1,128,true,min_utf8,1,7347,4,enum_dynamic,2.109540
1,128,true,min_utf8,1,7347,5,enum_static,2.065611
1,128,true,min_utf8,2,7347,0,bound_static,2.040646
1,128,true,min_utf8,2,7347,1,before,2.085772
1,128,true,min_utf8,2,7347,2,after,2.040294
1,128,true,min_utf8,2,7347,3,enum_dynamic,2.105400
1,128,true,min_utf8,2,7347,4,enum_static,2.066615
1,128,true,min_utf8,2,7347,5,bound_dynamic,2.123860
1,128,true,min_utf8,3,7347,0,before,2.090973
1,128,true,min_utf8,3,7347,1,after,2.042189
1,128,true,min_utf8,3,7347,2,enum_dynamic,2.110448
1,128,true,min_utf8,3,7347,3,enum_static,2.061272
1,128,true,min_utf8,3,7347,4,bound_dynamic,2.131652
1,128,true,min_utf8,3,7347,5,bound_static,2.024891
1,128,true,min_utf8,4,7347,0,after,2.011365
1,128,true,min_utf8,4,7347,1,enum_dynamic,2.061306
1,128,true,min_utf8,4,7347,2,enum_static,2.022124
1,128,true,min_utf8,4,7347,3,bound_dynamic,2.085744
1,128,true,min_utf8,4,7347,4,bound_static,2.028056
1,128,true,min_utf8,4,7347,5,before,2.084229
1,128,true,min_utf8,5,7347,0,enum_dynamic,2.098288
1,128,true,min_utf8,5,7347,1,enum_static,2.053973
1,128,true,min_utf8,5,7347,2,bound_dynamic,2.126486
1,128,true,min_utf8,5,7347,3,bound_static,2.042268
1,128,true,min_utf8,5,7347,4,before,2.075133
1,128,true,min_utf8,5,7347,5,after,2.044939
1,128,true,min_utf8,6,7347,0,enum_static,2.054512
1,128,true,min_utf8,6,7347,1,bound_dynamic,2.122715
1,128,true,min_utf8,6,7347,2,bound_static,2.044565
1,128,true,min_utf8,6,7347,3,before,2.084762
1,128,true,min_utf8,6,7347,4,after,2.066053
1,128,true,min_utf8,6,7347,5,enum_dynamic,2.132894
1,128,true,min_utf8,7,7347,0,bound_dynamic,2.150260
1,128,true,min_utf8,7,7347,1,bound_static,2.061681
1,128,true,min_utf8,7,7347,2,before,2.111548
1,128,true,min_utf8,7,7347,3,after,2.067085
1,128,true,min_utf8,7,7347,4,enum_dynamic,2.126730
1,128,true,min_utf8,7,7347,5,enum_static,2.077583
1,128,true,min_utf8,8,7347,0,bound_static,2.065265
1,128,true,min_utf8,8,7347,1,before,2.105275
1,128,true,min_utf8,8,7347,2,after,2.110266
1,128,true,min_utf8,8,7347,3,enum_dynamic,2.096865
1,128,true,min_utf8,8,7347,4,enum_static,2.076125
1,128,true,min_utf8,8,7347,5,bound_dynamic,2.117588
1,128,true,min_utf8,9,7347,0,before,2.106535
1,128,true,min_utf8,9,7347,1,after,2.191161
1,128,true,min_utf8,9,7347,2,enum_dynamic,2.931043
1,128,true,min_utf8,9,7347,3,enum_static,2.045574
1,128,true,min_utf8,9,7347,4,bound_dynamic,2.134131
1,128,true,min_utf8,9,7347,5,bound_static,2.030619
1,128,true,min_utf8,10,7347,0,after,2.008728
1,128,true,min_utf8,10,7347,1,enum_dynamic,2.096774
1,128,true,min_utf8,10,7347,2,enum_static,2.061567
1,128,true,min_utf8,10,7347,3,bound_dynamic,2.124989
1,128,true,min_utf8,10,7347,4,bound_static,2.043459
1,128,true,min_utf8,10,7347,5,before,2.079630
1,128,true,min_utf8,11,7347,0,enum_dynamic,2.110351
1,128,true,min_utf8,11,7347,1,enum_static,2.060994
1,128,true,min_utf8,11,7347,2,bound_dynamic,2.130320
1,128,true,min_utf8,11,7347,3,bound_static,2.039920
1,128,true,min_utf8,11,7347,4,before,2.089872
1,128,true,min_utf8,11,7347,5,after,2.039330
1,128,false,count_distinct_i64,0,2766,0,enum_static,5.468787
1,128,false,count_distinct_i64,0,2766,1,bound_dynamic,5.529826
1,128,false,count_distinct_i64,0,2766,2,bound_static,5.508420
1,128,false,count_distinct_i64,0,2766,3,before,5.571569
1,128,false,count_distinct_i64,0,2766,4,after,5.601305
1,128,false,count_distinct_i64,0,2766,5,enum_dynamic,5.635063
1,128,false,count_distinct_i64,1,2766,0,bound_dynamic,5.677136
1,128,false,count_distinct_i64,1,2766,1,bound_static,5.731110
1,128,false,count_distinct_i64,1,2766,2,before,5.581164
1,128,false,count_distinct_i64,1,2766,3,after,5.597765
1,128,false,count_distinct_i64,1,2766,4,enum_dynamic,5.673400
1,128,false,count_distinct_i64,1,2766,5,enum_static,5.733189
1,128,false,count_distinct_i64,2,2766,0,bound_static,5.774795
1,128,false,count_distinct_i64,2,2766,1,before,5.624699
1,128,false,count_distinct_i64,2,2766,2,after,5.497635
1,128,false,count_distinct_i64,2,2766,3,enum_dynamic,5.581044
1,128,false,count_distinct_i64,2,2766,4,enum_static,5.518227
1,128,false,count_distinct_i64,2,2766,5,bound_dynamic,5.568044
1,128,false,count_distinct_i64,3,2766,0,before,5.820921
1,128,false,count_distinct_i64,3,2766,1,after,5.542540
1,128,false,count_distinct_i64,3,2766,2,enum_dynamic,5.544303
1,128,false,count_distinct_i64,3,2766,3,enum_static,5.412765
1,128,false,count_distinct_i64,3,2766,4,bound_dynamic,5.791938
1,128,false,count_distinct_i64,3,2766,5,bound_static,5.350943
1,128,false,count_distinct_i64,4,2766,0,after,5.431188
1,128,false,count_distinct_i64,4,2766,1,enum_dynamic,5.497635
1,128,false,count_distinct_i64,4,2766,2,enum_static,5.466076
1,128,false,count_distinct_i64,4,2766,3,bound_dynamic,5.474030
1,128,false,count_distinct_i64,4,2766,4,bound_static,5.427467
1,128,false,count_distinct_i64,4,2766,5,before,5.431233
1,128,false,count_distinct_i64,5,2766,0,enum_dynamic,5.482255
1,128,false,count_distinct_i64,5,2766,1,enum_static,5.462867
1,128,false,count_distinct_i64,5,2766,2,bound_dynamic,5.467869
1,128,false,count_distinct_i64,5,2766,3,bound_static,5.427573
1,128,false,count_distinct_i64,5,2766,4,before,5.450108
1,128,false,count_distinct_i64,5,2766,5,after,5.422602
1,128,false,count_distinct_i64,6,2766,0,enum_static,5.464931
1,128,false,count_distinct_i64,6,2766,1,bound_dynamic,5.465956
1,128,false,count_distinct_i64,6,2766,2,bound_static,5.425720
1,128,false,count_distinct_i64,6,2766,3,before,5.440799
1,128,false,count_distinct_i64,6,2766,4,after,5.421367
1,128,false,count_distinct_i64,6,2766,5,enum_dynamic,5.474196
1,128,false,count_distinct_i64,7,2766,0,bound_dynamic,5.485117
1,128,false,count_distinct_i64,7,2766,1,bound_static,5.342839
1,128,false,count_distinct_i64,7,2766,2,before,5.403621
1,128,false,count_distinct_i64,7,2766,3,after,5.335382
1,128,false,count_distinct_i64,7,2766,4,enum_dynamic,5.415492
1,128,false,count_distinct_i64,7,2766,5,enum_static,5.477223
1,128,false,count_distinct_i64,8,2766,0,bound_static,5.411153
1,128,false,count_distinct_i64,8,2766,1,before,5.455064
1,128,false,count_distinct_i64,8,2766,2,after,5.453393
1,128,false,count_distinct_i64,8,2766,3,enum_dynamic,5.478670
1,128,false,count_distinct_i64,8,2766,4,enum_static,5.478248
1,128,false,count_distinct_i64,8,2766,5,bound_dynamic,5.434578
1,128,false,count_distinct_i64,9,2766,0,before,5.377711
1,128,false,count_distinct_i64,9,2766,1,after,5.425705
1,128,false,count_distinct_i64,9,2766,2,enum_dynamic,5.481050
1,128,false,count_distinct_i64,9,2766,3,enum_static,5.369396
1,128,false,count_distinct_i64,9,2766,4,bound_dynamic,5.462597
1,128,false,count_distinct_i64,9,2766,5,bound_static,5.432288
1,128,false,count_distinct_i64,10,2766,0,after,5.777552
1,128,false,count_distinct_i64,10,2766,1,enum_dynamic,5.431098
1,128,false,count_distinct_i64,10,2766,2,enum_static,5.460472
1,128,false,count_distinct_i64,10,2766,3,bound_dynamic,5.461798
1,128,false,count_distinct_i64,10,2766,4,bound_static,5.435225
1,128,false,count_distinct_i64,10,2766,5,before,5.428040
1,128,false,count_distinct_i64,11,2766,0,enum_dynamic,5.492830
1,128,false,count_distinct_i64,11,2766,1,enum_static,5.489500
1,128,false,count_distinct_i64,11,2766,2,bound_dynamic,5.475868
1,128,false,count_distinct_i64,11,2766,3,bound_static,5.421728
1,128,false,count_distinct_i64,11,2766,4,before,5.438163
1,128,false,count_distinct_i64,11,2766,5,after,5.428883
1,65536,true,count_star,0,483,0,enum_static,31.637853
1,65536,true,count_star,0,483,1,bound_dynamic,31.126983
1,65536,true,count_star,0,483,2,bound_static,31.242323
1,65536,true,count_star,0,483,3,before,31.583851
1,65536,true,count_star,0,483,4,after,31.131124
1,65536,true,count_star,0,483,5,enum_dynamic,31.560731
1,65536,true,count_star,1,483,0,bound_dynamic,31.153640
1,65536,true,count_star,1,483,1,bound_static,31.135526
1,65536,true,count_star,1,483,2,before,31.663217
1,65536,true,count_star,1,483,3,after,30.901398
1,65536,true,count_star,1,483,4,enum_dynamic,31.349120
1,65536,true,count_star,1,483,5,enum_static,31.655882
1,65536,true,count_star,2,483,0,bound_static,31.107576
1,65536,true,count_star,2,483,1,before,31.648292
1,65536,true,count_star,2,483,2,after,31.203934
1,65536,true,count_star,2,483,3,enum_dynamic,31.715925
1,65536,true,count_star,2,483,4,enum_static,31.688665
1,65536,true,count_star,2,483,5,bound_dynamic,31.123188
1,65536,true,count_star,3,483,0,before,31.873965
1,65536,true,count_star,3,483,1,after,30.831952
1,65536,true,count_star,3,483,2,enum_dynamic,31.434180
1,65536,true,count_star,3,483,3,enum_static,31.590754
1,65536,true,count_star,3,483,4,bound_dynamic,31.136128
1,65536,true,count_star,3,483,5,bound_static,31.130435
1,65536,true,count_star,4,483,0,after,31.200741
1,65536,true,count_star,4,483,1,enum_dynamic,31.803141
1,65536,true,count_star,4,483,2,enum_static,32.078503
1,65536,true,count_star,4,483,3,bound_dynamic,31.900017
1,65536,true,count_star,4,483,4,bound_static,31.722567
1,65536,true,count_star,4,483,5,before,31.513458
1,65536,true,count_star,5,483,0,enum_dynamic,31.580832
1,65536,true,count_star,5,483,1,enum_static,31.249569
1,65536,true,count_star,5,483,2,bound_dynamic,30.568928
1,65536,true,count_star,5,483,3,bound_static,31.058058
1,65536,true,count_star,5,483,4,before,31.580658
1,65536,true,count_star,5,483,5,after,31.221965
1,65536,true,count_star,6,483,0,enum_static,31.632075
1,65536,true,count_star,6,483,1,bound_dynamic,31.574275
1,65536,true,count_star,6,483,2,bound_static,30.692201
1,65536,true,count_star,6,483,3,before,31.499741
1,65536,true,count_star,6,483,4,after,31.152089
1,65536,true,count_star,6,483,5,enum_dynamic,31.638629
1,65536,true,count_star,7,483,0,bound_dynamic,31.142772
1,65536,true,count_star,7,483,1,bound_static,31.183747
1,65536,true,count_star,7,483,2,before,31.583161
1,65536,true,count_star,7,483,3,after,31.102226
1,65536,true,count_star,7,483,4,enum_dynamic,31.587992
1,65536,true,count_star,7,483,5,enum_static,31.522257
1,65536,true,count_star,8,483,0,bound_static,31.083248
1,65536,true,count_star,8,483,1,before,31.940994
1,65536,true,count_star,8,483,2,after,31.114648
1,65536,true,count_star,8,483,3,enum_dynamic,31.576605
1,65536,true,count_star,8,483,4,enum_static,31.567718
1,65536,true,count_star,8,483,5,bound_dynamic,31.260870
1,65536,true,count_star,9,483,0,before,31.467650
1,65536,true,count_star,9,483,1,after,31.178571
1,65536,true,count_star,9,483,2,enum_dynamic,31.554778
1,65536,true,count_star,9,483,3,enum_static,31.704710
1,65536,true,count_star,9,483,4,bound_dynamic,31.118704
1,65536,true,count_star,9,483,5,bound_static,31.219634
1,65536,true,count_star,10,483,0,after,31.236371
1,65536,true,count_star,10,483,1,enum_dynamic,31.616373
1,65536,true,count_star,10,483,2,enum_static,31.604383
1,65536,true,count_star,10,483,3,bound_dynamic,31.209023
1,65536,true,count_star,10,483,4,bound_static,31.131557
1,65536,true,count_star,10,483,5,before,31.612406
1,65536,true,count_star,11,483,0,enum_dynamic,31.641130
1,65536,true,count_star,11,483,1,enum_static,31.496290
1,65536,true,count_star,11,483,2,bound_dynamic,31.188665
1,65536,true,count_star,11,483,3,bound_static,31.121464
1,65536,true,count_star,11,483,4,before,31.683058
1,65536,true,count_star,11,483,5,after,31.072723
1,8192,true,sum_u64,0,910,0,enum_static,16.901099
1,8192,true,sum_u64,0,910,1,bound_dynamic,16.817949
1,8192,true,sum_u64,0,910,2,bound_static,16.915751
1,8192,true,sum_u64,0,910,3,before,16.786081
1,8192,true,sum_u64,0,910,4,after,16.874038
1,8192,true,sum_u64,0,910,5,enum_dynamic,16.847436
1,8192,true,sum_u64,1,910,0,bound_dynamic,16.882418
1,8192,true,sum_u64,1,910,1,bound_static,16.855311
1,8192,true,sum_u64,1,910,2,before,16.862316
1,8192,true,sum_u64,1,910,3,after,16.841712
1,8192,true,sum_u64,1,910,4,enum_dynamic,16.868726
1,8192,true,sum_u64,1,910,5,enum_static,16.888965
1,8192,true,sum_u64,2,910,0,bound_static,16.807692
1,8192,true,sum_u64,2,910,1,before,16.855907
1,8192,true,sum_u64,2,910,2,after,16.810944
1,8192,true,sum_u64,2,910,3,enum_dynamic,16.890110
1,8192,true,sum_u64,2,910,4,enum_static,17.070697
1,8192,true,sum_u64,2,910,5,bound_dynamic,16.759615
1,8192,true,sum_u64,3,910,0,before,16.854533
1,8192,true,sum_u64,3,910,1,after,16.849267
1,8192,true,sum_u64,3,910,2,enum_dynamic,16.857189
1,8192,true,sum_u64,3,910,3,enum_static,16.830220
1,8192,true,sum_u64,3,910,4,bound_dynamic,16.824313
1,8192,true,sum_u64,3,910,5,bound_static,16.828984
1,8192,true,sum_u64,4,910,0,after,16.859432
1,8192,true,sum_u64,4,910,1,enum_dynamic,16.821337
1,8192,true,sum_u64,4,910,2,enum_static,16.874679
1,8192,true,sum_u64,4,910,3,bound_dynamic,16.830448
1,8192,true,sum_u64,4,910,4,bound_static,16.842903
1,8192,true,sum_u64,4,910,5,before,16.872115
1,8192,true,sum_u64,5,910,0,enum_dynamic,16.862088
1,8192,true,sum_u64,5,910,1,enum_static,16.818407
1,8192,true,sum_u64,5,910,2,bound_dynamic,16.917857
1,8192,true,sum_u64,5,910,3,bound_static,16.885807
1,8192,true,sum_u64,5,910,4,before,16.906181
1,8192,true,sum_u64,5,910,5,after,16.847024
1,8192,true,sum_u64,6,910,0,enum_static,16.876281
1,8192,true,sum_u64,6,910,1,bound_dynamic,16.822253
1,8192,true,sum_u64,6,910,2,bound_static,16.817354
1,8192,true,sum_u64,6,910,3,before,16.838554
1,8192,true,sum_u64,6,910,4,after,16.831548
1,8192,true,sum_u64,6,910,5,enum_dynamic,16.829121
1,8192,true,sum_u64,7,910,0,bound_dynamic,16.838874
1,8192,true,sum_u64,7,910,1,bound_static,16.819093
1,8192,true,sum_u64,7,910,2,before,16.829899
1,8192,true,sum_u64,7,910,3,after,16.848580
1,8192,true,sum_u64,7,910,4,enum_dynamic,16.851923
1,8192,true,sum_u64,7,910,5,enum_static,16.881227
1,8192,true,sum_u64,8,910,0,bound_static,16.824679
1,8192,true,sum_u64,8,910,1,before,16.850733
1,8192,true,sum_u64,8,910,2,after,16.866301
1,8192,true,sum_u64,8,910,3,enum_dynamic,17.012225
1,8192,true,sum_u64,8,910,4,enum_static,16.931731
1,8192,true,sum_u64,8,910,5,bound_dynamic,16.894413
1,8192,true,sum_u64,9,910,0,before,16.881914
1,8192,true,sum_u64,9,910,1,after,16.849451
1,8192,true,sum_u64,9,910,2,enum_dynamic,16.875091
1,8192,true,sum_u64,9,910,3,enum_static,16.835669
1,8192,true,sum_u64,9,910,4,bound_dynamic,16.848123
1,8192,true,sum_u64,9,910,5,bound_static,16.844735
1,8192,true,sum_u64,10,910,0,after,16.868178
1,8192,true,sum_u64,10,910,1,enum_dynamic,16.863049
1,8192,true,sum_u64,10,910,2,enum_static,16.845696
1,8192,true,sum_u64,10,910,3,bound_dynamic,16.848671
1,8192,true,sum_u64,10,910,4,bound_static,16.822711
1,8192,true,sum_u64,10,910,5,before,16.875596
1,8192,true,sum_u64,11,910,0,enum_dynamic,17.034615
1,8192,true,sum_u64,11,910,1,enum_static,16.641026
1,8192,true,sum_u64,11,910,2,bound_dynamic,16.662316
1,8192,true,sum_u64,11,910,3,bound_static,16.824679
1,8192,true,sum_u64,11,910,4,before,16.861035
1,8192,true,sum_u64,11,910,5,after,16.851923
1,8192,true,min_utf8,0,139,0,enum_static,107.965230
1,8192,true,min_utf8,0,139,1,bound_dynamic,111.979619
1,8192,true,min_utf8,0,139,2,bound_static,107.373504
1,8192,true,min_utf8,0,139,3,before,109.984712
1,8192,true,min_utf8,0,139,4,after,107.979619
1,8192,true,min_utf8,0,139,5,enum_dynamic,109.596820
1,8192,true,min_utf8,1,139,0,bound_dynamic,113.187647
1,8192,true,min_utf8,1,139,1,bound_static,107.179259
1,8192,true,min_utf8,1,139,2,before,110.178058
1,8192,true,min_utf8,1,139,3,after,108.409475
1,8192,true,min_utf8,1,139,4,enum_dynamic,110.303655
1,8192,true,min_utf8,1,139,5,enum_static,108.031475
1,8192,true,min_utf8,2,139,0,bound_static,107.253295
1,8192,true,min_utf8,2,139,1,before,109.062345
1,8192,true,min_utf8,2,139,2,after,108.465525
1,8192,true,min_utf8,2,139,3,enum_dynamic,110.025784
1,8192,true,min_utf8,2,139,4,enum_static,107.897187
1,8192,true,min_utf8,2,139,5,bound_dynamic,113.444849
1,8192,true,min_utf8,3,139,0,before,109.748201
1,8192,true,min_utf8,3,139,1,after,107.998201
1,8192,true,min_utf8,3,139,2,enum_dynamic,109.834532
1,8192,true,min_utf8,3,139,3,enum_static,108.389993
1,8192,true,min_utf8,3,139,4,bound_dynamic,114.076439
1,8192,true,min_utf8,3,139,5,bound_static,107.205633
1,8192,true,min_utf8,4,139,0,after,107.926259
1,8192,true,min_utf8,4,139,1,enum_dynamic,110.766489
1,8192,true,min_utf8,4,139,2,enum_static,107.690345
1,8192,true,min_utf8,4,139,3,bound_dynamic,112.077640
1,8192,true,min_utf8,4,139,4,bound_static,107.943345
1,8192,true,min_utf8,4,139,5,before,110.043770
1,8192,true,min_utf8,5,139,0,enum_dynamic,109.598921
1,8192,true,min_utf8,5,139,1,enum_static,107.670266
1,8192,true,min_utf8,5,139,2,bound_dynamic,112.081835
1,8192,true,min_utf8,5,139,3,bound_static,107.106719
1,8192,true,min_utf8,5,139,4,before,110.317748
1,8192,true,min_utf8,5,139,5,after,107.938252
1,8192,true,min_utf8,6,139,0,enum_static,107.732914
1,8192,true,min_utf8,6,139,1,bound_dynamic,112.693043
1,8192,true,min_utf8,6,139,2,bound_static,107.841432
1,8192,true,min_utf8,6,139,3,before,110.945439
1,8192,true,min_utf8,6,139,4,after,108.121101
1,8192,true,min_utf8,6,139,5,enum_dynamic,110.562353
1,8192,true,min_utf8,7,139,0,bound_dynamic,109.795266
1,8192,true,min_utf8,7,139,1,bound_static,106.740108
1,8192,true,min_utf8,7,139,2,before,109.735612
1,8192,true,min_utf8,7,139,3,after,108.458331
1,8192,true,min_utf8,7,139,4,enum_dynamic,111.941849
1,8192,true,min_utf8,7,139,5,enum_static,107.169367
1,8192,true,min_utf8,8,139,0,bound_static,107.898381
1,8192,true,min_utf8,8,139,1,before,110.277576
1,8192,true,min_utf8,8,139,2,after,107.101921
1,8192,true,min_utf8,8,139,3,enum_dynamic,109.910676
1,8192,true,min_utf8,8,139,4,enum_static,107.846827
1,8192,true,min_utf8,8,139,5,bound_dynamic,112.270986
1,8192,true,min_utf8,9,139,0,before,110.102518
1,8192,true,min_utf8,9,139,1,after,108.313554
1,8192,true,min_utf8,9,139,2,enum_dynamic,109.997597
1,8192,true,min_utf8,9,139,3,enum_static,107.792266
1,8192,true,min_utf8,9,139,4,bound_dynamic,113.847417
1,8192,true,min_utf8,9,139,5,bound_static,107.803655
1,8192,true,min_utf8,10,139,0,after,105.862108
1,8192,true,min_utf8,10,139,1,enum_dynamic,109.853417
1,8192,true,min_utf8,10,139,2,enum_static,107.848324
1,8192,true,min_utf8,10,139,3,bound_dynamic,111.949345
1,8192,true,min_utf8,10,139,4,bound_static,107.511396
1,8192,true,min_utf8,10,139,5,before,111.594424
1,8192,true,min_utf8,11,139,0,enum_dynamic,109.802755
1,8192,true,min_utf8,11,139,1,enum_static,108.061748
1,8192,true,min_utf8,11,139,2,bound_dynamic,112.189446
1,8192,true,min_utf8,11,139,3,bound_static,107.865705
1,8192,true,min_utf8,11,139,4,before,110.455640
1,8192,true,min_utf8,11,139,5,after,107.556655
1,65536,true,count_i64,0,310,0,enum_static,48.684274
1,65536,true,count_i64,0,310,1,bound_dynamic,50.722042
1,65536,true,count_i64,0,310,2,bound_static,52.338439
1,65536,true,count_i64,0,310,3,before,50.556990
1,65536,true,count_i64,0,310,4,after,51.986426
1,65536,true,count_i64,0,310,5,enum_dynamic,51.997713
1,65536,true,count_i64,1,310,0,bound_dynamic,52.372445
1,65536,true,count_i64,1,310,1,bound_static,52.531587
1,65536,true,count_i64,1,310,2,before,51.573387
1,65536,true,count_i64,1,310,3,after,51.565323
1,65536,true,count_i64,1,310,4,enum_dynamic,51.664245
1,65536,true,count_i64,1,310,5,enum_static,49.386023
1,65536,true,count_i64,2,310,0,bound_static,53.450403
1,65536,true,count_i64,2,310,1,before,50.745161
1,65536,true,count_i64,2,310,2,after,51.068548
1,65536,true,count_i64,2,310,3,enum_dynamic,52.054032
1,65536,true,count_i64,2,310,4,enum_static,49.583200
1,65536,true,count_i64,2,310,5,bound_dynamic,51.893281
1,65536,true,count_i64,3,310,0,before,51.372848
1,65536,true,count_i64,3,310,1,after,51.862632
1,65536,true,count_i64,3,310,2,enum_dynamic,51.461426
1,65536,true,count_i64,3,310,3,enum_static,49.480781
1,65536,true,count_i64,3,310,4,bound_dynamic,51.905645
1,65536,true,count_i64,3,310,5,bound_static,52.678629
1,65536,true,count_i64,4,310,0,after,51.054839
1,65536,true,count_i64,4,310,1,enum_dynamic,51.082661
1,65536,true,count_i64,4,310,2,enum_static,49.387097
1,65536,true,count_i64,4,310,3,bound_dynamic,51.918952
1,65536,true,count_i64,4,310,4,bound_static,53.387635
1,65536,true,count_i64,4,310,5,before,52.160887
1,65536,true,count_i64,5,310,0,enum_dynamic,51.986558
1,65536,true,count_i64,5,310,1,enum_static,49.585484
1,65536,true,count_i64,5,310,2,bound_dynamic,51.969355
1,65536,true,count_i64,5,310,3,bound_static,53.443281
1,65536,true,count_i64,5,310,4,before,52.135081
1,65536,true,count_i64,5,310,5,after,52.024194
1,65536,true,count_i64,6,310,0,enum_static,49.454032
1,65536,true,count_i64,6,310,1,bound_dynamic,51.938171
1,65536,true,count_i64,6,310,2,bound_static,53.359542
1,65536,true,count_i64,6,310,3,before,52.145297
1,65536,true,count_i64,6,310,4,after,51.918816
1,65536,true,count_i64,6,310,5,enum_dynamic,52.046639
1,65536,true,count_i64,7,310,0,bound_dynamic,51.939919
1,65536,true,count_i64,7,310,1,bound_static,53.320026
1,65536,true,count_i64,7,310,2,before,52.124465
1,65536,true,count_i64,7,310,3,after,51.309945
1,65536,true,count_i64,7,310,4,enum_dynamic,51.200000
1,65536,true,count_i64,7,310,5,enum_static,49.749194
1,65536,true,count_i64,8,310,0,bound_static,52.588039
1,65536,true,count_i64,8,310,1,before,50.369219
1,65536,true,count_i64,8,310,2,after,52.078761
1,65536,true,count_i64,8,310,3,enum_dynamic,52.161694
1,65536,true,count_i64,8,310,4,enum_static,49.325403
1,65536,true,count_i64,8,310,5,bound_dynamic,50.903494
1,65536,true,count_i64,9,310,0,before,51.925268
1,65536,true,count_i64,9,310,1,after,51.894219
1,65536,true,count_i64,9,310,2,enum_dynamic,52.232126
1,65536,true,count_i64,9,310,3,enum_static,49.639784
1,65536,true,count_i64,9,310,4,bound_dynamic,51.968145
1,65536,true,count_i64,9,310,5,bound_static,53.515590
1,65536,true,count_i64,10,310,0,after,51.431181
1,65536,true,count_i64,10,310,1,enum_dynamic,51.202284
1,65536,true,count_i64,10,310,2,enum_static,49.207661
1,65536,true,count_i64,10,310,3,bound_dynamic,51.908065
1,65536,true,count_i64,10,310,4,bound_static,53.349194
1,65536,true,count_i64,10,310,5,before,51.118684
1,65536,true,count_i64,11,310,0,enum_dynamic,52.012232
1,65536,true,count_i64,11,310,1,enum_static,49.558200
1,65536,true,count_i64,11,310,2,bound_dynamic,51.913574
1,65536,true,count_i64,11,310,3,bound_static,53.478900
1,65536,true,count_i64,11,310,4,before,51.525539
1,65536,true,count_i64,11,310,5,after,51.988306
