process,rows,nullable,case,sample,iterations,position,variant,us_per_batch
0,128,true,count_star,0,50000,0,enum_dynamic,0.160178
0,128,true,count_star,0,50000,1,enum_static,0.133578
0,128,true,count_star,0,50000,2,bound_dynamic,0.120247
0,128,true,count_star,0,50000,3,bound_static,0.108878
0,128,true,count_star,0,50000,4,before,0.101483
0,128,true,count_star,0,50000,5,after,0.095378
0,128,true,count_star,1,50000,0,enum_static,0.091987
0,128,true,count_star,1,50000,1,bound_dynamic,0.089046
0,128,true,count_star,1,50000,2,bound_static,0.082015
0,128,true,count_star,1,50000,3,before,0.083820
0,128,true,count_star,1,50000,4,after,0.079565
0,128,true,count_star,1,50000,5,enum_dynamic,0.078937
0,128,true,count_star,2,50000,0,bound_dynamic,0.074822
0,128,true,count_star,2,50000,1,bound_static,0.072493
0,128,true,count_star,2,50000,2,before,0.073781
0,128,true,count_star,2,50000,3,after,0.069987
0,128,true,count_star,2,50000,4,enum_dynamic,0.072799
0,128,true,count_star,2,50000,5,enum_static,0.070235
0,128,true,count_star,3,50000,0,bound_static,0.068282
0,128,true,count_star,3,50000,1,before,0.069413
0,128,true,count_star,3,50000,2,after,0.067905
0,128,true,count_star,3,50000,3,enum_dynamic,0.070830
0,128,true,count_star,3,50000,4,enum_static,0.070283
0,128,true,count_star,3,50000,5,bound_dynamic,0.068087
0,128,true,count_star,4,50000,0,before,0.069357
0,128,true,count_star,4,50000,1,after,0.067979
0,128,true,count_star,4,50000,2,enum_dynamic,0.070870
0,128,true,count_star,4,50000,3,enum_static,0.069790
0,128,true,count_star,4,50000,4,bound_dynamic,0.067934
0,128,true,count_star,4,50000,5,bound_static,0.068343
0,128,true,count_star,5,50000,0,after,0.067962
0,128,true,count_star,5,50000,1,enum_dynamic,0.071290
0,128,true,count_star,5,50000,2,enum_static,0.070358
0,128,true,count_star,5,50000,3,bound_dynamic,0.070303
0,128,true,count_star,5,50000,4,bound_static,0.071073
0,128,true,count_star,5,50000,5,before,0.069307
0,128,true,count_star,6,50000,0,enum_dynamic,0.072689
0,128,true,count_star,6,50000,1,enum_static,0.069967
0,128,true,count_star,6,50000,2,bound_dynamic,0.067907
0,128,true,count_star,6,50000,3,bound_static,0.067988
0,128,true,count_star,6,50000,4,before,0.069587
0,128,true,count_star,6,50000,5,after,0.068544
0,128,true,count_star,7,50000,0,enum_static,0.069969
0,128,true,count_star,7,50000,1,bound_dynamic,0.067976
0,128,true,count_star,7,50000,2,bound_static,0.067900
0,128,true,count_star,7,50000,3,before,0.069644
0,128,true,count_star,7,50000,4,after,0.067847
0,128,true,count_star,7,50000,5,enum_dynamic,0.071083
0,128,true,count_star,8,50000,0,bound_dynamic,0.067947
0,128,true,count_star,8,50000,1,bound_static,0.067900
0,128,true,count_star,8,50000,2,before,0.069574
0,128,true,count_star,8,50000,3,after,0.068169
0,128,true,count_star,8,50000,4,enum_dynamic,0.071160
0,128,true,count_star,8,50000,5,enum_static,0.072167
0,128,true,count_star,9,50000,0,bound_static,0.068289
0,128,true,count_star,9,50000,1,before,0.069677
0,128,true,count_star,9,50000,2,after,0.068236
0,128,true,count_star,9,50000,3,enum_dynamic,0.070893
0,128,true,count_star,9,50000,4,enum_static,0.069698
0,128,true,count_star,9,50000,5,bound_dynamic,0.068054
0,128,true,count_star,10,50000,0,before,0.069905
0,128,true,count_star,10,50000,1,after,0.068239
0,128,true,count_star,10,50000,2,enum_dynamic,0.071249
0,128,true,count_star,10,50000,3,enum_static,0.069696
0,128,true,count_star,10,50000,4,bound_dynamic,0.068024
0,128,true,count_star,10,50000,5,bound_static,0.067953
0,128,true,count_star,11,50000,0,after,0.068209
0,128,true,count_star,11,50000,1,enum_dynamic,0.071231
0,128,true,count_star,11,50000,2,enum_static,0.069688
0,128,true,count_star,11,50000,3,bound_dynamic,0.068030
0,128,true,count_star,11,50000,4,bound_static,0.067903
0,128,true,count_star,11,50000,5,before,0.070167
0,8192,false,covar_i64,0,573,0,enum_dynamic,26.994328
0,8192,false,covar_i64,0,573,1,enum_static,27.030105
0,8192,false,covar_i64,0,573,2,bound_dynamic,26.359438
0,8192,false,covar_i64,0,573,3,bound_static,26.267234
0,8192,false,covar_i64,0,573,4,before,26.902124
0,8192,false,covar_i64,0,573,5,after,26.238803
0,8192,false,covar_i64,1,573,0,enum_static,26.934700
0,8192,false,covar_i64,1,573,1,bound_dynamic,26.237202
0,8192,false,covar_i64,1,573,2,bound_static,26.252037
0,8192,false,covar_i64,1,573,3,before,26.898997
0,8192,false,covar_i64,1,573,4,after,26.239965
0,8192,false,covar_i64,1,573,5,enum_dynamic,26.974841
0,8192,false,covar_i64,2,573,0,bound_dynamic,26.416377
0,8192,false,covar_i64,2,573,1,bound_static,26.233492
0,8192,false,covar_i64,2,573,2,before,26.939209
0,8192,false,covar_i64,2,573,3,after,26.339513
0,8192,false,covar_i64,2,573,4,enum_dynamic,27.005236
0,8192,false,covar_i64,2,573,5,enum_static,26.984002
0,8192,false,covar_i64,3,573,0,bound_static,26.409396
0,8192,false,covar_i64,3,573,1,before,27.054756
0,8192,false,covar_i64,3,573,2,after,26.301991
0,8192,false,covar_i64,3,573,3,enum_dynamic,27.003780
0,8192,false,covar_i64,3,573,4,enum_static,26.961314
0,8192,false,covar_i64,3,573,5,bound_dynamic,26.311663
0,8192,false,covar_i64,4,573,0,before,26.904232
0,8192,false,covar_i64,4,573,1,after,26.356166
0,8192,false,covar_i64,4,573,2,enum_dynamic,27.192627
0,8192,false,covar_i64,4,573,3,enum_static,27.067117
0,8192,false,covar_i64,4,573,4,bound_dynamic,26.267962
0,8192,false,covar_i64,4,573,5,bound_static,26.342204
0,8192,false,covar_i64,5,573,0,after,26.269124
0,8192,false,covar_i64,5,573,1,enum_dynamic,27.022033
0,8192,false,covar_i64,5,573,2,enum_static,27.405176
0,8192,false,covar_i64,5,573,3,bound_dynamic,26.457314
0,8192,false,covar_i64,5,573,4,bound_static,25.934264
0,8192,false,covar_i64,5,573,5,before,27.033740
0,8192,false,covar_i64,6,573,0,enum_dynamic,26.886054
0,8192,false,covar_i64,6,573,1,enum_static,27.328534
0,8192,false,covar_i64,6,573,2,bound_dynamic,26.162595
0,8192,false,covar_i64,6,573,3,bound_static,26.670375
0,8192,false,covar_i64,6,573,4,before,26.828389
0,8192,false,covar_i64,6,573,5,after,26.209642
0,8192,false,covar_i64,7,573,0,enum_static,26.956880
0,8192,false,covar_i64,7,573,1,bound_dynamic,26.212696
0,8192,false,covar_i64,7,573,2,bound_static,26.184265
0,8192,false,covar_i64,7,573,3,before,26.854930
0,8192,false,covar_i64,7,573,4,after,26.186592
0,8192,false,covar_i64,7,573,5,enum_dynamic,26.934555
0,8192,false,covar_i64,8,573,0,bound_dynamic,26.171902
0,8192,false,covar_i64,8,573,1,bound_static,26.289049
0,8192,false,covar_i64,8,573,2,before,26.897614
0,8192,false,covar_i64,8,573,3,after,26.289412
0,8192,false,covar_i64,8,573,4,enum_dynamic,26.941099
0,8192,false,covar_i64,8,573,5,enum_static,26.946262
0,8192,false,covar_i64,9,573,0,bound_static,26.168993
0,8192,false,covar_i64,9,573,1,before,26.910850
0,8192,false,covar_i64,9,573,2,after,26.195026
0,8192,false,covar_i64,9,573,3,enum_dynamic,26.978839
0,8192,false,covar_i64,9,573,4,enum_static,27.195389
0,8192,false,covar_i64,9,573,5,bound_dynamic,26.117438
0,8192,false,covar_i64,10,573,0,before,27.199024
0,8192,false,covar_i64,10,573,1,after,26.215604
0,8192,false,covar_i64,10,573,2,enum_dynamic,26.790794
0,8192,false,covar_i64,10,573,3,enum_static,27.164630
0,8192,false,covar_i64,10,573,4,bound_dynamic,25.946553
0,8192,false,covar_i64,10,573,5,bound_static,26.009017
0,8192,false,covar_i64,11,573,0,after,26.047775
0,8192,false,covar_i64,11,573,1,enum_dynamic,26.723312
0,8192,false,covar_i64,11,573,2,enum_static,26.636852
0,8192,false,covar_i64,11,573,3,bound_dynamic,26.232838
0,8192,false,covar_i64,11,573,4,bound_static,25.919649
0,8192,false,covar_i64,11,573,5,before,26.586461
0,128,true,count_distinct_i64,0,2924,0,enum_dynamic,5.142128
0,128,true,count_distinct_i64,0,2924,1,enum_static,5.148698
0,128,true,count_distinct_i64,0,2924,2,bound_dynamic,5.128406
0,128,true,count_distinct_i64,0,2924,3,bound_static,5.150479
0,128,true,count_distinct_i64,0,2924,4,before,5.128334
0,128,true,count_distinct_i64,0,2924,5,after,5.146802
0,128,true,count_distinct_i64,1,2924,0,enum_static,5.150436
0,128,true,count_distinct_i64,1,2924,1,bound_dynamic,5.144935
0,128,true,count_distinct_i64,1,2924,2,bound_static,5.160610
0,128,true,count_distinct_i64,1,2924,3,before,5.126197
0,128,true,count_distinct_i64,1,2924,4,after,5.131983
0,128,true,count_distinct_i64,1,2924,5,enum_dynamic,5.171953
0,128,true,count_distinct_i64,2,2924,0,bound_dynamic,5.134975
0,128,true,count_distinct_i64,2,2924,1,bound_static,5.160411
0,128,true,count_distinct_i64,2,2924,2,before,5.140903
0,128,true,count_distinct_i64,2,2924,3,after,5.128064
0,128,true,count_distinct_i64,2,2924,4,enum_dynamic,5.154241
0,128,true,count_distinct_i64,2,2924,5,enum_static,5.157347
0,128,true,count_distinct_i64,3,2924,0,bound_static,5.154455
0,128,true,count_distinct_i64,3,2924,1,before,5.142485
0,128,true,count_distinct_i64,3,2924,2,after,5.128890
0,128,true,count_distinct_i64,3,2924,3,enum_dynamic,5.168206
0,128,true,count_distinct_i64,3,2924,4,enum_static,5.151890
0,128,true,count_distinct_i64,3,2924,5,bound_dynamic,5.149852
0,128,true,count_distinct_i64,4,2924,0,before,5.141544
0,128,true,count_distinct_i64,4,2924,1,after,5.143824
0,128,true,count_distinct_i64,4,2924,2,enum_dynamic,5.223852
0,128,true,count_distinct_i64,4,2924,3,enum_static,5.157233
0,128,true,count_distinct_i64,4,2924,4,bound_dynamic,5.162064
0,128,true,count_distinct_i64,4,2924,5,bound_static,5.150293
0,128,true,count_distinct_i64,5,2924,0,after,5.140689
0,128,true,count_distinct_i64,5,2924,1,enum_dynamic,5.147159
0,128,true,count_distinct_i64,5,2924,2,enum_static,5.224763
0,128,true,count_distinct_i64,5,2924,3,bound_dynamic,5.143040
0,128,true,count_distinct_i64,5,2924,4,bound_static,5.163147
0,128,true,count_distinct_i64,5,2924,5,before,5.145277
0,128,true,count_distinct_i64,6,2924,0,enum_dynamic,5.163916
0,128,true,count_distinct_i64,6,2924,1,enum_static,5.180161
0,128,true,count_distinct_i64,6,2924,2,bound_dynamic,5.154782
0,128,true,count_distinct_i64,6,2924,3,bound_static,5.161793
0,128,true,count_distinct_i64,6,2924,4,before,5.137768
0,128,true,count_distinct_i64,6,2924,5,after,5.148612
0,128,true,count_distinct_i64,7,2924,0,enum_static,5.155167
0,128,true,count_distinct_i64,7,2924,1,bound_dynamic,5.168904
0,128,true,count_distinct_i64,7,2924,2,bound_static,5.167237
0,128,true,count_distinct_i64,7,2924,3,before,5.140618
0,128,true,count_distinct_i64,7,2924,4,after,5.133678
0,128,true,count_distinct_i64,7,2924,5,enum_dynamic,5.156008
0,128,true,count_distinct_i64,8,2924,0,bound_dynamic,5.133678
0,128,true,count_distinct_i64,8,2924,1,bound_static,5.156022
0,128,true,count_distinct_i64,8,2924,2,before,5.370455
0,128,true,count_distinct_i64,8,2924,3,after,5.366194
0,128,true,count_distinct_i64,8,2924,4,enum_dynamic,5.162078
0,128,true,count_distinct_i64,8,2924,5,enum_static,5.150208
0,128,true,count_distinct_i64,9,2924,0,bound_static,5.216185
0,128,true,count_distinct_i64,9,2924,1,before,5.179563
0,128,true,count_distinct_i64,9,2924,2,after,5.144936
0,128,true,count_distinct_i64,9,2924,3,enum_dynamic,5.138709
0,128,true,count_distinct_i64,9,2924,4,enum_static,5.148327
0,128,true,count_distinct_i64,9,2924,5,bound_dynamic,5.128463
0,128,true,count_distinct_i64,10,2924,0,before,5.147016
0,128,true,count_distinct_i64,10,2924,1,after,5.137397
0,128,true,count_distinct_i64,10,2924,2,enum_dynamic,5.140646
0,128,true,count_distinct_i64,10,2924,3,enum_static,5.158031
0,128,true,count_distinct_i64,10,2924,4,bound_dynamic,5.129945
0,128,true,count_distinct_i64,10,2924,5,bound_static,5.158331
0,128,true,count_distinct_i64,11,2924,0,after,5.137868
0,128,true,count_distinct_i64,11,2924,1,enum_dynamic,5.143012
0,128,true,count_distinct_i64,11,2924,2,enum_static,5.234824
0,128,true,count_distinct_i64,11,2924,3,bound_dynamic,5.129161
0,128,true,count_distinct_i64,11,2924,4,bound_static,5.147144
0,128,true,count_distinct_i64,11,2924,5,before,5.135944
0,65536,true,sum_u64,0,116,0,enum_dynamic,130.970905
0,65536,true,sum_u64,0,116,1,enum_static,130.783405
0,65536,true,sum_u64,0,116,2,bound_dynamic,130.863509
0,65536,true,sum_u64,0,116,3,bound_static,130.716595
0,65536,true,sum_u64,0,116,4,before,130.700069
0,65536,true,sum_u64,0,116,5,after,131.146552
0,65536,true,sum_u64,1,116,0,enum_static,130.699000
0,65536,true,sum_u64,1,116,1,bound_dynamic,130.954741
0,65536,true,sum_u64,1,116,2,bound_static,130.626078
0,65536,true,sum_u64,1,116,3,before,130.910560
0,65536,true,sum_u64,1,116,4,after,130.640086
0,65536,true,sum_u64,1,116,5,enum_dynamic,130.902664
0,65536,true,sum_u64,2,116,0,bound_dynamic,130.686060
0,65536,true,sum_u64,2,116,1,bound_static,130.770112
0,65536,true,sum_u64,2,116,2,before,132.091595
0,65536,true,sum_u64,2,116,3,after,130.509698
0,65536,true,sum_u64,2,116,4,enum_dynamic,130.933543
0,65536,true,sum_u64,2,116,5,enum_static,133.566810
0,65536,true,sum_u64,3,116,0,bound_static,131.743897
0,65536,true,sum_u64,3,116,1,before,130.850216
0,65536,true,sum_u64,3,116,2,after,130.897267
0,65536,true,sum_u64,3,116,3,enum_dynamic,130.863147
0,65536,true,sum_u64,3,116,4,enum_static,131.304603
0,65536,true,sum_u64,3,116,5,bound_dynamic,130.828310
0,65536,true,sum_u64,4,116,0,before,130.843750
0,65536,true,sum_u64,4,116,1,after,130.734198
0,65536,true,sum_u64,4,116,2,enum_dynamic,130.890448
0,65536,true,sum_u64,4,116,3,enum_static,133.337638
0,65536,true,sum_u64,4,116,4,bound_dynamic,130.693966
0,65536,true,sum_u64,4,116,5,bound_static,130.891526
0,65536,true,sum_u64,5,116,0,after,130.843397
0,65536,true,sum_u64,5,116,1,enum_dynamic,130.913793
0,65536,true,sum_u64,5,116,2,enum_static,131.190009
0,65536,true,sum_u64,5,116,3,bound_dynamic,130.543466
0,65536,true,sum_u64,5,116,4,bound_static,130.486353
0,65536,true,sum_u64,5,116,5,before,130.515810
0,65536,true,sum_u64,6,116,0,enum_dynamic,130.625362
0,65536,true,sum_u64,6,116,1,enum_static,130.627517
0,65536,true,sum_u64,6,116,2,bound_dynamic,131.079388
0,65536,true,sum_u64,6,116,3,bound_static,130.724500
0,65536,true,sum_u64,6,116,4,before,130.825431
0,65536,true,sum_u64,6,116,5,after,130.733474
0,65536,true,sum_u64,7,116,0,enum_static,130.757543
0,65536,true,sum_u64,7,116,1,bound_dynamic,130.875000
0,65536,true,sum_u64,7,116,2,bound_static,130.898707
0,65536,true,sum_u64,7,116,3,before,132.333698
0,65536,true,sum_u64,7,116,4,after,131.499276
0,65536,true,sum_u64,7,116,5,enum_dynamic,131.361716
0,65536,true,sum_u64,8,116,0,bound_dynamic,130.425293
0,65536,true,sum_u64,8,116,1,bound_static,130.598414
0,65536,true,sum_u64,8,116,2,before,130.593750
0,65536,true,sum_u64,8,116,3,after,130.794905
0,65536,true,sum_u64,8,116,4,enum_dynamic,130.780888
0,65536,true,sum_u64,8,116,5,enum_static,130.478802
0,65536,true,sum_u64,9,116,0,bound_static,130.641526
0,65536,true,sum_u64,9,116,1,before,130.516526
0,65536,true,sum_u64,9,116,2,after,130.391164
0,65536,true,sum_u64,9,116,3,enum_dynamic,130.393681
0,65536,true,sum_u64,9,116,4,enum_static,130.430310
0,65536,true,sum_u64,9,116,5,bound_dynamic,130.447198
0,65536,true,sum_u64,10,116,0,before,130.566457
0,65536,true,sum_u64,10,116,1,after,130.342672
0,65536,true,sum_u64,10,116,2,enum_dynamic,132.230250
0,65536,true,sum_u64,10,116,3,enum_static,130.845905
0,65536,true,sum_u64,10,116,4,bound_dynamic,131.199353
0,65536,true,sum_u64,10,116,5,bound_static,130.580103
0,65536,true,sum_u64,11,116,0,after,130.672414
0,65536,true,sum_u64,11,116,1,enum_dynamic,130.918466
0,65536,true,sum_u64,11,116,2,enum_static,130.749284
0,65536,true,sum_u64,11,116,3,bound_dynamic,130.635776
0,65536,true,sum_u64,11,116,4,bound_static,130.571474
0,65536,true,sum_u64,11,116,5,before,130.781250
0,65536,true,covar_i64,0,58,0,enum_dynamic,264.652310
0,65536,true,covar_i64,0,58,1,enum_static,265.573276
0,65536,true,covar_i64,0,58,2,bound_dynamic,259.488517
0,65536,true,covar_i64,0,58,3,bound_static,260.694690
0,65536,true,covar_i64,0,58,4,before,264.905897
0,65536,true,covar_i64,0,58,5,after,262.124276
0,65536,true,covar_i64,1,58,0,enum_static,267.251431
0,65536,true,covar_i64,1,58,1,bound_dynamic,259.490655
0,65536,true,covar_i64,1,58,2,bound_static,260.372845
0,65536,true,covar_i64,1,58,3,before,264.449000
0,65536,true,covar_i64,1,58,4,after,259.437500
0,65536,true,covar_i64,1,58,5,enum_dynamic,265.373552
0,65536,true,covar_i64,2,58,0,bound_dynamic,260.028724
0,65536,true,covar_i64,2,58,1,bound_static,258.894397
0,65536,true,covar_i64,2,58,2,before,264.427431
0,65536,true,covar_i64,2,58,3,after,259.753586
0,65536,true,covar_i64,2,58,4,enum_dynamic,264.451879
0,65536,true,covar_i64,2,58,5,enum_static,265.191103
0,65536,true,covar_i64,3,58,0,bound_static,262.956172
0,65536,true,covar_i64,3,58,1,before,269.101293
0,65536,true,covar_i64,3,58,2,after,263.679603
0,65536,true,covar_i64,3,58,3,enum_dynamic,264.841948
0,65536,true,covar_i64,3,58,4,enum_static,264.532328
0,65536,true,covar_i64,3,58,5,bound_dynamic,260.007897
0,65536,true,covar_i64,4,58,0,before,264.839069
0,65536,true,covar_i64,4,58,1,after,259.828310
0,65536,true,covar_i64,4,58,2,enum_dynamic,264.530897
0,65536,true,covar_i64,4,58,3,enum_static,264.769397
0,65536,true,covar_i64,4,58,4,bound_dynamic,260.318966
0,65536,true,covar_i64,4,58,5,bound_static,259.494259
0,65536,true,covar_i64,5,58,0,after,259.770103
0,65536,true,covar_i64,5,58,1,enum_dynamic,264.778017
0,65536,true,covar_i64,5,58,2,enum_static,265.003586
0,65536,true,covar_i64,5,58,3,bound_dynamic,262.430310
0,65536,true,covar_i64,5,58,4,bound_static,260.116379
0,65536,true,covar_i64,5,58,5,before,264.827586
0,65536,true,covar_i64,6,58,0,enum_dynamic,264.510776
0,65536,true,covar_i64,6,58,1,enum_static,265.714086
0,65536,true,covar_i64,6,58,2,bound_dynamic,259.545259
0,65536,true,covar_i64,6,58,3,bound_static,259.639379
0,65536,true,covar_i64,6,58,4,before,264.020845
0,65536,true,covar_i64,6,58,5,after,259.459776
0,65536,true,covar_i64,7,58,0,enum_static,264.512224
0,65536,true,covar_i64,7,58,1,bound_dynamic,259.121414
0,65536,true,covar_i64,7,58,2,bound_static,259.063948
0,65536,true,covar_i64,7,58,3,before,264.426724
0,65536,true,covar_i64,7,58,4,after,258.848414
0,65536,true,covar_i64,7,58,5,enum_dynamic,264.357759
0,65536,true,covar_i64,8,58,0,bound_dynamic,259.051724
0,65536,true,covar_i64,8,58,1,bound_static,258.846983
0,65536,true,covar_i64,8,58,2,before,264.287345
0,65536,true,covar_i64,8,58,3,after,259.032328
0,65536,true,covar_i64,8,58,4,enum_dynamic,265.021552
0,65536,true,covar_i64,8,58,5,enum_static,264.895121
0,65536,true,covar_i64,9,58,0,bound_static,258.882190
0,65536,true,covar_i64,9,58,1,before,268.783052
0,65536,true,covar_i64,9,58,2,after,260.056034
0,65536,true,covar_i64,9,58,3,enum_dynamic,264.614948
0,65536,true,covar_i64,9,58,4,enum_static,264.683897
0,65536,true,covar_i64,9,58,5,bound_dynamic,262.919534
0,65536,true,covar_i64,10,58,0,before,264.204017
0,65536,true,covar_i64,10,58,1,after,259.884345
0,65536,true,covar_i64,10,58,2,enum_dynamic,264.140086
0,65536,true,covar_i64,10,58,3,enum_static,265.220552
0,65536,true,covar_i64,10,58,4,bound_dynamic,259.515086
0,65536,true,covar_i64,10,58,5,bound_static,259.473431
0,65536,true,covar_i64,11,58,0,after,259.176724
0,65536,true,covar_i64,11,58,1,enum_dynamic,265.936793
0,65536,true,covar_i64,11,58,2,enum_static,264.485638
0,65536,true,covar_i64,11,58,3,bound_dynamic,259.743534
0,65536,true,covar_i64,11,58,4,bound_static,266.183190
0,65536,true,covar_i64,11,58,5,before,266.993534
0,65536,false,max_utf8,0,20,0,enum_dynamic,752.975000
0,65536,false,max_utf8,0,20,1,enum_static,759.581250
0,65536,false,max_utf8,0,20,2,bound_dynamic,783.095850
0,65536,false,max_utf8,0,20,3,bound_static,770.275000
0,65536,false,max_utf8,0,20,4,before,756.935450
0,65536,false,max_utf8,0,20,5,after,760.633350
0,65536,false,max_utf8,1,20,0,enum_static,759.525000
0,65536,false,max_utf8,1,20,1,bound_dynamic,777.970850
0,65536,false,max_utf8,1,20,2,bound_static,759.241650
0,65536,false,max_utf8,1,20,3,before,754.525000
0,65536,false,max_utf8,1,20,4,after,758.362500
0,65536,false,max_utf8,1,20,5,enum_dynamic,774.700000
0,65536,false,max_utf8,2,20,0,bound_dynamic,779.647900
0,65536,false,max_utf8,2,20,1,bound_static,757.552100
0,65536,false,max_utf8,2,20,2,before,757.952100
0,65536,false,max_utf8,2,20,3,after,762.477100
0,65536,false,max_utf8,2,20,4,enum_dynamic,754.902050
0,65536,false,max_utf8,2,20,5,enum_static,758.918750
0,65536,false,max_utf8,3,20,0,bound_static,756.072900
0,65536,false,max_utf8,3,20,1,before,754.066650
0,65536,false,max_utf8,3,20,2,after,756.225000
0,65536,false,max_utf8,3,20,3,enum_dynamic,752.445800
0,65536,false,max_utf8,3,20,4,enum_static,756.162500
0,65536,false,max_utf8,3,20,5,bound_dynamic,775.243750
0,65536,false,max_utf8,4,20,0,before,755.056250
0,65536,false,max_utf8,4,20,1,after,757.233300
0,65536,false,max_utf8,4,20,2,enum_dynamic,752.487500
0,65536,false,max_utf8,4,20,3,enum_static,758.562500
0,65536,false,max_utf8,4,20,4,bound_dynamic,778.625000
0,65536,false,max_utf8,4,20,5,bound_static,756.952100
0,65536,false,max_utf8,5,20,0,after,758.937500
0,65536,false,max_utf8,5,20,1,enum_dynamic,754.768750
0,65536,false,max_utf8,5,20,2,enum_static,756.358350
0,65536,false,max_utf8,5,20,3,bound_dynamic,775.847900
0,65536,false,max_utf8,5,20,4,bound_static,759.858350
0,65536,false,max_utf8,5,20,5,before,756.647900
0,65536,false,max_utf8,6,20,0,enum_dynamic,758.229150
0,65536,false,max_utf8,6,20,1,enum_static,771.406250
0,65536,false,max_utf8,6,20,2,bound_dynamic,777.133350
0,65536,false,max_utf8,6,20,3,bound_static,759.631250
0,65536,false,max_utf8,6,20,4,before,756.437500
0,65536,false,max_utf8,6,20,5,after,760.560400
0,65536,false,max_utf8,7,20,0,enum_static,757.354200
0,65536,false,max_utf8,7,20,1,bound_dynamic,779.327100
0,65536,false,max_utf8,7,20,2,bound_static,757.702100
0,65536,false,max_utf8,7,20,3,before,758.010400
0,65536,false,max_utf8,7,20,4,after,762.654150
0,65536,false,max_utf8,7,20,5,enum_dynamic,757.714600
0,65536,false,max_utf8,8,20,0,bound_dynamic,791.516650
0,65536,false,max_utf8,8,20,1,bound_static,756.518750
0,65536,false,max_utf8,8,20,2,before,763.918750
0,65536,false,max_utf8,8,20,3,after,758.789600
0,65536,false,max_utf8,8,20,4,enum_dynamic,756.516650
0,65536,false,max_utf8,8,20,5,enum_static,757.612500
0,65536,false,max_utf8,9,20,0,bound_static,758.997900
0,65536,false,max_utf8,9,20,1,before,771.427050
0,65536,false,max_utf8,9,20,2,after,764.041650
0,65536,false,max_utf8,9,20,3,enum_dynamic,754.589600
0,65536,false,max_utf8,9,20,4,enum_static,760.027100
0,65536,false,max_utf8,9,20,5,bound_dynamic,777.622950
0,65536,false,max_utf8,10,20,0,before,757.583350
0,65536,false,max_utf8,10,20,1,after,758.895800
0,65536,false,max_utf8,10,20,2,enum_dynamic,754.445850
0,65536,false,max_utf8,10,20,3,enum_static,759.683350
0,65536,false,max_utf8,10,20,4,bound_dynamic,775.939600
0,65536,false,max_utf8,10,20,5,bound_static,760.468750
0,65536,false,max_utf8,11,20,0,after,757.956250
0,65536,false,max_utf8,11,20,1,enum_dynamic,756.031250
0,65536,false,max_utf8,11,20,2,enum_static,757.466700
0,65536,false,max_utf8,11,20,3,bound_dynamic,778.768750
0,65536,false,max_utf8,11,20,4,bound_static,756.585400
0,65536,false,max_utf8,11,20,5,before,757.477100
0,8192,true,count_i64,0,2477,0,enum_dynamic,6.337976
0,8192,true,count_i64,0,2477,1,enum_static,6.087522
0,8192,true,count_i64,0,2477,2,bound_dynamic,6.387969
0,8192,true,count_i64,0,2477,3,bound_static,6.567824
0,8192,true,count_i64,0,2477,4,before,6.322753
0,8192,true,count_i64,0,2477,5,after,6.393908
0,8192,true,count_i64,1,2477,0,enum_static,6.071558
0,8192,true,count_i64,1,2477,1,bound_dynamic,6.383545
0,8192,true,count_i64,1,2477,2,bound_static,6.571222
0,8192,true,count_i64,1,2477,3,before,6.231042
0,8192,true,count_i64,1,2477,4,after,6.385614
0,8192,true,count_i64,1,2477,5,enum_dynamic,6.229411
0,8192,true,count_i64,2,2477,0,bound_dynamic,6.372763
0,8192,true,count_i64,2,2477,1,bound_static,6.553391
0,8192,true,count_i64,2,2477,2,before,6.219368
0,8192,true,count_i64,2,2477,3,after,6.376379
0,8192,true,count_i64,2,2477,4,enum_dynamic,6.235853
0,8192,true,count_i64,2,2477,5,enum_static,6.062761
0,8192,true,count_i64,3,2477,0,bound_static,6.545805
0,8192,true,count_i64,3,2477,1,before,6.226315
0,8192,true,count_i64,3,2477,2,after,6.380870
0,8192,true,count_i64,3,2477,3,enum_dynamic,6.236711
0,8192,true,count_i64,3,2477,4,enum_static,6.080726
0,8192,true,count_i64,3,2477,5,bound_dynamic,6.376951
0,8192,true,count_i64,4,2477,0,before,6.212337
0,8192,true,count_i64,4,2477,1,after,6.377893
0,8192,true,count_i64,4,2477,2,enum_dynamic,6.241438
0,8192,true,count_i64,4,2477,3,enum_static,6.073123
0,8192,true,count_i64,4,2477,4,bound_dynamic,6.377187
0,8192,true,count_i64,4,2477,5,bound_static,6.576824
0,8192,true,count_i64,5,2477,0,after,6.385514
0,8192,true,count_i64,5,2477,1,enum_dynamic,6.245341
0,8192,true,count_i64,5,2477,2,enum_static,6.067908
0,8192,true,count_i64,5,2477,3,bound_dynamic,6.387818
0,8192,true,count_i64,5,2477,4,bound_static,6.679400
0,8192,true,count_i64,5,2477,5,before,6.236173
0,8192,true,count_i64,6,2477,0,enum_dynamic,6.237990
0,8192,true,count_i64,6,2477,1,enum_static,6.081231
0,8192,true,count_i64,6,2477,2,bound_dynamic,6.397860
0,8192,true,count_i64,6,2477,3,bound_static,6.557025
0,8192,true,count_i64,6,2477,4,before,6.349566
0,8192,true,count_i64,6,2477,5,after,6.389164
0,8192,true,count_i64,7,2477,0,enum_static,6.157819
0,8192,true,count_i64,7,2477,1,bound_dynamic,6.386539
0,8192,true,count_i64,7,2477,2,bound_static,6.555410
0,8192,true,count_i64,7,2477,3,before,6.212387
0,8192,true,count_i64,7,2477,4,after,6.393638
0,8192,true,count_i64,7,2477,5,enum_dynamic,6.240563
0,8192,true,count_i64,8,2477,0,bound_dynamic,6.384605
0,8192,true,count_i64,8,2477,1,bound_static,6.544257
0,8192,true,count_i64,8,2477,2,before,6.230891
0,8192,true,count_i64,8,2477,3,after,6.380635
0,8192,true,count_i64,8,2477,4,enum_dynamic,6.247511
0,8192,true,count_i64,8,2477,5,enum_static,6.196172
0,8192,true,count_i64,9,2477,0,bound_static,6.575512
0,8192,true,count_i64,9,2477,1,before,6.228922
0,8192,true,count_i64,9,2477,2,after,6.390156
0,8192,true,count_i64,9,2477,3,enum_dynamic,6.237602
0,8192,true,count_i64,9,2477,4,enum_static,6.072281
0,8192,true,count_i64,9,2477,5,bound_dynamic,6.387246
0,8192,true,count_i64,10,2477,0,before,6.253869
0,8192,true,count_i64,10,2477,1,after,6.382990
0,8192,true,count_i64,10,2477,2,enum_dynamic,6.227392
0,8192,true,count_i64,10,2477,3,enum_static,6.092198
0,8192,true,count_i64,10,2477,4,bound_dynamic,6.370424
0,8192,true,count_i64,10,2477,5,bound_static,6.563265
0,8192,true,count_i64,11,2477,0,after,6.377136
0,8192,true,count_i64,11,2477,1,enum_dynamic,6.268739
0,8192,true,count_i64,11,2477,2,enum_static,6.212169
0,8192,true,count_i64,11,2477,3,bound_dynamic,6.401359
0,8192,true,count_i64,11,2477,4,bound_static,6.555275
0,8192,true,count_i64,11,2477,5,before,6.230285
0,128,true,count_i64,0,50000,0,enum_dynamic,0.131529
0,128,true,count_i64,0,50000,1,enum_static,0.122530
0,128,true,count_i64,0,50000,2,bound_dynamic,0.114928
0,128,true,count_i64,0,50000,3,bound_static,0.114593
0,128,true,count_i64,0,50000,4,before,0.133134
0,128,true,count_i64,0,50000,5,after,0.115182
0,128,true,count_i64,1,50000,0,enum_static,0.122800
0,128,true,count_i64,1,50000,1,bound_dynamic,0.114772
0,128,true,count_i64,1,50000,2,bound_static,0.114678
0,128,true,count_i64,1,50000,3,before,0.131677
0,128,true,count_i64,1,50000,4,after,0.114807
0,128,true,count_i64,1,50000,5,enum_dynamic,0.132057
0,128,true,count_i64,2,50000,0,bound_dynamic,0.114644
0,128,true,count_i64,2,50000,1,bound_static,0.114707
0,128,true,count_i64,2,50000,2,before,0.132248
0,128,true,count_i64,2,50000,3,after,0.114794
0,128,true,count_i64,2,50000,4,enum_dynamic,0.131649
0,128,true,count_i64,2,50000,5,enum_static,0.123628
0,128,true,count_i64,3,50000,0,bound_static,0.114568
0,128,true,count_i64,3,50000,1,before,0.133457
0,128,true,count_i64,3,50000,2,after,0.115063
0,128,true,count_i64,3,50000,3,enum_dynamic,0.132504
0,128,true,count_i64,3,50000,4,enum_static,0.122990
0,128,true,count_i64,3,50000,5,bound_dynamic,0.115547
0,128,true,count_i64,4,50000,0,before,0.132398
0,128,true,count_i64,4,50000,1,after,0.114937
0,128,true,count_i64,4,50000,2,enum_dynamic,0.133170
0,128,true,count_i64,4,50000,3,enum_static,0.125663
0,128,true,count_i64,4,50000,4,bound_dynamic,0.114801
0,128,true,count_i64,4,50000,5,bound_static,0.114746
0,128,true,count_i64,5,50000,0,after,0.114897
0,128,true,count_i64,5,50000,1,enum_dynamic,0.133299
0,128,true,count_i64,5,50000,2,enum_static,0.122938
0,128,true,count_i64,5,50000,3,bound_dynamic,0.115562
0,128,true,count_i64,5,50000,4,bound_static,0.114741
0,128,true,count_i64,5,50000,5,before,0.132154
0,128,true,count_i64,6,50000,0,enum_dynamic,0.132509
0,128,true,count_i64,6,50000,1,enum_static,0.123469
0,128,true,count_i64,6,50000,2,bound_dynamic,0.114742
0,128,true,count_i64,6,50000,3,bound_static,0.114757
0,128,true,count_i64,6,50000,4,before,0.131504
0,128,true,count_i64,6,50000,5,after,0.115678
0,128,true,count_i64,7,50000,0,enum_static,0.122251
0,128,true,count_i64,7,50000,1,bound_dynamic,0.114573
0,128,true,count_i64,7,50000,2,bound_static,0.114659
0,128,true,count_i64,7,50000,3,before,0.131320
0,128,true,count_i64,7,50000,4,after,0.114917
0,128,true,count_i64,7,50000,5,enum_dynamic,0.131628
0,128,true,count_i64,8,50000,0,bound_dynamic,0.114839
0,128,true,count_i64,8,50000,1,bound_static,0.123474
0,128,true,count_i64,8,50000,2,before,0.132837
0,128,true,count_i64,8,50000,3,after,0.115285
0,128,true,count_i64,8,50000,4,enum_dynamic,0.132612
0,128,true,count_i64,8,50000,5,enum_static,0.123096
0,128,true,count_i64,9,50000,0,bound_static,0.114672
0,128,true,count_i64,9,50000,1,before,0.132857
0,128,true,count_i64,9,50000,2,after,0.114897
0,128,true,count_i64,9,50000,3,enum_dynamic,0.131417
0,128,true,count_i64,9,50000,4,enum_static,0.122725
0,128,true,count_i64,9,50000,5,bound_dynamic,0.115642
0,128,true,count_i64,10,50000,0,before,0.133885
0,128,true,count_i64,10,50000,1,after,0.114832
0,128,true,count_i64,10,50000,2,enum_dynamic,0.131420
0,128,true,count_i64,10,50000,3,enum_static,0.122673
0,128,true,count_i64,10,50000,4,bound_dynamic,0.114935
0,128,true,count_i64,10,50000,5,bound_static,0.114727
0,128,true,count_i64,11,50000,0,after,0.115075
0,128,true,count_i64,11,50000,1,enum_dynamic,0.131351
0,128,true,count_i64,11,50000,2,enum_static,0.122208
0,128,true,count_i64,11,50000,3,bound_dynamic,0.115108
0,128,true,count_i64,11,50000,4,bound_static,0.114952
0,128,true,count_i64,11,50000,5,before,0.137200
0,8192,false,min_utf8,0,163,0,enum_dynamic,95.179196
0,8192,false,min_utf8,0,163,1,enum_static,92.938393
0,8192,false,min_utf8,0,163,2,bound_dynamic,99.250000
0,8192,false,min_utf8,0,163,3,bound_static,93.419994
0,8192,false,min_utf8,0,163,4,before,95.424589
0,8192,false,min_utf8,0,163,5,after,92.629344
0,8192,false,min_utf8,1,163,0,enum_static,92.550362
0,8192,false,min_utf8,1,163,1,bound_dynamic,97.339975
0,8192,false,min_utf8,1,163,2,bound_static,92.231337
0,8192,false,min_utf8,1,163,3,before,95.294736
0,8192,false,min_utf8,1,163,4,after,92.521221
0,8192,false,min_utf8,1,163,5,enum_dynamic,94.651331
0,8192,false,min_utf8,2,163,0,bound_dynamic,97.206804
0,8192,false,min_utf8,2,163,1,bound_static,93.473160
0,8192,false,min_utf8,2,163,2,before,95.728018
0,8192,false,min_utf8,2,163,3,after,92.484914
0,8192,false,min_utf8,2,163,4,enum_dynamic,94.838957
0,8192,false,min_utf8,2,163,5,enum_static,92.433282
0,8192,false,min_utf8,3,163,0,bound_static,92.367074
0,8192,false,min_utf8,3,163,1,before,94.849945
0,8192,false,min_utf8,3,163,2,after,92.527607
0,8192,false,min_utf8,3,163,3,enum_dynamic,94.722135
0,8192,false,min_utf8,3,163,4,enum_static,92.390595
0,8192,false,min_utf8,3,163,5,bound_dynamic,97.305215
0,8192,false,min_utf8,4,163,0,before,94.862988
0,8192,false,min_utf8,4,163,1,after,92.435840
0,8192,false,min_utf8,4,163,2,enum_dynamic,94.994123
0,8192,false,min_utf8,4,163,3,enum_static,92.398515
0,8192,false,min_utf8,4,163,4,bound_dynamic,97.230571
0,8192,false,min_utf8,4,163,5,bound_static,93.650049
0,8192,false,min_utf8,5,163,0,after,93.247448
0,8192,false,min_utf8,5,163,1,enum_dynamic,95.241564
0,8192,false,min_utf8,5,163,2,enum_static,92.489521
0,8192,false,min_utf8,5,163,3,bound_dynamic,98.064926
0,8192,false,min_utf8,5,163,4,bound_static,93.608638
0,8192,false,min_utf8,5,163,5,before,94.620399
0,8192,false,min_utf8,6,163,0,enum_dynamic,94.882926
0,8192,false,min_utf8,6,163,1,enum_static,92.268914
0,8192,false,min_utf8,6,163,2,bound_dynamic,97.115031
0,8192,false,min_utf8,6,163,3,bound_static,92.263804
0,8192,false,min_utf8,6,163,4,before,94.601227
0,8192,false,min_utf8,6,163,5,after,92.327969
0,8192,false,min_utf8,7,163,0,enum_static,92.230061
0,8192,false,min_utf8,7,163,1,bound_dynamic,97.189675
0,8192,false,min_utf8,7,163,2,bound_static,92.205779
0,8192,false,min_utf8,7,163,3,before,94.616307
0,8192,false,min_utf8,7,163,4,after,92.260994
0,8192,false,min_utf8,7,163,5,enum_dynamic,94.625509
0,8192,false,min_utf8,8,163,0,bound_dynamic,97.219067
0,8192,false,min_utf8,8,163,1,bound_static,92.573620
0,8192,false,min_utf8,8,163,2,before,94.825411
0,8192,false,min_utf8,8,163,3,after,92.201939
0,8192,false,min_utf8,8,163,4,enum_dynamic,94.754601
0,8192,false,min_utf8,8,163,5,enum_static,92.782975
0,8192,false,min_utf8,9,163,0,bound_static,92.297546
0,8192,false,min_utf8,9,163,1,before,95.167945
0,8192,false,min_utf8,9,163,2,after,92.421264
0,8192,false,min_utf8,9,163,3,enum_dynamic,94.788853
0,8192,false,min_utf8,9,163,4,enum_static,92.439669
0,8192,false,min_utf8,9,163,5,bound_dynamic,97.205773
0,8192,false,min_utf8,10,163,0,before,95.063650
0,8192,false,min_utf8,10,163,1,after,92.543460
0,8192,false,min_utf8,10,163,2,enum_dynamic,95.211147
0,8192,false,min_utf8,10,163,3,enum_static,92.415644
0,8192,false,min_utf8,10,163,4,bound_dynamic,97.533485
0,8192,false,min_utf8,10,163,5,bound_static,92.412577
0,8192,false,min_utf8,11,163,0,after,92.612730
0,8192,false,min_utf8,11,163,1,enum_dynamic,95.702454
0,8192,false,min_utf8,11,163,2,enum_static,92.501282
0,8192,false,min_utf8,11,163,3,bound_dynamic,98.936098
0,8192,false,min_utf8,11,163,4,bound_static,92.546528
0,8192,false,min_utf8,11,163,5,before,95.054196
0,65536,true,mixed_7,0,8,0,enum_dynamic,4076.948000
0,65536,true,mixed_7,0,8,1,enum_static,4048.390625
0,65536,true,mixed_7,0,8,2,bound_dynamic,4173.635375
0,65536,true,mixed_7,0,8,3,bound_static,4067.750000
0,65536,true,mixed_7,0,8,4,before,4093.036500
0,65536,true,mixed_7,0,8,5,after,4023.531250
0,65536,true,mixed_7,1,8,0,enum_static,4030.812500
0,65536,true,mixed_7,1,8,1,bound_dynamic,4070.786500
0,65536,true,mixed_7,1,8,2,bound_static,4005.520875
0,65536,true,mixed_7,1,8,3,before,4095.109375
0,65536,true,mixed_7,1,8,4,after,4026.474000
0,65536,true,mixed_7,1,8,5,enum_dynamic,4065.692625
0,65536,true,mixed_7,2,8,0,bound_dynamic,4076.453125
0,65536,true,mixed_7,2,8,1,bound_static,4025.948000
0,65536,true,mixed_7,2,8,2,before,4137.218750
0,65536,true,mixed_7,2,8,3,after,4172.536500
0,65536,true,mixed_7,2,8,4,enum_dynamic,4182.823000
0,65536,true,mixed_7,2,8,5,enum_static,4064.078125
0,65536,true,mixed_7,3,8,0,bound_static,4066.875000
0,65536,true,mixed_7,3,8,1,before,4111.973875
0,65536,true,mixed_7,3,8,2,after,4190.755250
0,65536,true,mixed_7,3,8,3,enum_dynamic,4086.604125
0,65536,true,mixed_7,3,8,4,enum_static,4047.109375
0,65536,true,mixed_7,3,8,5,bound_dynamic,4077.281250
0,65536,true,mixed_7,4,8,0,before,4080.166750
0,65536,true,mixed_7,4,8,1,after,4159.072875
0,65536,true,mixed_7,4,8,2,enum_dynamic,4059.203125
0,65536,true,mixed_7,4,8,3,enum_static,4038.734375
0,65536,true,mixed_7,4,8,4,bound_dynamic,4084.906250
0,65536,true,mixed_7,4,8,5,bound_static,4021.349000
0,65536,true,mixed_7,5,8,0,after,4027.588625
0,65536,true,mixed_7,5,8,1,enum_dynamic,4059.057250
0,65536,true,mixed_7,5,8,2,enum_static,4049.161375
0,65536,true,mixed_7,5,8,3,bound_dynamic,4203.041625
0,65536,true,mixed_7,5,8,4,bound_static,4049.119750
0,65536,true,mixed_7,5,8,5,before,4095.416625
0,65536,true,mixed_7,6,8,0,enum_dynamic,4072.270875
0,65536,true,mixed_7,6,8,1,enum_static,4039.739500
0,65536,true,mixed_7,6,8,2,bound_dynamic,4073.911500
0,65536,true,mixed_7,6,8,3,bound_static,4017.723875
0,65536,true,mixed_7,6,8,4,before,4069.656250
0,65536,true,mixed_7,6,8,5,after,4032.395875
0,65536,true,mixed_7,7,8,0,enum_static,4059.442750
0,65536,true,mixed_7,7,8,1,bound_dynamic,4075.838500
0,65536,true,mixed_7,7,8,2,bound_static,4021.198000
0,65536,true,mixed_7,7,8,3,before,4072.406250
0,65536,true,mixed_7,7,8,4,after,4024.942625
0,65536,true,mixed_7,7,8,5,enum_dynamic,4061.937500
0,65536,true,mixed_7,8,8,0,bound_dynamic,4076.010375
0,65536,true,mixed_7,8,8,1,bound_static,4016.505250
0,65536,true,mixed_7,8,8,2,before,4069.276000
0,65536,true,mixed_7,8,8,3,after,4198.729125
0,65536,true,mixed_7,8,8,4,enum_dynamic,4073.671875
0,65536,true,mixed_7,8,8,5,enum_static,4034.307250
0,65536,true,mixed_7,9,8,0,bound_static,4030.677125
0,65536,true,mixed_7,9,8,1,before,4067.375000
0,65536,true,mixed_7,9,8,2,after,4019.526000
0,65536,true,mixed_7,9,8,3,enum_dynamic,4062.833375
0,65536,true,mixed_7,9,8,4,enum_static,4052.020875
0,65536,true,mixed_7,9,8,5,bound_dynamic,4075.807250
0,65536,true,mixed_7,10,8,0,before,4080.260375
0,65536,true,mixed_7,10,8,1,after,4022.859375
0,65536,true,mixed_7,10,8,2,enum_dynamic,4065.682375
0,65536,true,mixed_7,10,8,3,enum_static,4033.854125
0,65536,true,mixed_7,10,8,4,bound_dynamic,4199.348875
0,65536,true,mixed_7,10,8,5,bound_static,4020.546875
0,65536,true,mixed_7,11,8,0,after,4031.385375
0,65536,true,mixed_7,11,8,1,enum_dynamic,4056.921875
0,65536,true,mixed_7,11,8,2,enum_static,4032.849000
0,65536,true,mixed_7,11,8,3,bound_dynamic,4064.916625
0,65536,true,mixed_7,11,8,4,bound_static,4008.255125
0,65536,true,mixed_7,11,8,5,before,4060.208375
0,128,true,min_utf8,0,7491,0,enum_dynamic,2.077432
0,128,true,min_utf8,0,7491,1,enum_static,2.025770
0,128,true,min_utf8,0,7491,2,bound_dynamic,2.075869
0,128,true,min_utf8,0,7491,3,bound_static,1.990194
0,128,true,min_utf8,0,7491,4,before,2.037873
0,128,true,min_utf8,0,7491,5,after,2.029202
0,128,true,min_utf8,1,7491,0,enum_static,2.034102
0,128,true,min_utf8,1,7491,1,bound_dynamic,2.073149
0,128,true,min_utf8,1,7491,2,bound_static,1.992808
0,128,true,min_utf8,1,7491,3,before,2.035465
0,128,true,min_utf8,1,7491,4,after,1.994716
0,128,true,min_utf8,1,7491,5,enum_dynamic,2.063170
0,128,true,min_utf8,2,7491,0,bound_dynamic,2.068471
0,128,true,min_utf8,2,7491,1,bound_static,1.995500
0,128,true,min_utf8,2,7491,2,before,2.027978
0,128,true,min_utf8,2,7491,3,after,1.999038
0,128,true,min_utf8,2,7491,4,enum_dynamic,2.061357
0,128,true,min_utf8,2,7491,5,enum_static,2.016336
0,128,true,min_utf8,3,7491,0,bound_static,1.999271
0,128,true,min_utf8,3,7491,1,before,2.027767
0,128,true,min_utf8,3,7491,2,after,2.008254
0,128,true,min_utf8,3,7491,3,enum_dynamic,2.067425
0,128,true,min_utf8,3,7491,4,enum_static,2.033240
0,128,true,min_utf8,3,7491,5,bound_dynamic,2.083828
0,128,true,min_utf8,4,7491,0,before,2.033891
0,128,true,min_utf8,4,7491,1,after,1.995205
0,128,true,min_utf8,4,7491,2,enum_dynamic,2.069127
0,128,true,min_utf8,4,7491,3,enum_static,2.027616
0,128,true,min_utf8,4,7491,4,bound_dynamic,2.074356
0,128,true,min_utf8,4,7491,5,bound_static,1.995189
0,128,true,min_utf8,5,7491,0,after,1.992179
0,128,true,min_utf8,5,7491,1,enum_dynamic,2.071786
0,128,true,min_utf8,5,7491,2,enum_static,2.024023
0,128,true,min_utf8,5,7491,3,bound_dynamic,2.078956
0,128,true,min_utf8,5,7491,4,bound_static,1.990839
0,128,true,min_utf8,5,7491,5,before,2.033913
0,128,true,min_utf8,6,7491,0,enum_dynamic,2.061719
0,128,true,min_utf8,6,7491,1,enum_static,2.021437
0,128,true,min_utf8,6,7491,2,bound_dynamic,2.069561
0,128,true,min_utf8,6,7491,3,bound_static,1.991067
0,128,true,min_utf8,6,7491,4,before,2.029530
0,128,true,min_utf8,6,7491,5,after,2.018227
0,128,true,min_utf8,7,7491,0,enum_static,2.028990
0,128,true,min_utf8,7,7491,1,bound_dynamic,2.065762
0,128,true,min_utf8,7,7491,2,bound_static,1.997069
0,128,true,min_utf8,7,7491,3,before,2.027349
0,128,true,min_utf8,7,7491,4,after,1.997135
0,128,true,min_utf8,7,7491,5,enum_dynamic,2.061424
0,128,true,min_utf8,8,7491,0,bound_dynamic,2.085909
0,128,true,min_utf8,8,7491,1,bound_static,2.007014
0,128,true,min_utf8,8,7491,2,before,2.031404
0,128,true,min_utf8,8,7491,3,after,1.995995
0,128,true,min_utf8,8,7491,4,enum_dynamic,2.059549
0,128,true,min_utf8,8,7491,5,enum_static,2.023211
0,128,true,min_utf8,9,7491,0,bound_static,1.992107
0,128,true,min_utf8,9,7491,1,before,2.032572
0,128,true,min_utf8,9,7491,2,after,1.992869
0,128,true,min_utf8,9,7491,3,enum_dynamic,2.060489
0,128,true,min_utf8,9,7491,4,enum_static,2.019657
0,128,true,min_utf8,9,7491,5,bound_dynamic,2.072148
0,128,true,min_utf8,10,7491,0,before,2.028284
0,128,true,min_utf8,10,7491,1,after,1.992992
0,128,true,min_utf8,10,7491,2,enum_dynamic,2.060161
0,128,true,min_utf8,10,7491,3,enum_static,2.020664
0,128,true,min_utf8,10,7491,4,bound_dynamic,2.070496
0,128,true,min_utf8,10,7491,5,bound_static,1.989426
0,128,true,min_utf8,11,7491,0,after,1.995928
0,128,true,min_utf8,11,7491,1,enum_dynamic,2.061513
0,128,true,min_utf8,11,7491,2,enum_static,2.025753
0,128,true,min_utf8,11,7491,3,bound_dynamic,2.068032
0,128,true,min_utf8,11,7491,4,bound_static,1.993131
0,128,true,min_utf8,11,7491,5,before,2.031888
0,8192,true,covar_i64,0,453,0,enum_dynamic,33.973327
0,8192,true,covar_i64,0,453,1,enum_static,33.925221
0,8192,true,covar_i64,0,453,2,bound_dynamic,33.320088
0,8192,true,covar_i64,0,453,3,bound_static,33.634106
0,8192,true,covar_i64,0,453,4,before,34.031457
0,8192,true,covar_i64,0,453,5,after,33.186810
0,8192,true,covar_i64,1,453,0,enum_static,34.061996
0,8192,true,covar_i64,1,453,1,bound_dynamic,33.235192
0,8192,true,covar_i64,1,453,2,bound_static,33.328091
0,8192,true,covar_i64,1,453,3,before,33.947296
0,8192,true,covar_i64,1,453,4,after,33.247978
0,8192,true,covar_i64,1,453,5,enum_dynamic,34.021523
0,8192,true,covar_i64,2,453,0,bound_dynamic,33.263062
0,8192,true,covar_i64,2,453,1,bound_static,33.527870
0,8192,true,covar_i64,2,453,2,before,33.927611
0,8192,true,covar_i64,2,453,3,after,33.255336
0,8192,true,covar_i64,2,453,4,enum_dynamic,34.262327
0,8192,true,covar_i64,2,453,5,enum_static,34.087472
0,8192,true,covar_i64,3,453,0,bound_static,33.646890
0,8192,true,covar_i64,3,453,1,before,34.472313
0,8192,true,covar_i64,3,453,2,after,33.294795
0,8192,true,covar_i64,3,453,3,enum_dynamic,33.988687
0,8192,true,covar_i64,3,453,4,enum_static,34.059879
0,8192,true,covar_i64,3,453,5,bound_dynamic,33.272903
0,8192,true,covar_i64,4,453,0,before,33.912894
0,8192,true,covar_i64,4,453,1,after,33.221302
0,8192,true,covar_i64,4,453,2,enum_dynamic,34.018488
0,8192,true,covar_i64,4,453,3,enum_static,33.971026
0,8192,true,covar_i64,4,453,4,bound_dynamic,33.236386
0,8192,true,covar_i64,4,453,5,bound_static,33.218174
0,8192,true,covar_i64,5,453,0,after,33.220843
0,8192,true,covar_i64,5,453,1,enum_dynamic,33.950790
0,8192,true,covar_i64,5,453,2,enum_static,34.101545
0,8192,true,covar_i64,5,453,3,bound_dynamic,33.270695
0,8192,true,covar_i64,5,453,4,bound_static,33.374907
0,8192,true,covar_i64,5,453,5,before,33.935245
0,8192,true,covar_i64,6,453,0,enum_dynamic,33.903974
0,8192,true,covar_i64,6,453,1,enum_static,34.049024
0,8192,true,covar_i64,6,453,2,bound_dynamic,33.930556
0,8192,true,covar_i64,6,453,3,bound_static,33.297371
0,8192,true,covar_i64,6,453,4,before,34.005057
0,8192,true,covar_i64,6,453,5,after,33.731419
0,8192,true,covar_i64,7,453,0,enum_static,34.175497
0,8192,true,covar_i64,7,453,1,bound_dynamic,33.382450
0,8192,true,covar_i64,7,453,2,bound_static,33.243468
0,8192,true,covar_i64,7,453,3,before,34.031916
0,8192,true,covar_i64,7,453,4,after,33.303163
0,8192,true,covar_i64,7,453,5,enum_dynamic,34.052152
0,8192,true,covar_i64,8,453,0,bound_dynamic,33.244940
0,8192,true,covar_i64,8,453,1,bound_static,33.210724
0,8192,true,covar_i64,8,453,2,before,33.978108
0,8192,true,covar_i64,8,453,3,after,33.243653
0,8192,true,covar_i64,8,453,4,enum_dynamic,33.995219
0,8192,true,covar_i64,8,453,5,enum_static,33.992826
0,8192,true,covar_i64,9,453,0,bound_static,33.261499
0,8192,true,covar_i64,9,453,1,before,33.935799
0,8192,true,covar_i64,9,453,2,after,33.504049
0,8192,true,covar_i64,9,453,3,enum_dynamic,34.609640
0,8192,true,covar_i64,9,453,4,enum_static,34.693525
0,8192,true,covar_i64,9,453,5,bound_dynamic,33.983812
0,8192,true,covar_i64,10,453,0,before,34.604397
0,8192,true,covar_i64,10,453,1,after,33.959528
0,8192,true,covar_i64,10,453,2,enum_dynamic,34.588117
0,8192,true,covar_i64,10,453,3,enum_static,34.692236
0,8192,true,covar_i64,10,453,4,bound_dynamic,33.942146
0,8192,true,covar_i64,10,453,5,bound_static,33.288448
0,8192,true,covar_i64,11,453,0,after,33.261130
0,8192,true,covar_i64,11,453,1,enum_dynamic,34.042680
0,8192,true,covar_i64,11,453,2,enum_static,34.367733
0,8192,true,covar_i64,11,453,3,bound_dynamic,35.287159
0,8192,true,covar_i64,11,453,4,bound_static,35.855777
0,8192,true,covar_i64,11,453,5,before,35.590508
0,8192,false,count_star,0,3927,0,enum_dynamic,3.880783
0,8192,false,count_star,0,3927,1,enum_static,3.843583
0,8192,false,count_star,0,3927,2,bound_dynamic,3.837440
0,8192,false,count_star,0,3927,3,bound_static,3.830978
0,8192,false,count_star,0,3927,4,before,3.835943
0,8192,false,count_star,0,3927,5,after,3.820866
0,8192,false,count_star,1,3927,0,enum_static,3.863254
0,8192,false,count_star,1,3927,1,bound_dynamic,3.822245
0,8192,false,count_star,1,3927,2,bound_static,3.830893
0,8192,false,count_star,1,3927,3,before,3.853832
0,8192,false,count_star,1,3927,4,after,3.828028
0,8192,false,count_star,1,3927,5,enum_dynamic,3.828272
0,8192,false,count_star,2,3927,0,bound_dynamic,3.827837
0,8192,false,count_star,2,3927,1,bound_static,3.826468
0,8192,false,count_star,2,3927,2,before,3.823487
0,8192,false,count_star,2,3927,3,after,3.840135
0,8192,false,count_star,2,3927,4,enum_dynamic,3.822702
0,8192,false,count_star,2,3927,5,enum_static,3.840007
0,8192,false,count_star,3,3927,0,bound_static,3.828240
0,8192,false,count_star,3,3927,1,before,3.834267
0,8192,false,count_star,3,3927,2,after,3.835413
0,8192,false,count_star,3,3927,3,enum_dynamic,3.832442
0,8192,false,count_star,3,3927,4,enum_static,3.828442
0,8192,false,count_star,3,3927,5,bound_dynamic,3.825588
0,8192,false,count_star,4,3927,0,before,3.823689
0,8192,false,count_star,4,3927,1,after,3.824888
0,8192,false,count_star,4,3927,2,enum_dynamic,3.832071
0,8192,false,count_star,4,3927,3,enum_static,3.831933
0,8192,false,count_star,4,3927,4,bound_dynamic,3.828400
0,8192,false,count_star,4,3927,5,bound_static,3.822925
0,8192,false,count_star,5,3927,0,after,3.835593
0,8192,false,count_star,5,3927,1,enum_dynamic,3.829577
0,8192,false,count_star,5,3927,2,enum_static,3.828538
0,8192,false,count_star,5,3927,3,bound_dynamic,3.828304
0,8192,false,count_star,5,3927,4,bound_static,3.820909
0,8192,false,count_star,5,3927,5,before,3.902438
0,8192,false,count_star,6,3927,0,enum_dynamic,3.856771
0,8192,false,count_star,6,3927,1,enum_static,3.837864
0,8192,false,count_star,6,3927,2,bound_dynamic,3.823084
0,8192,false,count_star,6,3927,3,bound_static,3.824431
0,8192,false,count_star,6,3927,4,before,3.829492
0,8192,false,count_star,6,3927,5,after,3.830628
0,8192,false,count_star,7,3927,0,enum_static,3.823243
0,8192,false,count_star,7,3927,1,bound_dynamic,3.817471
0,8192,false,count_star,7,3927,2,bound_static,3.829896
0,8192,false,count_star,7,3927,3,before,3.822956
0,8192,false,count_star,7,3927,4,after,3.822171
0,8192,false,count_star,7,3927,5,enum_dynamic,3.822564
0,8192,false,count_star,8,3927,0,bound_dynamic,3.821651
0,8192,false,count_star,8,3927,1,bound_static,3.821089
0,8192,false,count_star,8,3927,2,before,3.823827
0,8192,false,count_star,8,3927,3,after,3.818150
0,8192,false,count_star,8,3927,4,enum_dynamic,3.837365
0,8192,false,count_star,8,3927,5,enum_static,3.834511
0,8192,false,count_star,9,3927,0,bound_static,3.828283
0,8192,false,count_star,9,3927,1,before,3.836697
0,8192,false,count_star,9,3927,2,after,3.817948
0,8192,false,count_star,9,3927,3,enum_dynamic,3.824325
0,8192,false,count_star,9,3927,4,enum_static,3.827572
0,8192,false,count_star,9,3927,5,bound_dynamic,3.829651
0,8192,false,count_star,10,3927,0,before,3.828028
0,8192,false,count_star,10,3927,1,after,3.828315
0,8192,false,count_star,10,3927,2,enum_dynamic,3.829132
0,8192,false,count_star,10,3927,3,enum_static,3.843063
0,8192,false,count_star,10,3927,4,bound_dynamic,3.824113
0,8192,false,count_star,10,3927,5,bound_static,3.818596
0,8192,false,count_star,11,3927,0,after,3.830607
0,8192,false,count_star,11,3927,1,enum_dynamic,3.841482
0,8192,false,count_star,11,3927,2,enum_static,3.844230
0,8192,false,count_star,11,3927,3,bound_dynamic,3.823254
0,8192,false,count_star,11,3927,4,bound_static,3.822320
0,8192,false,count_star,11,3927,5,before,3.902862
0,65536,false,avg_i64,0,147,0,enum_dynamic,121.380667
0,65536,false,avg_i64,0,147,1,enum_static,120.870748
0,65536,false,avg_i64,0,147,2,bound_dynamic,102.802721
0,65536,false,avg_i64,0,147,3,bound_static,102.777211
0,65536,false,avg_i64,0,147,4,before,120.569442
0,65536,false,avg_i64,0,147,5,after,102.911279
0,65536,false,avg_i64,1,147,0,enum_static,121.096088
0,65536,false,avg_i64,1,147,1,bound_dynamic,102.816327
0,65536,false,avg_i64,1,147,2,bound_static,102.999435
0,65536,false,avg_i64,1,147,3,before,120.741776
0,65536,false,avg_i64,1,147,4,after,102.914401
0,65536,false,avg_i64,1,147,5,enum_dynamic,120.628966
0,65536,false,avg_i64,2,147,0,bound_dynamic,102.882088
0,65536,false,avg_i64,2,147,1,bound_static,102.642571
0,65536,false,avg_i64,2,147,2,before,120.543082
0,65536,false,avg_i64,2,147,3,after,102.581347
0,65536,false,avg_i64,2,147,4,enum_dynamic,121.047619
0,65536,false,avg_i64,2,147,5,enum_static,122.787986
0,65536,false,avg_i64,3,147,0,bound_static,104.740082
0,65536,false,avg_i64,3,147,1,before,122.965136
0,65536,false,avg_i64,3,147,2,after,104.618762
0,65536,false,avg_i64,3,147,3,enum_dynamic,121.804143
0,65536,false,avg_i64,3,147,4,enum_static,120.724776
0,65536,false,avg_i64,3,147,5,bound_dynamic,102.513605
0,65536,false,avg_i64,4,147,0,before,122.235823
0,65536,false,avg_i64,4,147,1,after,103.675735
0,65536,false,avg_i64,4,147,2,enum_dynamic,120.733844
0,65536,false,avg_i64,4,147,3,enum_static,120.619612
0,65536,false,avg_i64,4,147,4,bound_dynamic,102.834184
0,65536,false,avg_i64,4,147,5,bound_static,102.706347
0,65536,false,avg_i64,5,147,0,after,102.714000
0,65536,false,avg_i64,5,147,1,enum_dynamic,120.410429
0,65536,false,avg_i64,5,147,2,enum_static,120.327667
0,65536,false,avg_i64,5,147,3,bound_dynamic,102.468823
0,65536,false,avg_i64,5,147,4,bound_static,102.536565
0,65536,false,avg_i64,5,147,5,before,120.494048
0,65536,false,avg_i64,6,147,0,enum_dynamic,120.380952
0,65536,false,avg_i64,6,147,1,enum_static,120.390592
0,65536,false,avg_i64,6,147,2,bound_dynamic,102.560088
0,65536,false,avg_i64,6,147,3,bound_static,103.395408
0,65536,false,avg_i64,6,147,4,before,121.632088
0,65536,false,avg_i64,6,147,5,after,104.847789
0,65536,false,avg_i64,7,147,0,enum_static,121.442463
0,65536,false,avg_i64,7,147,1,bound_dynamic,102.637476
0,65536,false,avg_i64,7,147,2,bound_static,102.753122
0,65536,false,avg_i64,7,147,3,before,120.344673
0,65536,false,avg_i64,7,147,4,after,102.742061
0,65536,false,avg_i64,7,147,5,enum_dynamic,120.750000
0,65536,false,avg_i64,8,147,0,bound_dynamic,102.832483
0,65536,false,avg_i64,8,147,1,bound_static,103.010490
0,65536,false,avg_i64,8,147,2,before,120.945578
0,65536,false,avg_i64,8,147,3,after,102.754537
0,65536,false,avg_i64,8,147,4,enum_dynamic,120.654762
0,65536,false,avg_i64,8,147,5,enum_static,120.970810
0,65536,false,avg_i64,9,147,0,bound_static,102.740646
0,65536,false,avg_i64,9,147,1,before,122.537415
0,65536,false,avg_i64,9,147,2,after,104.708333
0,65536,false,avg_i64,9,147,3,enum_dynamic,123.339000
0,65536,false,avg_i64,9,147,4,enum_static,123.506803
0,65536,false,avg_i64,9,147,5,bound_dynamic,102.533163
0,65536,false,avg_i64,10,147,0,before,120.585599
0,65536,false,avg_i64,10,147,1,after,104.156463
0,65536,false,avg_i64,10,147,2,enum_dynamic,121.438204
0,65536,false,avg_i64,10,147,3,enum_static,120.346374
0,65536,false,avg_i64,10,147,4,bound_dynamic,102.391721
0,65536,false,avg_i64,10,147,5,bound_static,102.988095
0,65536,false,avg_i64,11,147,0,after,102.436224
0,65536,false,avg_i64,11,147,1,enum_dynamic,121.064347
0,65536,false,avg_i64,11,147,2,enum_static,120.434245
0,65536,false,avg_i64,11,147,3,bound_dynamic,102.881238
0,65536,false,avg_i64,11,147,4,bound_static,102.430844
0,65536,false,avg_i64,11,147,5,before,120.816327
0,8192,false,sum_i64,0,1060,0,enum_dynamic,14.263601
0,8192,false,sum_i64,0,1060,1,enum_static,14.218122
0,8192,false,sum_i64,0,1060,2,bound_dynamic,14.237892
0,8192,false,sum_i64,0,1060,3,bound_static,14.214151
0,8192,false,sum_i64,0,1060,4,before,14.199213
0,8192,false,sum_i64,0,1060,5,after,14.290920
0,8192,false,sum_i64,1,1060,0,enum_static,14.210063
0,8192,false,sum_i64,1,1060,1,bound_dynamic,14.238679
0,8192,false,sum_i64,1,1060,2,bound_static,14.218278
0,8192,false,sum_i64,1,1060,3,before,14.226455
0,8192,false,sum_i64,1,1060,4,after,14.236281
0,8192,false,sum_i64,1,1060,5,enum_dynamic,14.203538
0,8192,false,sum_i64,2,1060,0,bound_dynamic,14.229756
0,8192,false,sum_i64,2,1060,1,bound_static,14.595716
0,8192,false,sum_i64,2,1060,2,before,14.356053
0,8192,false,sum_i64,2,1060,3,after,14.232350
0,8192,false,sum_i64,2,1060,4,enum_dynamic,14.194851
0,8192,false,sum_i64,2,1060,5,enum_static,14.191038
0,8192,false,sum_i64,3,1060,0,bound_static,14.233766
0,8192,false,sum_i64,3,1060,1,before,14.209080
0,8192,false,sum_i64,3,1060,2,after,14.183883
0,8192,false,sum_i64,3,1060,3,enum_dynamic,14.191824
0,8192,false,sum_i64,3,1060,4,enum_static,14.190763
0,8192,false,sum_i64,3,1060,5,bound_dynamic,14.297877
0,8192,false,sum_i64,4,1060,0,before,14.282272
0,8192,false,sum_i64,4,1060,1,after,14.197721
0,8192,false,sum_i64,4,1060,2,enum_dynamic,14.210221
0,8192,false,sum_i64,4,1060,3,enum_static,14.191117
0,8192,false,sum_i64,4,1060,4,bound_dynamic,14.191706
0,8192,false,sum_i64,4,1060,5,bound_static,14.182468
0,8192,false,sum_i64,5,1060,0,after,14.195480
0,8192,false,sum_i64,5,1060,1,enum_dynamic,14.245441
0,8192,false,sum_i64,5,1060,2,enum_static,14.205740
0,8192,false,sum_i64,5,1060,3,bound_dynamic,14.225982
0,8192,false,sum_i64,5,1060,4,bound_static,14.196620
0,8192,false,sum_i64,5,1060,5,before,14.186950
0,8192,false,sum_i64,6,1060,0,enum_dynamic,14.240212
0,8192,false,sum_i64,6,1060,1,enum_static,14.174371
0,8192,false,sum_i64,6,1060,2,bound_dynamic,14.225983
0,8192,false,sum_i64,6,1060,3,bound_static,14.212657
0,8192,false,sum_i64,6,1060,4,before,14.216509
0,8192,false,sum_i64,6,1060,5,after,14.200787
0,8192,false,sum_i64,7,1060,0,enum_static,14.284198
0,8192,false,sum_i64,7,1060,1,bound_dynamic,14.213365
0,8192,false,sum_i64,7,1060,2,bound_static,14.187893
0,8192,false,sum_i64,7,1060,3,before,14.214387
0,8192,false,sum_i64,7,1060,4,after,14.210063
0,8192,false,sum_i64,7,1060,5,enum_dynamic,14.226179
0,8192,false,sum_i64,8,1060,0,bound_dynamic,14.236713
0,8192,false,sum_i64,8,1060,1,bound_static,14.219969
0,8192,false,sum_i64,8,1060,2,before,14.225315
0,8192,false,sum_i64,8,1060,3,after,14.323349
0,8192,false,sum_i64,8,1060,4,enum_dynamic,14.274489
0,8192,false,sum_i64,8,1060,5,enum_static,14.206722
0,8192,false,sum_i64,9,1060,0,bound_static,14.265605
0,8192,false,sum_i64,9,1060,1,before,14.239111
0,8192,false,sum_i64,9,1060,2,after,14.227673
0,8192,false,sum_i64,9,1060,3,enum_dynamic,14.186595
0,8192,false,sum_i64,9,1060,4,enum_static,14.390448
0,8192,false,sum_i64,9,1060,5,bound_dynamic,14.201808
0,8192,false,sum_i64,10,1060,0,before,14.230032
0,8192,false,sum_i64,10,1060,1,after,14.270715
0,8192,false,sum_i64,10,1060,2,enum_dynamic,14.235495
0,8192,false,sum_i64,10,1060,3,enum_static,14.195755
0,8192,false,sum_i64,10,1060,4,bound_dynamic,14.226101
0,8192,false,sum_i64,10,1060,5,bound_static,14.197681
0,8192,false,sum_i64,11,1060,0,after,14.212578
0,8192,false,sum_i64,11,1060,1,enum_dynamic,14.212658
0,8192,false,sum_i64,11,1060,2,enum_static,14.214347
0,8192,false,sum_i64,11,1060,3,bound_dynamic,14.224214
0,8192,false,sum_i64,11,1060,4,bound_static,14.199450
0,8192,false,sum_i64,11,1060,5,before,14.209827
0,128,false,avg_i64,0,39722,0,enum_dynamic,0.418466
0,128,false,avg_i64,0,39722,1,enum_static,0.417191
0,128,false,avg_i64,0,39722,2,bound_dynamic,0.379354
0,128,false,avg_i64,0,39722,3,bound_static,0.381278
0,128,false,avg_i64,0,39722,4,before,0.418175
0,128,false,avg_i64,0,39722,5,after,0.382708
0,128,false,avg_i64,1,39722,0,enum_static,0.416427
0,128,false,avg_i64,1,39722,1,bound_dynamic,0.385587
0,128,false,avg_i64,1,39722,2,bound_static,0.380464
0,128,false,avg_i64,1,39722,3,before,0.416392
0,128,false,avg_i64,1,39722,4,after,0.382281
0,128,false,avg_i64,1,39722,5,enum_dynamic,0.417968
0,128,false,avg_i64,2,39722,0,bound_dynamic,0.380447
0,128,false,avg_i64,2,39722,1,bound_static,0.379984
0,128,false,avg_i64,2,39722,2,before,0.417110
0,128,false,avg_i64,2,39722,3,after,0.381705
0,128,false,avg_i64,2,39722,4,enum_dynamic,0.418955
0,128,false,avg_i64,2,39722,5,enum_static,0.416517
0,128,false,avg_i64,3,39722,0,bound_static,0.380326
0,128,false,avg_i64,3,39722,1,before,0.416784
0,128,false,avg_i64,3,39722,2,after,0.382748
0,128,false,avg_i64,3,39722,3,enum_dynamic,0.424306
0,128,false,avg_i64,3,39722,4,enum_static,0.417588
0,128,false,avg_i64,3,39722,5,bound_dynamic,0.379407
0,128,false,avg_i64,4,39722,0,before,0.419287
0,128,false,avg_i64,4,39722,1,after,0.382791
0,128,false,avg_i64,4,39722,2,enum_dynamic,0.419481
0,128,false,avg_i64,4,39722,3,enum_static,0.416970
0,128,false,avg_i64,4,39722,4,bound_dynamic,0.380078
0,128,false,avg_i64,4,39722,5,bound_static,0.380861
0,128,false,avg_i64,5,39722,0,after,0.382835
0,128,false,avg_i64,5,39722,1,enum_dynamic,0.418791
0,128,false,avg_i64,5,39722,2,enum_static,0.416037
0,128,false,avg_i64,5,39722,3,bound_dynamic,0.380251
0,128,false,avg_i64,5,39722,4,bound_static,0.382478
0,128,false,avg_i64,5,39722,5,before,0.417581
0,128,false,avg_i64,6,39722,0,enum_dynamic,0.418625
0,128,false,avg_i64,6,39722,1,enum_static,0.422923
0,128,false,avg_i64,6,39722,2,bound_dynamic,0.385807
0,128,false,avg_i64,6,39722,3,bound_static,0.391134
0,128,false,avg_i64,6,39722,4,before,0.440379
0,128,false,avg_i64,6,39722,5,after,0.396569
0,128,false,avg_i64,7,39722,0,enum_static,0.445241
0,128,false,avg_i64,7,39722,1,bound_dynamic,0.413143
0,128,false,avg_i64,7,39722,2,bound_static,0.412094
0,128,false,avg_i64,7,39722,3,before,0.430352
0,128,false,avg_i64,7,39722,4,after,0.404545
0,128,false,avg_i64,7,39722,5,enum_dynamic,0.431964
0,128,false,avg_i64,8,39722,0,bound_dynamic,0.392480
0,128,false,avg_i64,8,39722,1,bound_static,0.394886
0,128,false,avg_i64,8,39722,2,before,0.431792
0,128,false,avg_i64,8,39722,3,after,0.395535
0,128,false,avg_i64,8,39722,4,enum_dynamic,0.439514
0,128,false,avg_i64,8,39722,5,enum_static,0.435085
0,128,false,avg_i64,9,39722,0,bound_static,0.396777
0,128,false,avg_i64,9,39722,1,before,0.432825
0,128,false,avg_i64,9,39722,2,after,0.396296
0,128,false,avg_i64,9,39722,3,enum_dynamic,0.432456
0,128,false,avg_i64,9,39722,4,enum_static,0.428459
0,128,false,avg_i64,9,39722,5,bound_dynamic,0.402204
0,128,false,avg_i64,10,39722,0,before,0.432109
0,128,false,avg_i64,10,39722,1,after,0.398080
0,128,false,avg_i64,10,39722,2,enum_dynamic,0.433075
0,128,false,avg_i64,10,39722,3,enum_static,0.432502
0,128,false,avg_i64,10,39722,4,bound_dynamic,0.393450
0,128,false,avg_i64,10,39722,5,bound_static,0.393313
0,128,false,avg_i64,11,39722,0,after,0.403974
0,128,false,avg_i64,11,39722,1,enum_dynamic,0.433973
0,128,false,avg_i64,11,39722,2,enum_static,0.431431
0,128,false,avg_i64,11,39722,3,bound_dynamic,0.396799
0,128,false,avg_i64,11,39722,4,bound_static,0.385407
0,128,false,avg_i64,11,39722,5,before,0.418079
0,8192,true,mixed_7,0,30,0,enum_dynamic,556.356967
0,8192,true,mixed_7,0,30,1,enum_static,507.701400
0,8192,true,mixed_7,0,30,2,bound_dynamic,519.486100
0,8192,true,mixed_7,0,30,3,bound_static,576.858333
0,8192,true,mixed_7,0,30,4,before,533.405533
0,8192,true,mixed_7,0,30,5,after,562.641667
0,8192,true,mixed_7,1,30,0,enum_static,509.344467
0,8192,true,mixed_7,1,30,1,bound_dynamic,512.829167
0,8192,true,mixed_7,1,30,2,bound_static,565.133333
0,8192,true,mixed_7,1,30,3,before,526.630533
0,8192,true,mixed_7,1,30,4,after,569.166667
0,8192,true,mixed_7,1,30,5,enum_dynamic,570.498600
0,8192,true,mixed_7,2,30,0,bound_dynamic,512.352767
0,8192,true,mixed_7,2,30,1,bound_static,556.455533
0,8192,true,mixed_7,2,30,2,before,539.208333
0,8192,true,mixed_7,2,30,3,after,578.256933
0,8192,true,mixed_7,2,30,4,enum_dynamic,573.294433
0,8192,true,mixed_7,2,30,5,enum_static,508.745833
0,8192,true,mixed_7,3,30,0,bound_static,553.488900
0,8192,true,mixed_7,3,30,1,before,512.006933
0,8192,true,mixed_7,3,30,2,after,556.081933
0,8192,true,mixed_7,3,30,3,enum_dynamic,559.952767
0,8192,true,mixed_7,3,30,4,enum_static,508.154167
0,8192,true,mixed_7,3,30,5,bound_dynamic,514.013900
0,8192,true,mixed_7,4,30,0,before,514.706967
0,8192,true,mixed_7,4,30,1,after,561.148600
0,8192,true,mixed_7,4,30,2,enum_dynamic,595.590267
0,8192,true,mixed_7,4,30,3,enum_static,529.351400
0,8192,true,mixed_7,4,30,4,bound_dynamic,527.943033
0,8192,true,mixed_7,4,30,5,bound_static,555.086100
0,8192,true,mixed_7,5,30,0,after,557.090300
0,8192,true,mixed_7,5,30,1,enum_dynamic,560.512500
0,8192,true,mixed_7,5,30,2,enum_static,508.276400
0,8192,true,mixed_7,5,30,3,bound_dynamic,512.326400
0,8192,true,mixed_7,5,30,4,bound_static,561.316667
0,8192,true,mixed_7,5,30,5,before,533.788900
0,8192,true,mixed_7,6,30,0,enum_dynamic,594.791667
0,8192,true,mixed_7,6,30,1,enum_static,535.254167
0,8192,true,mixed_7,6,30,2,bound_dynamic,513.569433
0,8192,true,mixed_7,6,30,3,bound_static,557.711100
0,8192,true,mixed_7,6,30,4,before,513.226400
0,8192,true,mixed_7,6,30,5,after,552.108333
0,8192,true,mixed_7,7,30,0,enum_static,506.811100
0,8192,true,mixed_7,7,30,1,bound_dynamic,513.672200
0,8192,true,mixed_7,7,30,2,bound_static,580.823600
0,8192,true,mixed_7,7,30,3,before,529.720833
0,8192,true,mixed_7,7,30,4,after,552.356933
0,8192,true,mixed_7,7,30,5,enum_dynamic,565.930567
0,8192,true,mixed_7,8,30,0,bound_dynamic,519.390267
0,8192,true,mixed_7,8,30,1,bound_static,559.927800
0,8192,true,mixed_7,8,30,2,before,515.877767
0,8192,true,mixed_7,8,30,3,after,552.043067
0,8192,true,mixed_7,8,30,4,enum_dynamic,557.105567
0,8192,true,mixed_7,8,30,5,enum_static,509.213900
0,8192,true,mixed_7,9,30,0,bound_static,547.870833
0,8192,true,mixed_7,9,30,1,before,510.559733
0,8192,true,mixed_7,9,30,2,after,555.976367
0,8192,true,mixed_7,9,30,3,enum_dynamic,558.156967
0,8192,true,mixed_7,9,30,4,enum_static,506.226400
0,8192,true,mixed_7,9,30,5,bound_dynamic,510.891667
0,8192,true,mixed_7,10,30,0,before,510.515267
0,8192,true,mixed_7,10,30,1,after,556.625000
0,8192,true,mixed_7,10,30,2,enum_dynamic,558.705567
0,8192,true,mixed_7,10,30,3,enum_static,509.836100
0,8192,true,mixed_7,10,30,4,bound_dynamic,512.952800
0,8192,true,mixed_7,10,30,5,bound_static,548.529167
0,8192,true,mixed_7,11,30,0,after,552.750000
0,8192,true,mixed_7,11,30,1,enum_dynamic,556.077800
0,8192,true,mixed_7,11,30,2,enum_static,507.493067
0,8192,true,mixed_7,11,30,3,bound_dynamic,518.202800
0,8192,true,mixed_7,11,30,4,bound_static,559.516667
0,8192,true,mixed_7,11,30,5,before,512.987500
0,65536,true,avg_i64,0,110,0,enum_dynamic,152.913255
0,65536,true,avg_i64,0,110,1,enum_static,153.729918
0,65536,true,avg_i64,0,110,2,bound_dynamic,136.443936
0,65536,true,avg_i64,0,110,3,bound_static,136.476509
0,65536,true,avg_i64,0,110,4,before,153.278409
0,65536,true,avg_i64,0,110,5,after,136.485982
0,65536,true,avg_i64,1,110,0,enum_static,153.345836
0,65536,true,avg_i64,1,110,1,bound_dynamic,138.890527
0,65536,true,avg_i64,1,110,2,bound_static,136.737118
0,65536,true,avg_i64,1,110,3,before,155.104927
0,65536,true,avg_i64,1,110,4,after,136.485227
0,65536,true,avg_i64,1,110,5,enum_dynamic,154.085609
0,65536,true,avg_i64,2,110,0,bound_dynamic,136.785227
0,65536,true,avg_i64,2,110,1,bound_static,136.294691
0,65536,true,avg_i64,2,110,2,before,153.521591
0,65536,true,avg_i64,2,110,3,after,136.594700
0,65536,true,avg_i64,2,110,4,enum_dynamic,153.714009
0,65536,true,avg_i64,2,110,5,enum_static,155.075000
0,65536,true,avg_i64,3,110,0,bound_static,136.789009
0,65536,true,avg_i64,3,110,1,before,153.406064
0,65536,true,avg_i64,3,110,2,after,136.661364
0,65536,true,avg_i64,3,110,3,enum_dynamic,153.104545
0,65536,true,avg_i64,3,110,4,enum_static,153.536364
0,65536,true,avg_i64,3,110,5,bound_dynamic,136.139773
0,65536,true,avg_i64,4,110,0,before,155.166291
0,65536,true,avg_i64,4,110,1,after,139.003791
0,65536,true,avg_i64,4,110,2,enum_dynamic,156.790909
0,65536,true,avg_i64,4,110,3,enum_static,157.384091
0,65536,true,avg_i64,4,110,4,bound_dynamic,139.537127
0,65536,true,avg_i64,4,110,5,bound_static,138.955682
0,65536,true,avg_i64,5,110,0,after,138.920455
0,65536,true,avg_i64,5,110,1,enum_dynamic,156.261745
0,65536,true,avg_i64,5,110,2,enum_static,156.948482
0,65536,true,avg_i64,5,110,3,bound_dynamic,138.892427
0,65536,true,avg_i64,5,110,4,bound_static,143.204927
0,65536,true,avg_i64,5,110,5,before,154.537882
0,65536,true,avg_i64,6,110,0,enum_dynamic,153.532955
0,65536,true,avg_i64,6,110,1,enum_static,155.338264
0,65536,true,avg_i64,6,110,2,bound_dynamic,136.971209
0,65536,true,avg_i64,6,110,3,bound_static,136.553027
0,65536,true,avg_i64,6,110,4,before,153.462118
0,65536,true,avg_i64,6,110,5,after,136.135227
0,65536,true,avg_i64,7,110,0,enum_static,152.840909
0,65536,true,avg_i64,7,110,1,bound_dynamic,135.971209
0,65536,true,avg_i64,7,110,2,bound_static,135.973482
0,65536,true,avg_i64,7,110,3,before,152.964391
0,65536,true,avg_i64,7,110,4,after,136.047727
0,65536,true,avg_i64,7,110,5,enum_dynamic,152.837882
0,65536,true,avg_i64,8,110,0,bound_dynamic,136.321591
0,65536,true,avg_i64,8,110,1,bound_static,136.106064
0,65536,true,avg_i64,8,110,2,before,152.822345
0,65536,true,avg_i64,8,110,3,after,136.528027
0,65536,true,avg_i64,8,110,4,enum_dynamic,153.521973
0,65536,true,avg_i64,8,110,5,enum_static,153.219700
0,65536,true,avg_i64,9,110,0,bound_static,136.311364
0,65536,true,avg_i64,9,110,1,before,153.362882
0,65536,true,avg_i64,9,110,2,after,137.269700
0,65536,true,avg_i64,9,110,3,enum_dynamic,152.923482
0,65536,true,avg_i64,9,110,4,enum_static,153.246591
0,65536,true,avg_i64,9,110,5,bound_dynamic,136.521209
0,65536,true,avg_i64,10,110,0,before,153.193555
0,65536,true,avg_i64,10,110,1,after,140.176509
0,65536,true,avg_i64,10,110,2,enum_dynamic,153.623100
0,65536,true,avg_i64,10,110,3,enum_static,153.579545
0,65536,true,avg_i64,10,110,4,bound_dynamic,136.897727
0,65536,true,avg_i64,10,110,5,bound_static,136.228409
0,65536,true,avg_i64,11,110,0,after,136.778409
0,65536,true,avg_i64,11,110,1,enum_dynamic,153.237882
0,65536,true,avg_i64,11,110,2,enum_static,154.240527
0,65536,true,avg_i64,11,110,3,bound_dynamic,141.088636
0,65536,true,avg_i64,11,110,4,bound_static,138.304173
0,65536,true,avg_i64,11,110,5,before,153.145073
0,65536,true,max_i64,0,42,0,enum_dynamic,364.353167
0,65536,true,max_i64,0,42,1,enum_static,365.362119
0,65536,true,max_i64,0,42,2,bound_dynamic,380.291667
0,65536,true,max_i64,0,42,3,bound_static,363.823405
0,65536,true,max_i64,0,42,4,before,364.468262
0,65536,true,max_i64,0,42,5,after,364.966262
0,65536,true,max_i64,1,42,0,enum_static,363.270833
0,65536,true,max_i64,1,42,1,bound_dynamic,381.305548
0,65536,true,max_i64,1,42,2,bound_static,363.624000
0,65536,true,max_i64,1,42,3,before,365.689476
0,65536,true,max_i64,1,42,4,after,364.321429
0,65536,true,max_i64,1,42,5,enum_dynamic,365.166667
0,65536,true,max_i64,2,42,0,bound_dynamic,380.992048
0,65536,true,max_i64,2,42,1,bound_static,363.983119
0,65536,true,max_i64,2,42,2,before,364.709333
0,65536,true,max_i64,2,42,3,after,370.772810
0,65536,true,max_i64,2,42,4,enum_dynamic,365.035714
0,65536,true,max_i64,2,42,5,enum_static,363.903762
0,65536,true,max_i64,3,42,0,bound_static,371.313500
0,65536,true,max_i64,3,42,1,before,365.134929
0,65536,true,max_i64,3,42,2,after,364.520833
0,65536,true,max_i64,3,42,3,enum_dynamic,371.228167
0,65536,true,max_i64,3,42,4,enum_static,364.721238
0,65536,true,max_i64,3,42,5,bound_dynamic,381.875000
0,65536,true,max_i64,4,42,0,before,364.175595
0,65536,true,max_i64,4,42,1,after,363.544643
0,65536,true,max_i64,4,42,2,enum_dynamic,364.215286
0,65536,true,max_i64,4,42,3,enum_static,363.314476
0,65536,true,max_i64,4,42,4,bound_dynamic,381.150786
0,65536,true,max_i64,4,42,5,bound_static,362.600190
0,65536,true,max_i64,5,42,0,after,363.717262
0,65536,true,max_i64,5,42,1,enum_dynamic,364.579357
0,65536,true,max_i64,5,42,2,enum_static,363.761905
0,65536,true,max_i64,5,42,3,bound_dynamic,380.490095
0,65536,true,max_i64,5,42,4,bound_static,362.819452
0,65536,true,max_i64,5,42,5,before,363.765881
0,65536,true,max_i64,6,42,0,enum_dynamic,364.770833
0,65536,true,max_i64,6,42,1,enum_static,364.942476
0,65536,true,max_i64,6,42,2,bound_dynamic,382.591262
0,65536,true,max_i64,6,42,3,bound_static,363.568452
0,65536,true,max_i64,6,42,4,before,364.091262
0,65536,true,max_i64,6,42,5,after,364.341262
0,65536,true,max_i64,7,42,0,enum_static,365.435524
0,65536,true,max_i64,7,42,1,bound_dynamic,380.793667
0,65536,true,max_i64,7,42,2,bound_static,363.568452
0,65536,true,max_i64,7,42,3,before,364.489095
0,65536,true,max_i64,7,42,4,after,365.243071
0,65536,true,max_i64,7,42,5,enum_dynamic,364.868048
0,65536,true,max_i64,8,42,0,bound_dynamic,381.424595
0,65536,true,max_i64,8,42,1,bound_static,367.473214
0,65536,true,max_i64,8,42,2,before,368.526786
0,65536,true,max_i64,8,42,3,after,363.435500
0,65536,true,max_i64,8,42,4,enum_dynamic,364.722214
0,65536,true,max_i64,8,42,5,enum_static,363.812500
0,65536,true,max_i64,9,42,0,bound_static,370.344238
0,65536,true,max_i64,9,42,1,before,367.871024
0,65536,true,max_i64,9,42,2,after,366.734119
0,65536,true,max_i64,9,42,3,enum_dynamic,365.738095
0,65536,true,max_i64,9,42,4,enum_static,366.252976
0,65536,true,max_i64,9,42,5,bound_dynamic,382.341262
0,65536,true,max_i64,10,42,0,before,364.835310
0,65536,true,max_i64,10,42,1,after,365.175595
0,65536,true,max_i64,10,42,2,enum_dynamic,364.847214
0,65536,true,max_i64,10,42,3,enum_static,364.687500
0,65536,true,max_i64,10,42,4,bound_dynamic,381.497024
0,65536,true,max_i64,10,42,5,bound_static,365.180548
0,65536,true,max_i64,11,42,0,after,365.021833
0,65536,true,max_i64,11,42,1,enum_dynamic,365.053571
0,65536,true,max_i64,11,42,2,enum_static,365.053571
0,65536,true,max_i64,11,42,3,bound_dynamic,380.561500
0,65536,true,max_i64,11,42,4,bound_static,364.272810
0,65536,true,max_i64,11,42,5,before,364.149810
0,128,false,min_utf8,0,8241,0,enum_dynamic,1.877295
0,128,false,min_utf8,0,8241,1,enum_static,1.833788
0,128,false,min_utf8,0,8241,2,bound_dynamic,1.891710
0,128,false,min_utf8,0,8241,3,bound_static,1.807361
0,128,false,min_utf8,0,8241,4,before,1.849432
0,128,false,min_utf8,0,8241,5,after,1.803048
0,128,false,min_utf8,1,8241,0,enum_static,1.835826
0,128,false,min_utf8,1,8241,1,bound_dynamic,1.886725
0,128,false,min_utf8,1,8241,2,bound_static,1.812492
0,128,false,min_utf8,1,8241,3,before,1.844522
0,128,false,min_utf8,1,8241,4,after,1.824647
0,128,false,min_utf8,1,8241,5,enum_dynamic,1.896185
0,128,false,min_utf8,2,8241,0,bound_dynamic,1.882493
0,128,false,min_utf8,2,8241,1,bound_static,1.813443
0,128,false,min_utf8,2,8241,2,before,1.846327
0,128,false,min_utf8,2,8241,3,after,1.808963
0,128,false,min_utf8,2,8241,4,enum_dynamic,1.878226
0,128,false,min_utf8,2,8241,5,enum_static,1.832625
0,128,false,min_utf8,3,8241,0,bound_static,1.806258
0,128,false,min_utf8,3,8241,1,before,1.845018
0,128,false,min_utf8,3,8241,2,after,1.802259
0,128,false,min_utf8,3,8241,3,enum_dynamic,1.876962
0,128,false,min_utf8,3,8241,4,enum_static,1.830891
0,128,false,min_utf8,3,8241,5,bound_dynamic,1.884440
0,128,false,min_utf8,4,8241,0,before,1.847419
0,128,false,min_utf8,4,8241,1,after,1.803028
0,128,false,min_utf8,4,8241,2,enum_dynamic,1.873114
0,128,false,min_utf8,4,8241,3,enum_static,1.833682
0,128,false,min_utf8,4,8241,4,bound_dynamic,1.888803
0,128,false,min_utf8,4,8241,5,bound_static,1.811203
0,128,false,min_utf8,5,8241,0,after,1.808043
0,128,false,min_utf8,5,8241,1,enum_dynamic,1.874585
0,128,false,min_utf8,5,8241,2,enum_static,1.833288
0,128,false,min_utf8,5,8241,3,bound_dynamic,1.885511
0,128,false,min_utf8,5,8241,4,bound_static,1.810632
0,128,false,min_utf8,5,8241,5,before,1.850873
0,128,false,min_utf8,6,8241,0,enum_dynamic,1.875607
0,128,false,min_utf8,6,8241,1,enum_static,1.835305
0,128,false,min_utf8,6,8241,2,bound_dynamic,1.886401
0,128,false,min_utf8,6,8241,3,bound_static,1.812907
0,128,false,min_utf8,6,8241,4,before,1.847596
0,128,false,min_utf8,6,8241,5,after,1.805171
0,128,false,min_utf8,7,8241,0,enum_static,1.831033
0,128,false,min_utf8,7,8241,1,bound_dynamic,1.885233
0,128,false,min_utf8,7,8241,2,bound_static,1.805808
0,128,false,min_utf8,7,8241,3,before,1.842748
0,128,false,min_utf8,7,8241,4,after,1.806744
0,128,false,min_utf8,7,8241,5,enum_dynamic,1.899992
0,128,false,min_utf8,8,8241,0,bound_dynamic,1.920105
0,128,false,min_utf8,8,8241,1,bound_static,1.807487
0,128,false,min_utf8,8,8241,2,before,1.851773
0,128,false,min_utf8,8,8241,3,after,1.809813
0,128,false,min_utf8,8,8241,4,enum_dynamic,1.892666
0,128,false,min_utf8,8,8241,5,enum_static,1.831882
0,128,false,min_utf8,9,8241,0,bound_static,1.809747
0,128,false,min_utf8,9,8241,1,before,1.852485
0,128,false,min_utf8,9,8241,2,after,1.813923
0,128,false,min_utf8,9,8241,3,enum_dynamic,1.879920
0,128,false,min_utf8,9,8241,4,enum_static,1.834137
0,128,false,min_utf8,9,8241,5,bound_dynamic,1.892413
0,128,false,min_utf8,10,8241,0,before,1.845311
0,128,false,min_utf8,10,8241,1,after,1.814055
0,128,false,min_utf8,10,8241,2,enum_dynamic,1.875359
0,128,false,min_utf8,10,8241,3,enum_static,1.836514
0,128,false,min_utf8,10,8241,4,bound_dynamic,1.885562
0,128,false,min_utf8,10,8241,5,bound_static,1.814823
0,128,false,min_utf8,11,8241,0,after,1.812027
0,128,false,min_utf8,11,8241,1,enum_dynamic,1.874070
0,128,false,min_utf8,11,8241,2,enum_static,1.836554
0,128,false,min_utf8,11,8241,3,bound_dynamic,1.885967
0,128,false,min_utf8,11,8241,4,bound_static,1.807912
0,128,false,min_utf8,11,8241,5,before,1.844168
0,128,false,count_distinct_i64,0,2812,0,enum_dynamic,5.422253
0,128,false,count_distinct_i64,0,2812,1,enum_static,5.393359
0,128,false,count_distinct_i64,0,2812,2,bound_dynamic,5.378393
0,128,false,count_distinct_i64,0,2812,3,bound_static,5.340105
0,128,false,count_distinct_i64,0,2812,4,before,5.757305
0,128,false,count_distinct_i64,0,2812,5,after,5.349440
0,128,false,count_distinct_i64,1,2812,0,enum_static,5.400412
0,128,false,count_distinct_i64,1,2812,1,bound_dynamic,5.362687
0,128,false,count_distinct_i64,1,2812,2,bound_static,5.326651
0,128,false,count_distinct_i64,1,2812,3,before,5.385106
0,128,false,count_distinct_i64,1,2812,4,after,5.339038
0,128,false,count_distinct_i64,1,2812,5,enum_dynamic,5.403746
0,128,false,count_distinct_i64,2,2812,0,bound_dynamic,5.364480
0,128,false,count_distinct_i64,2,2812,1,bound_static,5.334311
0,128,false,count_distinct_i64,2,2812,2,before,5.328710
0,128,false,count_distinct_i64,2,2812,3,after,5.324339
0,128,false,count_distinct_i64,2,2812,4,enum_dynamic,5.396915
0,128,false,count_distinct_i64,2,2812,5,enum_static,5.382172
0,128,false,count_distinct_i64,3,2812,0,bound_static,5.328977
0,128,false,count_distinct_i64,3,2812,1,before,5.326784
0,128,false,count_distinct_i64,3,2812,2,after,5.333319
0,128,false,count_distinct_i64,3,2812,3,enum_dynamic,5.398604
0,128,false,count_distinct_i64,3,2812,4,enum_static,5.399627
0,128,false,count_distinct_i64,3,2812,5,bound_dynamic,5.359219
0,128,false,count_distinct_i64,4,2812,0,before,5.334267
0,128,false,count_distinct_i64,4,2812,1,after,5.327244
0,128,false,count_distinct_i64,4,2812,2,enum_dynamic,5.423335
0,128,false,count_distinct_i64,4,2812,3,enum_static,5.377682
0,128,false,count_distinct_i64,4,2812,4,bound_dynamic,5.373355
0,128,false,count_distinct_i64,4,2812,5,bound_static,5.338564
0,128,false,count_distinct_i64,5,2812,0,after,5.325776
0,128,false,count_distinct_i64,5,2812,1,enum_dynamic,5.418904
0,128,false,count_distinct_i64,5,2812,2,enum_static,5.612064
0,128,false,count_distinct_i64,5,2812,3,bound_dynamic,5.410399
0,128,false,count_distinct_i64,5,2812,4,bound_static,5.340549
0,128,false,count_distinct_i64,5,2812,5,before,5.336786
0,128,false,count_distinct_i64,6,2812,0,enum_dynamic,5.425113
0,128,false,count_distinct_i64,6,2812,1,enum_static,5.395893
0,128,false,count_distinct_i64,6,2812,2,bound_dynamic,5.386365
0,128,false,count_distinct_i64,6,2812,3,bound_static,5.359501
0,128,false,count_distinct_i64,6,2812,4,before,5.341112
0,128,false,count_distinct_i64,6,2812,5,after,5.326680
0,128,false,count_distinct_i64,7,2812,0,enum_static,5.436996
0,128,false,count_distinct_i64,7,2812,1,bound_dynamic,5.370362
0,128,false,count_distinct_i64,7,2812,2,bound_static,5.349736
0,128,false,count_distinct_i64,7,2812,3,before,5.598225
0,128,false,count_distinct_i64,7,2812,4,after,5.518463
0,128,false,count_distinct_i64,7,2812,5,enum_dynamic,5.419467
0,128,false,count_distinct_i64,8,2812,0,bound_dynamic,5.374659
0,128,false,count_distinct_i64,8,2812,1,bound_static,5.348121
0,128,false,count_distinct_i64,8,2812,2,before,5.338149
0,128,false,count_distinct_i64,8,2812,3,after,5.345232
0,128,false,count_distinct_i64,8,2812,4,enum_dynamic,5.412103
0,128,false,count_distinct_i64,8,2812,5,enum_static,5.414948
0,128,false,count_distinct_i64,9,2812,0,bound_static,5.343913
0,128,false,count_distinct_i64,9,2812,1,before,5.343513
0,128,false,count_distinct_i64,9,2812,2,after,5.334756
0,128,false,count_distinct_i64,9,2812,3,enum_dynamic,5.402842
0,128,false,count_distinct_i64,9,2812,4,enum_static,5.401494
0,128,false,count_distinct_i64,9,2812,5,bound_dynamic,5.369340
0,128,false,count_distinct_i64,10,2812,0,before,5.348995
0,128,false,count_distinct_i64,10,2812,1,after,5.339883
0,128,false,count_distinct_i64,10,2812,2,enum_dynamic,5.412770
0,128,false,count_distinct_i64,10,2812,3,enum_static,5.394055
0,128,false,count_distinct_i64,10,2812,4,bound_dynamic,5.395611
0,128,false,count_distinct_i64,10,2812,5,bound_static,5.336149
0,128,false,count_distinct_i64,11,2812,0,after,5.342328
0,128,false,count_distinct_i64,11,2812,1,enum_dynamic,5.426639
0,128,false,count_distinct_i64,11,2812,2,enum_static,5.386617
0,128,false,count_distinct_i64,11,2812,3,bound_dynamic,5.380334
0,128,false,count_distinct_i64,11,2812,4,bound_static,5.396233
0,128,false,count_distinct_i64,11,2812,5,before,5.360242
0,8192,true,sum_f64,0,1681,0,enum_dynamic,8.936248
0,8192,true,sum_f64,0,1681,1,enum_static,8.971446
0,8192,true,sum_f64,0,1681,2,bound_dynamic,9.081648
0,8192,true,sum_f64,0,1681,3,bound_static,8.992143
0,8192,true,sum_f64,0,1681,4,before,8.974247
0,8192,true,sum_f64,0,1681,5,after,9.089034
0,8192,true,sum_f64,1,1681,0,enum_static,8.933299
0,8192,true,sum_f64,1,1681,1,bound_dynamic,9.080285
0,8192,true,sum_f64,1,1681,2,bound_static,8.977593
0,8192,true,sum_f64,1,1681,3,before,9.137567
0,8192,true,sum_f64,1,1681,4,after,9.078896
0,8192,true,sum_f64,1,1681,5,enum_dynamic,8.940785
0,8192,true,sum_f64,2,1681,0,bound_dynamic,9.109037
0,8192,true,sum_f64,2,1681,1,bound_static,8.962448
0,8192,true,sum_f64,2,1681,2,before,8.969983
0,8192,true,sum_f64,2,1681,3,after,9.077384
0,8192,true,sum_f64,2,1681,4,enum_dynamic,8.969388
0,8192,true,sum_f64,2,1681,5,enum_static,8.956822
0,8192,true,sum_f64,3,1681,0,bound_static,8.997125
0,8192,true,sum_f64,3,1681,1,before,8.942073
0,8192,true,sum_f64,3,1681,2,after,9.081995
0,8192,true,sum_f64,3,1681,3,enum_dynamic,8.989118
0,8192,true,sum_f64,3,1681,4,enum_static,8.943040
0,8192,true,sum_f64,3,1681,5,bound_dynamic,9.111987
0,8192,true,sum_f64,4,1681,0,before,8.939644
0,8192,true,sum_f64,4,1681,1,after,9.107427
0,8192,true,sum_f64,4,1681,2,enum_dynamic,8.947130
0,8192,true,sum_f64,4,1681,3,enum_static,8.944800
0,8192,true,sum_f64,4,1681,4,bound_dynamic,9.137914
0,8192,true,sum_f64,4,1681,5,bound_static,8.991597
0,8192,true,sum_f64,5,1681,0,after,9.102419
0,8192,true,sum_f64,5,1681,1,enum_dynamic,8.959697
0,8192,true,sum_f64,5,1681,2,enum_static,8.965894
0,8192,true,sum_f64,5,1681,3,bound_dynamic,9.077508
0,8192,true,sum_f64,5,1681,4,bound_static,9.012319
0,8192,true,sum_f64,5,1681,5,before,9.076616
0,8192,true,sum_f64,6,1681,0,enum_dynamic,8.987433
0,8192,true,sum_f64,6,1681,1,enum_static,8.961556
0,8192,true,sum_f64,6,1681,2,bound_dynamic,9.094934
0,8192,true,sum_f64,6,1681,3,bound_static,8.966860
0,8192,true,sum_f64,6,1681,4,before,9.054878
0,8192,true,sum_f64,6,1681,5,after,9.091934
0,8192,true,sum_f64,7,1681,0,enum_static,8.960316
0,8192,true,sum_f64,7,1681,1,bound_dynamic,9.083309
0,8192,true,sum_f64,7,1681,2,bound_static,9.100982
0,8192,true,sum_f64,7,1681,3,before,8.950352
0,8192,true,sum_f64,7,1681,4,after,9.077632
0,8192,true,sum_f64,7,1681,5,enum_dynamic,8.975486
0,8192,true,sum_f64,8,1681,0,bound_dynamic,9.129040
0,8192,true,sum_f64,8,1681,1,bound_static,8.967207
0,8192,true,sum_f64,8,1681,2,before,8.937240
0,8192,true,sum_f64,8,1681,3,after,9.101775
0,8192,true,sum_f64,8,1681,4,enum_dynamic,8.965720
0,8192,true,sum_f64,8,1681,5,enum_static,8.942296
0,8192,true,sum_f64,9,1681,0,bound_static,8.959697
0,8192,true,sum_f64,9,1681,1,before,8.942148
0,8192,true,sum_f64,9,1681,2,after,9.107773
0,8192,true,sum_f64,9,1681,3,enum_dynamic,8.962374
0,8192,true,sum_f64,9,1681,4,enum_static,8.963266
0,8192,true,sum_f64,9,1681,5,bound_dynamic,9.082366
0,8192,true,sum_f64,10,1681,0,before,8.956301
0,8192,true,sum_f64,10,1681,1,after,9.093248
0,8192,true,sum_f64,10,1681,2,enum_dynamic,8.966340
0,8192,true,sum_f64,10,1681,3,enum_static,9.039510
0,8192,true,sum_f64,10,1681,4,bound_dynamic,9.184563
0,8192,true,sum_f64,10,1681,5,bound_static,8.967901
0,8192,true,sum_f64,11,1681,0,after,9.112136
0,8192,true,sum_f64,11,1681,1,enum_dynamic,8.952285
0,8192,true,sum_f64,11,1681,2,enum_static,8.961035
0,8192,true,sum_f64,11,1681,3,bound_dynamic,9.096471
0,8192,true,sum_f64,11,1681,4,bound_static,8.966414
0,8192,true,sum_f64,11,1681,5,before,8.944576
0,128,false,max_utf8,0,8068,0,enum_dynamic,1.859982
0,128,false,max_utf8,0,8068,1,enum_static,1.860292
0,128,false,max_utf8,0,8068,2,bound_dynamic,1.878140
0,128,false,max_utf8,0,8068,3,bound_static,1.839546
0,128,false,max_utf8,0,8068,4,before,1.839241
0,128,false,max_utf8,0,8068,5,after,1.842542
0,128,false,max_utf8,1,8068,0,enum_static,1.855587
0,128,false,max_utf8,1,8068,1,bound_dynamic,1.914782
0,128,false,max_utf8,1,8068,2,bound_static,1.838679
0,128,false,max_utf8,1,8068,3,before,1.839438
0,128,false,max_utf8,1,8068,4,after,1.843213
0,128,false,max_utf8,1,8068,5,enum_dynamic,1.864625
0,128,false,max_utf8,2,8068,0,bound_dynamic,1.887007
0,128,false,max_utf8,2,8068,1,bound_static,1.839221
0,128,false,max_utf8,2,8068,2,before,1.841881
0,128,false,max_utf8,2,8068,3,after,1.846756
0,128,false,max_utf8,2,8068,4,enum_dynamic,1.860586
0,128,false,max_utf8,2,8068,5,enum_static,1.859574
0,128,false,max_utf8,3,8068,0,bound_static,1.837485
0,128,false,max_utf8,3,8068,1,before,1.843714
0,128,false,max_utf8,3,8068,2,after,1.846342
0,128,false,max_utf8,3,8068,3,enum_dynamic,1.865952
0,128,false,max_utf8,3,8068,4,enum_static,1.855938
0,128,false,max_utf8,3,8068,5,bound_dynamic,1.883790
0,128,false,max_utf8,4,8068,0,before,1.844003
0,128,false,max_utf8,4,8068,1,after,1.838131
0,128,false,max_utf8,4,8068,2,enum_dynamic,1.863566
0,128,false,max_utf8,4,8068,3,enum_static,1.857017
0,128,false,max_utf8,4,8068,4,bound_dynamic,1.885479
0,128,false,max_utf8,4,8068,5,bound_static,1.851930
0,128,false,max_utf8,5,8068,0,after,1.845878
0,128,false,max_utf8,5,8068,1,enum_dynamic,1.861170
0,128,false,max_utf8,5,8068,2,enum_static,1.860710
0,128,false,max_utf8,5,8068,3,bound_dynamic,1.883759
0,128,false,max_utf8,5,8068,4,bound_static,1.855210
0,128,false,max_utf8,5,8068,5,before,1.841819
0,128,false,max_utf8,6,8068,0,enum_dynamic,1.863581
0,128,false,max_utf8,6,8068,1,enum_static,1.870703
0,128,false,max_utf8,6,8068,2,bound_dynamic,1.876962
0,128,false,max_utf8,6,8068,3,bound_static,1.844721
0,128,false,max_utf8,6,8068,4,before,1.838441
0,128,false,max_utf8,6,8068,5,after,1.854187
0,128,false,max_utf8,7,8068,0,enum_static,1.897388
0,128,false,max_utf8,7,8068,1,bound_dynamic,1.883036
0,128,false,max_utf8,7,8068,2,bound_static,1.838792
0,128,false,max_utf8,7,8068,3,before,1.839877
0,128,false,max_utf8,7,8068,4,after,1.847603
0,128,false,max_utf8,7,8068,5,enum_dynamic,1.866153
0,128,false,max_utf8,8,8068,0,bound_dynamic,1.883232
0,128,false,max_utf8,8,8068,1,bound_static,1.839433
0,128,false,max_utf8,8,8068,2,before,1.842547
0,128,false,max_utf8,8,8068,3,after,1.847205
0,128,false,max_utf8,8,8068,4,enum_dynamic,1.867135
0,128,false,max_utf8,8,8068,5,enum_static,1.861619
0,128,false,max_utf8,9,8068,0,bound_static,1.837956
0,128,false,max_utf8,9,8068,1,before,1.840042
0,128,false,max_utf8,9,8068,2,after,1.843146
0,128,false,max_utf8,9,8068,3,enum_dynamic,1.868632
0,128,false,max_utf8,9,8068,4,enum_static,1.886455
0,128,false,max_utf8,9,8068,5,bound_dynamic,1.884244
0,128,false,max_utf8,10,8068,0,before,1.837961
0,128,false,max_utf8,10,8068,1,after,1.845237
0,128,false,max_utf8,10,8068,2,enum_dynamic,1.862037
0,128,false,max_utf8,10,8068,3,enum_static,1.855225
0,128,false,max_utf8,10,8068,4,bound_dynamic,1.882969
0,128,false,max_utf8,10,8068,5,bound_static,1.836990
0,128,false,max_utf8,11,8068,0,after,1.839784
0,128,false,max_utf8,11,8068,1,enum_dynamic,1.858582
0,128,false,max_utf8,11,8068,2,enum_static,1.854482
0,128,false,max_utf8,11,8068,3,bound_dynamic,1.877846
0,128,false,max_utf8,11,8068,4,bound_static,1.839840
0,128,false,max_utf8,11,8068,5,before,1.838172
0,65536,true,sum_i64,0,116,0,enum_dynamic,130.727009
0,65536,true,sum_i64,0,116,1,enum_static,130.845543
0,65536,true,sum_i64,0,116,2,bound_dynamic,131.907328
0,65536,true,sum_i64,0,116,3,bound_static,130.912000
0,65536,true,sum_i64,0,116,4,before,131.083336
0,65536,true,sum_i64,0,116,5,after,130.569681
0,65536,true,sum_i64,1,116,0,enum_static,130.902302
0,65536,true,sum_i64,1,116,1,bound_dynamic,130.843750
0,65536,true,sum_i64,1,116,2,bound_static,130.792741
0,65536,true,sum_i64,1,116,3,before,130.755026
0,65536,true,sum_i64,1,116,4,after,132.491379
0,65536,true,sum_i64,1,116,5,enum_dynamic,132.775862
0,65536,true,sum_i64,2,116,0,bound_dynamic,131.039509
0,65536,true,sum_i64,2,116,1,bound_static,130.758983
0,65536,true,sum_i64,2,116,2,before,130.877879
0,65536,true,sum_i64,2,116,3,after,130.985629
0,65536,true,sum_i64,2,116,4,enum_dynamic,130.640802
0,65536,true,sum_i64,2,116,5,enum_static,131.086207
0,65536,true,sum_i64,3,116,0,bound_static,130.891164
0,65536,true,sum_i64,3,116,1,before,130.965879
0,65536,true,sum_i64,3,116,2,after,131.665948
0,65536,true,sum_i64,3,116,3,enum_dynamic,131.172414
0,65536,true,sum_i64,3,116,4,enum_static,131.160560
0,65536,true,sum_i64,3,116,5,bound_dynamic,131.160560
0,65536,true,sum_i64,4,116,0,before,130.712647
0,65536,true,sum_i64,4,116,1,after,131.502517
0,65536,true,sum_i64,4,116,2,enum_dynamic,130.678879
0,65536,true,sum_i64,4,116,3,enum_static,130.626078
0,65536,true,sum_i64,4,116,4,bound_dynamic,132.795612
0,65536,true,sum_i64,4,116,5,bound_static,134.035198
0,65536,true,sum_i64,5,116,0,after,131.559267
0,65536,true,sum_i64,5,116,1,enum_dynamic,130.522629
0,65536,true,sum_i64,5,116,2,enum_static,130.798853
0,65536,true,sum_i64,5,116,3,bound_dynamic,130.808905
0,65536,true,sum_i64,5,116,4,bound_static,132.187862
0,65536,true,sum_i64,5,116,5,before,133.172776
0,65536,true,sum_i64,6,116,0,enum_dynamic,133.500000
0,65536,true,sum_i64,6,116,1,enum_static,132.835491
0,65536,true,sum_i64,6,116,2,bound_dynamic,130.773707
0,65536,true,sum_i64,6,116,3,bound_static,130.776224
0,65536,true,sum_i64,6,116,4,before,130.767241
0,65536,true,sum_i64,6,116,5,after,131.002517
0,65536,true,sum_i64,7,116,0,enum_static,130.937500
0,65536,true,sum_i64,7,116,1,bound_dynamic,130.897991
0,65536,true,sum_i64,7,116,2,bound_static,130.608836
0,65536,true,sum_i64,7,116,3,before,130.850569
0,65536,true,sum_i64,7,116,4,after,130.619612
0,65536,true,sum_i64,7,116,5,enum_dynamic,131.323638
0,65536,true,sum_i64,8,116,0,bound_dynamic,132.257181
0,65536,true,sum_i64,8,116,1,bound_static,132.011491
0,65536,true,sum_i64,8,116,2,before,130.519397
0,65536,true,sum_i64,8,116,3,after,131.189655
0,65536,true,sum_i64,8,116,4,enum_dynamic,130.792388
0,65536,true,sum_i64,8,116,5,enum_static,130.605250
0,65536,true,sum_i64,9,116,0,bound_static,131.001078
0,65536,true,sum_i64,9,116,1,before,130.651940
0,65536,true,sum_i64,9,116,2,after,130.479164
0,65536,true,sum_i64,9,116,3,enum_dynamic,130.499647
0,65536,true,sum_i64,9,116,4,enum_static,130.460853
0,65536,true,sum_i64,9,116,5,bound_dynamic,130.450431
0,65536,true,sum_i64,10,116,0,before,130.507181
0,65536,true,sum_i64,10,116,1,after,130.397629
0,65536,true,sum_i64,10,116,2,enum_dynamic,130.617457
0,65536,true,sum_i64,10,116,3,enum_static,130.442888
0,65536,true,sum_i64,10,116,4,bound_dynamic,130.365302
0,65536,true,sum_i64,10,116,5,bound_static,130.700069
0,65536,true,sum_i64,11,116,0,after,130.368172
0,65536,true,sum_i64,11,116,1,enum_dynamic,131.358121
0,65536,true,sum_i64,11,116,2,enum_static,131.010422
0,65536,true,sum_i64,11,116,3,bound_dynamic,130.695405
0,65536,true,sum_i64,11,116,4,bound_static,130.312853
0,65536,true,sum_i64,11,116,5,before,130.466948
0,8192,true,min_i64,0,343,0,enum_dynamic,46.294706
0,8192,true,min_i64,0,343,1,enum_static,43.918122
0,8192,true,min_i64,0,343,2,bound_dynamic,48.345117
0,8192,true,min_i64,0,343,3,bound_static,43.885810
0,8192,true,min_i64,0,343,4,before,46.444726
0,8192,true,min_i64,0,343,5,after,43.979956
0,8192,true,min_i64,1,343,0,enum_static,43.893464
0,8192,true,min_i64,1,343,1,bound_dynamic,48.807458
0,8192,true,min_i64,1,343,2,bound_static,44.252671
0,8192,true,min_i64,1,343,3,before,46.342324
0,8192,true,min_i64,1,343,4,after,43.946064
0,8192,true,min_i64,1,343,5,enum_dynamic,46.311469
0,8192,true,min_i64,2,343,0,bound_dynamic,49.099248
0,8192,true,min_i64,2,343,1,bound_static,43.968172
0,8192,true,min_i64,2,343,2,before,46.262633
0,8192,true,min_i64,2,343,3,after,43.837706
0,8192,true,min_i64,2,343,4,enum_dynamic,46.246236
0,8192,true,min_i64,2,343,5,enum_static,44.144315
0,8192,true,min_i64,3,343,0,bound_static,43.968659
0,8192,true,min_i64,3,343,1,before,46.358478
0,8192,true,min_i64,3,343,2,after,44.072035
0,8192,true,min_i64,3,343,3,enum_dynamic,46.296041
0,8192,true,min_i64,3,343,4,enum_static,43.960641
0,8192,true,min_i64,3,343,5,bound_dynamic,48.229834
0,8192,true,min_i64,4,343,0,before,46.495869
0,8192,true,min_i64,4,343,1,after,43.946184
0,8192,true,min_i64,4,343,2,enum_dynamic,46.346210
0,8192,true,min_i64,4,343,3,enum_static,43.871478
0,8192,true,min_i64,4,343,4,bound_dynamic,48.410595
0,8192,true,min_i64,4,343,5,bound_static,43.881315
0,8192,true,min_i64,5,343,0,after,44.023201
0,8192,true,min_i64,5,343,1,enum_dynamic,46.316204
0,8192,true,min_i64,5,343,2,enum_static,43.919703
0,8192,true,min_i64,5,343,3,bound_dynamic,49.244534
0,8192,true,min_i64,5,343,4,bound_static,43.905854
0,8192,true,min_i64,5,343,5,before,46.341595
0,8192,true,min_i64,6,343,0,enum_dynamic,46.319120
0,8192,true,min_i64,6,343,1,enum_static,44.165329
0,8192,true,min_i64,6,343,2,bound_dynamic,48.301385
0,8192,true,min_i64,6,343,3,bound_static,43.941204
0,8192,true,min_i64,6,343,4,before,46.923105
0,8192,true,min_i64,6,343,5,after,44.436469
0,8192,true,min_i64,7,343,0,enum_static,43.985542
0,8192,true,min_i64,7,343,1,bound_dynamic,48.386178
0,8192,true,min_i64,7,343,2,bound_static,43.908650
0,8192,true,min_i64,7,343,3,before,46.651359
0,8192,true,min_i64,7,343,4,after,43.877309
0,8192,true,min_i64,7,343,5,enum_dynamic,46.202017
0,8192,true,min_i64,8,343,0,bound_dynamic,48.249271
0,8192,true,min_i64,8,343,1,bound_static,43.757044
0,8192,true,min_i64,8,343,2,before,46.257408
0,8192,true,min_i64,8,343,3,after,43.851918
0,8192,true,min_i64,8,343,4,enum_dynamic,46.188047
0,8192,true,min_i64,8,343,5,enum_static,43.863703
0,8192,true,min_i64,9,343,0,bound_static,43.813776
0,8192,true,min_i64,9,343,1,before,46.326408
0,8192,true,min_i64,9,343,2,after,44.100583
0,8192,true,min_i64,9,343,3,enum_dynamic,46.273446
0,8192,true,min_i64,9,343,4,enum_static,44.031950
0,8192,true,min_i64,9,343,5,bound_dynamic,48.309525
0,8192,true,min_i64,10,343,0,before,46.396746
0,8192,true,min_i64,10,343,1,after,43.923589
0,8192,true,min_i64,10,343,2,enum_dynamic,46.856414
0,8192,true,min_i64,10,343,3,enum_static,44.064988
0,8192,true,min_i64,10,343,4,bound_dynamic,48.364551
0,8192,true,min_i64,10,343,5,bound_static,43.826044
0,8192,true,min_i64,11,343,0,after,44.033650
0,8192,true,min_i64,11,343,1,enum_dynamic,47.210519
0,8192,true,min_i64,11,343,2,enum_static,44.015548
0,8192,true,min_i64,11,343,3,bound_dynamic,48.357630
0,8192,true,min_i64,11,343,4,bound_static,43.841837
0,8192,true,min_i64,11,343,5,before,46.617589
0,65536,false,sum_u64,0,135,0,enum_dynamic,114.544444
0,65536,false,sum_u64,0,135,1,enum_static,114.054630
0,65536,false,sum_u64,0,135,2,bound_dynamic,112.399074
0,65536,false,sum_u64,0,135,3,bound_static,112.418519
0,65536,false,sum_u64,0,135,4,before,112.350615
0,65536,false,sum_u64,0,135,5,after,112.475000
0,65536,false,sum_u64,1,135,0,enum_static,112.481793
0,65536,false,sum_u64,1,135,1,bound_dynamic,113.158030
0,65536,false,sum_u64,1,135,2,bound_static,114.251852
0,65536,false,sum_u64,1,135,3,before,114.667593
0,65536,false,sum_u64,1,135,4,after,114.635800
0,65536,false,sum_u64,1,135,5,enum_dynamic,114.658644
0,65536,false,sum_u64,2,135,0,bound_dynamic,114.611415
0,65536,false,sum_u64,2,135,1,bound_static,114.694133
0,65536,false,sum_u64,2,135,2,before,114.539504
0,65536,false,sum_u64,2,135,3,after,114.631178
0,65536,false,sum_u64,2,135,4,enum_dynamic,114.577778
0,65536,false,sum_u64,2,135,5,enum_static,114.745370
0,65536,false,sum_u64,3,135,0,bound_static,114.109881
0,65536,false,sum_u64,3,135,1,before,114.347837
0,65536,false,sum_u64,3,135,2,after,114.681481
0,65536,false,sum_u64,3,135,3,enum_dynamic,114.681481
0,65536,false,sum_u64,3,135,4,enum_static,114.520993
0,65536,false,sum_u64,3,135,5,bound_dynamic,114.315741
0,65536,false,sum_u64,4,135,0,before,114.538585
0,65536,false,sum_u64,4,135,1,after,114.381481
0,65536,false,sum_u64,4,135,2,enum_dynamic,114.548763
0,65536,false,sum_u64,4,135,3,enum_static,114.378704
0,65536,false,sum_u64,4,135,4,bound_dynamic,112.490437
0,65536,false,sum_u64,4,135,5,bound_static,113.745067
0,65536,false,sum_u64,5,135,0,after,113.306170
0,65536,false,sum_u64,5,135,1,enum_dynamic,112.087963
0,65536,false,sum_u64,5,135,2,enum_static,112.283948
0,65536,false,sum_u64,5,135,3,bound_dynamic,112.636726
0,65536,false,sum_u64,5,135,4,bound_static,112.159570
0,65536,false,sum_u64,5,135,5,before,112.911111
0,65536,false,sum_u64,6,135,0,enum_dynamic,112.031178
0,65536,false,sum_u64,6,135,1,enum_static,111.990430
0,65536,false,sum_u64,6,135,2,bound_dynamic,112.025000
0,65536,false,sum_u64,6,135,3,bound_static,112.184570
0,65536,false,sum_u64,6,135,4,before,112.083644
0,65536,false,sum_u64,6,135,5,after,112.075304
0,65536,false,sum_u64,7,135,0,enum_static,112.033948
0,65536,false,sum_u64,7,135,1,bound_dynamic,112.143519
0,65536,false,sum_u64,7,135,2,bound_static,112.073148
0,65536,false,sum_u64,7,135,3,before,112.232096
0,65536,false,sum_u64,7,135,4,after,112.186415
0,65536,false,sum_u64,7,135,5,enum_dynamic,112.025615
0,65536,false,sum_u64,8,135,0,bound_dynamic,112.565437
0,65536,false,sum_u64,8,135,1,bound_static,112.295370
0,65536,false,sum_u64,8,135,2,before,112.694756
0,65536,false,sum_u64,8,135,3,after,112.188274
0,65536,false,sum_u64,8,135,4,enum_dynamic,112.505244
0,65536,false,sum_u64,8,135,5,enum_static,112.403081
0,65536,false,sum_u64,9,135,0,bound_static,112.132096
0,65536,false,sum_u64,9,135,1,before,112.412652
0,65536,false,sum_u64,9,135,2,after,112.201237
0,65536,false,sum_u64,9,135,3,enum_dynamic,112.455244
0,65536,false,sum_u64,9,135,4,enum_static,112.206481
0,65536,false,sum_u64,9,135,5,bound_dynamic,112.411733
0,65536,false,sum_u64,10,135,0,before,112.084881
0,65536,false,sum_u64,10,135,1,after,112.091356
0,65536,false,sum_u64,10,135,2,enum_dynamic,113.743215
0,65536,false,sum_u64,10,135,3,enum_static,111.919444
0,65536,false,sum_u64,10,135,4,bound_dynamic,112.279007
0,65536,false,sum_u64,10,135,5,bound_static,112.325615
0,65536,false,sum_u64,11,135,0,after,112.339815
0,65536,false,sum_u64,11,135,1,enum_dynamic,113.755867
0,65536,false,sum_u64,11,135,2,enum_static,113.367904
0,65536,false,sum_u64,11,135,3,bound_dynamic,112.254326
0,65536,false,sum_u64,11,135,4,bound_static,112.351237
0,65536,false,sum_u64,11,135,5,before,112.228089
0,128,false,max_i64,0,18581,0,enum_dynamic,0.828117
0,128,false,max_i64,0,18581,1,enum_static,0.804688
0,128,false,max_i64,0,18581,2,bound_dynamic,0.830640
0,128,false,max_i64,0,18581,3,bound_static,0.788426
0,128,false,max_i64,0,18581,4,before,0.795028
0,128,false,max_i64,0,18581,5,after,0.787323
0,128,false,max_i64,1,18581,0,enum_static,0.807460
0,128,false,max_i64,1,18581,1,bound_dynamic,0.829629
0,128,false,max_i64,1,18581,2,bound_static,0.790839
0,128,false,max_i64,1,18581,3,before,0.792707
0,128,false,max_i64,1,18581,4,after,0.787233
0,128,false,max_i64,1,18581,5,enum_dynamic,0.823393
0,128,false,max_i64,2,18581,0,bound_dynamic,0.829483
0,128,false,max_i64,2,18581,1,bound_static,0.791111
0,128,false,max_i64,2,18581,2,before,0.793546
0,128,false,max_i64,2,18581,3,after,0.787718
0,128,false,max_i64,2,18581,4,enum_dynamic,0.819894
0,128,false,max_i64,2,18581,5,enum_static,0.803475
0,128,false,max_i64,3,18581,0,bound_static,0.789974
0,128,false,max_i64,3,18581,1,before,0.789483
0,128,false,max_i64,3,18581,2,after,0.790467
0,128,false,max_i64,3,18581,3,enum_dynamic,0.824888
0,128,false,max_i64,3,18581,4,enum_static,0.807395
0,128,false,max_i64,3,18581,5,bound_dynamic,0.839756
0,128,false,max_i64,4,18581,0,before,0.797573
0,128,false,max_i64,4,18581,1,after,0.800105
0,128,false,max_i64,4,18581,2,enum_dynamic,0.830064
0,128,false,max_i64,4,18581,3,enum_static,0.807110
0,128,false,max_i64,4,18581,4,bound_dynamic,0.829510
0,128,false,max_i64,4,18581,5,bound_static,0.792703
0,128,false,max_i64,5,18581,0,after,0.791028
0,128,false,max_i64,5,18581,1,enum_dynamic,0.822722
0,128,false,max_i64,5,18581,2,enum_static,0.803785
0,128,false,max_i64,5,18581,3,bound_dynamic,0.828227
0,128,false,max_i64,5,18581,4,bound_static,0.789606
0,128,false,max_i64,5,18581,5,before,0.792687
0,128,false,max_i64,6,18581,0,enum_dynamic,0.822545
0,128,false,max_i64,6,18581,1,enum_static,0.803872
0,128,false,max_i64,6,18581,2,bound_dynamic,0.829999
0,128,false,max_i64,6,18581,3,bound_static,0.789218
0,128,false,max_i64,6,18581,4,before,0.803368
0,128,false,max_i64,6,18581,5,after,0.792817
0,128,false,max_i64,7,18581,0,enum_static,0.806056
0,128,false,max_i64,7,18581,1,bound_dynamic,0.830546
0,128,false,max_i64,7,18581,2,bound_static,0.791833
0,128,false,max_i64,7,18581,3,before,0.793275
0,128,false,max_i64,7,18581,4,after,0.790678
0,128,false,max_i64,7,18581,5,enum_dynamic,0.825749
0,128,false,max_i64,8,18581,0,bound_dynamic,0.830488
0,128,false,max_i64,8,18581,1,bound_static,0.792297
0,128,false,max_i64,8,18581,2,before,0.792691
0,128,false,max_i64,8,18581,3,after,0.789182
0,128,false,max_i64,8,18581,4,enum_dynamic,0.824151
0,128,false,max_i64,8,18581,5,enum_static,0.805556
0,128,false,max_i64,9,18581,0,bound_static,0.789227
0,128,false,max_i64,9,18581,1,before,0.791055
0,128,false,max_i64,9,18581,2,after,0.790308
0,128,false,max_i64,9,18581,3,enum_dynamic,0.822036
0,128,false,max_i64,9,18581,4,enum_static,0.805617
0,128,false,max_i64,9,18581,5,bound_dynamic,0.828889
0,128,false,max_i64,10,18581,0,before,0.794678
0,128,false,max_i64,10,18581,1,after,0.805361
0,128,false,max_i64,10,18581,2,enum_dynamic,0.839637
0,128,false,max_i64,10,18581,3,enum_static,0.812236
0,128,false,max_i64,10,18581,4,bound_dynamic,0.832508
0,128,false,max_i64,10,18581,5,bound_static,0.793180
0,128,false,max_i64,11,18581,0,after,0.790516
0,128,false,max_i64,11,18581,1,enum_dynamic,0.830647
0,128,false,max_i64,11,18581,2,enum_static,0.803386
0,128,false,max_i64,11,18581,3,bound_dynamic,0.831791
0,128,false,max_i64,11,18581,4,bound_static,0.788301
0,128,false,max_i64,11,18581,5,before,0.790844
0,128,false,count_i64,0,50000,0,enum_dynamic,0.070715
0,128,false,count_i64,0,50000,1,enum_static,0.071792
0,128,false,count_i64,0,50000,2,bound_dynamic,0.069680
0,128,false,count_i64,0,50000,3,bound_static,0.070472
0,128,false,count_i64,0,50000,4,before,0.071407
0,128,false,count_i64,0,50000,5,after,0.069465
0,128,false,count_i64,1,50000,0,enum_static,0.072130
0,128,false,count_i64,1,50000,1,bound_dynamic,0.070148
0,128,false,count_i64,1,50000,2,bound_static,0.070422
0,128,false,count_i64,1,50000,3,before,0.071618
0,128,false,count_i64,1,50000,4,after,0.069515
0,128,false,count_i64,1,50000,5,enum_dynamic,0.071313
0,128,false,count_i64,2,50000,0,bound_dynamic,0.069712
0,128,false,count_i64,2,50000,1,bound_static,0.071409
0,128,false,count_i64,2,50000,2,before,0.071462
0,128,false,count_i64,2,50000,3,after,0.069417
0,128,false,count_i64,2,50000,4,enum_dynamic,0.071743
0,128,false,count_i64,2,50000,5,enum_static,0.071736
0,128,false,count_i64,3,50000,0,bound_static,0.070017
0,128,false,count_i64,3,50000,1,before,0.071457
0,128,false,count_i64,3,50000,2,after,0.069783
0,128,false,count_i64,3,50000,3,enum_dynamic,0.071197
0,128,false,count_i64,3,50000,4,enum_static,0.071485
0,128,false,count_i64,3,50000,5,bound_dynamic,0.069811
0,128,false,count_i64,4,50000,0,before,0.071412
0,128,false,count_i64,4,50000,1,after,0.069907
0,128,false,count_i64,4,50000,2,enum_dynamic,0.071544
0,128,false,count_i64,4,50000,3,enum_static,0.071485
0,128,false,count_i64,4,50000,4,bound_dynamic,0.069663
0,128,false,count_i64,4,50000,5,bound_static,0.070368
0,128,false,count_i64,5,50000,0,after,0.069423
0,128,false,count_i64,5,50000,1,enum_dynamic,0.071498
0,128,false,count_i64,5,50000,2,enum_static,0.071487
0,128,false,count_i64,5,50000,3,bound_dynamic,0.069663
0,128,false,count_i64,5,50000,4,bound_static,0.070446
0,128,false,count_i64,5,50000,5,before,0.071938
0,128,false,count_i64,6,50000,0,enum_dynamic,0.071504
0,128,false,count_i64,6,50000,1,enum_static,0.071660
0,128,false,count_i64,6,50000,2,bound_dynamic,0.069642
0,128,false,count_i64,6,50000,3,bound_static,0.070735
0,128,false,count_i64,6,50000,4,before,0.071593
0,128,false,count_i64,6,50000,5,after,0.069418
0,128,false,count_i64,7,50000,0,enum_static,0.071487
0,128,false,count_i64,7,50000,1,bound_dynamic,0.069795
0,128,false,count_i64,7,50000,2,bound_static,0.070682
0,128,false,count_i64,7,50000,3,before,0.071684
0,128,false,count_i64,7,50000,4,after,0.069601
0,128,false,count_i64,7,50000,5,enum_dynamic,0.071670
0,128,false,count_i64,8,50000,0,bound_dynamic,0.070013
0,128,false,count_i64,8,50000,1,bound_static,0.070424
0,128,false,count_i64,8,50000,2,before,0.071430
0,128,false,count_i64,8,50000,3,after,0.069542
0,128,false,count_i64,8,50000,4,enum_dynamic,0.071147
0,128,false,count_i64,8,50000,5,enum_static,0.071593
0,128,false,count_i64,9,50000,0,bound_static,0.070629
0,128,false,count_i64,9,50000,1,before,0.072105
0,128,false,count_i64,9,50000,2,after,0.069936
0,128,false,count_i64,9,50000,3,enum_dynamic,0.071159
0,128,false,count_i64,9,50000,4,enum_static,0.071491
0,128,false,count_i64,9,50000,5,bound_dynamic,0.069766
0,128,false,count_i64,10,50000,0,before,0.071560
0,128,false,count_i64,10,50000,1,after,0.069612
0,128,false,count_i64,10,50000,2,enum_dynamic,0.071672
0,128,false,count_i64,10,50000,3,enum_static,0.072339
0,128,false,count_i64,10,50000,4,bound_dynamic,0.070238
0,128,false,count_i64,10,50000,5,bound_static,0.070451
0,128,false,count_i64,11,50000,0,after,0.069590
0,128,false,count_i64,11,50000,1,enum_dynamic,0.071280
0,128,false,count_i64,11,50000,2,enum_static,0.071616
0,128,false,count_i64,11,50000,3,bound_dynamic,0.069660
0,128,false,count_i64,11,50000,4,bound_static,0.070370
0,128,false,count_i64,11,50000,5,before,0.071553
0,8192,false,max_utf8,0,159,0,enum_dynamic,94.900679
0,8192,false,max_utf8,0,159,1,enum_static,94.883119
0,8192,false,max_utf8,0,159,2,bound_dynamic,97.373692
0,8192,false,max_utf8,0,159,3,bound_static,94.871597
0,8192,false,max_utf8,0,159,4,before,95.247119
0,8192,false,max_utf8,0,159,5,after,96.832283
0,8192,false,max_utf8,1,159,0,enum_static,95.013629
0,8192,false,max_utf8,1,159,1,bound_dynamic,97.099321
0,8192,false,max_utf8,1,159,2,bound_static,94.784069
0,8192,false,max_utf8,1,159,3,before,94.706239
0,8192,false,max_utf8,1,159,4,after,95.297692
0,8192,false,max_utf8,1,159,5,enum_dynamic,94.560799
0,8192,false,max_utf8,2,159,0,bound_dynamic,97.289830
0,8192,false,max_utf8,2,159,1,bound_static,95.049528
0,8192,false,max_utf8,2,159,2,before,94.784333
0,8192,false,max_utf8,2,159,3,after,95.056604
0,8192,false,max_utf8,2,159,4,enum_dynamic,94.569447
0,8192,false,max_utf8,2,159,5,enum_static,94.902258
0,8192,false,max_utf8,3,159,0,bound_static,94.852987
0,8192,false,max_utf8,3,159,1,before,94.986635
0,8192,false,max_utf8,3,159,2,after,98.896484
0,8192,false,max_utf8,3,159,3,enum_dynamic,94.545597
0,8192,false,max_utf8,3,159,4,enum_static,95.607704
0,8192,false,max_utf8,3,159,5,bound_dynamic,98.677415
0,8192,false,max_utf8,4,159,0,before,94.862157
0,8192,false,max_utf8,4,159,1,after,95.225101
0,8192,false,max_utf8,4,159,2,enum_dynamic,95.054509
0,8192,false,max_utf8,4,159,3,enum_static,95.800572
0,8192,false,max_utf8,4,159,4,bound_dynamic,97.630767
0,8192,false,max_utf8,4,159,5,bound_static,94.987157
0,8192,false,max_utf8,5,159,0,after,95.063679
0,8192,false,max_utf8,5,159,1,enum_dynamic,94.605346
0,8192,false,max_utf8,5,159,2,enum_static,95.235585
0,8192,false,max_utf8,5,159,3,bound_dynamic,97.720648
0,8192,false,max_utf8,5,159,4,bound_static,94.968818
0,8192,false,max_utf8,5,159,5,before,95.007597
0,8192,false,max_utf8,6,159,0,enum_dynamic,95.334906
0,8192,false,max_utf8,6,159,1,enum_static,95.872906
0,8192,false,max_utf8,6,159,2,bound_dynamic,97.729560
0,8192,false,max_utf8,6,159,3,bound_static,95.047956
0,8192,false,max_utf8,6,159,4,before,95.698377
0,8192,false,max_utf8,6,159,5,after,94.986377
0,8192,false,max_utf8,7,159,0,enum_static,95.372906
0,8192,false,max_utf8,7,159,1,bound_dynamic,97.136792
0,8192,false,max_utf8,7,159,2,bound_static,95.030660
0,8192,false,max_utf8,7,159,3,before,94.888629
0,8192,false,max_utf8,7,159,4,after,95.101151
0,8192,false,max_utf8,7,159,5,enum_dynamic,94.712786
0,8192,false,max_utf8,8,159,0,bound_dynamic,97.460956
0,8192,false,max_utf8,8,159,1,bound_static,94.897270
0,8192,false,max_utf8,8,159,2,before,95.405660
0,8192,false,max_utf8,8,159,3,after,95.028830
0,8192,false,max_utf8,8,159,4,enum_dynamic,94.748692
0,8192,false,max_utf8,8,159,5,enum_static,95.111371
0,8192,false,max_utf8,9,159,0,bound_static,95.113730
0,8192,false,max_utf8,9,159,1,before,95.308176
0,8192,false,max_utf8,9,159,2,after,95.001308
0,8192,false,max_utf8,9,159,3,enum_dynamic,94.580453
0,8192,false,max_utf8,9,159,4,enum_static,95.432126
0,8192,false,max_utf8,9,159,5,bound_dynamic,97.801101
0,8192,false,max_utf8,10,159,0,before,94.900943
0,8192,false,max_utf8,10,159,1,after,94.833591
0,8192,false,max_utf8,10,159,2,enum_dynamic,94.871855
0,8192,false,max_utf8,10,159,3,enum_static,95.069704
0,8192,false,max_utf8,10,159,4,bound_dynamic,97.718031
0,8192,false,max_utf8,10,159,5,bound_static,94.996069
0,8192,false,max_utf8,11,159,0,after,94.994761
0,8192,false,max_utf8,11,159,1,enum_dynamic,94.770962
0,8192,false,max_utf8,11,159,2,enum_static,95.101937
0,8192,false,max_utf8,11,159,3,bound_dynamic,97.433434
0,8192,false,max_utf8,11,159,4,bound_static,94.993711
0,8192,false,max_utf8,11,159,5,before,95.190780
0,8192,true,min_utf8,0,144,0,enum_dynamic,107.639465
0,8192,true,min_utf8,0,144,1,enum_static,105.928819
0,8192,true,min_utf8,0,144,2,bound_dynamic,110.918687
0,8192,true,min_utf8,0,144,3,bound_static,105.813368
0,8192,true,min_utf8,0,144,4,before,107.696181
0,8192,true,min_utf8,0,144,5,after,106.077833
0,8192,true,min_utf8,1,144,0,enum_static,105.989875
0,8192,true,min_utf8,1,144,1,bound_dynamic,111.069444
0,8192,true,min_utf8,1,144,2,bound_static,104.964125
0,8192,true,min_utf8,1,144,3,before,108.520833
0,8192,true,min_utf8,1,144,4,after,106.260993
0,8192,true,min_utf8,1,144,5,enum_dynamic,107.488139
0,8192,true,min_utf8,2,144,0,bound_dynamic,110.211229
0,8192,true,min_utf8,2,144,1,bound_static,105.929396
0,8192,true,min_utf8,2,144,2,before,107.618632
0,8192,true,min_utf8,2,144,3,after,106.120076
0,8192,true,min_utf8,2,144,4,enum_dynamic,108.760417
0,8192,true,min_utf8,2,144,5,enum_static,106.873264
0,8192,true,min_utf8,3,144,0,bound_static,106.223667
0,8192,true,min_utf8,3,144,1,before,107.704569
0,8192,true,min_utf8,3,144,2,after,105.847222
0,8192,true,min_utf8,3,144,3,enum_dynamic,108.309611
0,8192,true,min_utf8,3,144,4,enum_static,105.780382
0,8192,true,min_utf8,3,144,5,bound_dynamic,110.134257
0,8192,true,min_utf8,4,144,0,before,107.703701
0,8192,true,min_utf8,4,144,1,after,105.379632
0,8192,true,min_utf8,4,144,2,enum_dynamic,108.353875
0,8192,true,min_utf8,4,144,3,enum_static,106.690681
0,8192,true,min_utf8,4,144,4,bound_dynamic,110.395542
0,8192,true,min_utf8,4,144,5,bound_static,106.278354
0,8192,true,min_utf8,5,144,0,after,105.931715
0,8192,true,min_utf8,5,144,1,enum_dynamic,108.263889
0,8192,true,min_utf8,5,144,2,enum_static,105.681424
0,8192,true,min_utf8,5,144,3,bound_dynamic,111.006076
0,8192,true,min_utf8,5,144,4,bound_static,106.195312
0,8192,true,min_utf8,5,144,5,before,108.074076
0,8192,true,min_utf8,6,144,0,enum_dynamic,109.199944
0,8192,true,min_utf8,6,144,1,enum_static,106.332174
0,8192,true,min_utf8,6,144,2,bound_dynamic,110.510125
0,8192,true,min_utf8,6,144,3,bound_static,105.328993
0,8192,true,min_utf8,6,144,4,before,107.912326
0,8192,true,min_utf8,6,144,5,after,106.874708
0,8192,true,min_utf8,7,144,0,enum_static,105.878472
0,8192,true,min_utf8,7,144,1,bound_dynamic,110.313368
0,8192,true,min_utf8,7,144,2,bound_static,106.350694
0,8192,true,min_utf8,7,144,3,before,108.093750
0,8192,true,min_utf8,7,144,4,after,106.190688
0,8192,true,min_utf8,7,144,5,enum_dynamic,107.570889
0,8192,true,min_utf8,8,144,0,bound_dynamic,110.304687
0,8192,true,min_utf8,8,144,1,bound_static,106.364007
0,8192,true,min_utf8,8,144,2,before,108.399882
0,8192,true,min_utf8,8,144,3,after,106.156250
0,8192,true,min_utf8,8,144,4,enum_dynamic,109.253188
0,8192,true,min_utf8,8,144,5,enum_static,106.480035
0,8192,true,min_utf8,9,144,0,bound_static,105.130208
0,8192,true,min_utf8,9,144,1,before,111.693868
0,8192,true,min_utf8,9,144,2,after,106.045431
0,8192,true,min_utf8,9,144,3,enum_dynamic,108.659722
0,8192,true,min_utf8,9,144,4,enum_static,105.867479
0,8192,true,min_utf8,9,144,5,bound_dynamic,109.701965
0,8192,true,min_utf8,10,144,0,before,108.123840
0,8192,true,min_utf8,10,144,1,after,106.588250
0,8192,true,min_utf8,10,144,2,enum_dynamic,108.069736
0,8192,true,min_utf8,10,144,3,enum_static,105.750292
0,8192,true,min_utf8,10,144,4,bound_dynamic,110.326681
0,8192,true,min_utf8,10,144,5,bound_static,105.950521
0,8192,true,min_utf8,11,144,0,after,105.562500
0,8192,true,min_utf8,11,144,1,enum_dynamic,107.631368
0,8192,true,min_utf8,11,144,2,enum_static,105.852431
0,8192,true,min_utf8,11,144,3,bound_dynamic,110.993924
0,8192,true,min_utf8,11,144,4,bound_static,108.203701
0,8192,true,min_utf8,11,144,5,before,108.980618
0,65536,true,count_distinct_i64,0,8,0,enum_dynamic,3091.609375
0,65536,true,count_distinct_i64,0,8,1,enum_static,2728.833250
0,65536,true,count_distinct_i64,0,8,2,bound_dynamic,2766.849000
0,65536,true,count_distinct_i64,0,8,3,bound_static,3186.213500
0,65536,true,count_distinct_i64,0,8,4,before,2797.114500
0,65536,true,count_distinct_i64,0,8,5,after,3216.812500
0,65536,true,count_distinct_i64,1,8,0,enum_static,2793.182250
0,65536,true,count_distinct_i64,1,8,1,bound_dynamic,2815.026125
0,65536,true,count_distinct_i64,1,8,2,bound_static,3194.864500
0,65536,true,count_distinct_i64,1,8,3,before,2766.562500
0,65536,true,count_distinct_i64,1,8,4,after,3214.510500
0,65536,true,count_distinct_i64,1,8,5,enum_dynamic,3191.958375
0,65536,true,count_distinct_i64,2,8,0,bound_dynamic,2741.505250
0,65536,true,count_distinct_i64,2,8,1,bound_static,3081.895875
0,65536,true,count_distinct_i64,2,8,2,before,2734.718750
0,65536,true,count_distinct_i64,2,8,3,after,3140.682250
0,65536,true,count_distinct_i64,2,8,4,enum_dynamic,3187.317750
0,65536,true,count_distinct_i64,2,8,5,enum_static,2800.349000
0,65536,true,count_distinct_i64,3,8,0,bound_static,3215.421875
0,65536,true,count_distinct_i64,3,8,1,before,2834.755250
0,65536,true,count_distinct_i64,3,8,2,after,3276.338625
0,65536,true,count_distinct_i64,3,8,3,enum_dynamic,3436.239625
0,65536,true,count_distinct_i64,3,8,4,enum_static,2755.198000
0,65536,true,count_distinct_i64,3,8,5,bound_dynamic,2741.567625
0,65536,true,count_distinct_i64,4,8,0,before,2743.432375
0,65536,true,count_distinct_i64,4,8,1,after,3222.333375
0,65536,true,count_distinct_i64,4,8,2,enum_dynamic,3230.770750
0,65536,true,count_distinct_i64,4,8,3,enum_static,2912.448000
0,65536,true,count_distinct_i64,4,8,4,bound_dynamic,2731.437500
0,65536,true,count_distinct_i64,4,8,5,bound_static,3082.442750
0,65536,true,count_distinct_i64,5,8,0,after,3110.437500
0,65536,true,count_distinct_i64,5,8,1,enum_dynamic,3098.333375
0,65536,true,count_distinct_i64,5,8,2,enum_static,2795.989625
0,65536,true,count_distinct_i64,5,8,3,bound_dynamic,2737.588500
0,65536,true,count_distinct_i64,5,8,4,bound_static,3083.416625
0,65536,true,count_distinct_i64,5,8,5,before,2750.958375
0,65536,true,count_distinct_i64,6,8,0,enum_dynamic,3132.187500
0,65536,true,count_distinct_i64,6,8,1,enum_static,2722.234375
0,65536,true,count_distinct_i64,6,8,2,bound_dynamic,2727.489500
0,65536,true,count_distinct_i64,6,8,3,bound_static,3111.000000
0,65536,true,count_distinct_i64,6,8,4,before,2729.932250
0,65536,true,count_distinct_i64,6,8,5,after,3175.145750
0,65536,true,count_distinct_i64,7,8,0,enum_static,2790.869750
0,65536,true,count_distinct_i64,7,8,1,bound_dynamic,2789.161500
0,65536,true,count_distinct_i64,7,8,2,bound_static,3172.849000
0,65536,true,count_distinct_i64,7,8,3,before,2790.281250
0,65536,true,count_distinct_i64,7,8,4,after,3136.005250
0,65536,true,count_distinct_i64,7,8,5,enum_dynamic,3189.296875
0,65536,true,count_distinct_i64,8,8,0,bound_dynamic,2798.885375
0,65536,true,count_distinct_i64,8,8,1,bound_static,3172.369750
0,65536,true,count_distinct_i64,8,8,2,before,2730.531250
0,65536,true,count_distinct_i64,8,8,3,after,3184.885500
0,65536,true,count_distinct_i64,8,8,4,enum_dynamic,3199.250000
0,65536,true,count_distinct_i64,8,8,5,enum_static,2798.682250
0,65536,true,count_distinct_i64,9,8,0,bound_static,3184.729125
0,65536,true,count_distinct_i64,9,8,1,before,2731.765625
0,65536,true,count_distinct_i64,9,8,2,after,3145.734375
0,65536,true,count_distinct_i64,9,8,3,enum_dynamic,3182.588500
0,65536,true,count_distinct_i64,9,8,4,enum_static,2795.427125
0,65536,true,count_distinct_i64,9,8,5,bound_dynamic,2802.682375
0,65536,true,count_distinct_i64,10,8,0,before,2760.114625
0,65536,true,count_distinct_i64,10,8,1,after,3104.864625
0,65536,true,count_distinct_i64,10,8,2,enum_dynamic,3096.974000
0,65536,true,count_distinct_i64,10,8,3,enum_static,2773.718750
0,65536,true,count_distinct_i64,10,8,4,bound_dynamic,2733.151000
0,65536,true,count_distinct_i64,10,8,5,bound_static,3080.505250
0,65536,true,count_distinct_i64,11,8,0,after,3099.296875
0,65536,true,count_distinct_i64,11,8,1,enum_dynamic,3092.510375
0,65536,true,count_distinct_i64,11,8,2,enum_static,2796.609375
0,65536,true,count_distinct_i64,11,8,3,bound_dynamic,2794.989500
0,65536,true,count_distinct_i64,11,8,4,bound_static,3170.750000
0,65536,true,count_distinct_i64,11,8,5,before,2796.500000
0,65536,true,min_utf8,0,18,0,enum_dynamic,857.000000
0,65536,true,min_utf8,0,18,1,enum_static,840.835667
0,65536,true,min_utf8,0,18,2,bound_dynamic,878.613444
0,65536,true,min_utf8,0,18,3,bound_static,840.974556
0,65536,true,min_utf8,0,18,4,before,861.939833
0,65536,true,min_utf8,0,18,5,after,840.164333
0,65536,true,min_utf8,1,18,0,enum_static,840.988444
0,65536,true,min_utf8,1,18,1,bound_dynamic,879.372667
0,65536,true,min_utf8,1,18,2,bound_static,842.592611
0,65536,true,min_utf8,1,18,3,before,857.761556
0,65536,true,min_utf8,1,18,4,after,845.386611
0,65536,true,min_utf8,1,18,5,enum_dynamic,861.592611
0,65536,true,min_utf8,2,18,0,bound_dynamic,883.275444
0,65536,true,min_utf8,2,18,1,bound_static,837.979167
0,65536,true,min_utf8,2,18,2,before,858.935167
0,65536,true,min_utf8,2,18,3,after,836.067167
0,65536,true,min_utf8,2,18,4,enum_dynamic,864.078722
0,65536,true,min_utf8,2,18,5,enum_static,841.456056
0,65536,true,min_utf8,3,18,0,bound_static,843.905111
0,65536,true,min_utf8,3,18,1,before,863.162056
0,65536,true,min_utf8,3,18,2,after,852.150500
0,65536,true,min_utf8,3,18,3,enum_dynamic,890.053278
0,65536,true,min_utf8,3,18,4,enum_static,846.379611
0,65536,true,min_utf8,3,18,5,bound_dynamic,875.916667
0,65536,true,min_utf8,4,18,0,before,863.453722
0,65536,true,min_utf8,4,18,1,after,842.645833
0,65536,true,min_utf8,4,18,2,enum_dynamic,864.094889
0,65536,true,min_utf8,4,18,3,enum_static,846.122667
0,65536,true,min_utf8,4,18,4,bound_dynamic,887.164389
0,65536,true,min_utf8,4,18,5,bound_static,850.826389
0,65536,true,min_utf8,5,18,0,after,841.562500
0,65536,true,min_utf8,5,18,1,enum_dynamic,864.060167
0,65536,true,min_utf8,5,18,2,enum_static,853.835667
0,65536,true,min_utf8,5,18,3,bound_dynamic,880.763889
0,65536,true,min_utf8,5,18,4,bound_static,847.405111
0,65536,true,min_utf8,5,18,5,before,865.187500
0,65536,true,min_utf8,6,18,0,enum_dynamic,860.490778
0,65536,true,min_utf8,6,18,1,enum_static,844.011556
0,65536,true,min_utf8,6,18,2,bound_dynamic,884.157389
0,65536,true,min_utf8,6,18,3,bound_static,844.578722
0,65536,true,min_utf8,6,18,4,before,858.233778
0,65536,true,min_utf8,6,18,5,after,847.060222
0,65536,true,min_utf8,7,18,0,enum_static,843.752333
0,65536,true,min_utf8,7,18,1,bound_dynamic,871.884278
0,65536,true,min_utf8,7,18,2,bound_static,838.356500
0,65536,true,min_utf8,7,18,3,before,859.189833
0,65536,true,min_utf8,7,18,4,after,837.435167
0,65536,true,min_utf8,7,18,5,enum_dynamic,867.284722
0,65536,true,min_utf8,8,18,0,bound_dynamic,878.256944
0,65536,true,min_utf8,8,18,1,bound_static,840.375000
0,65536,true,min_utf8,8,18,2,before,860.599500
0,65536,true,min_utf8,8,18,3,after,842.745333
0,65536,true,min_utf8,8,18,4,enum_dynamic,865.460611
0,65536,true,min_utf8,8,18,5,enum_static,842.294000
0,65536,true,min_utf8,9,18,0,bound_static,845.618056
0,65536,true,min_utf8,9,18,1,before,876.067111
0,65536,true,min_utf8,9,18,2,after,847.500000
0,65536,true,min_utf8,9,18,3,enum_dynamic,896.046278
0,65536,true,min_utf8,9,18,4,enum_static,852.562500
0,65536,true,min_utf8,9,18,5,bound_dynamic,880.231500
0,65536,true,min_utf8,10,18,0,before,861.321778
0,65536,true,min_utf8,10,18,1,after,850.270833
0,65536,true,min_utf8,10,18,2,enum_dynamic,860.030111
0,65536,true,min_utf8,10,18,3,enum_static,844.025444
0,65536,true,min_utf8,10,18,4,bound_dynamic,877.819444
0,65536,true,min_utf8,10,18,5,bound_static,837.078722
0,65536,true,min_utf8,11,18,0,after,837.710667
0,65536,true,min_utf8,11,18,1,enum_dynamic,862.451389
0,65536,true,min_utf8,11,18,2,enum_static,841.759278
0,65536,true,min_utf8,11,18,3,bound_dynamic,879.192167
0,65536,true,min_utf8,11,18,4,bound_static,837.134278
0,65536,true,min_utf8,11,18,5,before,861.020833
0,128,true,sum_i64,0,38924,0,enum_dynamic,0.398155
0,128,true,sum_i64,0,38924,1,enum_static,0.391407
0,128,true,sum_i64,0,38924,2,bound_dynamic,0.379756
0,128,true,sum_i64,0,38924,3,bound_static,0.377648
0,128,true,sum_i64,0,38924,4,before,0.384011
0,128,true,sum_i64,0,38924,5,after,0.378970
0,128,true,sum_i64,1,38924,0,enum_static,0.389948
0,128,true,sum_i64,1,38924,1,bound_dynamic,0.379026
0,128,true,sum_i64,1,38924,2,bound_static,0.379558
0,128,true,sum_i64,1,38924,3,before,0.380413
0,128,true,sum_i64,1,38924,4,after,0.380405
0,128,true,sum_i64,1,38924,5,enum_dynamic,0.398424
0,128,true,sum_i64,2,38924,0,bound_dynamic,0.380649
0,128,true,sum_i64,2,38924,1,bound_static,0.384055
0,128,true,sum_i64,2,38924,2,before,0.380207
0,128,true,sum_i64,2,38924,3,after,0.379356
0,128,true,sum_i64,2,38924,4,enum_dynamic,0.397313
0,128,true,sum_i64,2,38924,5,enum_static,0.394538
0,128,true,sum_i64,3,38924,0,bound_static,0.378418
0,128,true,sum_i64,3,38924,1,before,0.381310
0,128,true,sum_i64,3,38924,2,after,0.378884
0,128,true,sum_i64,3,38924,3,enum_dynamic,0.398228
0,128,true,sum_i64,3,38924,4,enum_static,0.395006
0,128,true,sum_i64,3,38924,5,bound_dynamic,0.379311
0,128,true,sum_i64,4,38924,0,before,0.382132
0,128,true,sum_i64,4,38924,1,after,0.378206
0,128,true,sum_i64,4,38924,2,enum_dynamic,0.402651
0,128,true,sum_i64,4,38924,3,enum_static,0.392831
0,128,true,sum_i64,4,38924,4,bound_dynamic,0.381964
0,128,true,sum_i64,4,38924,5,bound_static,0.388505
0,128,true,sum_i64,5,38924,0,after,0.381636
0,128,true,sum_i64,5,38924,1,enum_dynamic,0.402741
0,128,true,sum_i64,5,38924,2,enum_static,0.390813
0,128,true,sum_i64,5,38924,3,bound_dynamic,0.381232
0,128,true,sum_i64,5,38924,4,bound_static,0.377381
0,128,true,sum_i64,5,38924,5,before,0.381907
0,128,true,sum_i64,6,38924,0,enum_dynamic,0.405156
0,128,true,sum_i64,6,38924,1,enum_static,0.391386
0,128,true,sum_i64,6,38924,2,bound_dynamic,0.383366
0,128,true,sum_i64,6,38924,3,bound_static,0.380571
0,128,true,sum_i64,6,38924,4,before,0.383123
0,128,true,sum_i64,6,38924,5,after,0.379492
0,128,true,sum_i64,7,38924,0,enum_static,0.391013
0,128,true,sum_i64,7,38924,1,bound_dynamic,0.382844
0,128,true,sum_i64,7,38924,2,bound_static,0.385143
0,128,true,sum_i64,7,38924,3,before,0.386389
0,128,true,sum_i64,7,38924,4,after,0.386602
0,128,true,sum_i64,7,38924,5,enum_dynamic,0.409868
0,128,true,sum_i64,8,38924,0,bound_dynamic,0.387701
0,128,true,sum_i64,8,38924,1,bound_static,0.387004
0,128,true,sum_i64,8,38924,2,before,0.389326
0,128,true,sum_i64,8,38924,3,after,0.395139
0,128,true,sum_i64,8,38924,4,enum_dynamic,0.398572
0,128,true,sum_i64,8,38924,5,enum_static,0.390229
0,128,true,sum_i64,9,38924,0,bound_static,0.383599
0,128,true,sum_i64,9,38924,1,before,0.383098
0,128,true,sum_i64,9,38924,2,after,0.378419
0,128,true,sum_i64,9,38924,3,enum_dynamic,0.400521
0,128,true,sum_i64,9,38924,4,enum_static,0.389138
0,128,true,sum_i64,9,38924,5,bound_dynamic,0.380966
0,128,true,sum_i64,10,38924,0,before,0.380204
0,128,true,sum_i64,10,38924,1,after,0.378846
0,128,true,sum_i64,10,38924,2,enum_dynamic,0.397329
0,128,true,sum_i64,10,38924,3,enum_static,0.388765
0,128,true,sum_i64,10,38924,4,bound_dynamic,0.380185
0,128,true,sum_i64,10,38924,5,bound_static,0.379812
0,128,true,sum_i64,11,38924,0,after,0.379144
0,128,true,sum_i64,11,38924,1,enum_dynamic,0.397793
0,128,true,sum_i64,11,38924,2,enum_static,0.389628
0,128,true,sum_i64,11,38924,3,bound_dynamic,0.382365
0,128,true,sum_i64,11,38924,4,bound_static,0.383532
0,128,true,sum_i64,11,38924,5,before,0.379844
0,65536,false,min_i64,0,49,0,enum_dynamic,353.543367
0,65536,false,min_i64,0,49,1,enum_static,340.231306
0,65536,false,min_i64,0,49,2,bound_dynamic,371.424327
0,65536,false,min_i64,0,49,3,bound_static,333.626694
0,65536,false,min_i64,0,49,4,before,354.308673
0,65536,false,min_i64,0,49,5,after,334.035714
0,65536,false,min_i64,1,49,0,enum_static,329.826531
0,65536,false,min_i64,1,49,1,bound_dynamic,374.973653
0,65536,false,min_i64,1,49,2,bound_static,339.368184
0,65536,false,min_i64,1,49,3,before,355.882653
0,65536,false,min_i64,1,49,4,after,334.517020
0,65536,false,min_i64,1,49,5,enum_dynamic,352.569714
0,65536,false,min_i64,2,49,0,bound_dynamic,373.594388
0,65536,false,min_i64,2,49,1,bound_static,334.865653
0,65536,false,min_i64,2,49,2,before,356.584184
0,65536,false,min_i64,2,49,3,after,335.415816
0,65536,false,min_i64,2,49,4,enum_dynamic,350.434531
0,65536,false,min_i64,2,49,5,enum_static,335.898796
0,65536,false,min_i64,3,49,0,bound_static,334.780612
0,65536,false,min_i64,3,49,1,before,353.189633
0,65536,false,min_i64,3,49,2,after,335.335020
0,65536,false,min_i64,3,49,3,enum_dynamic,354.654755
0,65536,false,min_i64,3,49,4,enum_static,314.858857
0,65536,false,min_i64,3,49,5,bound_dynamic,369.719388
0,65536,false,min_i64,4,49,0,before,353.848633
0,65536,false,min_i64,4,49,1,after,334.647959
0,65536,false,min_i64,4,49,2,enum_dynamic,352.306959
0,65536,false,min_i64,4,49,3,enum_static,330.099490
0,65536,false,min_i64,4,49,4,bound_dynamic,370.773816
0,65536,false,min_i64,4,49,5,bound_static,335.096939
0,65536,false,min_i64,5,49,0,after,335.240653
0,65536,false,min_i64,5,49,1,enum_dynamic,353.833327
0,65536,false,min_i64,5,49,2,enum_static,316.608857
0,65536,false,min_i64,5,49,3,bound_dynamic,377.637755
0,65536,false,min_i64,5,49,4,bound_static,335.664959
0,65536,false,min_i64,5,49,5,before,356.015306
0,65536,false,min_i64,6,49,0,enum_dynamic,353.602041
0,65536,false,min_i64,6,49,1,enum_static,346.193878
0,65536,false,min_i64,6,49,2,bound_dynamic,372.849490
0,65536,false,min_i64,6,49,3,bound_static,335.089286
0,65536,false,min_i64,6,49,4,before,360.062918
0,65536,false,min_i64,6,49,5,after,335.499143
0,65536,false,min_i64,7,49,0,enum_static,328.246612
0,65536,false,min_i64,7,49,1,bound_dynamic,373.914122
0,65536,false,min_i64,7,49,2,bound_static,330.773816
0,65536,false,min_i64,7,49,3,before,353.775510
0,65536,false,min_i64,7,49,4,after,333.582490
0,65536,false,min_i64,7,49,5,enum_dynamic,353.966837
0,65536,false,min_i64,8,49,0,bound_dynamic,374.896265
0,65536,false,min_i64,8,49,1,bound_static,333.858000
0,65536,false,min_i64,8,49,2,before,352.596939
0,65536,false,min_i64,8,49,3,after,343.344388
0,65536,false,min_i64,8,49,4,enum_dynamic,352.874143
0,65536,false,min_i64,8,49,5,enum_static,338.376694
0,65536,false,min_i64,9,49,0,bound_static,333.733000
0,65536,false,min_i64,9,49,1,before,353.908163
0,65536,false,min_i64,9,49,2,after,335.602041
0,65536,false,min_i64,9,49,3,enum_dynamic,354.326531
0,65536,false,min_i64,9,49,4,enum_static,323.479592
0,65536,false,min_i64,9,49,5,bound_dynamic,372.931122
0,65536,false,min_i64,10,49,0,before,354.937918
0,65536,false,min_i64,10,49,1,after,335.207469
0,65536,false,min_i64,10,49,2,enum_dynamic,353.626714
0,65536,false,min_i64,10,49,3,enum_static,353.818878
0,65536,false,min_i64,10,49,4,bound_dynamic,373.326531
0,65536,false,min_i64,10,49,5,bound_static,334.622449
0,65536,false,min_i64,11,49,0,after,337.266163
0,65536,false,min_i64,11,49,1,enum_dynamic,363.895408
0,65536,false,min_i64,11,49,2,enum_static,322.495735
0,65536,false,min_i64,11,49,3,bound_dynamic,371.723633
0,65536,false,min_i64,11,49,4,bound_static,334.724490
0,65536,false,min_i64,11,49,5,before,355.981286
0,128,false,sum_i64,0,45003,0,enum_dynamic,0.357471
0,128,false,sum_i64,0,45003,1,enum_static,0.342153
0,128,false,sum_i64,0,45003,2,bound_dynamic,0.333291
0,128,false,sum_i64,0,45003,3,bound_static,0.334890
0,128,false,sum_i64,0,45003,4,before,0.332895
0,128,false,sum_i64,0,45003,5,after,0.329485
0,128,false,sum_i64,1,45003,0,enum_static,0.339439
0,128,false,sum_i64,1,45003,1,bound_dynamic,0.333607
0,128,false,sum_i64,1,45003,2,bound_static,0.331961
0,128,false,sum_i64,1,45003,3,before,0.333611
0,128,false,sum_i64,1,45003,4,after,0.329301
0,128,false,sum_i64,1,45003,5,enum_dynamic,0.356998
0,128,false,sum_i64,2,45003,0,bound_dynamic,0.336250
0,128,false,sum_i64,2,45003,1,bound_static,0.330939
0,128,false,sum_i64,2,45003,2,before,0.332445
0,128,false,sum_i64,2,45003,3,after,0.330008
0,128,false,sum_i64,2,45003,4,enum_dynamic,0.356163
0,128,false,sum_i64,2,45003,5,enum_static,0.340153
0,128,false,sum_i64,3,45003,0,bound_static,0.329063
0,128,false,sum_i64,3,45003,1,before,0.333164
0,128,false,sum_i64,3,45003,2,after,0.331315
0,128,false,sum_i64,3,45003,3,enum_dynamic,0.356320
0,128,false,sum_i64,3,45003,4,enum_static,0.346781
0,128,false,sum_i64,3,45003,5,bound_dynamic,0.333803
0,128,false,sum_i64,4,45003,0,before,0.334500
0,128,false,sum_i64,4,45003,1,after,0.332746
0,128,false,sum_i64,4,45003,2,enum_dynamic,0.357382
0,128,false,sum_i64,4,45003,3,enum_static,0.341559
0,128,false,sum_i64,4,45003,4,bound_dynamic,0.333281
0,128,false,sum_i64,4,45003,5,bound_static,0.335687
0,128,false,sum_i64,5,45003,0,after,0.334697
0,128,false,sum_i64,5,45003,1,enum_dynamic,0.363176
0,128,false,sum_i64,5,45003,2,enum_static,0.346820
0,128,false,sum_i64,5,45003,3,bound_dynamic,0.341658
0,128,false,sum_i64,5,45003,4,bound_static,0.341608
0,128,false,sum_i64,5,45003,5,before,0.333221
0,128,false,sum_i64,6,45003,0,enum_dynamic,0.356055
0,128,false,sum_i64,6,45003,1,enum_static,0.338644
0,128,false,sum_i64,6,45003,2,bound_dynamic,0.337566
0,128,false,sum_i64,6,45003,3,bound_static,0.329753
0,128,false,sum_i64,6,45003,4,before,0.332814
0,128,false,sum_i64,6,45003,5,after,0.329433
0,128,false,sum_i64,7,45003,0,enum_static,0.340545
0,128,false,sum_i64,7,45003,1,bound_dynamic,0.332133
0,128,false,sum_i64,7,45003,2,bound_static,0.334714
0,128,false,sum_i64,7,45003,3,before,0.332491
0,128,false,sum_i64,7,45003,4,after,0.330786
0,128,false,sum_i64,7,45003,5,enum_dynamic,0.355961
0,128,false,sum_i64,8,45003,0,bound_dynamic,0.330608
0,128,false,sum_i64,8,45003,1,bound_static,0.332987
0,128,false,sum_i64,8,45003,2,before,0.333518
0,128,false,sum_i64,8,45003,3,after,0.329847
0,128,false,sum_i64,8,45003,4,enum_dynamic,0.355693
0,128,false,sum_i64,8,45003,5,enum_static,0.339687
0,128,false,sum_i64,9,45003,0,bound_static,0.330037
0,128,false,sum_i64,9,45003,1,before,0.333107
0,128,false,sum_i64,9,45003,2,after,0.329996
0,128,false,sum_i64,9,45003,3,enum_dynamic,0.356243
0,128,false,sum_i64,9,45003,4,enum_static,0.339694
0,128,false,sum_i64,9,45003,5,bound_dynamic,0.332033
0,128,false,sum_i64,10,45003,0,before,0.340750
0,128,false,sum_i64,10,45003,1,after,0.330305
0,128,false,sum_i64,10,45003,2,enum_dynamic,0.356240
0,128,false,sum_i64,10,45003,3,enum_static,0.341391
0,128,false,sum_i64,10,45003,4,bound_dynamic,0.333306
0,128,false,sum_i64,10,45003,5,bound_static,0.335532
0,128,false,sum_i64,11,45003,0,after,0.329504
0,128,false,sum_i64,11,45003,1,enum_dynamic,0.357004
0,128,false,sum_i64,11,45003,2,enum_static,0.339839
0,128,false,sum_i64,11,45003,3,bound_dynamic,0.337007
0,128,false,sum_i64,11,45003,4,bound_static,0.335050
0,128,false,sum_i64,11,45003,5,before,0.332404
0,8192,true,count_star,0,3930,0,enum_dynamic,3.840903
0,8192,true,count_star,0,3930,1,enum_static,3.825265
0,8192,true,count_star,0,3930,2,bound_dynamic,3.826940
0,8192,true,count_star,0,3930,3,bound_static,3.826887
0,8192,true,count_star,0,3930,4,before,3.823219
0,8192,true,count_star,0,3930,5,after,3.826983
0,8192,true,count_star,1,3930,0,enum_static,3.829092
0,8192,true,count_star,1,3930,1,bound_dynamic,3.829622
0,8192,true,count_star,1,3930,2,bound_static,3.825827
0,8192,true,count_star,1,3930,3,before,3.831224
0,8192,true,count_star,1,3930,4,after,3.820780
0,8192,true,count_star,1,3930,5,enum_dynamic,3.825467
0,8192,true,count_star,2,3930,0,bound_dynamic,3.824767
0,8192,true,count_star,2,3930,1,bound_static,3.825064
0,8192,true,count_star,2,3930,2,before,3.831891
0,8192,true,count_star,2,3930,3,after,3.832920
0,8192,true,count_star,2,3930,4,enum_dynamic,3.876760
0,8192,true,count_star,2,3930,5,enum_static,3.828393
0,8192,true,count_star,3,3930,0,bound_static,3.835740
0,8192,true,count_star,3,3930,1,before,3.823378
0,8192,true,count_star,3,3930,2,after,3.822933
0,8192,true,count_star,3,3930,3,enum_dynamic,3.824544
0,8192,true,count_star,3,3930,4,enum_static,3.837426
0,8192,true,count_star,3,3930,5,bound_dynamic,3.827449
0,8192,true,count_star,4,3930,0,before,3.831510
0,8192,true,count_star,4,3930,1,after,3.819391
0,8192,true,count_star,4,3930,2,enum_dynamic,3.822074
0,8192,true,count_star,4,3930,3,enum_static,3.830079
0,8192,true,count_star,4,3930,4,bound_dynamic,3.817822
0,8192,true,count_star,4,3930,5,bound_static,3.820483
0,8192,true,count_star,5,3930,0,after,3.817335
0,8192,true,count_star,5,3930,1,enum_dynamic,3.830555
0,8192,true,count_star,5,3930,2,enum_static,3.894614
0,8192,true,count_star,5,3930,3,bound_dynamic,3.820049
0,8192,true,count_star,5,3930,4,bound_static,3.830025
0,8192,true,count_star,5,3930,5,before,3.825032
0,8192,true,count_star,6,3930,0,enum_dynamic,3.828976
0,8192,true,count_star,6,3930,1,enum_static,3.830089
0,8192,true,count_star,6,3930,2,bound_dynamic,3.827004
0,8192,true,count_star,6,3930,3,bound_static,3.820770
0,8192,true,count_star,6,3930,4,before,3.826410
0,8192,true,count_star,6,3930,5,after,3.821279
0,8192,true,count_star,7,3930,0,enum_static,3.832453
0,8192,true,count_star,7,3930,1,bound_dynamic,3.822498
0,8192,true,count_star,7,3930,2,bound_static,3.831266
0,8192,true,count_star,7,3930,3,before,3.834362
0,8192,true,count_star,7,3930,4,after,3.825785
0,8192,true,count_star,7,3930,5,enum_dynamic,3.828753
0,8192,true,count_star,8,3930,0,bound_dynamic,3.820409
0,8192,true,count_star,8,3930,1,bound_static,3.831382
0,8192,true,count_star,8,3930,2,before,3.834584
0,8192,true,count_star,8,3930,3,after,3.829612
0,8192,true,count_star,8,3930,4,enum_dynamic,3.836408
0,8192,true,count_star,8,3930,5,enum_static,3.833005
0,8192,true,count_star,9,3930,0,bound_static,3.858524
0,8192,true,count_star,9,3930,1,before,3.833206
0,8192,true,count_star,9,3930,2,after,3.838518
0,8192,true,count_star,9,3930,3,enum_dynamic,3.827152
0,8192,true,count_star,9,3930,4,enum_static,3.833789
0,8192,true,count_star,9,3930,5,bound_dynamic,3.825594
0,8192,true,count_star,10,3930,0,before,3.830651
0,8192,true,count_star,10,3930,1,after,3.862765
0,8192,true,count_star,10,3930,2,enum_dynamic,3.837447
0,8192,true,count_star,10,3930,3,enum_static,3.848643
0,8192,true,count_star,10,3930,4,bound_dynamic,3.827831
0,8192,true,count_star,10,3930,5,bound_static,3.823420
0,8192,true,count_star,11,3930,0,after,3.819222
0,8192,true,count_star,11,3930,1,enum_dynamic,3.888952
0,8192,true,count_star,11,3930,2,enum_static,3.827863
0,8192,true,count_star,11,3930,3,bound_dynamic,3.832740
0,8192,true,count_star,11,3930,4,bound_static,3.821151
0,8192,true,count_star,11,3930,5,before,3.826209
0,8192,true,max_utf8,0,141,0,enum_dynamic,107.682922
0,8192,true,max_utf8,0,141,1,enum_static,108.643319
0,8192,true,max_utf8,0,141,2,bound_dynamic,110.215128
0,8192,true,max_utf8,0,141,3,bound_static,108.154844
0,8192,true,max_utf8,0,141,4,before,108.323879
0,8192,true,max_utf8,0,141,5,after,108.943262
0,8192,true,max_utf8,1,141,0,enum_static,108.301121
0,8192,true,max_utf8,1,141,1,bound_dynamic,109.821511
0,8192,true,max_utf8,1,141,2,bound_static,110.162525
0,8192,true,max_utf8,1,141,3,before,107.841021
0,8192,true,max_utf8,1,141,4,after,108.827716
0,8192,true,max_utf8,1,141,5,enum_dynamic,107.704199
0,8192,true,max_utf8,2,141,0,bound_dynamic,110.453014
0,8192,true,max_utf8,2,141,1,bound_static,108.379142
0,8192,true,max_utf8,2,141,2,before,107.031624
0,8192,true,max_utf8,2,141,3,after,107.619681
0,8192,true,max_utf8,2,141,4,enum_dynamic,107.822106
0,8192,true,max_utf8,2,141,5,enum_static,108.100177
0,8192,true,max_utf8,3,141,0,bound_static,107.969567
0,8192,true,max_utf8,3,141,1,before,107.751773
0,8192,true,max_utf8,3,141,2,after,107.955972
0,8192,true,max_utf8,3,141,3,enum_dynamic,108.477539
0,8192,true,max_utf8,3,141,4,enum_static,108.057326
0,8192,true,max_utf8,3,141,5,bound_dynamic,109.713943
0,8192,true,max_utf8,4,141,0,before,109.486113
0,8192,true,max_utf8,4,141,1,after,108.398340
0,8192,true,max_utf8,4,141,2,enum_dynamic,108.488177
0,8192,true,max_utf8,4,141,3,enum_static,108.767142
0,8192,true,max_utf8,4,141,4,bound_dynamic,110.820326
0,8192,true,max_utf8,4,141,5,bound_static,107.549943
0,8192,true,max_utf8,5,141,0,after,107.934688
0,8192,true,max_utf8,5,141,1,enum_dynamic,107.602837
0,8192,true,max_utf8,5,141,2,enum_static,108.082738
0,8192,true,max_utf8,5,141,3,bound_dynamic,110.342787
0,8192,true,max_utf8,5,141,4,bound_static,107.915191
0,8192,true,max_utf8,5,141,5,before,107.583043
0,8192,true,max_utf8,6,141,0,enum_dynamic,107.432028
0,8192,true,max_utf8,6,141,1,enum_static,108.348993
0,8192,true,max_utf8,6,141,2,bound_dynamic,110.247631
0,8192,true,max_utf8,6,141,3,bound_static,108.237879
0,8192,true,max_utf8,6,141,4,before,108.796695
0,8192,true,max_utf8,6,141,5,after,109.147461
0,8192,true,max_utf8,7,141,0,enum_static,108.115546
0,8192,true,max_utf8,7,141,1,bound_dynamic,110.438532
0,8192,true,max_utf8,7,141,2,bound_static,108.307624
0,8192,true,max_utf8,7,141,3,before,109.294326
0,8192,true,max_utf8,7,141,4,after,109.135340
0,8192,true,max_utf8,7,141,5,enum_dynamic,107.686759
0,8192,true,max_utf8,8,141,0,bound_dynamic,110.509752
0,8192,true,max_utf8,8,141,1,bound_static,108.949468
0,8192,true,max_utf8,8,141,2,before,107.701830
0,8192,true,max_utf8,8,141,3,after,107.397163
0,8192,true,max_utf8,8,141,4,enum_dynamic,107.617319
0,8192,true,max_utf8,8,141,5,enum_static,108.518915
0,8192,true,max_utf8,9,141,0,bound_static,107.853128
0,8192,true,max_utf8,9,141,1,before,108.900113
0,8192,true,max_utf8,9,141,2,after,108.152780
0,8192,true,max_utf8,9,141,3,enum_dynamic,108.737000
0,8192,true,max_utf8,9,141,4,enum_static,108.125887
0,8192,true,max_utf8,9,141,5,bound_dynamic,110.806149
0,8192,true,max_utf8,10,141,0,before,109.611113
0,8192,true,max_utf8,10,141,1,after,107.806738
0,8192,true,max_utf8,10,141,2,enum_dynamic,109.186170
0,8192,true,max_utf8,10,141,3,enum_static,109.036943
0,8192,true,max_utf8,10,141,4,bound_dynamic,110.461582
0,8192,true,max_utf8,10,141,5,bound_static,107.875298
0,8192,true,max_utf8,11,141,0,after,108.696518
0,8192,true,max_utf8,11,141,1,enum_dynamic,108.867021
0,8192,true,max_utf8,11,141,2,enum_static,108.322695
0,8192,true,max_utf8,11,141,3,bound_dynamic,110.338064
0,8192,true,max_utf8,11,141,4,bound_static,107.664603
0,8192,true,max_utf8,11,141,5,before,108.716603
0,128,true,max_i64,0,17143,0,enum_dynamic,0.920531
0,128,true,max_i64,0,17143,1,enum_static,0.881001
0,128,true,max_i64,0,17143,2,bound_dynamic,0.900212
0,128,true,max_i64,0,17143,3,bound_static,0.869223
0,128,true,max_i64,0,17143,4,before,0.890604
0,128,true,max_i64,0,17143,5,after,0.861037
0,128,true,max_i64,1,17143,0,enum_static,0.874686
0,128,true,max_i64,1,17143,1,bound_dynamic,0.900363
0,128,true,max_i64,1,17143,2,bound_static,0.865691
0,128,true,max_i64,1,17143,3,before,0.890018
0,128,true,max_i64,1,17143,4,after,0.855872
0,128,true,max_i64,1,17143,5,enum_dynamic,0.913014
0,128,true,max_i64,2,17143,0,bound_dynamic,0.898880
0,128,true,max_i64,2,17143,1,bound_static,0.863292
0,128,true,max_i64,2,17143,2,before,0.889433
0,128,true,max_i64,2,17143,3,after,0.857359
0,128,true,max_i64,2,17143,4,enum_dynamic,0.915500
0,128,true,max_i64,2,17143,5,enum_static,0.873243
0,128,true,max_i64,3,17143,0,bound_static,0.868350
0,128,true,max_i64,3,17143,1,before,0.889600
0,128,true,max_i64,3,17143,2,after,0.861071
0,128,true,max_i64,3,17143,3,enum_dynamic,0.915974
0,128,true,max_i64,3,17143,4,enum_static,0.874344
0,128,true,max_i64,3,17143,5,bound_dynamic,0.900635
0,128,true,max_i64,4,17143,0,before,0.889253
0,128,true,max_i64,4,17143,1,after,0.872071
0,128,true,max_i64,4,17143,2,enum_dynamic,0.922109
0,128,true,max_i64,4,17143,3,enum_static,0.882493
0,128,true,max_i64,4,17143,4,bound_dynamic,0.906835
0,128,true,max_i64,4,17143,5,bound_static,0.871201
0,128,true,max_i64,5,17143,0,after,0.866491
0,128,true,max_i64,5,17143,1,enum_dynamic,0.927162
0,128,true,max_i64,5,17143,2,enum_static,0.882146
0,128,true,max_i64,5,17143,3,bound_dynamic,0.905321
0,128,true,max_i64,5,17143,4,bound_static,0.872501
0,128,true,max_i64,5,17143,5,before,0.894539
0,128,true,max_i64,6,17143,0,enum_dynamic,0.928710
0,128,true,max_i64,6,17143,1,enum_static,0.879766
0,128,true,max_i64,6,17143,2,bound_dynamic,0.911441
0,128,true,max_i64,6,17143,3,bound_static,0.865557
0,128,true,max_i64,6,17143,4,before,0.892264
0,128,true,max_i64,6,17143,5,after,0.868370
0,128,true,max_i64,7,17143,0,enum_static,0.874735
0,128,true,max_i64,7,17143,1,bound_dynamic,0.900231
0,128,true,max_i64,7,17143,2,bound_static,0.868003
0,128,true,max_i64,7,17143,3,before,0.892500
0,128,true,max_i64,7,17143,4,after,0.867293
0,128,true,max_i64,7,17143,5,enum_dynamic,0.915882
0,128,true,max_i64,8,17143,0,bound_dynamic,0.898554
0,128,true,max_i64,8,17143,1,bound_static,0.866393
0,128,true,max_i64,8,17143,2,before,0.889656
0,128,true,max_i64,8,17143,3,after,0.865088
0,128,true,max_i64,8,17143,4,enum_dynamic,0.910362
0,128,true,max_i64,8,17143,5,enum_static,0.874548
0,128,true,max_i64,9,17143,0,bound_static,0.866790
0,128,true,max_i64,9,17143,1,before,0.889984
0,128,true,max_i64,9,17143,2,after,0.867278
0,128,true,max_i64,9,17143,3,enum_dynamic,0.915009
0,128,true,max_i64,9,17143,4,enum_static,0.874971
0,128,true,max_i64,9,17143,5,bound_dynamic,0.896826
0,128,true,max_i64,10,17143,0,before,0.902650
0,128,true,max_i64,10,17143,1,after,0.856372
0,128,true,max_i64,10,17143,2,enum_dynamic,0.916817
0,128,true,max_i64,10,17143,3,enum_static,0.875095
0,128,true,max_i64,10,17143,4,bound_dynamic,0.899872
0,128,true,max_i64,10,17143,5,bound_static,0.868124
0,128,true,max_i64,11,17143,0,after,0.869833
0,128,true,max_i64,11,17143,1,enum_dynamic,0.913089
0,128,true,max_i64,11,17143,2,enum_static,0.875374
0,128,true,max_i64,11,17143,3,bound_dynamic,0.900829
0,128,true,max_i64,11,17143,4,bound_static,0.868797
0,128,true,max_i64,11,17143,5,before,0.891571
0,128,false,sum_u64,0,44652,0,enum_dynamic,0.345423
0,128,false,sum_u64,0,44652,1,enum_static,0.344651
0,128,false,sum_u64,0,44652,2,bound_dynamic,0.329139
0,128,false,sum_u64,0,44652,3,bound_static,0.329420
0,128,false,sum_u64,0,44652,4,before,0.331558
0,128,false,sum_u64,0,44652,5,after,0.331584
0,128,false,sum_u64,1,44652,0,enum_static,0.344802
0,128,false,sum_u64,1,44652,1,bound_dynamic,0.329559
0,128,false,sum_u64,1,44652,2,bound_static,0.329394
0,128,false,sum_u64,1,44652,3,before,0.332016
0,128,false,sum_u64,1,44652,4,after,0.331738
0,128,false,sum_u64,1,44652,5,enum_dynamic,0.345327
0,128,false,sum_u64,2,44652,0,bound_dynamic,0.329601
0,128,false,sum_u64,2,44652,1,bound_static,0.329365
0,128,false,sum_u64,2,44652,2,before,0.333303
0,128,false,sum_u64,2,44652,3,after,0.329626
0,128,false,sum_u64,2,44652,4,enum_dynamic,0.345672
0,128,false,sum_u64,2,44652,5,enum_static,0.344745
0,128,false,sum_u64,3,44652,0,bound_static,0.329442
0,128,false,sum_u64,3,44652,1,before,0.332715
0,128,false,sum_u64,3,44652,2,after,0.330245
0,128,false,sum_u64,3,44652,3,enum_dynamic,0.346167
0,128,false,sum_u64,3,44652,4,enum_static,0.346702
0,128,false,sum_u64,3,44652,5,bound_dynamic,0.329678
0,128,false,sum_u64,4,44652,0,before,0.333954
0,128,false,sum_u64,4,44652,1,after,0.333853
0,128,false,sum_u64,4,44652,2,enum_dynamic,0.345955
0,128,false,sum_u64,4,44652,3,enum_static,0.347082
0,128,false,sum_u64,4,44652,4,bound_dynamic,0.330451
0,128,false,sum_u64,4,44652,5,bound_static,0.329552
0,128,false,sum_u64,5,44652,0,after,0.331927
0,128,false,sum_u64,5,44652,1,enum_dynamic,0.345329
0,128,false,sum_u64,5,44652,2,enum_static,0.348784
0,128,false,sum_u64,5,44652,3,bound_dynamic,0.329845
0,128,false,sum_u64,5,44652,4,bound_static,0.330437
0,128,false,sum_u64,5,44652,5,before,0.331785
0,128,false,sum_u64,6,44652,0,enum_dynamic,0.349140
0,128,false,sum_u64,6,44652,1,enum_static,0.347843
0,128,false,sum_u64,6,44652,2,bound_dynamic,0.328914
0,128,false,sum_u64,6,44652,3,bound_static,0.329597
0,128,false,sum_u64,6,44652,4,before,0.334255
0,128,false,sum_u64,6,44652,5,after,0.330002
0,128,false,sum_u64,7,44652,0,enum_static,0.352498
0,128,false,sum_u64,7,44652,1,bound_dynamic,0.336673
0,128,false,sum_u64,7,44652,2,bound_static,0.335894
0,128,false,sum_u64,7,44652,3,before,0.339233
0,128,false,sum_u64,7,44652,4,after,0.338799
0,128,false,sum_u64,7,44652,5,enum_dynamic,0.356584
0,128,false,sum_u64,8,44652,0,bound_dynamic,0.335531
0,128,false,sum_u64,8,44652,1,bound_static,0.336386
0,128,false,sum_u64,8,44652,2,before,0.339303
0,128,false,sum_u64,8,44652,3,after,0.337570
0,128,false,sum_u64,8,44652,4,enum_dynamic,0.355920
0,128,false,sum_u64,8,44652,5,enum_static,0.355983
0,128,false,sum_u64,9,44652,0,bound_static,0.336790
0,128,false,sum_u64,9,44652,1,before,0.338892
0,128,false,sum_u64,9,44652,2,after,0.338792
0,128,false,sum_u64,9,44652,3,enum_dynamic,0.355298
0,128,false,sum_u64,9,44652,4,enum_static,0.357132
0,128,false,sum_u64,9,44652,5,bound_dynamic,0.337021
0,128,false,sum_u64,10,44652,0,before,0.343122
0,128,false,sum_u64,10,44652,1,after,0.331991
0,128,false,sum_u64,10,44652,2,enum_dynamic,0.345084
0,128,false,sum_u64,10,44652,3,enum_static,0.346072
0,128,false,sum_u64,10,44652,4,bound_dynamic,0.329507
0,128,false,sum_u64,10,44652,5,bound_static,0.330415
0,128,false,sum_u64,11,44652,0,after,0.329577
0,128,false,sum_u64,11,44652,1,enum_dynamic,0.346500
0,128,false,sum_u64,11,44652,2,enum_static,0.344875
0,128,false,sum_u64,11,44652,3,bound_dynamic,0.330040
0,128,false,sum_u64,11,44652,4,bound_static,0.329015
0,128,false,sum_u64,11,44652,5,before,0.331448
0,128,false,mixed_7,0,1736,0,enum_dynamic,8.816844
0,128,false,mixed_7,0,1736,1,enum_static,8.559116
0,128,false,mixed_7,0,1736,2,bound_dynamic,8.695949
0,128,false,mixed_7,0,1736,3,bound_static,8.564060
0,128,false,mixed_7,0,1736,4,before,8.621760
0,128,false,mixed_7,0,1736,5,after,8.571141
0,128,false,mixed_7,1,1736,0,enum_static,8.583429
0,128,false,mixed_7,1,1736,1,bound_dynamic,8.709221
0,128,false,mixed_7,1,1736,2,bound_static,8.603711
0,128,false,mixed_7,1,1736,3,before,8.635104
0,128,false,mixed_7,1,1736,4,after,8.529762
0,128,false,mixed_7,1,1736,5,enum_dynamic,8.801724
0,128,false,mixed_7,2,1736,0,bound_dynamic,8.708741
0,128,false,mixed_7,2,1736,1,bound_static,8.592814
0,128,false,mixed_7,2,1736,2,before,8.614847
0,128,false,mixed_7,2,1736,3,after,8.555707
0,128,false,mixed_7,2,1736,4,enum_dynamic,8.827693
0,128,false,mixed_7,2,1736,5,enum_static,8.592574
0,128,false,mixed_7,3,1736,0,bound_static,8.584221
0,128,false,mixed_7,3,1736,1,before,8.641153
0,128,false,mixed_7,3,1736,2,after,8.529186
0,128,false,mixed_7,3,1736,3,enum_dynamic,8.813508
0,128,false,mixed_7,3,1736,4,enum_static,8.609687
0,128,false,mixed_7,3,1736,5,bound_dynamic,8.775105
0,128,false,mixed_7,4,1736,0,before,8.645449
0,128,false,mixed_7,4,1736,1,after,8.551651
0,128,false,mixed_7,4,1736,2,enum_dynamic,8.909251
0,128,false,mixed_7,4,1736,3,enum_static,8.601479
0,128,false,mixed_7,4,1736,4,bound_dynamic,8.749280
0,128,false,mixed_7,4,1736,5,bound_static,8.594374
0,128,false,mixed_7,5,1736,0,after,8.577069
0,128,false,mixed_7,5,1736,1,enum_dynamic,8.828365
0,128,false,mixed_7,5,1736,2,enum_static,8.584173
0,128,false,mixed_7,5,1736,3,bound_dynamic,8.721391
0,128,false,mixed_7,5,1736,4,bound_static,8.633256
0,128,false,mixed_7,5,1736,5,before,8.628240
0,128,false,mixed_7,6,1736,0,enum_dynamic,8.825797
0,128,false,mixed_7,6,1736,1,enum_static,8.561180
0,128,false,mixed_7,6,1736,2,bound_dynamic,8.708909
0,128,false,mixed_7,6,1736,3,bound_static,8.580213
0,128,false,mixed_7,6,1736,4,before,8.619071
0,128,false,mixed_7,6,1736,5,after,8.573997
0,128,false,mixed_7,7,1736,0,enum_static,8.564132
0,128,false,mixed_7,7,1736,1,bound_dynamic,8.740039
0,128,false,mixed_7,7,1736,2,bound_static,8.597158
0,128,false,mixed_7,7,1736,3,before,8.615855
0,128,false,mixed_7,7,1736,4,after,8.542363
0,128,false,mixed_7,7,1736,5,enum_dynamic,8.796347
0,128,false,mixed_7,8,1736,0,bound_dynamic,8.715101
0,128,false,mixed_7,8,1736,1,bound_static,8.566532
0,128,false,mixed_7,8,1736,2,before,8.626992
0,128,false,mixed_7,8,1736,3,after,8.549395
0,128,false,mixed_7,8,1736,4,enum_dynamic,8.810892
0,128,false,mixed_7,8,1736,5,enum_static,8.585637
0,128,false,mixed_7,9,1736,0,bound_static,8.566172
0,128,false,mixed_7,9,1736,1,before,9.172907
0,128,false,mixed_7,9,1736,2,after,8.531874
0,128,false,mixed_7,9,1736,3,enum_dynamic,8.944077
0,128,false,mixed_7,9,1736,4,enum_static,8.558396
0,128,false,mixed_7,9,1736,5,bound_dynamic,8.745320
0,128,false,mixed_7,10,1736,0,before,8.604022
0,128,false,mixed_7,10,1736,1,after,8.568524
0,128,false,mixed_7,10,1736,2,enum_dynamic,8.812356
0,128,false,mixed_7,10,1736,3,enum_static,8.563532
0,128,false,mixed_7,10,1736,4,bound_dynamic,8.704853
0,128,false,mixed_7,10,1736,5,bound_static,8.572341
0,128,false,mixed_7,11,1736,0,after,8.545891
0,128,false,mixed_7,11,1736,1,enum_dynamic,8.787035
0,128,false,mixed_7,11,1736,2,enum_static,8.568429
0,128,false,mixed_7,11,1736,3,bound_dynamic,8.699980
0,128,false,mixed_7,11,1736,4,bound_static,8.564709
0,128,false,mixed_7,11,1736,5,before,8.611727
0,65536,true,max_utf8,0,18,0,enum_dynamic,854.138889
0,65536,true,max_utf8,0,18,1,enum_static,871.247722
0,65536,true,max_utf8,0,18,2,bound_dynamic,892.296333
0,65536,true,max_utf8,0,18,3,bound_static,858.622667
0,65536,true,max_utf8,0,18,4,before,871.872722
0,65536,true,max_utf8,0,18,5,after,882.606500
0,65536,true,max_utf8,1,18,0,enum_static,861.909722
0,65536,true,max_utf8,1,18,1,bound_dynamic,880.986111
0,65536,true,max_utf8,1,18,2,bound_static,855.835611
0,65536,true,max_utf8,1,18,3,before,866.212944
0,65536,true,max_utf8,1,18,4,after,867.946722
0,65536,true,max_utf8,1,18,5,enum_dynamic,860.094944
0,65536,true,max_utf8,2,18,0,bound_dynamic,887.729167
0,65536,true,max_utf8,2,18,1,bound_static,865.694444
0,65536,true,max_utf8,2,18,2,before,862.770833
0,65536,true,max_utf8,2,18,3,after,865.444444
0,65536,true,max_utf8,2,18,4,enum_dynamic,865.462944
0,65536,true,max_utf8,2,18,5,enum_static,865.087944
0,65536,true,max_utf8,3,18,0,bound_static,861.062500
0,65536,true,max_utf8,3,18,1,before,863.391222
0,65536,true,max_utf8,3,18,2,after,862.694444
0,65536,true,max_utf8,3,18,3,enum_dynamic,859.969889
0,65536,true,max_utf8,3,18,4,enum_static,864.106444
0,65536,true,max_utf8,3,18,5,bound_dynamic,876.013889
0,65536,true,max_utf8,4,18,0,before,862.034722
0,65536,true,max_utf8,4,18,1,after,866.611111
0,65536,true,max_utf8,4,18,2,enum_dynamic,857.046278
0,65536,true,max_utf8,4,18,3,enum_static,860.423611
0,65536,true,max_utf8,4,18,4,bound_dynamic,892.368056
0,65536,true,max_utf8,4,18,5,bound_static,860.828667
0,65536,true,max_utf8,5,18,0,after,876.650444
0,65536,true,max_utf8,5,18,1,enum_dynamic,863.520833
0,65536,true,max_utf8,5,18,2,enum_static,862.930556
0,65536,true,max_utf8,5,18,3,bound_dynamic,881.833333
0,65536,true,max_utf8,5,18,4,bound_static,861.171278
0,65536,true,max_utf8,5,18,5,before,862.962944
0,65536,true,max_utf8,6,18,0,enum_dynamic,874.106500
0,65536,true,max_utf8,6,18,1,enum_static,866.247722
0,65536,true,max_utf8,6,18,2,bound_dynamic,886.800944
0,65536,true,max_utf8,6,18,3,bound_static,858.363444
0,65536,true,max_utf8,6,18,4,before,861.712944
0,65536,true,max_utf8,6,18,5,after,858.625000
0,65536,true,max_utf8,7,18,0,enum_static,859.905111
0,65536,true,max_utf8,7,18,1,bound_dynamic,879.018500
0,65536,true,max_utf8,7,18,2,bound_static,858.884278
0,65536,true,max_utf8,7,18,3,before,857.631944
0,65536,true,max_utf8,7,18,4,after,867.956056
0,65536,true,max_utf8,7,18,5,enum_dynamic,875.794000
0,65536,true,max_utf8,8,18,0,bound_dynamic,883.682889
0,65536,true,max_utf8,8,18,1,bound_static,866.844889
0,65536,true,max_utf8,8,18,2,before,869.224556
0,65536,true,max_utf8,8,18,3,after,866.618056
0,65536,true,max_utf8,8,18,4,enum_dynamic,866.618056
0,65536,true,max_utf8,8,18,5,enum_static,866.895833
0,65536,true,max_utf8,9,18,0,bound_static,866.337944
0,65536,true,max_utf8,9,18,1,before,859.474556
0,65536,true,max_utf8,9,18,2,after,859.391222
0,65536,true,max_utf8,9,18,3,enum_dynamic,860.847222
0,65536,true,max_utf8,9,18,4,enum_static,865.365722
0,65536,true,max_utf8,9,18,5,bound_dynamic,878.988444
0,65536,true,max_utf8,10,18,0,before,862.009278
0,65536,true,max_utf8,10,18,1,after,854.699111
0,65536,true,max_utf8,10,18,2,enum_dynamic,871.743056
0,65536,true,max_utf8,10,18,3,enum_static,865.319444
0,65536,true,max_utf8,10,18,4,bound_dynamic,873.071778
0,65536,true,max_utf8,10,18,5,bound_static,870.724500
0,65536,true,max_utf8,11,18,0,after,878.243056
0,65536,true,max_utf8,11,18,1,enum_dynamic,863.412000
0,65536,true,max_utf8,11,18,2,enum_static,863.638889
0,65536,true,max_utf8,11,18,3,bound_dynamic,880.733778
0,65536,true,max_utf8,11,18,4,bound_static,858.349500
0,65536,true,max_utf8,11,18,5,before,865.833333
0,65536,false,count_distinct_i64,0,8,0,enum_dynamic,3195.218750
0,65536,false,count_distinct_i64,0,8,1,enum_static,2876.494875
0,65536,false,count_distinct_i64,0,8,2,bound_dynamic,2864.416625
0,65536,false,count_distinct_i64,0,8,3,bound_static,3171.947875
0,65536,false,count_distinct_i64,0,8,4,before,2855.682375
0,65536,false,count_distinct_i64,0,8,5,after,3182.531250
0,65536,false,count_distinct_i64,1,8,0,enum_static,3017.552125
0,65536,false,count_distinct_i64,1,8,1,bound_dynamic,2847.390625
0,65536,false,count_distinct_i64,1,8,2,bound_static,3175.698000
0,65536,false,count_distinct_i64,1,8,3,before,2886.927000
0,65536,false,count_distinct_i64,1,8,4,after,3192.375000
0,65536,false,count_distinct_i64,1,8,5,enum_dynamic,3166.552125
0,65536,false,count_distinct_i64,2,8,0,bound_dynamic,2872.994750
0,65536,false,count_distinct_i64,2,8,1,bound_static,3177.765625
0,65536,false,count_distinct_i64,2,8,2,before,2862.760500
0,65536,false,count_distinct_i64,2,8,3,after,3180.395750
0,65536,false,count_distinct_i64,2,8,4,enum_dynamic,3164.750000
0,65536,false,count_distinct_i64,2,8,5,enum_static,2879.447875
0,65536,false,count_distinct_i64,3,8,0,bound_static,3212.333250
0,65536,false,count_distinct_i64,3,8,1,before,2886.947875
0,65536,false,count_distinct_i64,3,8,2,after,3184.083375
0,65536,false,count_distinct_i64,3,8,3,enum_dynamic,3181.599000
0,65536,false,count_distinct_i64,3,8,4,enum_static,2851.963500
0,65536,false,count_distinct_i64,3,8,5,bound_dynamic,2871.682250
0,65536,false,count_distinct_i64,4,8,0,before,2852.020875
0,65536,false,count_distinct_i64,4,8,1,after,3177.291625
0,65536,false,count_distinct_i64,4,8,2,enum_dynamic,3164.364500
0,65536,false,count_distinct_i64,4,8,3,enum_static,2857.005250
0,65536,false,count_distinct_i64,4,8,4,bound_dynamic,2857.989500
0,65536,false,count_distinct_i64,4,8,5,bound_static,3183.026000
0,65536,false,count_distinct_i64,5,8,0,after,3169.224000
0,65536,false,count_distinct_i64,5,8,1,enum_dynamic,3191.333375
0,65536,false,count_distinct_i64,5,8,2,enum_static,2871.171875
0,65536,false,count_distinct_i64,5,8,3,bound_dynamic,2852.218750
0,65536,false,count_distinct_i64,5,8,4,bound_static,3221.937500
0,65536,false,count_distinct_i64,5,8,5,before,2918.020750
0,65536,false,count_distinct_i64,6,8,0,enum_dynamic,3185.875000
0,65536,false,count_distinct_i64,6,8,1,enum_static,2862.604125
0,65536,false,count_distinct_i64,6,8,2,bound_dynamic,2837.453125
0,65536,false,count_distinct_i64,6,8,3,bound_static,3176.020750
0,65536,false,count_distinct_i64,6,8,4,before,2856.770875
0,65536,false,count_distinct_i64,6,8,5,after,3176.093750
0,65536,false,count_distinct_i64,7,8,0,enum_static,3000.640625
0,65536,false,count_distinct_i64,7,8,1,bound_dynamic,2857.994875
0,65536,false,count_distinct_i64,7,8,2,bound_static,3212.375000
0,65536,false,count_distinct_i64,7,8,3,before,2850.130125
0,65536,false,count_distinct_i64,7,8,4,after,3171.609375
0,65536,false,count_distinct_i64,7,8,5,enum_dynamic,3190.151125
0,65536,false,count_distinct_i64,8,8,0,bound_dynamic,2838.218750
0,65536,false,count_distinct_i64,8,8,1,bound_static,3164.734375
0,65536,false,count_distinct_i64,8,8,2,before,2831.703125
0,65536,false,count_distinct_i64,8,8,3,after,3200.963625
0,65536,false,count_distinct_i64,8,8,4,enum_dynamic,3158.375000
0,65536,false,count_distinct_i64,8,8,5,enum_static,2867.770875
0,65536,false,count_distinct_i64,9,8,0,bound_static,3174.114625
0,65536,false,count_distinct_i64,9,8,1,before,2846.994875
0,65536,false,count_distinct_i64,9,8,2,after,3165.057375
0,65536,false,count_distinct_i64,9,8,3,enum_dynamic,3154.328125
0,65536,false,count_distinct_i64,9,8,4,enum_static,2845.697875
0,65536,false,count_distinct_i64,9,8,5,bound_dynamic,2930.927125
0,65536,false,count_distinct_i64,10,8,0,before,2929.682250
0,65536,false,count_distinct_i64,10,8,1,after,3210.984375
0,65536,false,count_distinct_i64,10,8,2,enum_dynamic,3178.026125
0,65536,false,count_distinct_i64,10,8,3,enum_static,2865.994750
0,65536,false,count_distinct_i64,10,8,4,bound_dynamic,2871.697875
0,65536,false,count_distinct_i64,10,8,5,bound_static,3175.473875
0,65536,false,count_distinct_i64,11,8,0,after,3174.432250
0,65536,false,count_distinct_i64,11,8,1,enum_dynamic,3167.963500
0,65536,false,count_distinct_i64,11,8,2,enum_static,2845.718750
0,65536,false,count_distinct_i64,11,8,3,bound_dynamic,2841.380125
0,65536,false,count_distinct_i64,11,8,4,bound_static,3172.687500
0,65536,false,count_distinct_i64,11,8,5,before,2857.562500
0,128,true,covar_i64,0,17042,0,enum_dynamic,0.892063
0,128,true,covar_i64,0,17042,1,enum_static,0.919532
0,128,true,covar_i64,0,17042,2,bound_dynamic,0.889557
0,128,true,covar_i64,0,17042,3,bound_static,0.893831
0,128,true,covar_i64,0,17042,4,before,0.898853
0,128,true,covar_i64,0,17042,5,after,0.892826
0,128,true,covar_i64,1,17042,0,enum_static,0.890684
0,128,true,covar_i64,1,17042,1,bound_dynamic,0.879623
0,128,true,covar_i64,1,17042,2,bound_static,0.879310
0,128,true,covar_i64,1,17042,3,before,0.897080
0,128,true,covar_i64,1,17042,4,after,0.883501
0,128,true,covar_i64,1,17042,5,enum_dynamic,0.895014
0,128,true,covar_i64,2,17042,0,bound_dynamic,0.875562
0,128,true,covar_i64,2,17042,1,bound_static,0.880817
0,128,true,covar_i64,2,17042,2,before,0.908073
0,128,true,covar_i64,2,17042,3,after,0.887606
0,128,true,covar_i64,2,17042,4,enum_dynamic,0.894973
0,128,true,covar_i64,2,17042,5,enum_static,0.904779
0,128,true,covar_i64,3,17042,0,bound_static,0.885217
0,128,true,covar_i64,3,17042,1,before,0.888711
0,128,true,covar_i64,3,17042,2,after,0.879249
0,128,true,covar_i64,3,17042,3,enum_dynamic,0.893648
0,128,true,covar_i64,3,17042,4,enum_static,0.902019
0,128,true,covar_i64,3,17042,5,bound_dynamic,0.896261
0,128,true,covar_i64,4,17042,0,before,0.890181
0,128,true,covar_i64,4,17042,1,after,0.876922
0,128,true,covar_i64,4,17042,2,enum_dynamic,0.896264
0,128,true,covar_i64,4,17042,3,enum_static,0.913972
0,128,true,covar_i64,4,17042,4,bound_dynamic,0.905897
0,128,true,covar_i64,4,17042,5,bound_static,0.889978
0,128,true,covar_i64,5,17042,0,after,0.874594
0,128,true,covar_i64,5,17042,1,enum_dynamic,0.891296
0,128,true,covar_i64,5,17042,2,enum_static,0.901982
0,128,true,covar_i64,5,17042,3,bound_dynamic,0.890726
0,128,true,covar_i64,5,17042,4,bound_static,0.889489
0,128,true,covar_i64,5,17042,5,before,0.902403
0,128,true,covar_i64,6,17042,0,enum_dynamic,0.913112
0,128,true,covar_i64,6,17042,1,enum_static,0.905102
0,128,true,covar_i64,6,17042,2,bound_dynamic,0.901063
0,128,true,covar_i64,6,17042,3,bound_static,0.890335
0,128,true,covar_i64,6,17042,4,before,0.903004
0,128,true,covar_i64,6,17042,5,after,0.890533
0,128,true,covar_i64,7,17042,0,enum_static,0.892652
0,128,true,covar_i64,7,17042,1,bound_dynamic,0.880213
0,128,true,covar_i64,7,17042,2,bound_static,0.879951
0,128,true,covar_i64,7,17042,3,before,0.890230
0,128,true,covar_i64,7,17042,4,after,0.901995
0,128,true,covar_i64,7,17042,5,enum_dynamic,0.892009
0,128,true,covar_i64,8,17042,0,bound_dynamic,0.876462
0,128,true,covar_i64,8,17042,1,bound_static,0.879171
0,128,true,covar_i64,8,17042,2,before,0.887887
0,128,true,covar_i64,8,17042,3,after,0.876130
0,128,true,covar_i64,8,17042,4,enum_dynamic,0.891917
0,128,true,covar_i64,8,17042,5,enum_static,0.901386
0,128,true,covar_i64,9,17042,0,bound_static,0.889325
0,128,true,covar_i64,9,17042,1,before,0.891660
0,128,true,covar_i64,9,17042,2,after,0.882895
0,128,true,covar_i64,9,17042,3,enum_dynamic,0.893638
0,128,true,covar_i64,9,17042,4,enum_static,0.907249
0,128,true,covar_i64,9,17042,5,bound_dynamic,0.893303
0,128,true,covar_i64,10,17042,0,before,0.889640
0,128,true,covar_i64,10,17042,1,after,0.881650
0,128,true,covar_i64,10,17042,2,enum_dynamic,0.893335
0,128,true,covar_i64,10,17042,3,enum_static,0.906699
0,128,true,covar_i64,10,17042,4,bound_dynamic,0.893841
0,128,true,covar_i64,10,17042,5,bound_static,0.894640
0,128,true,covar_i64,11,17042,0,after,0.878176
0,128,true,covar_i64,11,17042,1,enum_dynamic,0.892171
0,128,true,covar_i64,11,17042,2,enum_static,0.903845
0,128,true,covar_i64,11,17042,3,bound_dynamic,0.890877
0,128,true,covar_i64,11,17042,4,bound_static,0.894784
0,128,true,covar_i64,11,17042,5,before,0.911459
0,8192,true,avg_i64,0,847,0,enum_dynamic,20.043586
0,8192,true,avg_i64,0,847,1,enum_static,20.076889
0,8192,true,avg_i64,0,847,2,bound_dynamic,17.809917
0,8192,true,avg_i64,0,847,3,bound_static,17.749705
0,8192,true,avg_i64,0,847,4,before,20.008609
0,8192,true,avg_i64,0,847,5,after,17.805686
0,8192,true,avg_i64,1,847,0,enum_static,20.020563
0,8192,true,avg_i64,1,847,1,bound_dynamic,17.773662
0,8192,true,avg_i64,1,847,2,bound_static,17.740900
0,8192,true,avg_i64,1,847,3,before,20.028040
0,8192,true,avg_i64,1,847,4,after,17.914306
0,8192,true,avg_i64,1,847,5,enum_dynamic,19.969746
0,8192,true,avg_i64,2,847,0,bound_dynamic,17.947264
0,8192,true,avg_i64,2,847,1,bound_static,18.002607
0,8192,true,avg_i64,2,847,2,before,19.967632
0,8192,true,avg_i64,2,847,3,after,17.807556
0,8192,true,avg_i64,2,847,4,enum_dynamic,19.962367
0,8192,true,avg_i64,2,847,5,enum_static,20.022481
0,8192,true,avg_i64,3,847,0,bound_static,17.727765
0,8192,true,avg_i64,3,847,1,before,20.226633
0,8192,true,avg_i64,3,847,2,after,17.762740
0,8192,true,avg_i64,3,847,3,enum_dynamic,19.939591
0,8192,true,avg_i64,3,847,4,enum_static,20.106307
0,8192,true,avg_i64,3,847,5,bound_dynamic,17.830628
0,8192,true,avg_i64,4,847,0,before,20.019923
0,8192,true,avg_i64,4,847,1,after,17.859504
0,8192,true,avg_i64,4,847,2,enum_dynamic,19.976634
0,8192,true,avg_i64,4,847,3,enum_static,20.188312
0,8192,true,avg_i64,4,847,4,bound_dynamic,17.880460
0,8192,true,avg_i64,4,847,5,bound_static,17.855175
0,8192,true,avg_i64,5,847,0,after,17.869687
0,8192,true,avg_i64,5,847,1,enum_dynamic,20.143988
0,8192,true,avg_i64,5,847,2,enum_static,19.980519
0,8192,true,avg_i64,5,847,3,bound_dynamic,17.823790
0,8192,true,avg_i64,5,847,4,bound_static,17.761954
0,8192,true,avg_i64,5,847,5,before,20.024055
0,8192,true,avg_i64,6,847,0,enum_dynamic,20.093960
0,8192,true,avg_i64,6,847,1,enum_static,20.209022
0,8192,true,avg_i64,6,847,2,bound_dynamic,17.780451
0,8192,true,avg_i64,6,847,3,bound_static,17.776072
0,8192,true,avg_i64,6,847,4,before,19.995621
0,8192,true,avg_i64,6,847,5,after,17.811050
0,8192,true,avg_i64,7,847,0,enum_static,20.378099
0,8192,true,avg_i64,7,847,1,bound_dynamic,18.108521
0,8192,true,avg_i64,7,847,2,bound_static,18.060803
0,8192,true,avg_i64,7,847,3,before,20.332251
0,8192,true,avg_i64,7,847,4,after,18.078512
0,8192,true,avg_i64,7,847,5,enum_dynamic,20.318968
0,8192,true,avg_i64,8,847,0,bound_dynamic,18.091697
0,8192,true,avg_i64,8,847,1,bound_static,18.046586
0,8192,true,avg_i64,8,847,2,before,20.338400
0,8192,true,avg_i64,8,847,3,after,18.070740
0,8192,true,avg_i64,8,847,4,enum_dynamic,20.340221
0,8192,true,avg_i64,8,847,5,enum_static,20.379919
0,8192,true,avg_i64,9,847,0,bound_static,18.097501
0,8192,true,avg_i64,9,847,1,before,20.382969
0,8192,true,avg_i64,9,847,2,after,18.149400
0,8192,true,avg_i64,9,847,3,enum_dynamic,20.340614
0,8192,true,avg_i64,9,847,4,enum_static,20.504182
0,8192,true,avg_i64,9,847,5,bound_dynamic,17.761806
0,8192,true,avg_i64,10,847,0,before,20.023367
0,8192,true,avg_i64,10,847,1,after,17.827282
0,8192,true,avg_i64,10,847,2,enum_dynamic,19.993654
0,8192,true,avg_i64,10,847,3,enum_static,19.989916
0,8192,true,avg_i64,10,847,4,bound_dynamic,17.814738
0,8192,true,avg_i64,10,847,5,bound_static,17.920897
0,8192,true,avg_i64,11,847,0,after,17.877706
0,8192,true,avg_i64,11,847,1,enum_dynamic,19.926456
0,8192,true,avg_i64,11,847,2,enum_static,19.978306
0,8192,true,avg_i64,11,847,3,bound_dynamic,17.822264
0,8192,true,avg_i64,11,847,4,bound_static,17.770613
0,8192,true,avg_i64,11,847,5,before,20.314345
0,128,false,covar_i64,0,20355,0,enum_dynamic,0.757746
0,128,false,covar_i64,0,20355,1,enum_static,0.754344
0,128,false,covar_i64,0,20355,2,bound_dynamic,0.754405
0,128,false,covar_i64,0,20355,3,bound_static,0.731872
0,128,false,covar_i64,0,20355,4,before,0.740109
0,128,false,covar_i64,0,20355,5,after,0.729334
0,128,false,covar_i64,1,20355,0,enum_static,0.733859
0,128,false,covar_i64,1,20355,1,bound_dynamic,0.748407
0,128,false,covar_i64,1,20355,2,bound_static,0.722761
0,128,false,covar_i64,1,20355,3,before,0.738220
0,128,false,covar_i64,1,20355,4,after,0.721240
0,128,false,covar_i64,1,20355,5,enum_dynamic,0.734564
0,128,false,covar_i64,2,20355,0,bound_dynamic,0.745087
0,128,false,covar_i64,2,20355,1,bound_static,0.721676
0,128,false,covar_i64,2,20355,2,before,0.732482
0,128,false,covar_i64,2,20355,3,after,0.721457
0,128,false,covar_i64,2,20355,4,enum_dynamic,0.735198
0,128,false,covar_i64,2,20355,5,enum_static,0.746792
0,128,false,covar_i64,3,20355,0,bound_static,0.723743
0,128,false,covar_i64,3,20355,1,before,0.734488
0,128,false,covar_i64,3,20355,2,after,0.720308
0,128,false,covar_i64,3,20355,3,enum_dynamic,0.737970
0,128,false,covar_i64,3,20355,4,enum_static,0.743489
0,128,false,covar_i64,3,20355,5,bound_dynamic,0.757195
0,128,false,covar_i64,4,20355,0,before,0.731444
0,128,false,covar_i64,4,20355,1,after,0.720218
0,128,false,covar_i64,4,20355,2,enum_dynamic,0.735012
0,128,false,covar_i64,4,20355,3,enum_static,0.748755
0,128,false,covar_i64,4,20355,4,bound_dynamic,0.777336
0,128,false,covar_i64,4,20355,5,bound_static,0.777471
0,128,false,covar_i64,5,20355,0,after,0.724914
0,128,false,covar_i64,5,20355,1,enum_dynamic,0.737794
0,128,false,covar_i64,5,20355,2,enum_static,0.745841
0,128,false,covar_i64,5,20355,3,bound_dynamic,0.756372
0,128,false,covar_i64,5,20355,4,bound_static,0.737968
0,128,false,covar_i64,5,20355,5,before,0.743542
0,128,false,covar_i64,6,20355,0,enum_dynamic,0.734883
0,128,false,covar_i64,6,20355,1,enum_static,0.743607
0,128,false,covar_i64,6,20355,2,bound_dynamic,0.756229
0,128,false,covar_i64,6,20355,3,bound_static,0.732101
0,128,false,covar_i64,6,20355,4,before,0.741904
0,128,false,covar_i64,6,20355,5,after,0.731299
0,128,false,covar_i64,7,20355,0,enum_static,0.731252
0,128,false,covar_i64,7,20355,1,bound_dynamic,0.744891
0,128,false,covar_i64,7,20355,2,bound_static,0.722161
0,128,false,covar_i64,7,20355,3,before,0.730480
0,128,false,covar_i64,7,20355,4,after,0.720464
0,128,false,covar_i64,7,20355,5,enum_dynamic,0.735917
0,128,false,covar_i64,8,20355,0,bound_dynamic,0.743845
0,128,false,covar_i64,8,20355,1,bound_static,0.722290
0,128,false,covar_i64,8,20355,2,before,0.733180
0,128,false,covar_i64,8,20355,3,after,0.721055
0,128,false,covar_i64,8,20355,4,enum_dynamic,0.736735
0,128,false,covar_i64,8,20355,5,enum_static,0.746213
0,128,false,covar_i64,9,20355,0,bound_static,0.722851
0,128,false,covar_i64,9,20355,1,before,0.732713
0,128,false,covar_i64,9,20355,2,after,0.723459
0,128,false,covar_i64,9,20355,3,enum_dynamic,0.734713
0,128,false,covar_i64,9,20355,4,enum_static,0.746575
0,128,false,covar_i64,9,20355,5,bound_dynamic,0.756913
0,128,false,covar_i64,10,20355,0,before,0.731636
0,128,false,covar_i64,10,20355,1,after,0.720644
0,128,false,covar_i64,10,20355,2,enum_dynamic,0.733829
0,128,false,covar_i64,10,20355,3,enum_static,0.756098
0,128,false,covar_i64,10,20355,4,bound_dynamic,0.754112
0,128,false,covar_i64,10,20355,5,bound_static,0.734359
0,128,false,covar_i64,11,20355,0,after,0.720818
0,128,false,covar_i64,11,20355,1,enum_dynamic,0.747681
0,128,false,covar_i64,11,20355,2,enum_static,0.748100
0,128,false,covar_i64,11,20355,3,bound_dynamic,0.758567
0,128,false,covar_i64,11,20355,4,bound_static,0.732918
0,128,false,covar_i64,11,20355,5,before,0.741873
0,65536,false,min_utf8,0,21,0,enum_dynamic,754.057524
0,65536,false,min_utf8,0,21,1,enum_static,738.142857
0,65536,false,min_utf8,0,21,2,bound_dynamic,778.916667
0,65536,false,min_utf8,0,21,3,bound_static,737.047619
0,65536,false,min_utf8,0,21,4,before,756.795619
0,65536,false,min_utf8,0,21,5,after,739.517857
0,65536,false,min_utf8,1,21,0,enum_static,740.065476
0,65536,false,min_utf8,1,21,1,bound_dynamic,804.172619
0,65536,false,min_utf8,1,21,2,bound_static,742.327381
0,65536,false,min_utf8,1,21,3,before,758.942476
0,65536,false,min_utf8,1,21,4,after,749.027810
0,65536,false,min_utf8,1,21,5,enum_dynamic,761.097238
0,65536,false,min_utf8,2,21,0,bound_dynamic,780.795619
0,65536,false,min_utf8,2,21,1,bound_static,740.301571
0,65536,false,min_utf8,2,21,2,before,755.533714
0,65536,false,min_utf8,2,21,3,after,738.343238
0,65536,false,min_utf8,2,21,4,enum_dynamic,752.057524
0,65536,false,min_utf8,2,21,5,enum_static,737.539667
0,65536,false,min_utf8,3,21,0,bound_static,736.059524
0,65536,false,min_utf8,3,21,1,before,755.684524
0,65536,false,min_utf8,3,21,2,after,739.434524
0,65536,false,min_utf8,3,21,3,enum_dynamic,754.085333
0,65536,false,min_utf8,3,21,4,enum_static,738.476190
0,65536,false,min_utf8,3,21,5,bound_dynamic,778.083333
0,65536,false,min_utf8,4,21,0,before,756.765857
0,65536,false,min_utf8,4,21,1,after,739.220238
0,65536,false,min_utf8,4,21,2,enum_dynamic,755.301619
0,65536,false,min_utf8,4,21,3,enum_static,738.998000
0,65536,false,min_utf8,4,21,4,bound_dynamic,781.214286
0,65536,false,min_utf8,4,21,5,bound_static,737.892857
0,65536,false,min_utf8,5,21,0,after,741.752000
0,65536,false,min_utf8,5,21,1,enum_dynamic,755.230143
0,65536,false,min_utf8,5,21,2,enum_static,738.583333
0,65536,false,min_utf8,5,21,3,bound_dynamic,778.845238
0,65536,false,min_utf8,5,21,4,bound_static,738.160714
0,65536,false,min_utf8,5,21,5,before,756.371048
0,65536,false,min_utf8,6,21,0,enum_dynamic,756.992048
0,65536,false,min_utf8,6,21,1,enum_static,739.940476
0,65536,false,min_utf8,6,21,2,bound_dynamic,778.146857
0,65536,false,min_utf8,6,21,3,bound_static,738.325429
0,65536,false,min_utf8,6,21,4,before,755.549619
0,65536,false,min_utf8,6,21,5,after,750.910714
0,65536,false,min_utf8,7,21,0,enum_static,742.271810
0,65536,false,min_utf8,7,21,1,bound_dynamic,783.295667
0,65536,false,min_utf8,7,21,2,bound_static,746.019857
0,65536,false,min_utf8,7,21,3,before,757.255952
0,65536,false,min_utf8,7,21,4,after,740.075381
0,65536,false,min_utf8,7,21,5,enum_dynamic,754.998000
0,65536,false,min_utf8,8,21,0,bound_dynamic,779.555524
0,65536,false,min_utf8,8,21,1,bound_static,738.466238
0,65536,false,min_utf8,8,21,2,before,758.333333
0,65536,false,min_utf8,8,21,3,after,737.809524
0,65536,false,min_utf8,8,21,4,enum_dynamic,756.894810
0,65536,false,min_utf8,8,21,5,enum_static,738.299619
0,65536,false,min_utf8,9,21,0,bound_static,738.595238
0,65536,false,min_utf8,9,21,1,before,756.577381
0,65536,false,min_utf8,9,21,2,after,739.206333
0,65536,false,min_utf8,9,21,3,enum_dynamic,754.811476
0,65536,false,min_utf8,9,21,4,enum_static,740.507952
0,65536,false,min_utf8,9,21,5,bound_dynamic,778.172619
0,65536,false,min_utf8,10,21,0,before,757.196429
0,65536,false,min_utf8,10,21,1,after,740.273810
0,65536,false,min_utf8,10,21,2,enum_dynamic,753.906714
0,65536,false,min_utf8,10,21,3,enum_static,741.069429
0,65536,false,min_utf8,10,21,4,bound_dynamic,776.982143
0,65536,false,min_utf8,10,21,5,bound_static,738.454381
0,65536,false,min_utf8,11,21,0,after,738.166667
0,65536,false,min_utf8,11,21,1,enum_dynamic,755.073429
0,65536,false,min_utf8,11,21,2,enum_static,740.875000
0,65536,false,min_utf8,11,21,3,bound_dynamic,776.115048
0,65536,false,min_utf8,11,21,4,bound_static,738.136905
0,65536,false,min_utf8,11,21,5,before,760.281762
0,8192,true,sum_i64,0,909,0,enum_dynamic,16.553309
0,8192,true,sum_i64,0,909,1,enum_static,16.923130
0,8192,true,sum_i64,0,909,2,bound_dynamic,16.833242
0,8192,true,sum_i64,0,909,3,bound_static,16.872982
0,8192,true,sum_i64,0,909,4,before,16.870003
0,8192,true,sum_i64,0,909,5,after,16.841400
0,8192,true,sum_i64,1,909,0,enum_static,16.968143
0,8192,true,sum_i64,1,909,1,bound_dynamic,16.842455
0,8192,true,sum_i64,1,909,2,bound_static,16.832096
0,8192,true,sum_i64,1,909,3,before,16.850981
0,8192,true,sum_i64,1,909,4,after,16.835992
0,8192,true,sum_i64,1,909,5,enum_dynamic,16.852219
0,8192,true,sum_i64,2,909,0,bound_dynamic,16.829528
0,8192,true,sum_i64,2,909,1,bound_static,16.831454
0,8192,true,sum_i64,2,909,2,before,16.903099
0,8192,true,sum_i64,2,909,3,after,16.870646
0,8192,true,sum_i64,2,909,4,enum_dynamic,16.891182
0,8192,true,sum_i64,2,909,5,enum_static,16.845388
0,8192,true,sum_i64,3,909,0,bound_static,16.904519
0,8192,true,sum_i64,3,909,1,before,16.863724
0,8192,true,sum_i64,3,909,2,after,16.851576
0,8192,true,sum_i64,3,909,3,enum_dynamic,16.865604
0,8192,true,sum_i64,3,909,4,enum_static,16.923496
0,8192,true,sum_i64,3,909,5,bound_dynamic,16.853685
0,8192,true,sum_i64,4,909,0,before,16.885130
0,8192,true,sum_i64,4,909,1,after,16.903328
0,8192,true,sum_i64,4,909,2,enum_dynamic,16.904153
0,8192,true,sum_i64,4,909,3,enum_static,16.915613
0,8192,true,sum_i64,4,909,4,bound_dynamic,16.858591
0,8192,true,sum_i64,4,909,5,bound_static,16.899570
0,8192,true,sum_i64,5,909,0,after,16.845068
0,8192,true,sum_i64,5,909,1,enum_dynamic,16.896040
0,8192,true,sum_i64,5,909,2,enum_static,16.872846
0,8192,true,sum_i64,5,909,3,bound_dynamic,16.875000
0,8192,true,sum_i64,5,909,4,bound_static,16.838650
0,8192,true,sum_i64,5,909,5,before,16.953383
0,8192,true,sum_i64,6,909,0,enum_dynamic,16.659516
0,8192,true,sum_i64,6,909,1,enum_static,16.519298
0,8192,true,sum_i64,6,909,2,bound_dynamic,16.558581
0,8192,true,sum_i64,6,909,3,bound_static,16.542996
0,8192,true,sum_i64,6,909,4,before,16.565044
0,8192,true,sum_i64,6,909,5,after,16.927668
0,8192,true,sum_i64,7,909,0,enum_static,16.556656
0,8192,true,sum_i64,7,909,1,bound_dynamic,16.559361
0,8192,true,sum_i64,7,909,2,bound_static,16.836862
0,8192,true,sum_i64,7,909,3,before,16.956271
0,8192,true,sum_i64,7,909,4,after,16.864411
0,8192,true,sum_i64,7,909,5,enum_dynamic,16.872112
0,8192,true,sum_i64,8,909,0,bound_dynamic,16.837138
0,8192,true,sum_i64,8,909,1,bound_static,16.924780
0,8192,true,sum_i64,8,909,2,before,16.873121
0,8192,true,sum_i64,8,909,3,after,16.886689
0,8192,true,sum_i64,8,909,4,enum_dynamic,16.879033
0,8192,true,sum_i64,8,909,5,enum_static,16.866382
0,8192,true,sum_i64,9,909,0,bound_static,16.851348
0,8192,true,sum_i64,9,909,1,before,16.878163
0,8192,true,sum_i64,9,909,2,after,16.864915
0,8192,true,sum_i64,9,909,3,enum_dynamic,16.899615
0,8192,true,sum_i64,9,909,4,enum_static,16.851851
0,8192,true,sum_i64,9,909,5,bound_dynamic,16.862899
0,8192,true,sum_i64,10,909,0,before,16.891684
0,8192,true,sum_i64,10,909,1,after,16.829117
0,8192,true,sum_i64,10,909,2,enum_dynamic,16.917447
0,8192,true,sum_i64,10,909,3,enum_static,16.891043
0,8192,true,sum_i64,10,909,4,bound_dynamic,16.644711
0,8192,true,sum_i64,10,909,5,bound_static,16.538136
0,8192,true,sum_i64,11,909,0,after,16.541483
0,8192,true,sum_i64,11,909,1,enum_dynamic,16.552576
0,8192,true,sum_i64,11,909,2,enum_static,16.578842
0,8192,true,sum_i64,11,909,3,bound_dynamic,16.539054
0,8192,true,sum_i64,11,909,4,bound_static,16.515998
0,8192,true,sum_i64,11,909,5,before,16.747570
0,128,true,sum_f64,0,50000,0,enum_dynamic,0.268047
0,128,true,sum_f64,0,50000,1,enum_static,0.262711
0,128,true,sum_f64,0,50000,2,bound_dynamic,0.257418
0,128,true,sum_f64,0,50000,3,bound_static,0.266118
0,128,true,sum_f64,0,50000,4,before,0.260607
0,128,true,sum_f64,0,50000,5,after,0.257400
0,128,true,sum_f64,1,50000,0,enum_static,0.266818
0,128,true,sum_f64,1,50000,1,bound_dynamic,0.256702
0,128,true,sum_f64,1,50000,2,bound_static,0.264710
0,128,true,sum_f64,1,50000,3,before,0.258588
0,128,true,sum_f64,1,50000,4,after,0.258631
0,128,true,sum_f64,1,50000,5,enum_dynamic,0.267707
0,128,true,sum_f64,2,50000,0,bound_dynamic,0.257798
0,128,true,sum_f64,2,50000,1,bound_static,0.262754
0,128,true,sum_f64,2,50000,2,before,0.259466
0,128,true,sum_f64,2,50000,3,after,0.257706
0,128,true,sum_f64,2,50000,4,enum_dynamic,0.265888
0,128,true,sum_f64,2,50000,5,enum_static,0.263263
0,128,true,sum_f64,3,50000,0,bound_static,0.264233
0,128,true,sum_f64,3,50000,1,before,0.259462
0,128,true,sum_f64,3,50000,2,after,0.258124
0,128,true,sum_f64,3,50000,3,enum_dynamic,0.266537
0,128,true,sum_f64,3,50000,4,enum_static,0.263035
0,128,true,sum_f64,3,50000,5,bound_dynamic,0.257414
0,128,true,sum_f64,4,50000,0,before,0.259780
0,128,true,sum_f64,4,50000,1,after,0.258391
0,128,true,sum_f64,4,50000,2,enum_dynamic,0.266002
0,128,true,sum_f64,4,50000,3,enum_static,0.261952
0,128,true,sum_f64,4,50000,4,bound_dynamic,0.256503
0,128,true,sum_f64,4,50000,5,bound_static,0.264816
0,128,true,sum_f64,5,50000,0,after,0.257815
0,128,true,sum_f64,5,50000,1,enum_dynamic,0.264527
0,128,true,sum_f64,5,50000,2,enum_static,0.263628
0,128,true,sum_f64,5,50000,3,bound_dynamic,0.257146
0,128,true,sum_f64,5,50000,4,bound_static,0.265873
0,128,true,sum_f64,5,50000,5,before,0.258273
0,128,true,sum_f64,6,50000,0,enum_dynamic,0.269494
0,128,true,sum_f64,6,50000,1,enum_static,0.270098
0,128,true,sum_f64,6,50000,2,bound_dynamic,0.256747
0,128,true,sum_f64,6,50000,3,bound_static,0.264705
0,128,true,sum_f64,6,50000,4,before,0.257437
0,128,true,sum_f64,6,50000,5,after,0.258157
0,128,true,sum_f64,7,50000,0,enum_static,0.268439
0,128,true,sum_f64,7,50000,1,bound_dynamic,0.256961
0,128,true,sum_f64,7,50000,2,bound_static,0.264351
0,128,true,sum_f64,7,50000,3,before,0.259944
0,128,true,sum_f64,7,50000,4,after,0.266078
0,128,true,sum_f64,7,50000,5,enum_dynamic,0.267057
0,128,true,sum_f64,8,50000,0,bound_dynamic,0.257437
0,128,true,sum_f64,8,50000,1,bound_static,0.264507
0,128,true,sum_f64,8,50000,2,before,0.258430
0,128,true,sum_f64,8,50000,3,after,0.258261
0,128,true,sum_f64,8,50000,4,enum_dynamic,0.266217
0,128,true,sum_f64,8,50000,5,enum_static,0.263953
0,128,true,sum_f64,9,50000,0,bound_static,0.264638
0,128,true,sum_f64,9,50000,1,before,0.258615
0,128,true,sum_f64,9,50000,2,after,0.259720
0,128,true,sum_f64,9,50000,3,enum_dynamic,0.267130
0,128,true,sum_f64,9,50000,4,enum_static,0.265101
0,128,true,sum_f64,9,50000,5,bound_dynamic,0.257828
0,128,true,sum_f64,10,50000,0,before,0.259381
0,128,true,sum_f64,10,50000,1,after,0.257677
0,128,true,sum_f64,10,50000,2,enum_dynamic,0.265437
0,128,true,sum_f64,10,50000,3,enum_static,0.263341
0,128,true,sum_f64,10,50000,4,bound_dynamic,0.257848
0,128,true,sum_f64,10,50000,5,bound_static,0.265052
0,128,true,sum_f64,11,50000,0,after,0.260368
0,128,true,sum_f64,11,50000,1,enum_dynamic,0.260702
0,128,true,sum_f64,11,50000,2,enum_static,0.265513
0,128,true,sum_f64,11,50000,3,bound_dynamic,0.257534
0,128,true,sum_f64,11,50000,4,bound_static,0.264883
0,128,true,sum_f64,11,50000,5,before,0.259338
0,8192,false,mixed_7,0,30,0,enum_dynamic,545.130567
0,8192,false,mixed_7,0,30,1,enum_static,511.661100
0,8192,false,mixed_7,0,30,2,bound_dynamic,507.452800
0,8192,false,mixed_7,0,30,3,bound_static,538.506933
0,8192,false,mixed_7,0,30,4,before,507.934733
0,8192,false,mixed_7,0,30,5,after,538.144467
0,8192,false,mixed_7,1,30,0,enum_static,502.298600
0,8192,false,mixed_7,1,30,1,bound_dynamic,507.601367
0,8192,false,mixed_7,1,30,2,bound_static,538.988867
0,8192,false,mixed_7,1,30,3,before,505.651367
0,8192,false,mixed_7,1,30,4,after,539.463900
0,8192,false,mixed_7,1,30,5,enum_dynamic,547.523600
0,8192,false,mixed_7,2,30,0,bound_dynamic,508.434733
0,8192,false,mixed_7,2,30,1,bound_static,540.595833
0,8192,false,mixed_7,2,30,2,before,504.786133
0,8192,false,mixed_7,2,30,3,after,539.186133
0,8192,false,mixed_7,2,30,4,enum_dynamic,545.054167
0,8192,false,mixed_7,2,30,5,enum_static,504.159733
0,8192,false,mixed_7,3,30,0,bound_static,543.380567
0,8192,false,mixed_7,3,30,1,before,512.127800
0,8192,false,mixed_7,3,30,2,after,545.769467
0,8192,false,mixed_7,3,30,3,enum_dynamic,552.104167
0,8192,false,mixed_7,3,30,4,enum_static,507.491667
0,8192,false,mixed_7,3,30,5,bound_dynamic,509.941667
0,8192,false,mixed_7,4,30,0,before,507.915267
0,8192,false,mixed_7,4,30,1,after,542.338900
0,8192,false,mixed_7,4,30,2,enum_dynamic,548.613900
0,8192,false,mixed_7,4,30,3,enum_static,504.520833
0,8192,false,mixed_7,4,30,4,bound_dynamic,507.209733
0,8192,false,mixed_7,4,30,5,bound_static,543.379167
0,8192,false,mixed_7,5,30,0,after,544.234733
0,8192,false,mixed_7,5,30,1,enum_dynamic,544.944433
0,8192,false,mixed_7,5,30,2,enum_static,504.681933
0,8192,false,mixed_7,5,30,3,bound_dynamic,507.783333
0,8192,false,mixed_7,5,30,4,bound_static,540.469467
0,8192,false,mixed_7,5,30,5,before,513.888900
0,8192,false,mixed_7,6,30,0,enum_dynamic,545.550000
0,8192,false,mixed_7,6,30,1,enum_static,503.950000
0,8192,false,mixed_7,6,30,2,bound_dynamic,507.025000
0,8192,false,mixed_7,6,30,3,bound_static,536.994433
0,8192,false,mixed_7,6,30,4,before,506.443067
0,8192,false,mixed_7,6,30,5,after,541.154167
0,8192,false,mixed_7,7,30,0,enum_static,504.075000
0,8192,false,mixed_7,7,30,1,bound_dynamic,507.301400
0,8192,false,mixed_7,7,30,2,bound_static,538.862500
0,8192,false,mixed_7,7,30,3,before,505.009733
0,8192,false,mixed_7,7,30,4,after,537.122233
0,8192,false,mixed_7,7,30,5,enum_dynamic,545.320833
0,8192,false,mixed_7,8,30,0,bound_dynamic,512.820833
0,8192,false,mixed_7,8,30,1,bound_static,540.375000
0,8192,false,mixed_7,8,30,2,before,508.448600
0,8192,false,mixed_7,8,30,3,after,541.086133
0,8192,false,mixed_7,8,30,4,enum_dynamic,550.830567
0,8192,false,mixed_7,8,30,5,enum_static,507.079167
0,8192,false,mixed_7,9,30,0,bound_static,543.508333
0,8192,false,mixed_7,9,30,1,before,508.922233
0,8192,false,mixed_7,9,30,2,after,539.815267
0,8192,false,mixed_7,9,30,3,enum_dynamic,544.766667
0,8192,false,mixed_7,9,30,4,enum_static,504.415300
0,8192,false,mixed_7,9,30,5,bound_dynamic,509.076367
0,8192,false,mixed_7,10,30,0,before,505.152800
0,8192,false,mixed_7,10,30,1,after,539.927767
0,8192,false,mixed_7,10,30,2,enum_dynamic,545.025000
0,8192,false,mixed_7,10,30,3,enum_static,504.351400
0,8192,false,mixed_7,10,30,4,bound_dynamic,510.706933
0,8192,false,mixed_7,10,30,5,bound_static,539.627767
0,8192,false,mixed_7,11,30,0,after,539.545833
0,8192,false,mixed_7,11,30,1,enum_dynamic,544.884733
0,8192,false,mixed_7,11,30,2,enum_static,505.812500
0,8192,false,mixed_7,11,30,3,bound_dynamic,515.509733
0,8192,false,mixed_7,11,30,4,bound_static,536.809733
0,8192,false,mixed_7,11,30,5,before,509.840267
0,128,true,sum_u64,0,39729,0,enum_dynamic,0.396752
0,128,true,sum_u64,0,39729,1,enum_static,0.389098
0,128,true,sum_u64,0,39729,2,bound_dynamic,0.384733
0,128,true,sum_u64,0,39729,3,bound_static,0.383476
0,128,true,sum_u64,0,39729,4,before,0.380551
0,128,true,sum_u64,0,39729,5,after,0.377691
0,128,true,sum_u64,1,39729,0,enum_static,0.395279
0,128,true,sum_u64,1,39729,1,bound_dynamic,0.392362
0,128,true,sum_u64,1,39729,2,bound_static,0.379614
0,128,true,sum_u64,1,39729,3,before,0.381184
0,128,true,sum_u64,1,39729,4,after,0.378556
0,128,true,sum_u64,1,39729,5,enum_dynamic,0.403626
0,128,true,sum_u64,2,39729,0,bound_dynamic,0.392394
0,128,true,sum_u64,2,39729,1,bound_static,0.383996
0,128,true,sum_u64,2,39729,2,before,0.381411
0,128,true,sum_u64,2,39729,3,after,0.378871
0,128,true,sum_u64,2,39729,4,enum_dynamic,0.400026
0,128,true,sum_u64,2,39729,5,enum_static,0.392800
0,128,true,sum_u64,3,39729,0,bound_static,0.380885
0,128,true,sum_u64,3,39729,1,before,0.379807
0,128,true,sum_u64,3,39729,2,after,0.379987
0,128,true,sum_u64,3,39729,3,enum_dynamic,0.403001
0,128,true,sum_u64,3,39729,4,enum_static,0.397039
0,128,true,sum_u64,3,39729,5,bound_dynamic,0.381454
0,128,true,sum_u64,4,39729,0,before,0.381867
0,128,true,sum_u64,4,39729,1,after,0.378257
0,128,true,sum_u64,4,39729,2,enum_dynamic,0.403217
0,128,true,sum_u64,4,39729,3,enum_static,0.390391
0,128,true,sum_u64,4,39729,4,bound_dynamic,0.385400
0,128,true,sum_u64,4,39729,5,bound_static,0.386941
0,128,true,sum_u64,5,39729,0,after,0.379080
0,128,true,sum_u64,5,39729,1,enum_dynamic,0.407601
0,128,true,sum_u64,5,39729,2,enum_static,0.392114
0,128,true,sum_u64,5,39729,3,bound_dynamic,0.387795
0,128,true,sum_u64,5,39729,4,bound_static,0.382768
0,128,true,sum_u64,5,39729,5,before,0.383938
0,128,true,sum_u64,6,39729,0,enum_dynamic,0.400467
0,128,true,sum_u64,6,39729,1,enum_static,0.390705
0,128,true,sum_u64,6,39729,2,bound_dynamic,0.386702
0,128,true,sum_u64,6,39729,3,bound_static,0.385413
0,128,true,sum_u64,6,39729,4,before,0.387458
0,128,true,sum_u64,6,39729,5,after,0.382076
0,128,true,sum_u64,7,39729,0,enum_static,0.393372
0,128,true,sum_u64,7,39729,1,bound_dynamic,0.389002
0,128,true,sum_u64,7,39729,2,bound_static,0.387167
0,128,true,sum_u64,7,39729,3,before,0.389829
0,128,true,sum_u64,7,39729,4,after,0.386621
0,128,true,sum_u64,7,39729,5,enum_dynamic,0.405720
0,128,true,sum_u64,8,39729,0,bound_dynamic,0.386331
0,128,true,sum_u64,8,39729,1,bound_static,0.388716
0,128,true,sum_u64,8,39729,2,before,0.389068
0,128,true,sum_u64,8,39729,3,after,0.385621
0,128,true,sum_u64,8,39729,4,enum_dynamic,0.404106
0,128,true,sum_u64,8,39729,5,enum_static,0.390784
0,128,true,sum_u64,9,39729,0,bound_static,0.389972
0,128,true,sum_u64,9,39729,1,before,0.382004
0,128,true,sum_u64,9,39729,2,after,0.378766
0,128,true,sum_u64,9,39729,3,enum_dynamic,0.401905
0,128,true,sum_u64,9,39729,4,enum_static,0.391363
0,128,true,sum_u64,9,39729,5,bound_dynamic,0.385667
0,128,true,sum_u64,10,39729,0,before,0.380937
0,128,true,sum_u64,10,39729,1,after,0.378495
0,128,true,sum_u64,10,39729,2,enum_dynamic,0.403024
0,128,true,sum_u64,10,39729,3,enum_static,0.390887
0,128,true,sum_u64,10,39729,4,bound_dynamic,0.379943
0,128,true,sum_u64,10,39729,5,bound_static,0.388443
0,128,true,sum_u64,11,39729,0,after,0.382870
0,128,true,sum_u64,11,39729,1,enum_dynamic,0.400628
0,128,true,sum_u64,11,39729,2,enum_static,0.390253
0,128,true,sum_u64,11,39729,3,bound_dynamic,0.390713
0,128,true,sum_u64,11,39729,4,bound_static,0.383748
0,128,true,sum_u64,11,39729,5,before,0.384435
0,8192,false,avg_i64,0,1091,0,enum_dynamic,16.203598
0,8192,false,avg_i64,0,1091,1,enum_static,16.403567
0,8192,false,avg_i64,0,1091,2,bound_dynamic,14.027345
0,8192,false,avg_i64,0,1091,3,bound_static,14.107775
0,8192,false,avg_i64,0,1091,4,before,16.444508
0,8192,false,avg_i64,0,1091,5,after,13.828865
0,8192,false,avg_i64,1,1091,0,enum_static,16.105217
0,8192,false,avg_i64,1,1091,1,bound_dynamic,13.811144
0,8192,false,avg_i64,1,1091,2,bound_static,13.988810
0,8192,false,avg_i64,1,1091,3,before,16.394592
0,8192,false,avg_i64,1,1091,4,after,14.059005
0,8192,false,avg_i64,1,1091,5,enum_dynamic,16.449358
0,8192,false,avg_i64,2,1091,0,bound_dynamic,14.034334
0,8192,false,avg_i64,2,1091,1,bound_static,14.109189
0,8192,false,avg_i64,2,1091,2,before,16.230026
0,8192,false,avg_i64,2,1091,3,after,13.843034
0,8192,false,avg_i64,2,1091,4,enum_dynamic,16.281737
0,8192,false,avg_i64,2,1091,5,enum_static,16.440422
0,8192,false,avg_i64,3,1091,0,bound_static,14.133173
0,8192,false,avg_i64,3,1091,1,before,16.393256
0,8192,false,avg_i64,3,1091,2,after,14.080355
0,8192,false,avg_i64,3,1091,3,enum_dynamic,16.497212
0,8192,false,avg_i64,3,1091,4,enum_static,16.387566
0,8192,false,avg_i64,3,1091,5,bound_dynamic,14.119577
0,8192,false,avg_i64,4,1091,0,before,16.374962
0,8192,false,avg_i64,4,1091,1,after,14.129239
0,8192,false,avg_i64,4,1091,2,enum_dynamic,16.588947
0,8192,false,avg_i64,4,1091,3,enum_static,16.416705
0,8192,false,avg_i64,4,1091,4,bound_dynamic,14.065192
0,8192,false,avg_i64,4,1091,5,bound_static,14.150817
0,8192,false,avg_i64,5,1091,0,after,14.146577
0,8192,false,avg_i64,5,1091,1,enum_dynamic,16.250497
0,8192,false,avg_i64,5,1091,2,enum_static,16.060266
0,8192,false,avg_i64,5,1091,3,bound_dynamic,13.882065
0,8192,false,avg_i64,5,1091,4,bound_static,13.840131
0,8192,false,avg_i64,5,1091,5,before,16.075122
0,8192,false,avg_i64,6,1091,0,enum_dynamic,16.125649
0,8192,false,avg_i64,6,1091,1,enum_static,16.033226
0,8192,false,avg_i64,6,1091,2,bound_dynamic,13.755423
0,8192,false,avg_i64,6,1091,3,bound_static,13.831385
0,8192,false,avg_i64,6,1091,4,before,16.267186
0,8192,false,avg_i64,6,1091,5,after,14.021998
0,8192,false,avg_i64,7,1091,0,enum_static,16.342958
0,8192,false,avg_i64,7,1091,1,bound_dynamic,14.033112
0,8192,false,avg_i64,7,1091,2,bound_static,14.089673
0,8192,false,avg_i64,7,1091,3,before,16.386228
0,8192,false,avg_i64,7,1091,4,after,14.088222
0,8192,false,avg_i64,7,1091,5,enum_dynamic,16.431562
0,8192,false,avg_i64,8,1091,0,bound_dynamic,14.044913
0,8192,false,avg_i64,8,1091,1,bound_static,14.120188
0,8192,false,avg_i64,8,1091,2,before,16.370264
0,8192,false,avg_i64,8,1091,3,after,14.052207
0,8192,false,avg_i64,8,1091,4,enum_dynamic,16.432860
0,8192,false,avg_i64,8,1091,5,enum_static,16.424305
0,8192,false,avg_i64,9,1091,0,bound_static,13.847312
0,8192,false,avg_i64,9,1091,1,before,16.209021
0,8192,false,avg_i64,9,1091,2,after,14.039796
0,8192,false,avg_i64,9,1091,3,enum_dynamic,16.440727
0,8192,false,avg_i64,9,1091,4,enum_static,16.507410
0,8192,false,avg_i64,9,1091,5,bound_dynamic,14.022151
0,8192,false,avg_i64,10,1091,0,before,16.115414
0,8192,false,avg_i64,10,1091,1,after,14.140467
0,8192,false,avg_i64,10,1091,2,enum_dynamic,16.506302
0,8192,false,avg_i64,10,1091,3,enum_static,16.135350
0,8192,false,avg_i64,10,1091,4,bound_dynamic,13.814429
0,8192,false,avg_i64,10,1091,5,bound_static,14.152383
0,8192,false,avg_i64,11,1091,0,after,13.784792
0,8192,false,avg_i64,11,1091,1,enum_dynamic,16.171861
0,8192,false,avg_i64,11,1091,2,enum_static,16.085701
0,8192,false,avg_i64,11,1091,3,bound_dynamic,13.833486
0,8192,false,avg_i64,11,1091,4,bound_static,14.118392
0,8192,false,avg_i64,11,1091,5,before,16.408914
0,8192,false,max_i64,0,338,0,enum_dynamic,44.765654
0,8192,false,max_i64,0,338,1,enum_static,44.101701
0,8192,false,max_i64,0,338,2,bound_dynamic,47.002219
0,8192,false,max_i64,0,338,3,bound_static,44.559172
0,8192,false,max_i64,0,338,4,before,44.487426
0,8192,false,max_i64,0,338,5,after,44.708086
0,8192,false,max_i64,1,338,0,enum_static,45.857864
0,8192,false,max_i64,1,338,1,bound_dynamic,46.999876
0,8192,false,max_i64,1,338,2,bound_static,44.918515
0,8192,false,max_i64,1,338,3,before,44.828896
0,8192,false,max_i64,1,338,4,after,44.777121
0,8192,false,max_i64,1,338,5,enum_dynamic,44.749015
0,8192,false,max_i64,2,338,0,bound_dynamic,47.014299
0,8192,false,max_i64,2,338,1,bound_static,44.717580
0,8192,false,max_i64,2,338,2,before,44.691198
0,8192,false,max_i64,2,338,3,after,44.597263
0,8192,false,max_i64,2,338,4,enum_dynamic,44.636834
0,8192,false,max_i64,2,338,5,enum_static,43.370438
0,8192,false,max_i64,3,338,0,bound_static,44.565213
0,8192,false,max_i64,3,338,1,before,45.625491
0,8192,false,max_i64,3,338,2,after,45.117109
0,8192,false,max_i64,3,338,3,enum_dynamic,44.480524
0,8192,false,max_i64,3,338,4,enum_static,43.603796
0,8192,false,max_i64,3,338,5,bound_dynamic,46.827169
0,8192,false,max_i64,4,338,0,before,44.397680
0,8192,false,max_i64,4,338,1,after,44.865633
0,8192,false,max_i64,4,338,2,enum_dynamic,44.296598
0,8192,false,max_i64,4,338,3,enum_static,43.351577
0,8192,false,max_i64,4,338,4,bound_dynamic,46.910749
0,8192,false,max_i64,4,338,5,bound_static,44.627464
0,8192,false,max_i64,5,338,0,after,44.474728
0,8192,false,max_i64,5,338,1,enum_dynamic,44.434666
0,8192,false,max_i64,5,338,2,enum_static,45.240015
0,8192,false,max_i64,5,338,3,bound_dynamic,46.937500
0,8192,false,max_i64,5,338,4,bound_static,44.690828
0,8192,false,max_i64,5,338,5,before,44.515533
0,8192,false,max_i64,6,338,0,enum_dynamic,44.783902
0,8192,false,max_i64,6,338,1,enum_static,44.871547
0,8192,false,max_i64,6,338,2,bound_dynamic,47.121793
0,8192,false,max_i64,6,338,3,bound_static,44.550296
0,8192,false,max_i64,6,338,4,before,44.639178
0,8192,false,max_i64,6,338,5,after,44.646325
0,8192,false,max_i64,7,338,0,enum_static,43.362056
0,8192,false,max_i64,7,338,1,bound_dynamic,46.951799
0,8192,false,max_i64,7,338,2,bound_static,44.741124
0,8192,false,max_i64,7,338,3,before,44.636340
0,8192,false,max_i64,7,338,4,after,44.628083
0,8192,false,max_i64,7,338,5,enum_dynamic,44.716592
0,8192,false,max_i64,8,338,0,bound_dynamic,46.872781
0,8192,false,max_i64,8,338,1,bound_static,44.681092
0,8192,false,max_i64,8,338,2,before,44.432077
0,8192,false,max_i64,8,338,3,after,45.244944
0,8192,false,max_i64,8,338,4,enum_dynamic,44.366494
0,8192,false,max_i64,8,338,5,enum_static,45.331607
0,8192,false,max_i64,9,338,0,bound_static,45.229414
0,8192,false,max_i64,9,338,1,before,44.783533
0,8192,false,max_i64,9,338,2,after,44.831607
0,8192,false,max_i64,9,338,3,enum_dynamic,44.923322
0,8192,false,max_i64,9,338,4,enum_static,43.766027
0,8192,false,max_i64,9,338,5,bound_dynamic,47.132518
0,8192,false,max_i64,10,338,0,before,44.621550
0,8192,false,max_i64,10,338,1,after,44.526873
0,8192,false,max_i64,10,338,2,enum_dynamic,44.623521
0,8192,false,max_i64,10,338,3,enum_static,46.350101
0,8192,false,max_i64,10,338,4,bound_dynamic,47.026133
0,8192,false,max_i64,10,338,5,bound_static,44.576429
0,8192,false,max_i64,11,338,0,after,44.768612
0,8192,false,max_i64,11,338,1,enum_dynamic,44.977562
0,8192,false,max_i64,11,338,2,enum_static,46.598373
0,8192,false,max_i64,11,338,3,bound_dynamic,46.937624
0,8192,false,max_i64,11,338,4,bound_static,44.558678
0,8192,false,max_i64,11,338,5,before,44.585180
0,8192,false,count_distinct_i64,0,43,0,enum_dynamic,397.722860
0,8192,false,count_distinct_i64,0,43,1,enum_static,358.728698
0,8192,false,count_distinct_i64,0,43,2,bound_dynamic,356.835279
0,8192,false,count_distinct_i64,0,43,3,bound_static,395.553302
0,8192,false,count_distinct_i64,0,43,4,before,358.677326
0,8192,false,count_distinct_i64,0,43,5,after,401.777140
0,8192,false,count_distinct_i64,1,43,0,enum_static,360.800395
0,8192,false,count_distinct_i64,1,43,1,bound_dynamic,356.196721
0,8192,false,count_distinct_i64,1,43,2,bound_static,395.317814
0,8192,false,count_distinct_i64,1,43,3,before,359.848837
0,8192,false,count_distinct_i64,1,43,4,after,397.136628
0,8192,false,count_distinct_i64,1,43,5,enum_dynamic,396.783930
0,8192,false,count_distinct_i64,2,43,0,bound_dynamic,355.226744
0,8192,false,count_distinct_i64,2,43,1,bound_static,394.723837
0,8192,false,count_distinct_i64,2,43,2,before,358.724791
0,8192,false,count_distinct_i64,2,43,3,after,395.187023
0,8192,false,count_distinct_i64,2,43,4,enum_dynamic,395.791674
0,8192,false,count_distinct_i64,2,43,5,enum_static,357.238372
0,8192,false,count_distinct_i64,3,43,0,bound_static,394.734488
0,8192,false,count_distinct_i64,3,43,1,before,356.160860
0,8192,false,count_distinct_i64,3,43,2,after,396.396326
0,8192,false,count_distinct_i64,3,43,3,enum_dynamic,395.360465
0,8192,false,count_distinct_i64,3,43,4,enum_static,357.676349
0,8192,false,count_distinct_i64,3,43,5,bound_dynamic,355.421512
0,8192,false,count_distinct_i64,4,43,0,before,355.406000
0,8192,false,count_distinct_i64,4,43,1,after,394.855628
0,8192,false,count_distinct_i64,4,43,2,enum_dynamic,393.441860
0,8192,false,count_distinct_i64,4,43,3,enum_static,357.455419
0,8192,false,count_distinct_i64,4,43,4,bound_dynamic,354.512581
0,8192,false,count_distinct_i64,4,43,5,bound_static,397.551372
0,8192,false,count_distinct_i64,5,43,0,after,394.976744
0,8192,false,count_distinct_i64,5,43,1,enum_dynamic,395.545535
0,8192,false,count_distinct_i64,5,43,2,enum_static,358.104651
0,8192,false,count_distinct_i64,5,43,3,bound_dynamic,359.265512
0,8192,false,count_distinct_i64,5,43,4,bound_static,395.719953
0,8192,false,count_distinct_i64,5,43,5,before,355.427326
0,8192,false,count_distinct_i64,6,43,0,enum_dynamic,396.582372
0,8192,false,count_distinct_i64,6,43,1,enum_static,361.378884
0,8192,false,count_distinct_i64,6,43,2,bound_dynamic,355.221907
0,8192,false,count_distinct_i64,6,43,3,bound_static,394.915698
0,8192,false,count_distinct_i64,6,43,4,before,388.433140
0,8192,false,count_distinct_i64,6,43,5,after,399.412791
0,8192,false,count_distinct_i64,7,43,0,enum_static,367.351744
0,8192,false,count_distinct_i64,7,43,1,bound_dynamic,367.928302
0,8192,false,count_distinct_i64,7,43,2,bound_static,397.829442
0,8192,false,count_distinct_i64,7,43,3,before,360.340116
0,8192,false,count_distinct_i64,7,43,4,after,395.976744
0,8192,false,count_distinct_i64,7,43,5,enum_dynamic,401.035860
0,8192,false,count_distinct_i64,8,43,0,bound_dynamic,357.784884
0,8192,false,count_distinct_i64,8,43,1,bound_static,395.921512
0,8192,false,count_distinct_i64,8,43,2,before,360.182163
0,8192,false,count_distinct_i64,8,43,3,after,397.090116
0,8192,false,count_distinct_i64,8,43,4,enum_dynamic,394.059093
0,8192,false,count_distinct_i64,8,43,5,enum_static,357.201558
0,8192,false,count_distinct_i64,9,43,0,bound_static,398.115302
0,8192,false,count_distinct_i64,9,43,1,before,356.284884
0,8192,false,count_distinct_i64,9,43,2,after,396.139535
0,8192,false,count_distinct_i64,9,43,3,enum_dynamic,399.191860
0,8192,false,count_distinct_i64,9,43,4,enum_static,358.839163
0,8192,false,count_distinct_i64,9,43,5,bound_dynamic,358.845930
0,8192,false,count_distinct_i64,10,43,0,before,360.414744
0,8192,false,count_distinct_i64,10,43,1,after,398.129860
0,8192,false,count_distinct_i64,10,43,2,enum_dynamic,397.375000
0,8192,false,count_distinct_i64,10,43,3,enum_static,361.064930
0,8192,false,count_distinct_i64,10,43,4,bound_dynamic,358.443814
0,8192,false,count_distinct_i64,10,43,5,bound_static,398.019372
0,8192,false,count_distinct_i64,11,43,0,after,399.858535
0,8192,false,count_distinct_i64,11,43,1,enum_dynamic,400.589140
0,8192,false,count_distinct_i64,11,43,2,enum_static,358.075581
0,8192,false,count_distinct_i64,11,43,3,bound_dynamic,357.719953
0,8192,false,count_distinct_i64,11,43,4,bound_static,394.751930
0,8192,false,count_distinct_i64,11,43,5,before,360.660837
0,128,true,max_utf8,0,7329,0,enum_dynamic,2.068381
0,128,true,max_utf8,0,7329,1,enum_static,2.063503
0,128,true,max_utf8,0,7329,2,bound_dynamic,2.104783
0,128,true,max_utf8,0,7329,3,bound_static,2.046482
0,128,true,max_utf8,0,7329,4,before,2.043884
0,128,true,max_utf8,0,7329,5,after,2.052724
0,128,true,max_utf8,1,7329,0,enum_static,2.071281
0,128,true,max_utf8,1,7329,1,bound_dynamic,2.083390
0,128,true,max_utf8,1,7329,2,bound_static,2.046067
0,128,true,max_utf8,1,7329,3,before,2.049131
0,128,true,max_utf8,1,7329,4,after,2.056983
0,128,true,max_utf8,1,7329,5,enum_dynamic,2.082520
0,128,true,max_utf8,2,7329,0,bound_dynamic,2.090070
0,128,true,max_utf8,2,7329,1,bound_static,2.047721
0,128,true,max_utf8,2,7329,2,before,2.046931
0,128,true,max_utf8,2,7329,3,after,2.058574
0,128,true,max_utf8,2,7329,4,enum_dynamic,2.080116
0,128,true,max_utf8,2,7329,5,enum_static,2.077301
0,128,true,max_utf8,3,7329,0,bound_static,2.046431
0,128,true,max_utf8,3,7329,1,before,2.048131
0,128,true,max_utf8,3,7329,2,after,2.058796
0,128,true,max_utf8,3,7329,3,enum_dynamic,2.087961
0,128,true,max_utf8,3,7329,4,enum_static,2.075505
0,128,true,max_utf8,3,7329,5,bound_dynamic,2.087995
0,128,true,max_utf8,4,7329,0,before,2.048153
0,128,true,max_utf8,4,7329,1,after,2.053082
0,128,true,max_utf8,4,7329,2,enum_dynamic,2.090468
0,128,true,max_utf8,4,7329,3,enum_static,2.076039
0,128,true,max_utf8,4,7329,4,bound_dynamic,2.089456
0,128,true,max_utf8,4,7329,5,bound_static,2.049990
0,128,true,max_utf8,5,7329,0,after,2.061053
0,128,true,max_utf8,5,7329,1,enum_dynamic,2.081719
0,128,true,max_utf8,5,7329,2,enum_static,2.086426
0,128,true,max_utf8,5,7329,3,bound_dynamic,2.085011
0,128,true,max_utf8,5,7329,4,bound_static,2.044759
0,128,true,max_utf8,5,7329,5,before,2.047198
0,128,true,max_utf8,6,7329,0,enum_dynamic,2.067324
0,128,true,max_utf8,6,7329,1,enum_static,2.087682
0,128,true,max_utf8,6,7329,2,bound_dynamic,2.085460
0,128,true,max_utf8,6,7329,3,bound_static,2.054782
0,128,true,max_utf8,6,7329,4,before,2.042531
0,128,true,max_utf8,6,7329,5,after,2.051900
0,128,true,max_utf8,7,7329,0,enum_static,2.078865
0,128,true,max_utf8,7,7329,1,bound_dynamic,2.084419
0,128,true,max_utf8,7,7329,2,bound_static,2.040825
0,128,true,max_utf8,7,7329,3,before,2.043270
0,128,true,max_utf8,7,7329,4,after,2.050371
0,128,true,max_utf8,7,7329,5,enum_dynamic,2.070832
0,128,true,max_utf8,8,7329,0,bound_dynamic,2.092441
0,128,true,max_utf8,8,7329,1,bound_static,2.042303
0,128,true,max_utf8,8,7329,2,before,2.049671
0,128,true,max_utf8,8,7329,3,after,2.047119
0,128,true,max_utf8,8,7329,4,enum_dynamic,2.075562
0,128,true,max_utf8,8,7329,5,enum_static,2.067432
0,128,true,max_utf8,9,7329,0,bound_static,2.043935
0,128,true,max_utf8,9,7329,1,before,2.047090
0,128,true,max_utf8,9,7329,2,after,2.054424
0,128,true,max_utf8,9,7329,3,enum_dynamic,2.070729
0,128,true,max_utf8,9,7329,4,enum_static,2.058091
0,128,true,max_utf8,9,7329,5,bound_dynamic,2.089468
0,128,true,max_utf8,10,7329,0,before,2.085300
0,128,true,max_utf8,10,7329,1,after,2.061093
0,128,true,max_utf8,10,7329,2,enum_dynamic,2.071440
0,128,true,max_utf8,10,7329,3,enum_static,2.063941
0,128,true,max_utf8,10,7329,4,bound_dynamic,2.083686
0,128,true,max_utf8,10,7329,5,bound_static,2.049711
0,128,true,max_utf8,11,7329,0,after,2.047835
0,128,true,max_utf8,11,7329,1,enum_dynamic,2.071690
0,128,true,max_utf8,11,7329,2,enum_static,2.060075
0,128,true,max_utf8,11,7329,3,bound_dynamic,2.083396
0,128,true,max_utf8,11,7329,4,bound_static,2.040564
0,128,true,max_utf8,11,7329,5,before,2.041183
0,65536,true,sum_f64,0,216,0,enum_dynamic,69.606671
0,65536,true,sum_f64,0,216,1,enum_static,69.656060
0,65536,true,sum_f64,0,216,2,bound_dynamic,70.984759
0,65536,true,sum_f64,0,216,3,bound_static,69.895449
0,65536,true,sum_f64,0,216,4,before,69.949847
0,65536,true,sum_f64,0,216,5,after,70.869407
0,65536,true,sum_f64,1,216,0,enum_static,69.790125
0,65536,true,sum_f64,1,216,1,bound_dynamic,70.805556
0,65536,true,sum_f64,1,216,2,bound_static,69.948301
0,65536,true,sum_f64,1,216,3,before,69.847417
0,65536,true,sum_f64,1,216,4,after,70.839509
0,65536,true,sum_f64,1,216,5,enum_dynamic,69.982639
0,65536,true,sum_f64,2,216,0,bound_dynamic,71.294171
0,65536,true,sum_f64,2,216,1,bound_static,69.994792
0,65536,true,sum_f64,2,216,2,before,69.906829
0,65536,true,sum_f64,2,216,3,after,71.092593
0,65536,true,sum_f64,2,216,4,enum_dynamic,69.872301
0,65536,true,sum_f64,2,216,5,enum_static,69.903162
0,65536,true,sum_f64,3,216,0,bound_static,69.979940
0,65536,true,sum_f64,3,216,1,before,69.869407
0,65536,true,sum_f64,3,216,2,after,70.884454
0,65536,true,sum_f64,3,216,3,enum_dynamic,69.795333
0,65536,true,sum_f64,3,216,4,enum_static,70.218944
0,65536,true,sum_f64,3,216,5,bound_dynamic,72.035685
0,65536,true,sum_f64,4,216,0,before,70.644866
0,65536,true,sum_f64,4,216,1,after,71.385222
0,65536,true,sum_f64,4,216,2,enum_dynamic,70.092208
0,65536,true,sum_f64,4,216,3,enum_static,69.788963
0,65536,true,sum_f64,4,216,4,bound_dynamic,70.969713
0,65536,true,sum_f64,4,216,5,bound_static,69.931134
0,65536,true,sum_f64,5,216,0,after,70.932870
0,65536,true,sum_f64,5,216,1,enum_dynamic,70.065204
0,65536,true,sum_f64,5,216,2,enum_static,69.676894
0,65536,true,sum_f64,5,216,3,bound_dynamic,71.223764
0,65536,true,sum_f64,5,216,4,bound_static,70.908375
0,65536,true,sum_f64,5,216,5,before,70.010611
0,65536,true,sum_f64,6,216,0,enum_dynamic,69.777778
0,65536,true,sum_f64,6,216,1,enum_static,69.921491
0,65536,true,sum_f64,6,216,2,bound_dynamic,71.089505
0,65536,true,sum_f64,6,216,3,bound_static,69.870370
0,65536,true,sum_f64,6,216,4,before,69.612847
0,65536,true,sum_f64,6,216,5,after,70.688273
0,65536,true,sum_f64,7,216,0,enum_static,69.741319
0,65536,true,sum_f64,7,216,1,bound_dynamic,70.771218
0,65536,true,sum_f64,7,216,2,bound_static,70.091435
0,65536,true,sum_f64,7,216,3,before,69.868056
0,65536,true,sum_f64,7,216,4,after,71.102236
0,65536,true,sum_f64,7,216,5,enum_dynamic,69.833718
0,65536,true,sum_f64,8,216,0,bound_dynamic,70.932097
0,65536,true,sum_f64,8,216,1,bound_static,69.914162
0,65536,true,sum_f64,8,216,2,before,69.910880
0,65536,true,sum_f64,8,216,3,after,70.814815
0,65536,true,sum_f64,8,216,4,enum_dynamic,70.990356
0,65536,true,sum_f64,8,216,5,enum_static,69.824847
0,65536,true,sum_f64,9,216,0,bound_static,69.816935
0,65536,true,sum_f64,9,216,1,before,69.956019
0,65536,true,sum_f64,9,216,2,after,70.965278
0,65536,true,sum_f64,9,216,3,enum_dynamic,69.836806
0,65536,true,sum_f64,9,216,4,enum_static,69.699653
0,65536,true,sum_f64,9,216,5,bound_dynamic,70.701194
0,65536,true,sum_f64,10,216,0,before,69.641588
0,65536,true,sum_f64,10,216,1,after,71.191356
0,65536,true,sum_f64,10,216,2,enum_dynamic,69.721449
0,65536,true,sum_f64,10,216,3,enum_static,69.648727
0,65536,true,sum_f64,10,216,4,bound_dynamic,70.784528
0,65536,true,sum_f64,10,216,5,bound_static,69.703704
0,65536,true,sum_f64,11,216,0,after,70.732449
0,65536,true,sum_f64,11,216,1,enum_dynamic,69.641977
0,65536,true,sum_f64,11,216,2,enum_static,69.645255
0,65536,true,sum_f64,11,216,3,bound_dynamic,71.782218
0,65536,true,sum_f64,11,216,4,bound_static,70.171685
0,65536,true,sum_f64,11,216,5,before,69.629051
0,65536,true,count_i64,0,309,0,enum_dynamic,50.979906
0,65536,true,count_i64,0,309,1,enum_static,48.559333
0,65536,true,count_i64,0,309,2,bound_dynamic,50.969660
0,65536,true,count_i64,0,309,3,bound_static,52.407900
0,65536,true,count_i64,0,309,4,before,49.718447
0,65536,true,count_i64,0,309,5,after,51.003909
0,65536,true,count_i64,1,309,0,enum_static,48.403453
0,65536,true,count_i64,1,309,1,bound_dynamic,50.872706
0,65536,true,count_i64,1,309,2,bound_static,52.443770
0,65536,true,count_i64,1,309,3,before,50.307848
0,65536,true,count_i64,1,309,4,after,51.066748
0,65536,true,count_i64,1,309,5,enum_dynamic,51.193366
0,65536,true,count_i64,2,309,0,bound_dynamic,50.984087
0,65536,true,count_i64,2,309,1,bound_static,52.514159
0,65536,true,count_i64,2,309,2,before,50.031013
0,65536,true,count_i64,2,309,3,after,51.707388
0,65536,true,count_i64,2,309,4,enum_dynamic,51.327534
0,65536,true,count_i64,2,309,5,enum_static,48.569443
0,65536,true,count_i64,3,309,0,bound_static,52.514427
0,65536,true,count_i64,3,309,1,before,50.472628
0,65536,true,count_i64,3,309,2,after,51.024676
0,65536,true,count_i64,3,309,3,enum_dynamic,51.086029
0,65536,true,count_i64,3,309,4,enum_static,49.579961
0,65536,true,count_i64,3,309,5,bound_dynamic,51.182715
0,65536,true,count_i64,4,309,0,before,50.365968
0,65536,true,count_i64,4,309,1,after,51.309735
0,65536,true,count_i64,4,309,2,enum_dynamic,51.039913
0,65536,true,count_i64,4,309,3,enum_static,48.476133
0,65536,true,count_i64,4,309,4,bound_dynamic,50.871359
0,65536,true,count_i64,4,309,5,bound_static,53.223437
0,65536,true,count_i64,5,309,0,after,51.030744
0,65536,true,count_i64,5,309,1,enum_dynamic,51.165589
0,65536,true,count_i64,5,309,2,enum_static,48.492045
0,65536,true,count_i64,5,309,3,bound_dynamic,51.015641
0,65536,true,count_i64,5,309,4,bound_static,52.535735
0,65536,true,count_i64,5,309,5,before,49.920576
0,65536,true,count_i64,6,309,0,enum_dynamic,51.067557
0,65536,true,count_i64,6,309,1,enum_static,48.576188
0,65536,true,count_i64,6,309,2,bound_dynamic,51.011463
0,65536,true,count_i64,6,309,3,bound_static,52.594123
0,65536,true,count_i64,6,309,4,before,51.266854
0,65536,true,count_i64,6,309,5,after,50.803262
0,65536,true,count_i64,7,309,0,enum_static,49.586029
0,65536,true,count_i64,7,309,1,bound_dynamic,51.634036
0,65536,true,count_i64,7,309,2,bound_static,52.583602
0,65536,true,count_i64,7,309,3,before,50.933388
0,65536,true,count_i64,7,309,4,after,51.008227
0,65536,true,count_i64,7,309,5,enum_dynamic,51.022385
0,65536,true,count_i64,8,309,0,bound_dynamic,51.027508
0,65536,true,count_i64,8,309,1,bound_static,52.379450
0,65536,true,count_i64,8,309,2,before,50.087110
0,65536,true,count_i64,8,309,3,after,51.070657
0,65536,true,count_i64,8,309,4,enum_dynamic,51.044498
0,65536,true,count_i64,8,309,5,enum_static,48.509304
0,65536,true,count_i64,9,309,0,bound_static,52.338460
0,65536,true,count_i64,9,309,1,before,50.243660
0,65536,true,count_i64,9,309,2,after,50.901427
0,65536,true,count_i64,9,309,3,enum_dynamic,51.145091
0,65536,true,count_i64,9,309,4,enum_static,48.275621
0,65536,true,count_i64,9,309,5,bound_dynamic,51.004045
0,65536,true,count_i64,10,309,0,before,50.488405
0,65536,true,count_i64,10,309,1,after,51.069848
0,65536,true,count_i64,10,309,2,enum_dynamic,51.008900
0,65536,true,count_i64,10,309,3,enum_static,49.300434
0,65536,true,count_i64,10,309,4,bound_dynamic,51.272654
0,65536,true,count_i64,10,309,5,bound_static,52.377294
0,65536,true,count_i64,11,309,0,after,51.069175
0,65536,true,count_i64,11,309,1,enum_dynamic,51.074838
0,65536,true,count_i64,11,309,2,enum_static,48.605987
0,65536,true,count_i64,11,309,3,bound_dynamic,51.551511
0,65536,true,count_i64,11,309,4,bound_static,52.374191
0,65536,true,count_i64,11,309,5,before,50.598838
0,65536,true,count_star,0,492,0,enum_dynamic,31.016091
0,65536,true,count_star,0,492,1,enum_static,31.063687
0,65536,true,count_star,0,492,2,bound_dynamic,30.579183
0,65536,true,count_star,0,492,3,bound_static,30.682758
0,65536,true,count_star,0,492,4,before,31.024815
0,65536,true,count_star,0,492,5,after,30.612890
0,65536,true,count_star,1,492,0,enum_static,31.571392
0,65536,true,count_star,1,492,1,bound_dynamic,30.586974
0,65536,true,count_star,1,492,2,bound_static,30.753472
0,65536,true,count_star,1,492,3,before,31.184622
0,65536,true,count_star,1,492,4,after,30.542260
0,65536,true,count_star,1,492,5,enum_dynamic,30.953929
0,65536,true,count_star,2,492,0,bound_dynamic,30.619579
0,65536,true,count_star,2,492,1,bound_static,30.608317
0,65536,true,count_star,2,492,2,before,30.990006
0,65536,true,count_star,2,492,3,after,30.531419
0,65536,true,count_star,2,492,4,enum_dynamic,31.018293
0,65536,true,count_star,2,492,5,enum_static,31.183520
0,65536,true,count_star,3,492,0,bound_static,31.074949
0,65536,true,count_star,3,492,1,before,31.209689
0,65536,true,count_star,3,492,2,after,30.649476
0,65536,true,count_star,3,492,3,enum_dynamic,30.995087
0,65536,true,count_star,3,492,4,enum_static,30.946815
0,65536,true,count_star,3,492,5,bound_dynamic,30.557587
0,65536,true,count_star,4,492,0,before,30.944614
0,65536,true,count_star,4,492,1,after,31.355691
0,65536,true,count_star,4,492,2,enum_dynamic,30.943089
0,65536,true,count_star,4,492,3,enum_static,31.157352
0,65536,true,count_star,4,492,4,bound_dynamic,30.560976
0,65536,true,count_star,4,492,5,bound_static,30.568598
0,65536,true,count_star,5,492,0,after,30.532437
0,65536,true,count_star,5,492,1,enum_dynamic,31.088500
0,65536,true,count_star,5,492,2,enum_static,31.624407
0,65536,true,count_star,5,492,3,bound_dynamic,30.926829
0,65536,true,count_star,5,492,4,bound_static,31.035230
0,65536,true,count_star,5,492,5,before,31.190888
0,65536,true,count_star,6,492,0,enum_dynamic,30.970528
0,65536,true,count_star,6,492,1,enum_static,31.307248
0,65536,true,count_star,6,492,2,bound_dynamic,30.892276
0,65536,true,count_star,6,492,3,bound_static,30.546069
0,65536,true,count_star,6,492,4,before,31.188262
0,65536,true,count_star,6,492,5,after,31.080285
0,65536,true,count_star,7,492,0,enum_static,31.587228
0,65536,true,count_star,7,492,1,bound_dynamic,30.897780
0,65536,true,count_star,7,492,2,bound_static,30.540057
0,65536,true,count_star,7,492,3,before,31.329014
0,65536,true,count_star,7,492,4,after,31.142785
0,65536,true,count_star,7,492,5,enum_dynamic,31.529047
0,65536,true,count_star,8,492,0,bound_dynamic,31.022526
0,65536,true,count_star,8,492,1,bound_static,30.525321
0,65536,true,count_star,8,492,2,before,30.971545
0,65536,true,count_star,8,492,3,after,30.530825
0,65536,true,count_star,8,492,4,enum_dynamic,31.009909
0,65536,true,count_star,8,492,5,enum_static,31.070461
0,65536,true,count_star,9,492,0,bound_static,30.549965
0,65536,true,count_star,9,492,1,before,31.032266
0,65536,true,count_star,9,492,2,after,31.094850
0,65536,true,count_star,9,492,3,enum_dynamic,30.999152
0,65536,true,count_star,9,492,4,enum_static,31.062583
0,65536,true,count_star,9,492,5,bound_dynamic,30.506774
0,65536,true,count_star,10,492,0,before,31.401337
0,65536,true,count_star,10,492,1,after,30.512195
0,65536,true,count_star,10,492,2,enum_dynamic,31.035909
0,65536,true,count_star,10,492,3,enum_static,31.014228
0,65536,true,count_star,10,492,4,bound_dynamic,30.631098
0,65536,true,count_star,10,492,5,bound_static,30.547596
0,65536,true,count_star,11,492,0,after,30.557758
0,65536,true,count_star,11,492,1,enum_dynamic,30.931488
0,65536,true,count_star,11,492,2,enum_static,31.078167
0,65536,true,count_star,11,492,3,bound_dynamic,30.522272
0,65536,true,count_star,11,492,4,bound_static,30.608148
0,65536,true,count_star,11,492,5,before,31.166329
0,8192,false,min_i64,0,356,0,enum_dynamic,44.672753
0,8192,false,min_i64,0,356,1,enum_static,41.270601
0,8192,false,min_i64,0,356,2,bound_dynamic,47.143025
0,8192,false,min_i64,0,356,3,bound_static,42.203534
0,8192,false,min_i64,0,356,4,before,44.626989
0,8192,false,min_i64,0,356,5,after,42.170062
0,8192,false,min_i64,1,356,0,enum_static,40.882725
0,8192,false,min_i64,1,356,1,bound_dynamic,46.938202
0,8192,false,min_i64,1,356,2,bound_static,42.195343
0,8192,false,min_i64,1,356,3,before,44.787104
0,8192,false,min_i64,1,356,4,after,42.210556
0,8192,false,min_i64,1,356,5,enum_dynamic,44.534292
0,8192,false,min_i64,2,356,0,bound_dynamic,47.033590
0,8192,false,min_i64,2,356,1,bound_static,42.391736
0,8192,false,min_i64,2,356,2,before,44.518725
0,8192,false,min_i64,2,356,3,after,42.316011
0,8192,false,min_i64,2,356,4,enum_dynamic,44.678371
0,8192,false,min_i64,2,356,5,enum_static,41.887053
0,8192,false,min_i64,3,356,0,bound_static,42.116924
0,8192,false,min_i64,3,356,1,before,44.580174
0,8192,false,min_i64,3,356,2,after,42.419711
0,8192,false,min_i64,3,356,3,enum_dynamic,45.023640
0,8192,false,min_i64,3,356,4,enum_static,42.287219
0,8192,false,min_i64,3,356,5,bound_dynamic,47.066480
0,8192,false,min_i64,4,356,0,before,44.734199
0,8192,false,min_i64,4,356,1,after,42.251289
0,8192,false,min_i64,4,356,2,enum_dynamic,45.781135
0,8192,false,min_i64,4,356,3,enum_static,41.922635
0,8192,false,min_i64,4,356,4,bound_dynamic,47.057935
0,8192,false,min_i64,4,356,5,bound_static,42.167486
0,8192,false,min_i64,5,356,0,after,42.194171
0,8192,false,min_i64,5,356,1,enum_dynamic,44.353581
0,8192,false,min_i64,5,356,2,enum_static,44.321744
0,8192,false,min_i64,5,356,3,bound_dynamic,46.807817
0,8192,false,min_i64,5,356,4,bound_static,42.085205
0,8192,false,min_i64,5,356,5,before,44.596208
0,8192,false,min_i64,6,356,0,enum_dynamic,44.638228
0,8192,false,min_i64,6,356,1,enum_static,42.159059
0,8192,false,min_i64,6,356,2,bound_dynamic,46.888461
0,8192,false,min_i64,6,356,3,bound_static,42.135183
0,8192,false,min_i64,6,356,4,before,44.530197
0,8192,false,min_i64,6,356,5,after,42.041784
0,8192,false,min_i64,7,356,0,enum_static,40.119267
0,8192,false,min_i64,7,356,1,bound_dynamic,47.180596
0,8192,false,min_i64,7,356,2,bound_static,42.138343
0,8192,false,min_i64,7,356,3,before,44.547871
0,8192,false,min_i64,7,356,4,after,42.196045
0,8192,false,min_i64,7,356,5,enum_dynamic,44.762640
0,8192,false,min_i64,8,356,0,bound_dynamic,46.958683
0,8192,false,min_i64,8,356,1,bound_static,42.275514
0,8192,false,min_i64,8,356,2,before,44.764865
0,8192,false,min_i64,8,356,3,after,42.147121
0,8192,false,min_i64,8,356,4,enum_dynamic,44.849952
0,8192,false,min_i64,8,356,5,enum_static,40.980688
0,8192,false,min_i64,9,356,0,bound_static,42.285230
0,8192,false,min_i64,9,356,1,before,44.962315
0,8192,false,min_i64,9,356,2,after,42.879447
0,8192,false,min_i64,9,356,3,enum_dynamic,44.761003
0,8192,false,min_i64,9,356,4,enum_static,40.319992
0,8192,false,min_i64,9,356,5,bound_dynamic,47.070107
0,8192,false,min_i64,10,356,0,before,44.687851
0,8192,false,min_i64,10,356,1,after,42.128393
0,8192,false,min_i64,10,356,2,enum_dynamic,45.066713
0,8192,false,min_i64,10,356,3,enum_static,39.203067
0,8192,false,min_i64,10,356,4,bound_dynamic,47.099719
0,8192,false,min_i64,10,356,5,bound_static,42.243093
0,8192,false,min_i64,11,356,0,after,42.281132
0,8192,false,min_i64,11,356,1,enum_dynamic,44.567649
0,8192,false,min_i64,11,356,2,enum_static,40.866340
0,8192,false,min_i64,11,356,3,bound_dynamic,47.025396
0,8192,false,min_i64,11,356,4,bound_static,42.227177
0,8192,false,min_i64,11,356,5,before,44.607444
0,8192,false,sum_u64,0,1059,0,enum_dynamic,14.240361
0,8192,false,sum_u64,0,1059,1,enum_static,14.376298
0,8192,false,sum_u64,0,1059,2,bound_dynamic,14.308624
0,8192,false,sum_u64,0,1059,3,bound_static,14.257790
0,8192,false,sum_u64,0,1059,4,before,14.533168
0,8192,false,sum_u64,0,1059,5,after,14.504603
0,8192,false,sum_u64,1,1059,0,enum_static,14.532420
0,8192,false,sum_u64,1,1059,1,bound_dynamic,14.534112
0,8192,false,sum_u64,1,1059,2,bound_static,14.490793
0,8192,false,sum_u64,1,1059,3,before,14.548867
0,8192,false,sum_u64,1,1059,4,after,14.481193
0,8192,false,sum_u64,1,1059,5,enum_dynamic,14.548159
0,8192,false,sum_u64,2,1059,0,bound_dynamic,14.548473
0,8192,false,sum_u64,2,1059,1,bound_static,14.518886
0,8192,false,sum_u64,2,1059,2,before,14.514322
0,8192,false,sum_u64,2,1059,3,after,14.524041
0,8192,false,sum_u64,2,1059,4,enum_dynamic,14.520263
0,8192,false,sum_u64,2,1059,5,enum_static,14.492602
0,8192,false,sum_u64,3,1059,0,bound_static,14.541195
0,8192,false,sum_u64,3,1059,1,before,14.329241
0,8192,false,sum_u64,3,1059,2,after,14.214669
0,8192,false,sum_u64,3,1059,3,enum_dynamic,14.375079
0,8192,false,sum_u64,3,1059,4,enum_static,14.502517
0,8192,false,sum_u64,3,1059,5,bound_dynamic,14.476196
0,8192,false,sum_u64,4,1059,0,before,14.521798
0,8192,false,sum_u64,4,1059,1,after,14.452274
0,8192,false,sum_u64,4,1059,2,enum_dynamic,14.474504
0,8192,false,sum_u64,4,1059,3,enum_static,14.466163
0,8192,false,sum_u64,4,1059,4,bound_dynamic,14.464982
0,8192,false,sum_u64,4,1059,5,bound_static,14.466006
0,8192,false,sum_u64,5,1059,0,after,14.455815
0,8192,false,sum_u64,5,1059,1,enum_dynamic,14.466950
0,8192,false,sum_u64,5,1059,2,enum_static,14.464904
0,8192,false,sum_u64,5,1059,3,bound_dynamic,14.474072
0,8192,false,sum_u64,5,1059,4,bound_static,14.457350
0,8192,false,sum_u64,5,1059,5,before,14.526322
0,8192,false,sum_u64,6,1059,0,enum_dynamic,14.486111
0,8192,false,sum_u64,6,1059,1,enum_static,14.507121
0,8192,false,sum_u64,6,1059,2,bound_dynamic,14.470333
0,8192,false,sum_u64,6,1059,3,bound_static,14.472183
0,8192,false,sum_u64,6,1059,4,before,14.499803
0,8192,false,sum_u64,6,1059,5,after,14.476550
0,8192,false,sum_u64,7,1059,0,enum_static,14.466398
0,8192,false,sum_u64,7,1059,1,bound_dynamic,14.478597
0,8192,false,sum_u64,7,1059,2,bound_static,14.497639
0,8192,false,sum_u64,7,1059,3,before,14.463134
0,8192,false,sum_u64,7,1059,4,after,14.474150
0,8192,false,sum_u64,7,1059,5,enum_dynamic,14.500551
0,8192,false,sum_u64,8,1059,0,bound_dynamic,14.500669
0,8192,false,sum_u64,8,1059,1,bound_static,14.356507
0,8192,false,sum_u64,8,1059,2,before,14.260977
0,8192,false,sum_u64,8,1059,3,after,14.496537
0,8192,false,sum_u64,8,1059,4,enum_dynamic,14.527896
0,8192,false,sum_u64,8,1059,5,enum_static,14.634601
0,8192,false,sum_u64,9,1059,0,bound_static,14.251416
0,8192,false,sum_u64,9,1059,1,before,14.507121
0,8192,false,sum_u64,9,1059,2,after,14.193422
0,8192,false,sum_u64,9,1059,3,enum_dynamic,14.463763
0,8192,false,sum_u64,9,1059,4,enum_static,14.478439
0,8192,false,sum_u64,9,1059,5,bound_dynamic,14.520932
0,8192,false,sum_u64,10,1059,0,before,14.511410
0,8192,false,sum_u64,10,1059,1,after,14.499882
0,8192,false,sum_u64,10,1059,2,enum_dynamic,14.475488
0,8192,false,sum_u64,10,1059,3,enum_static,14.492367
0,8192,false,sum_u64,10,1059,4,bound_dynamic,14.484104
0,8192,false,sum_u64,10,1059,5,bound_static,14.515423
0,8192,false,sum_u64,11,1059,0,after,14.583924
0,8192,false,sum_u64,11,1059,1,enum_dynamic,14.355209
0,8192,false,sum_u64,11,1059,2,enum_static,14.470255
0,8192,false,sum_u64,11,1059,3,bound_dynamic,14.501180
0,8192,false,sum_u64,11,1059,4,bound_static,14.539070
0,8192,false,sum_u64,11,1059,5,before,14.492013
0,65536,false,count_star,0,483,0,enum_dynamic,31.640959
0,65536,false,count_star,0,483,1,enum_static,31.691166
0,65536,false,count_star,0,483,2,bound_dynamic,31.153553
0,65536,false,count_star,0,483,3,bound_static,30.609559
0,65536,false,count_star,0,483,4,before,30.993789
0,65536,false,count_star,0,483,5,after,30.696602
0,65536,false,count_star,1,483,0,enum_static,31.321600
0,65536,false,count_star,1,483,1,bound_dynamic,30.862406
0,65536,false,count_star,1,483,2,bound_static,30.561594
0,65536,false,count_star,1,483,3,before,31.160369
0,65536,false,count_star,1,483,4,after,30.538302
0,65536,false,count_star,1,483,5,enum_dynamic,31.978261
0,65536,false,count_star,2,483,0,bound_dynamic,30.645617
0,65536,false,count_star,2,483,1,bound_static,30.648638
0,65536,false,count_star,2,483,2,before,31.069358
0,65536,false,count_star,2,483,3,after,30.876899
0,65536,false,count_star,2,483,4,enum_dynamic,31.037008
0,65536,false,count_star,2,483,5,enum_static,31.069014
0,65536,false,count_star,3,483,0,bound_static,30.497671
0,65536,false,count_star,3,483,1,before,31.118617
0,65536,false,count_star,3,483,2,after,31.070826
0,65536,false,count_star,3,483,3,enum_dynamic,30.978002
0,65536,false,count_star,3,483,4,enum_static,30.983006
0,65536,false,count_star,3,483,5,bound_dynamic,30.539770
0,65536,false,count_star,4,483,0,before,31.004141
0,65536,false,count_star,4,483,1,after,30.528468
0,65536,false,count_star,4,483,2,enum_dynamic,31.366890
0,65536,false,count_star,4,483,3,enum_static,31.824447
0,65536,false,count_star,4,483,4,bound_dynamic,31.122240
0,65536,false,count_star,4,483,5,bound_static,30.663820
0,65536,false,count_star,5,483,0,after,30.606023
0,65536,false,count_star,5,483,1,enum_dynamic,31.058058
0,65536,false,count_star,5,483,2,enum_static,30.985161
0,65536,false,count_star,5,483,3,bound_dynamic,30.564787
0,65536,false,count_star,5,483,4,bound_static,30.598518
0,65536,false,count_star,5,483,5,before,31.074534
0,65536,false,count_star,6,483,0,enum_dynamic,31.194791
0,65536,false,count_star,6,483,1,enum_static,31.658213
0,65536,false,count_star,6,483,2,bound_dynamic,31.082039
0,65536,false,count_star,6,483,3,bound_static,30.599466
0,65536,false,count_star,6,483,4,before,31.267685
0,65536,false,count_star,6,483,5,after,30.621636
0,65536,false,count_star,7,483,0,enum_static,31.086093
0,65536,false,count_star,7,483,1,bound_dynamic,30.673913
0,65536,false,count_star,7,483,2,bound_static,30.610853
0,65536,false,count_star,7,483,3,before,31.033816
0,65536,false,count_star,7,483,4,after,30.628710
0,65536,false,count_star,7,483,5,enum_dynamic,31.198327
0,65536,false,count_star,8,483,0,bound_dynamic,30.797878
0,65536,false,count_star,8,483,1,bound_static,31.078590
0,65536,false,count_star,8,483,2,before,31.391478
0,65536,false,count_star,8,483,3,after,30.720153
0,65536,false,count_star,8,483,4,enum_dynamic,31.036923
0,65536,false,count_star,8,483,5,enum_static,31.071429
0,65536,false,count_star,9,483,0,bound_static,30.612232
0,65536,false,count_star,9,483,1,before,31.005952
0,65536,false,count_star,9,483,2,after,30.550810
0,65536,false,count_star,9,483,3,enum_dynamic,30.982056
0,65536,false,count_star,9,483,4,enum_static,30.989304
0,65536,false,count_star,9,483,5,bound_dynamic,30.575311
0,65536,false,count_star,10,483,0,before,31.307282
0,65536,false,count_star,10,483,1,after,30.671066
0,65536,false,count_star,10,483,2,enum_dynamic,31.013371
0,65536,false,count_star,10,483,3,enum_static,31.324104
0,65536,false,count_star,10,483,4,bound_dynamic,31.219203
0,65536,false,count_star,10,483,5,bound_static,30.827555
0,65536,false,count_star,11,483,0,after,30.517857
0,65536,false,count_star,11,483,1,enum_dynamic,31.141391
0,65536,false,count_star,11,483,2,enum_static,31.703244
0,65536,false,count_star,11,483,3,bound_dynamic,31.168652
0,65536,false,count_star,11,483,4,bound_static,30.730331
0,65536,false,count_star,11,483,5,before,31.246464
0,65536,false,sum_i64,0,132,0,enum_dynamic,114.442545
0,65536,false,sum_i64,0,132,1,enum_static,114.288508
0,65536,false,sum_i64,0,132,2,bound_dynamic,116.016098
0,65536,false,sum_i64,0,132,3,bound_static,112.739583
0,65536,false,sum_i64,0,132,4,before,112.636992
0,65536,false,sum_i64,0,132,5,after,112.780939
0,65536,false,sum_i64,1,132,0,enum_static,114.742106
0,65536,false,sum_i64,1,132,1,bound_dynamic,114.460227
0,65536,false,sum_i64,1,132,2,bound_static,114.838705
0,65536,false,sum_i64,1,132,3,before,114.535356
0,65536,false,sum_i64,1,132,4,after,114.272727
0,65536,false,sum_i64,1,132,5,enum_dynamic,114.138258
0,65536,false,sum_i64,2,132,0,bound_dynamic,114.930871
0,65536,false,sum_i64,2,132,1,bound_static,112.311871
0,65536,false,sum_i64,2,132,2,before,114.195394
0,65536,false,sum_i64,2,132,3,after,114.322280
0,65536,false,sum_i64,2,132,4,enum_dynamic,112.431500
0,65536,false,sum_i64,2,132,5,enum_static,112.681818
0,65536,false,sum_i64,3,132,0,bound_static,114.216227
0,65536,false,sum_i64,3,132,1,before,114.368371
0,65536,false,sum_i64,3,132,2,after,114.577970
0,65536,false,sum_i64,3,132,3,enum_dynamic,114.584280
0,65536,false,sum_i64,3,132,4,enum_static,114.859220
0,65536,false,sum_i64,3,132,5,bound_dynamic,114.632576
0,65536,false,sum_i64,4,132,0,before,113.389205
0,65536,false,sum_i64,4,132,1,after,112.321970
0,65536,false,sum_i64,4,132,2,enum_dynamic,112.385098
0,65536,false,sum_i64,4,132,3,enum_static,114.226955
0,65536,false,sum_i64,4,132,4,bound_dynamic,114.669189
0,65536,false,sum_i64,4,132,5,bound_static,113.843114
0,65536,false,sum_i64,5,132,0,after,114.023992
0,65536,false,sum_i64,5,132,1,enum_dynamic,114.613318
0,65536,false,sum_i64,5,132,2,enum_static,114.198545
0,65536,false,sum_i64,5,132,3,bound_dynamic,114.602273
0,65536,false,sum_i64,5,132,4,bound_static,114.646152
0,65536,false,sum_i64,5,132,5,before,114.656250
0,65536,false,sum_i64,6,132,0,enum_dynamic,114.429295
0,65536,false,sum_i64,6,132,1,enum_static,114.196970
0,65536,false,sum_i64,6,132,2,bound_dynamic,114.298924
0,65536,false,sum_i64,6,132,3,bound_static,114.637311
0,65536,false,sum_i64,6,132,4,before,115.207386
0,65536,false,sum_i64,6,132,5,after,112.674242
0,65536,false,sum_i64,7,132,0,enum_static,113.145833
0,65536,false,sum_i64,7,132,1,bound_dynamic,114.794818
0,65536,false,sum_i64,7,132,2,bound_static,115.226008
0,65536,false,sum_i64,7,132,3,before,114.129106
0,65536,false,sum_i64,7,132,4,after,115.076705
0,65536,false,sum_i64,7,132,5,enum_dynamic,112.862689
0,65536,false,sum_i64,8,132,0,bound_dynamic,114.574182
0,65536,false,sum_i64,8,132,1,bound_static,114.419508
0,65536,false,sum_i64,8,132,2,before,114.558394
0,65536,false,sum_i64,8,132,3,after,114.476326
0,65536,false,sum_i64,8,132,4,enum_dynamic,113.868689
0,65536,false,sum_i64,8,132,5,enum_static,112.440341
0,65536,false,sum_i64,9,132,0,bound_static,113.394886
0,65536,false,sum_i64,9,132,1,before,114.608583
0,65536,false,sum_i64,9,132,2,after,114.519568
0,65536,false,sum_i64,9,132,3,enum_dynamic,114.122788
0,65536,false,sum_i64,9,132,4,enum_static,114.365212
0,65536,false,sum_i64,9,132,5,bound_dynamic,114.453280
0,65536,false,sum_i64,10,132,0,before,114.848167
0,65536,false,sum_i64,10,132,1,after,114.582068
0,65536,false,sum_i64,10,132,2,enum_dynamic,114.478220
0,65536,false,sum_i64,10,132,3,enum_static,114.238326
0,65536,false,sum_i64,10,132,4,bound_dynamic,114.499364
0,65536,false,sum_i64,10,132,5,bound_static,114.755053
0,65536,false,sum_i64,11,132,0,after,114.351326
0,65536,false,sum_i64,11,132,1,enum_dynamic,114.444129
0,65536,false,sum_i64,11,132,2,enum_static,114.327652
0,65536,false,sum_i64,11,132,3,bound_dynamic,114.387311
0,65536,false,sum_i64,11,132,4,bound_static,113.357636
0,65536,false,sum_i64,11,132,5,before,114.453909
0,128,false,sum_f64,0,50000,0,enum_dynamic,0.229438
0,128,false,sum_f64,0,50000,1,enum_static,0.220554
0,128,false,sum_f64,0,50000,2,bound_dynamic,0.217268
0,128,false,sum_f64,0,50000,3,bound_static,0.216704
0,128,false,sum_f64,0,50000,4,before,0.220137
0,128,false,sum_f64,0,50000,5,after,0.208148
0,128,false,sum_f64,1,50000,0,enum_static,0.215689
0,128,false,sum_f64,1,50000,1,bound_dynamic,0.212314
0,128,false,sum_f64,1,50000,2,bound_static,0.212606
0,128,false,sum_f64,1,50000,3,before,0.215409
0,128,false,sum_f64,1,50000,4,after,0.212742
0,128,false,sum_f64,1,50000,5,enum_dynamic,0.225838
0,128,false,sum_f64,2,50000,0,bound_dynamic,0.212668
0,128,false,sum_f64,2,50000,1,bound_static,0.212551
0,128,false,sum_f64,2,50000,2,before,0.219221
0,128,false,sum_f64,2,50000,3,after,0.212596
0,128,false,sum_f64,2,50000,4,enum_dynamic,0.228491
0,128,false,sum_f64,2,50000,5,enum_static,0.215845
0,128,false,sum_f64,3,50000,0,bound_static,0.212255
0,128,false,sum_f64,3,50000,1,before,0.215200
0,128,false,sum_f64,3,50000,2,after,0.212979
0,128,false,sum_f64,3,50000,3,enum_dynamic,0.228222
0,128,false,sum_f64,3,50000,4,enum_static,0.216996
0,128,false,sum_f64,3,50000,5,bound_dynamic,0.215613
0,128,false,sum_f64,4,50000,0,before,0.219308
0,128,false,sum_f64,4,50000,1,after,0.217088
0,128,false,sum_f64,4,50000,2,enum_dynamic,0.232477
0,128,false,sum_f64,4,50000,3,enum_static,0.220285
0,128,false,sum_f64,4,50000,4,bound_dynamic,0.214634
0,128,false,sum_f64,4,50000,5,bound_static,0.215696
0,128,false,sum_f64,5,50000,0,after,0.216213
0,128,false,sum_f64,5,50000,1,enum_dynamic,0.233367
0,128,false,sum_f64,5,50000,2,enum_static,0.222202
0,128,false,sum_f64,5,50000,3,bound_dynamic,0.214884
0,128,false,sum_f64,5,50000,4,bound_static,0.214292
0,128,false,sum_f64,5,50000,5,before,0.214792
0,128,false,sum_f64,6,50000,0,enum_dynamic,0.224784
0,128,false,sum_f64,6,50000,1,enum_static,0.216902
0,128,false,sum_f64,6,50000,2,bound_dynamic,0.211827
0,128,false,sum_f64,6,50000,3,bound_static,0.211486
0,128,false,sum_f64,6,50000,4,before,0.215774
0,128,false,sum_f64,6,50000,5,after,0.212606
0,128,false,sum_f64,7,50000,0,enum_static,0.215638
0,128,false,sum_f64,7,50000,1,bound_dynamic,0.212817
0,128,false,sum_f64,7,50000,2,bound_static,0.213163
0,128,false,sum_f64,7,50000,3,before,0.215503
0,128,false,sum_f64,7,50000,4,after,0.212386
0,128,false,sum_f64,7,50000,5,enum_dynamic,0.226373
0,128,false,sum_f64,8,50000,0,bound_dynamic,0.214914
0,128,false,sum_f64,8,50000,1,bound_static,0.214062
0,128,false,sum_f64,8,50000,2,before,0.216102
0,128,false,sum_f64,8,50000,3,after,0.212753
0,128,false,sum_f64,8,50000,4,enum_dynamic,0.224620
0,128,false,sum_f64,8,50000,5,enum_static,0.216245
0,128,false,sum_f64,9,50000,0,bound_static,0.212630
0,128,false,sum_f64,9,50000,1,before,0.215032
0,128,false,sum_f64,9,50000,2,after,0.213406
0,128,false,sum_f64,9,50000,3,enum_dynamic,0.225041
0,128,false,sum_f64,9,50000,4,enum_static,0.215682
0,128,false,sum_f64,9,50000,5,bound_dynamic,0.213404
0,128,false,sum_f64,10,50000,0,before,0.215483
0,128,false,sum_f64,10,50000,1,after,0.207245
0,128,false,sum_f64,10,50000,2,enum_dynamic,0.225740
0,128,false,sum_f64,10,50000,3,enum_static,0.220353
0,128,false,sum_f64,10,50000,4,bound_dynamic,0.214699
0,128,false,sum_f64,10,50000,5,bound_static,0.213336
0,128,false,sum_f64,11,50000,0,after,0.207793
0,128,false,sum_f64,11,50000,1,enum_dynamic,0.227919
0,128,false,sum_f64,11,50000,2,enum_static,0.216436
0,128,false,sum_f64,11,50000,3,bound_dynamic,0.212943
0,128,false,sum_f64,11,50000,4,bound_static,0.212321
0,128,false,sum_f64,11,50000,5,before,0.215038
0,8192,false,count_i64,0,3922,0,enum_dynamic,3.826970
0,8192,false,count_i64,0,3922,1,enum_static,3.842002
0,8192,false,count_i64,0,3922,2,bound_dynamic,3.825110
0,8192,false,count_i64,0,3922,3,bound_static,3.834066
0,8192,false,count_i64,0,3922,4,before,3.822465
0,8192,false,count_i64,0,3922,5,after,3.820160
0,8192,false,count_i64,1,3922,0,enum_static,3.821190
0,8192,false,count_i64,1,3922,1,bound_dynamic,3.820638
0,8192,false,count_i64,1,3922,2,bound_static,3.836308
0,8192,false,count_i64,1,3922,3,before,3.831591
0,8192,false,count_i64,1,3922,4,after,3.817015
0,8192,false,count_i64,1,3922,5,enum_dynamic,3.886272
0,8192,false,count_i64,2,3922,0,bound_dynamic,3.843267
0,8192,false,count_i64,2,3922,1,bound_static,3.828967
0,8192,false,count_i64,2,3922,2,before,3.824505
0,8192,false,count_i64,2,3922,3,after,3.825716
0,8192,false,count_i64,2,3922,4,enum_dynamic,3.825897
0,8192,false,count_i64,2,3922,5,enum_static,3.835405
0,8192,false,count_i64,3,3922,0,bound_static,3.827235
0,8192,false,count_i64,3,3922,1,before,3.827225
0,8192,false,count_i64,3,3922,2,after,3.821594
0,8192,false,count_i64,3,3922,3,enum_dynamic,3.830263
0,8192,false,count_i64,3,3922,4,enum_static,3.823230
0,8192,false,count_i64,3,3922,5,bound_dynamic,3.819692
0,8192,false,count_i64,4,3922,0,before,3.832569
0,8192,false,count_i64,4,3922,1,after,3.822444
0,8192,false,count_i64,4,3922,2,enum_dynamic,3.829594
0,8192,false,count_i64,4,3922,3,enum_static,3.825142
0,8192,false,count_i64,4,3922,4,bound_dynamic,3.817960
0,8192,false,count_i64,4,3922,5,bound_static,3.820351
0,8192,false,count_i64,5,3922,0,after,3.877210
0,8192,false,count_i64,5,3922,1,enum_dynamic,3.838231
0,8192,false,count_i64,5,3922,2,enum_static,3.829955
0,8192,false,count_i64,5,3922,3,bound_dynamic,3.824983
0,8192,false,count_i64,5,3922,4,bound_static,3.821010
0,8192,false,count_i64,5,3922,5,before,3.838199
0,8192,false,count_i64,6,3922,0,enum_dynamic,3.833376
0,8192,false,count_i64,6,3922,1,enum_static,3.839708
0,8192,false,count_i64,6,3922,2,bound_dynamic,3.840101
0,8192,false,count_i64,6,3922,3,bound_static,3.988484
0,8192,false,count_i64,6,3922,4,before,4.034517
0,8192,false,count_i64,6,3922,5,after,4.042719
0,8192,false,count_i64,7,3922,0,enum_static,3.870496
0,8192,false,count_i64,7,3922,1,bound_dynamic,3.838295
0,8192,false,count_i64,7,3922,2,bound_static,3.860233
0,8192,false,count_i64,7,3922,3,before,3.840653
0,8192,false,count_i64,7,3922,4,after,3.835299
0,8192,false,count_i64,7,3922,5,enum_dynamic,3.831942
0,8192,false,count_i64,8,3922,0,bound_dynamic,3.861667
0,8192,false,count_i64,8,3922,1,bound_static,3.828393
0,8192,false,count_i64,8,3922,2,before,3.839314
0,8192,false,count_i64,8,3922,3,after,3.829711
0,8192,false,count_i64,8,3922,4,enum_dynamic,3.836935
0,8192,false,count_i64,8,3922,5,enum_static,3.835596
0,8192,false,count_i64,9,3922,0,bound_static,3.825419
0,8192,false,count_i64,9,3922,1,before,3.837264
0,8192,false,count_i64,9,3922,2,after,3.836627
0,8192,false,count_i64,9,3922,3,enum_dynamic,3.842661
0,8192,false,count_i64,9,3922,4,enum_static,3.831835
0,8192,false,count_i64,9,3922,5,bound_dynamic,3.834991
0,8192,false,count_i64,10,3922,0,before,3.872695
0,8192,false,count_i64,10,3922,1,after,3.835830
0,8192,false,count_i64,10,3922,2,enum_dynamic,3.842820
0,8192,false,count_i64,10,3922,3,enum_static,3.847782
0,8192,false,count_i64,10,3922,4,bound_dynamic,3.874766
0,8192,false,count_i64,10,3922,5,bound_static,3.864482
0,8192,false,count_i64,11,3922,0,after,3.831761
0,8192,false,count_i64,11,3922,1,enum_dynamic,3.839867
0,8192,false,count_i64,11,3922,2,enum_static,3.834098
0,8192,false,count_i64,11,3922,3,bound_dynamic,3.834502
0,8192,false,count_i64,11,3922,4,bound_static,3.836860
0,8192,false,count_i64,11,3922,5,before,3.827703
0,8192,true,max_i64,0,326,0,enum_dynamic,46.438650
0,8192,true,max_i64,0,326,1,enum_static,46.602123
0,8192,true,max_i64,0,326,2,bound_dynamic,48.391617
0,8192,true,max_i64,0,326,3,bound_static,46.108896
0,8192,true,max_i64,0,326,4,before,47.197724
0,8192,true,max_i64,0,326,5,after,46.316077
0,8192,true,max_i64,1,326,0,enum_static,46.341896
0,8192,true,max_i64,1,326,1,bound_dynamic,48.370782
0,8192,true,max_i64,1,326,2,bound_static,46.216258
0,8192,true,max_i64,1,326,3,before,46.428552
0,8192,true,max_i64,1,326,4,after,46.547034
0,8192,true,max_i64,1,326,5,enum_dynamic,46.263929
0,8192,true,max_i64,2,326,0,bound_dynamic,48.230445
0,8192,true,max_i64,2,326,1,bound_static,46.181494
0,8192,true,max_i64,2,326,2,before,46.187755
0,8192,true,max_i64,2,326,3,after,46.219837
0,8192,true,max_i64,2,326,4,enum_dynamic,46.208080
0,8192,true,max_i64,2,326,5,enum_static,46.261248
0,8192,true,max_i64,3,326,0,bound_static,46.073620
0,8192,true,max_i64,3,326,1,before,46.260991
0,8192,true,max_i64,3,326,2,after,46.115156
0,8192,true,max_i64,3,326,3,enum_dynamic,46.244761
0,8192,true,max_i64,3,326,4,enum_static,47.057258
0,8192,true,max_i64,3,326,5,bound_dynamic,48.437629
0,8192,true,max_i64,4,326,0,before,46.303169
0,8192,true,max_i64,4,326,1,after,46.143405
0,8192,true,max_i64,4,326,2,enum_dynamic,46.322853
0,8192,true,max_i64,4,326,3,enum_static,46.189675
0,8192,true,max_i64,4,326,4,bound_dynamic,48.358129
0,8192,true,max_i64,4,326,5,bound_static,46.084356
0,8192,true,max_i64,5,326,0,after,46.183920
0,8192,true,max_i64,5,326,1,enum_dynamic,46.328733
0,8192,true,max_i64,5,326,2,enum_static,46.414368
0,8192,true,max_i64,5,326,3,bound_dynamic,48.318252
0,8192,true,max_i64,5,326,4,bound_static,46.057515
0,8192,true,max_i64,5,326,5,before,46.424718
0,8192,true,max_i64,6,326,0,enum_dynamic,46.397239
0,8192,true,max_i64,6,326,1,enum_static,46.289239
0,8192,true,max_i64,6,326,2,bound_dynamic,48.257031
0,8192,true,max_i64,6,326,3,bound_static,46.223288
0,8192,true,max_i64,6,326,4,before,46.435712
0,8192,true,max_i64,6,326,5,after,46.847393
0,8192,true,max_i64,7,326,0,enum_static,46.559049
0,8192,true,max_i64,7,326,1,bound_dynamic,48.641488
0,8192,true,max_i64,7,326,2,bound_static,46.266362
0,8192,true,max_i64,7,326,3,before,46.437117
0,8192,true,max_i64,7,326,4,after,46.255368
0,8192,true,max_i64,7,326,5,enum_dynamic,46.391488
0,8192,true,max_i64,8,326,0,bound_dynamic,48.443252
0,8192,true,max_i64,8,326,1,bound_static,46.126021
0,8192,true,max_i64,8,326,2,before,46.333847
0,8192,true,max_i64,8,326,3,after,46.173954
0,8192,true,max_i64,8,326,4,enum_dynamic,46.497190
0,8192,true,max_i64,8,326,5,enum_static,46.752555
0,8192,true,max_i64,9,326,0,bound_static,46.140209
0,8192,true,max_i64,9,326,1,before,46.200408
0,8192,true,max_i64,9,326,2,after,46.241436
0,8192,true,max_i64,9,326,3,enum_dynamic,46.385224
0,8192,true,max_i64,9,326,4,enum_static,46.334994
0,8192,true,max_i64,9,326,5,bound_dynamic,48.282847
0,8192,true,max_i64,10,326,0,before,46.258690
0,8192,true,max_i64,10,326,1,after,46.890847
0,8192,true,max_i64,10,326,2,enum_dynamic,46.216515
0,8192,true,max_i64,10,326,3,enum_static,46.361963
0,8192,true,max_i64,10,326,4,bound_dynamic,48.246291
0,8192,true,max_i64,10,326,5,bound_static,46.533613
0,8192,true,max_i64,11,326,0,after,46.263420
0,8192,true,max_i64,11,326,1,enum_dynamic,46.485175
0,8192,true,max_i64,11,326,2,enum_static,46.246294
0,8192,true,max_i64,11,326,3,bound_dynamic,48.786684
0,8192,true,max_i64,11,326,4,bound_static,46.494377
0,8192,true,max_i64,11,326,5,before,46.435583
0,8192,true,count_distinct_i64,0,43,0,enum_dynamic,399.905023
0,8192,true,count_distinct_i64,0,43,1,enum_static,350.021302
0,8192,true,count_distinct_i64,0,43,2,bound_dynamic,350.337209
0,8192,true,count_distinct_i64,0,43,3,bound_static,386.543605
0,8192,true,count_distinct_i64,0,43,4,before,341.418605
0,8192,true,count_distinct_i64,0,43,5,after,395.660837
0,8192,true,count_distinct_i64,1,43,0,enum_static,349.962209
0,8192,true,count_distinct_i64,1,43,1,bound_dynamic,349.918605
0,8192,true,count_distinct_i64,1,43,2,bound_static,398.407953
0,8192,true,count_distinct_i64,1,43,3,before,351.919558
0,8192,true,count_distinct_i64,1,43,4,after,398.629837
0,8192,true,count_distinct_i64,1,43,5,enum_dynamic,399.662791
0,8192,true,count_distinct_i64,2,43,0,bound_dynamic,350.381791
0,8192,true,count_distinct_i64,2,43,1,bound_static,398.059093
0,8192,true,count_distinct_i64,2,43,2,before,349.992233
0,8192,true,count_distinct_i64,2,43,3,after,399.110465
0,8192,true,count_distinct_i64,2,43,4,enum_dynamic,402.930233
0,8192,true,count_distinct_i64,2,43,5,enum_static,351.309116
0,8192,true,count_distinct_i64,3,43,0,bound_static,398.761628
0,8192,true,count_distinct_i64,3,43,1,before,351.114326
0,8192,true,count_distinct_i64,3,43,2,after,399.565884
0,8192,true,count_distinct_i64,3,43,3,enum_dynamic,399.909884
0,8192,true,count_distinct_i64,3,43,4,enum_static,350.104651
0,8192,true,count_distinct_i64,3,43,5,bound_dynamic,351.845930
0,8192,true,count_distinct_i64,4,43,0,before,350.544581
0,8192,true,count_distinct_i64,4,43,1,after,398.656023
0,8192,true,count_distinct_i64,4,43,2,enum_dynamic,394.853674
0,8192,true,count_distinct_i64,4,43,3,enum_static,342.204465
0,8192,true,count_distinct_i64,4,43,4,bound_dynamic,342.318791
0,8192,true,count_distinct_i64,4,43,5,bound_static,386.764535
0,8192,true,count_distinct_i64,5,43,0,after,387.585256
0,8192,true,count_distinct_i64,5,43,1,enum_dynamic,387.685070
0,8192,true,count_distinct_i64,5,43,2,enum_static,342.389535
0,8192,true,count_distinct_i64,5,43,3,bound_dynamic,342.777140
0,8192,true,count_distinct_i64,5,43,4,bound_static,387.392442
0,8192,true,count_distinct_i64,5,43,5,before,350.570721
0,8192,true,count_distinct_i64,6,43,0,enum_dynamic,401.151163
0,8192,true,count_distinct_i64,6,43,1,enum_static,350.830419
0,8192,true,count_distinct_i64,6,43,2,bound_dynamic,343.863372
0,8192,true,count_distinct_i64,6,43,3,bound_static,395.406000
0,8192,true,count_distinct_i64,6,43,4,before,351.255814
0,8192,true,count_distinct_i64,6,43,5,after,395.229651
0,8192,true,count_distinct_i64,7,43,0,enum_static,342.189907
0,8192,true,count_distinct_i64,7,43,1,bound_dynamic,341.504837
0,8192,true,count_distinct_i64,7,43,2,bound_static,398.061047
0,8192,true,count_distinct_i64,7,43,3,before,350.695721
0,8192,true,count_distinct_i64,7,43,4,after,398.504860
0,8192,true,count_distinct_i64,7,43,5,enum_dynamic,399.572674
0,8192,true,count_distinct_i64,8,43,0,bound_dynamic,352.465116
0,8192,true,count_distinct_i64,8,43,1,bound_static,403.056186
0,8192,true,count_distinct_i64,8,43,2,before,350.170558
0,8192,true,count_distinct_i64,8,43,3,after,398.879837
0,8192,true,count_distinct_i64,8,43,4,enum_dynamic,399.037791
0,8192,true,count_distinct_i64,8,43,5,enum_static,347.972860
0,8192,true,count_distinct_i64,9,43,0,bound_static,385.655047
0,8192,true,count_distinct_i64,9,43,1,before,343.090116
0,8192,true,count_distinct_i64,9,43,2,after,392.250977
0,8192,true,count_distinct_i64,9,43,3,enum_dynamic,390.092047
0,8192,true,count_distinct_i64,9,43,4,enum_static,343.168605
0,8192,true,count_distinct_i64,9,43,5,bound_dynamic,346.210256
0,8192,true,count_distinct_i64,10,43,0,before,342.138558
0,8192,true,count_distinct_i64,10,43,1,after,385.603674
0,8192,true,count_distinct_i64,10,43,2,enum_dynamic,386.605628
0,8192,true,count_distinct_i64,10,43,3,enum_static,342.369186
0,8192,true,count_distinct_i64,10,43,4,bound_dynamic,342.188000
0,8192,true,count_distinct_i64,10,43,5,bound_static,385.432163
0,8192,true,count_distinct_i64,11,43,0,after,385.993233
0,8192,true,count_distinct_i64,11,43,1,enum_dynamic,388.571698
0,8192,true,count_distinct_i64,11,43,2,enum_static,350.588186
0,8192,true,count_distinct_i64,11,43,3,bound_dynamic,350.361442
0,8192,true,count_distinct_i64,11,43,4,bound_static,399.787791
0,8192,true,count_distinct_i64,11,43,5,before,350.704442
0,65536,false,mixed_7,0,8,0,enum_dynamic,4343.453125
0,65536,false,mixed_7,0,8,1,enum_static,3987.791750
0,65536,false,mixed_7,0,8,2,bound_dynamic,4045.515625
0,65536,false,mixed_7,0,8,3,bound_static,4309.099000
0,65536,false,mixed_7,0,8,4,before,4036.562500
0,65536,false,mixed_7,0,8,5,after,4321.093750
0,65536,false,mixed_7,1,8,0,enum_static,4029.062500
0,65536,false,mixed_7,1,8,1,bound_dynamic,4037.401000
0,65536,false,mixed_7,1,8,2,bound_static,4310.901000
0,65536,false,mixed_7,1,8,3,before,4052.348875
0,65536,false,mixed_7,1,8,4,after,4314.411500
0,65536,false,mixed_7,1,8,5,enum_dynamic,4357.093750
0,65536,false,mixed_7,2,8,0,bound_dynamic,4204.416625
0,65536,false,mixed_7,2,8,1,bound_static,4298.072875
0,65536,false,mixed_7,2,8,2,before,4076.156250
0,65536,false,mixed_7,2,8,3,after,4292.000000
0,65536,false,mixed_7,2,8,4,enum_dynamic,4342.255125
0,65536,false,mixed_7,2,8,5,enum_static,3982.807250
0,65536,false,mixed_7,3,8,0,bound_static,4294.250000
0,65536,false,mixed_7,3,8,1,before,4020.479250
0,65536,false,mixed_7,3,8,2,after,4289.484375
0,65536,false,mixed_7,3,8,3,enum_dynamic,4350.182250
0,65536,false,mixed_7,3,8,4,enum_static,3997.380250
0,65536,false,mixed_7,3,8,5,bound_dynamic,4062.968750
0,65536,false,mixed_7,4,8,0,before,4016.828125
0,65536,false,mixed_7,4,8,1,after,4307.697875
0,65536,false,mixed_7,4,8,2,enum_dynamic,4349.885375
0,65536,false,mixed_7,4,8,3,enum_static,4021.869750
0,65536,false,mixed_7,4,8,4,bound_dynamic,4025.932250
0,65536,false,mixed_7,4,8,5,bound_static,4309.911500
0,65536,false,mixed_7,5,8,0,after,4331.484375
0,65536,false,mixed_7,5,8,1,enum_dynamic,4335.078125
0,65536,false,mixed_7,5,8,2,enum_static,4023.135375
0,65536,false,mixed_7,5,8,3,bound_dynamic,4060.442750
0,65536,false,mixed_7,5,8,4,bound_static,4307.781250
0,65536,false,mixed_7,5,8,5,before,4042.875000
0,65536,false,mixed_7,6,8,0,enum_dynamic,4330.677125
0,65536,false,mixed_7,6,8,1,enum_static,3987.765625
0,65536,false,mixed_7,6,8,2,bound_dynamic,4045.223875
0,65536,false,mixed_7,6,8,3,bound_static,4310.338500
0,65536,false,mixed_7,6,8,4,before,4031.250000
0,65536,false,mixed_7,6,8,5,after,4295.583375
0,65536,false,mixed_7,7,8,0,enum_static,4032.682375
0,65536,false,mixed_7,7,8,1,bound_dynamic,4035.416625
0,65536,false,mixed_7,7,8,2,bound_static,4307.974000
0,65536,false,mixed_7,7,8,3,before,4028.656250
0,65536,false,mixed_7,7,8,4,after,4308.942625
0,65536,false,mixed_7,7,8,5,enum_dynamic,4347.416750
0,65536,false,mixed_7,8,8,0,bound_dynamic,4062.072875
0,65536,false,mixed_7,8,8,1,bound_static,4305.526125
0,65536,false,mixed_7,8,8,2,before,4025.479125
0,65536,false,mixed_7,8,8,3,after,4305.552000
0,65536,false,mixed_7,8,8,4,enum_dynamic,4389.677125
0,65536,false,mixed_7,8,8,5,enum_static,4112.250000
0,65536,false,mixed_7,9,8,0,bound_static,4387.052000
0,65536,false,mixed_7,9,8,1,before,4110.010375
0,65536,false,mixed_7,9,8,2,after,4369.265625
0,65536,false,mixed_7,9,8,3,enum_dynamic,4424.354250
0,65536,false,mixed_7,9,8,4,enum_static,4069.380250
0,65536,false,mixed_7,9,8,5,bound_dynamic,4305.348875
0,65536,false,mixed_7,10,8,0,before,4034.020750
0,65536,false,mixed_7,10,8,1,after,4294.765625
0,65536,false,mixed_7,10,8,2,enum_dynamic,4391.223875
0,65536,false,mixed_7,10,8,3,enum_static,4009.718750
0,65536,false,mixed_7,10,8,4,bound_dynamic,4048.526000
0,65536,false,mixed_7,10,8,5,bound_static,4326.437500
0,65536,false,mixed_7,11,8,0,after,4295.505250
0,65536,false,mixed_7,11,8,1,enum_dynamic,4344.614625
0,65536,false,mixed_7,11,8,2,enum_static,4006.489625
0,65536,false,mixed_7,11,8,3,bound_dynamic,4086.583375
0,65536,false,mixed_7,11,8,4,bound_static,4385.213500
0,65536,false,mixed_7,11,8,5,before,4147.552125
0,65536,false,max_i64,0,43,0,enum_dynamic,352.938953
0,65536,false,max_i64,0,43,1,enum_static,341.501953
0,65536,false,max_i64,0,43,2,bound_dynamic,371.362419
0,65536,false,max_i64,0,43,3,bound_static,353.353698
0,65536,false,max_i64,0,43,4,before,353.036814
0,65536,false,max_i64,0,43,5,after,355.097860
0,65536,false,max_i64,1,43,0,enum_static,357.634698
0,65536,false,max_i64,1,43,1,bound_dynamic,373.810070
0,65536,false,max_i64,1,43,2,bound_static,349.956395
0,65536,false,max_i64,1,43,3,before,356.434116
0,65536,false,max_i64,1,43,4,after,356.643419
0,65536,false,max_i64,1,43,5,enum_dynamic,353.814930
0,65536,false,max_i64,2,43,0,bound_dynamic,373.319767
0,65536,false,max_i64,2,43,1,bound_static,354.049419
0,65536,false,max_i64,2,43,2,before,352.524209
0,65536,false,max_i64,2,43,3,after,356.895349
0,65536,false,max_i64,2,43,4,enum_dynamic,353.968023
0,65536,false,max_i64,2,43,5,enum_static,363.344977
0,65536,false,max_i64,3,43,0,bound_static,355.755814
0,65536,false,max_i64,3,43,1,before,352.901163
0,65536,false,max_i64,3,43,2,after,355.292628
0,65536,false,max_i64,3,43,3,enum_dynamic,351.732558
0,65536,false,max_i64,3,43,4,enum_static,348.743209
0,65536,false,max_i64,3,43,5,bound_dynamic,373.784884
0,65536,false,max_i64,4,43,0,before,355.796512
0,65536,false,max_i64,4,43,1,after,355.195744
0,65536,false,max_i64,4,43,2,enum_dynamic,355.892442
0,65536,false,max_i64,4,43,3,enum_static,359.666674
0,65536,false,max_i64,4,43,4,bound_dynamic,374.469000
0,65536,false,max_i64,4,43,5,bound_static,356.037791
0,65536,false,max_i64,5,43,0,after,352.584302
0,65536,false,max_i64,5,43,1,enum_dynamic,353.271302
0,65536,false,max_i64,5,43,2,enum_static,337.452535
0,65536,false,max_i64,5,43,3,bound_dynamic,374.796512
0,65536,false,max_i64,5,43,4,bound_static,354.967070
0,65536,false,max_i64,5,43,5,before,357.494186
0,65536,false,max_i64,6,43,0,enum_dynamic,353.705442
0,65536,false,max_i64,6,43,1,enum_static,351.703488
0,65536,false,max_i64,6,43,2,bound_dynamic,373.178279
0,65536,false,max_i64,6,43,3,bound_static,354.674419
0,65536,false,max_i64,6,43,4,before,360.709302
0,65536,false,max_i64,6,43,5,after,352.883721
0,65536,false,max_i64,7,43,0,enum_static,379.594000
0,65536,false,max_i64,7,43,1,bound_dynamic,374.788767
0,65536,false,max_i64,7,43,2,bound_static,349.813000
0,65536,false,max_i64,7,43,3,before,352.946698
0,65536,false,max_i64,7,43,4,after,353.698651
0,65536,false,max_i64,7,43,5,enum_dynamic,354.358535
0,65536,false,max_i64,8,43,0,bound_dynamic,372.043605
0,65536,false,max_i64,8,43,1,bound_static,355.846884
0,65536,false,max_i64,8,43,2,before,352.201558
0,65536,false,max_i64,8,43,3,after,355.222860
0,65536,false,max_i64,8,43,4,enum_dynamic,354.130814
0,65536,false,max_i64,8,43,5,enum_static,343.701535
0,65536,false,max_i64,9,43,0,bound_static,357.609488
0,65536,false,max_i64,9,43,1,before,351.212209
0,65536,false,max_i64,9,43,2,after,358.721884
0,65536,false,max_i64,9,43,3,enum_dynamic,353.460256
0,65536,false,max_i64,9,43,4,enum_static,359.691860
0,65536,false,max_i64,9,43,5,bound_dynamic,371.351744
0,65536,false,max_i64,10,43,0,before,353.527116
0,65536,false,max_i64,10,43,1,after,353.541674
0,65536,false,max_i64,10,43,2,enum_dynamic,355.198651
0,65536,false,max_i64,10,43,3,enum_static,340.279070
0,65536,false,max_i64,10,43,4,bound_dynamic,372.822674
0,65536,false,max_i64,10,43,5,bound_static,355.184116
0,65536,false,max_i64,11,43,0,after,355.333326
0,65536,false,max_i64,11,43,1,enum_dynamic,349.997093
0,65536,false,max_i64,11,43,2,enum_static,357.162791
0,65536,false,max_i64,11,43,3,bound_dynamic,374.301349
0,65536,false,max_i64,11,43,4,bound_static,354.938953
0,65536,false,max_i64,11,43,5,before,352.583326
0,8192,false,sum_f64,0,2282,0,enum_dynamic,6.694183
0,8192,false,sum_f64,0,2282,1,enum_static,6.733147
0,8192,false,sum_f64,0,2282,2,bound_dynamic,6.723232
0,8192,false,sum_f64,0,2282,3,bound_static,6.740450
0,8192,false,sum_f64,0,2282,4,before,6.619632
0,8192,false,sum_f64,0,2282,5,after,6.580102
0,8192,false,sum_f64,1,2282,0,enum_static,6.594270
0,8192,false,sum_f64,1,2282,1,bound_dynamic,6.620563
0,8192,false,sum_f64,1,2282,2,bound_static,6.724529
0,8192,false,sum_f64,1,2282,3,before,6.715181
0,8192,false,sum_f64,1,2282,4,after,6.716093
0,8192,false,sum_f64,1,2282,5,enum_dynamic,6.710250
0,8192,false,sum_f64,2,2282,0,bound_dynamic,6.710744
0,8192,false,sum_f64,2,2282,1,bound_static,6.728473
0,8192,false,sum_f64,2,2282,2,before,6.728546
0,8192,false,sum_f64,2,2282,3,after,6.720603
0,8192,false,sum_f64,2,2282,4,enum_dynamic,6.709411
0,8192,false,sum_f64,2,2282,5,enum_static,6.643295
0,8192,false,sum_f64,3,2282,0,bound_static,6.652991
0,8192,false,sum_f64,3,2282,1,before,6.717170
0,8192,false,sum_f64,3,2282,2,after,6.722684
0,8192,false,sum_f64,3,2282,3,enum_dynamic,6.700245
0,8192,false,sum_f64,3,2282,4,enum_static,6.686441
0,8192,false,sum_f64,3,2282,5,bound_dynamic,6.573729
0,8192,false,sum_f64,4,2282,0,before,6.645669
0,8192,false,sum_f64,4,2282,1,after,6.640173
0,8192,false,sum_f64,4,2282,2,enum_dynamic,6.588921
0,8192,false,sum_f64,4,2282,3,enum_static,6.579901
0,8192,false,sum_f64,4,2282,4,bound_dynamic,6.585634
0,8192,false,sum_f64,4,2282,5,bound_static,6.601629
0,8192,false,sum_f64,5,2282,0,after,6.661518
0,8192,false,sum_f64,5,2282,1,enum_dynamic,6.707804
0,8192,false,sum_f64,5,2282,2,enum_static,6.707639
0,8192,false,sum_f64,5,2282,3,bound_dynamic,6.711565
0,8192,false,sum_f64,5,2282,4,bound_static,6.736123
0,8192,false,sum_f64,5,2282,5,before,6.751187
0,8192,false,sum_f64,6,2282,0,enum_dynamic,6.701979
0,8192,false,sum_f64,6,2282,1,enum_static,6.723506
0,8192,false,sum_f64,6,2282,2,bound_dynamic,6.778319
0,8192,false,sum_f64,6,2282,3,bound_static,6.715089
0,8192,false,sum_f64,6,2282,4,before,6.712095
0,8192,false,sum_f64,6,2282,5,after,6.709374
0,8192,false,sum_f64,7,2282,0,enum_static,6.726172
0,8192,false,sum_f64,7,2282,1,bound_dynamic,6.825920
0,8192,false,sum_f64,7,2282,2,bound_static,6.806365
0,8192,false,sum_f64,7,2282,3,before,6.764041
0,8192,false,sum_f64,7,2282,4,after,6.737638
0,8192,false,sum_f64,7,2282,5,enum_dynamic,6.902023
0,8192,false,sum_f64,8,2282,0,bound_dynamic,6.730007
0,8192,false,sum_f64,8,2282,1,bound_static,6.773189
0,8192,false,sum_f64,8,2282,2,before,6.768423
0,8192,false,sum_f64,8,2282,3,after,6.613479
0,8192,false,sum_f64,8,2282,4,enum_dynamic,6.611762
0,8192,false,sum_f64,8,2282,5,enum_static,6.719507
0,8192,false,sum_f64,9,2282,0,bound_static,6.740688
0,8192,false,sum_f64,9,2282,1,before,6.731011
0,8192,false,sum_f64,9,2282,2,after,6.720366
0,8192,false,sum_f64,9,2282,3,enum_dynamic,6.704499
0,8192,false,sum_f64,9,2282,4,enum_static,6.716258
0,8192,false,sum_f64,9,2282,5,bound_dynamic,6.714596
0,8192,false,sum_f64,10,2282,0,before,6.721096
0,8192,false,sum_f64,10,2282,1,after,6.720055
0,8192,false,sum_f64,10,2282,2,enum_dynamic,6.709283
0,8192,false,sum_f64,10,2282,3,enum_static,6.717298
0,8192,false,sum_f64,10,2282,4,bound_dynamic,6.691608
0,8192,false,sum_f64,10,2282,5,bound_static,6.580430
0,8192,false,sum_f64,11,2282,0,after,6.573346
0,8192,false,sum_f64,11,2282,1,enum_dynamic,6.596096
0,8192,false,sum_f64,11,2282,2,enum_static,6.583772
0,8192,false,sum_f64,11,2282,3,bound_dynamic,6.610685
0,8192,false,sum_f64,11,2282,4,bound_static,6.719654
0,8192,false,sum_f64,11,2282,5,before,6.711474
0,65536,true,min_i64,0,44,0,enum_dynamic,363.254727
0,65536,true,min_i64,0,44,1,enum_static,344.785977
0,65536,true,min_i64,0,44,2,bound_dynamic,379.980114
0,65536,true,min_i64,0,44,3,bound_static,343.794500
0,65536,true,min_i64,0,44,4,before,363.581432
0,65536,true,min_i64,0,44,5,after,345.870273
0,65536,true,min_i64,1,44,0,enum_static,344.964023
0,65536,true,min_i64,1,44,1,bound_dynamic,385.024636
0,65536,true,min_i64,1,44,2,bound_static,345.975386
0,65536,true,min_i64,1,44,3,before,366.096591
0,65536,true,min_i64,1,44,4,after,347.910977
0,65536,true,min_i64,1,44,5,enum_dynamic,371.859864
0,65536,true,min_i64,2,44,0,bound_dynamic,388.027477
0,65536,true,min_i64,2,44,1,bound_static,352.707386
0,65536,true,min_i64,2,44,2,before,371.013273
0,65536,true,min_i64,2,44,3,after,352.246205
0,65536,true,min_i64,2,44,4,enum_dynamic,371.321977
0,65536,true,min_i64,2,44,5,enum_static,352.485795
0,65536,true,min_i64,3,44,0,bound_static,352.050182
0,65536,true,min_i64,3,44,1,before,370.783136
0,65536,true,min_i64,3,44,2,after,354.213068
0,65536,true,min_i64,3,44,3,enum_dynamic,371.313455
0,65536,true,min_i64,3,44,4,enum_static,353.064386
0,65536,true,min_i64,3,44,5,bound_dynamic,387.609841
0,65536,true,min_i64,4,44,0,before,371.803023
0,65536,true,min_i64,4,44,1,after,351.874045
0,65536,true,min_i64,4,44,2,enum_dynamic,371.991477
0,65536,true,min_i64,4,44,3,enum_static,352.018932
0,65536,true,min_i64,4,44,4,bound_dynamic,380.692227
0,65536,true,min_i64,4,44,5,bound_static,345.091864
0,65536,true,min_i64,5,44,0,after,345.579545
0,65536,true,min_i64,5,44,1,enum_dynamic,364.302091
0,65536,true,min_i64,5,44,2,enum_static,345.159091
0,65536,true,min_i64,5,44,3,bound_dynamic,382.252841
0,65536,true,min_i64,5,44,4,bound_static,350.899636
0,65536,true,min_i64,5,44,5,before,364.956432
0,65536,true,min_i64,6,44,0,enum_dynamic,365.442227
0,65536,true,min_i64,6,44,1,enum_static,345.616477
0,65536,true,min_i64,6,44,2,bound_dynamic,381.560614
0,65536,true,min_i64,6,44,3,bound_static,344.999068
0,65536,true,min_i64,6,44,4,before,364.500000
0,65536,true,min_i64,6,44,5,after,345.491477
0,65536,true,min_i64,7,44,0,enum_static,344.769886
0,65536,true,min_i64,7,44,1,bound_dynamic,380.426136
0,65536,true,min_i64,7,44,2,bound_static,344.448864
0,65536,true,min_i64,7,44,3,before,369.368364
0,65536,true,min_i64,7,44,4,after,346.940341
0,65536,true,min_i64,7,44,5,enum_dynamic,363.936568
0,65536,true,min_i64,8,44,0,bound_dynamic,386.408136
0,65536,true,min_i64,8,44,1,bound_static,344.524614
0,65536,true,min_i64,8,44,2,before,367.779364
0,65536,true,min_i64,8,44,3,after,353.135409
0,65536,true,min_i64,8,44,4,enum_dynamic,371.100386
0,65536,true,min_i64,8,44,5,enum_static,352.640159
0,65536,true,min_i64,9,44,0,bound_static,352.500000
0,65536,true,min_i64,9,44,1,before,384.143955
0,65536,true,min_i64,9,44,2,after,352.347545
0,65536,true,min_i64,9,44,3,enum_dynamic,372.039773
0,65536,true,min_i64,9,44,4,enum_static,351.837114
0,65536,true,min_i64,9,44,5,bound_dynamic,388.130682
0,65536,true,min_i64,10,44,0,before,376.292614
0,65536,true,min_i64,10,44,1,after,352.045455
0,65536,true,min_i64,10,44,2,enum_dynamic,370.539773
0,65536,true,min_i64,10,44,3,enum_static,349.079545
0,65536,true,min_i64,10,44,4,bound_dynamic,380.694114
0,65536,true,min_i64,10,44,5,bound_static,345.006636
0,65536,true,min_i64,11,44,0,after,347.981068
0,65536,true,min_i64,11,44,1,enum_dynamic,364.189386
0,65536,true,min_i64,11,44,2,enum_static,346.123114
0,65536,true,min_i64,11,44,3,bound_dynamic,385.913841
0,65536,true,min_i64,11,44,4,bound_static,348.905295
0,65536,true,min_i64,11,44,5,before,364.144886
0,65536,false,count_i64,0,492,0,enum_dynamic,30.900661
0,65536,false,count_i64,0,492,1,enum_static,31.065549
0,65536,false,count_i64,0,492,2,bound_dynamic,30.617549
0,65536,false,count_i64,0,492,3,bound_static,30.571138
0,65536,false,count_i64,0,492,4,before,31.235518
0,65536,false,count_i64,0,492,5,after,30.577152
0,65536,false,count_i64,1,492,0,enum_static,31.120343
0,65536,false,count_i64,1,492,1,bound_dynamic,30.628388
0,65536,false,count_i64,1,492,2,bound_static,30.724254
0,65536,false,count_i64,1,492,3,before,31.030657
0,65536,false,count_i64,1,492,4,after,30.946984
0,65536,false,count_i64,1,492,5,enum_dynamic,30.968667
0,65536,false,count_i64,2,492,0,bound_dynamic,30.600695
0,65536,false,count_i64,2,492,1,bound_static,30.593411
0,65536,false,count_i64,2,492,2,before,31.509146
0,65536,false,count_i64,2,492,3,after,31.340701
0,65536,false,count_i64,2,492,4,enum_dynamic,31.167600
0,65536,false,count_i64,2,492,5,enum_static,31.647697
0,65536,false,count_i64,3,492,0,bound_static,31.073850
0,65536,false,count_i64,3,492,1,before,31.278624
0,65536,false,count_i64,3,492,2,after,30.777016
0,65536,false,count_i64,3,492,3,enum_dynamic,31.319445
0,65536,false,count_i64,3,492,4,enum_static,31.457571
0,65536,false,count_i64,3,492,5,bound_dynamic,30.573850
0,65536,false,count_i64,4,492,0,before,31.542260
0,65536,false,count_i64,4,492,1,after,31.092734
0,65536,false,count_i64,4,492,2,enum_dynamic,31.219173
0,65536,false,count_i64,4,492,3,enum_static,31.145071
0,65536,false,count_i64,4,492,4,bound_dynamic,30.515413
0,65536,false,count_i64,4,492,5,bound_static,30.623898
0,65536,false,count_i64,5,492,0,after,30.547002
0,65536,false,count_i64,5,492,1,enum_dynamic,31.138380
0,65536,false,count_i64,5,492,2,enum_static,31.057673
0,65536,false,count_i64,5,492,3,bound_dynamic,30.621951
0,65536,false,count_i64,5,492,4,bound_static,30.564618
0,65536,false,count_i64,5,492,5,before,31.035909
0,65536,false,count_i64,6,492,0,enum_dynamic,31.250339
0,65536,false,count_i64,6,492,1,enum_static,31.082571
0,65536,false,count_i64,6,492,2,bound_dynamic,30.520071
0,65536,false,count_i64,6,492,3,bound_static,30.580961
0,65536,false,count_i64,6,492,4,before,31.271341
0,65536,false,count_i64,6,492,5,after,30.531843
0,65536,false,count_i64,7,492,0,enum_static,31.060213
0,65536,false,count_i64,7,492,1,bound_dynamic,30.661502
0,65536,false,count_i64,7,492,2,bound_static,30.834264
0,65536,false,count_i64,7,492,3,before,31.119579
0,65536,false,count_i64,7,492,4,after,30.611112
0,65536,false,count_i64,7,492,5,enum_dynamic,31.095358
0,65536,false,count_i64,8,492,0,bound_dynamic,30.561738
0,65536,false,count_i64,8,492,1,bound_static,30.598323
0,65536,false,count_i64,8,492,2,before,31.036585
0,65536,false,count_i64,8,492,3,after,30.650661
0,65536,false,count_i64,8,492,4,enum_dynamic,31.144226
0,65536,false,count_i64,8,492,5,enum_static,31.157604
0,65536,false,count_i64,9,492,0,bound_static,30.929963
0,65536,false,count_i64,9,492,1,before,31.027862
0,65536,false,count_i64,9,492,2,after,31.154386
0,65536,false,count_i64,9,492,3,enum_dynamic,31.205030
0,65536,false,count_i64,9,492,4,enum_static,31.128728
0,65536,false,count_i64,9,492,5,bound_dynamic,30.533791
0,65536,false,count_i64,10,492,0,before,31.203591
0,65536,false,count_i64,10,492,1,after,30.691057
0,65536,false,count_i64,10,492,2,enum_dynamic,31.235858
0,65536,false,count_i64,10,492,3,enum_static,31.192413
0,65536,false,count_i64,10,492,4,bound_dynamic,30.621189
0,65536,false,count_i64,10,492,5,bound_static,30.560043
0,65536,false,count_i64,11,492,0,after,30.682248
0,65536,false,count_i64,11,492,1,enum_dynamic,30.997035
0,65536,false,count_i64,11,492,2,enum_static,31.342055
0,65536,false,count_i64,11,492,3,bound_dynamic,31.231283
0,65536,false,count_i64,11,492,4,bound_static,30.601711
0,65536,false,count_i64,11,492,5,before,31.198933
0,65536,false,sum_f64,0,295,0,enum_dynamic,51.198305
0,65536,false,sum_f64,0,295,1,enum_static,51.551129
0,65536,false,sum_f64,0,295,2,bound_dynamic,51.409885
0,65536,false,sum_f64,0,295,3,bound_static,51.099715
0,65536,false,sum_f64,0,295,4,before,51.098305
0,65536,false,sum_f64,0,295,5,after,51.246892
0,65536,false,sum_f64,1,295,0,enum_static,52.028529
0,65536,false,sum_f64,1,295,1,bound_dynamic,51.999010
0,65536,false,sum_f64,1,295,2,bound_static,52.224153
0,65536,false,sum_f64,1,295,3,before,52.153671
0,65536,false,sum_f64,1,295,4,after,52.200281
0,65536,false,sum_f64,1,295,5,enum_dynamic,52.032064
0,65536,false,sum_f64,2,295,0,bound_dynamic,52.227258
0,65536,false,sum_f64,2,295,1,bound_static,52.238983
0,65536,false,sum_f64,2,295,2,before,51.563559
0,65536,false,sum_f64,2,295,3,after,51.252261
0,65536,false,sum_f64,2,295,4,enum_dynamic,52.307064
0,65536,false,sum_f64,2,295,5,enum_static,51.936864
0,65536,false,sum_f64,3,295,0,bound_static,51.204661
0,65536,false,sum_f64,3,295,1,before,51.755508
0,65536,false,sum_f64,3,295,2,after,52.067797
0,65536,false,sum_f64,3,295,3,enum_dynamic,52.205227
0,65536,false,sum_f64,3,295,4,enum_static,52.088702
0,65536,false,sum_f64,3,295,5,bound_dynamic,51.225142
0,65536,false,sum_f64,4,295,0,before,52.066525
0,65536,false,sum_f64,4,295,1,after,52.127403
0,65536,false,sum_f64,4,295,2,enum_dynamic,51.741244
0,65536,false,sum_f64,4,295,3,enum_static,52.026976
0,65536,false,sum_f64,4,295,4,bound_dynamic,51.611156
0,65536,false,sum_f64,4,295,5,bound_static,51.235732
0,65536,false,sum_f64,5,295,0,after,51.795058
0,65536,false,sum_f64,5,295,1,enum_dynamic,51.744773
0,65536,false,sum_f64,5,295,2,enum_static,51.363417
0,65536,false,sum_f64,5,295,3,bound_dynamic,52.150986
0,65536,false,sum_f64,5,295,4,bound_static,52.218363
0,65536,false,sum_f64,5,295,5,before,52.105508
0,65536,false,sum_f64,6,295,0,enum_dynamic,52.400142
0,65536,false,sum_f64,6,295,1,enum_static,52.032346
0,65536,false,sum_f64,6,295,2,bound_dynamic,52.092939
0,65536,false,sum_f64,6,295,3,bound_static,52.352685
0,65536,false,sum_f64,6,295,4,before,52.041525
0,65536,false,sum_f64,6,295,5,after,52.358336
0,65536,false,sum_f64,7,295,0,enum_static,52.018220
0,65536,false,sum_f64,7,295,1,bound_dynamic,51.930790
0,65536,false,sum_f64,7,295,2,bound_static,51.318359
0,65536,false,sum_f64,7,295,3,before,51.266244
0,65536,false,sum_f64,7,295,4,after,51.689831
0,65536,false,sum_f64,7,295,5,enum_dynamic,52.145624
0,65536,false,sum_f64,8,295,0,bound_dynamic,52.145058
0,65536,false,sum_f64,8,295,1,bound_static,52.124437
0,65536,false,sum_f64,8,295,2,before,52.266383
0,65536,false,sum_f64,8,295,3,after,52.088275
0,65536,false,sum_f64,8,295,4,enum_dynamic,52.920339
0,65536,false,sum_f64,8,295,5,enum_static,52.556356
0,65536,false,sum_f64,9,295,0,bound_static,51.118078
0,65536,false,sum_f64,9,295,1,before,52.051980
0,65536,false,sum_f64,9,295,2,after,52.219210
0,65536,false,sum_f64,9,295,3,enum_dynamic,52.132203
0,65536,false,sum_f64,9,295,4,enum_static,52.223447
0,65536,false,sum_f64,9,295,5,bound_dynamic,52.158898
0,65536,false,sum_f64,10,295,0,before,52.229237
0,65536,false,sum_f64,10,295,1,after,52.185308
0,65536,false,sum_f64,10,295,2,enum_dynamic,52.201976
0,65536,false,sum_f64,10,295,3,enum_static,52.217515
0,65536,false,sum_f64,10,295,4,bound_dynamic,52.144915
0,65536,false,sum_f64,10,295,5,bound_static,52.142654
0,65536,false,sum_f64,11,295,0,after,52.054800
0,65536,false,sum_f64,11,295,1,enum_dynamic,52.510593
0,65536,false,sum_f64,11,295,2,enum_static,51.141386
0,65536,false,sum_f64,11,295,3,bound_dynamic,52.292231
0,65536,false,sum_f64,11,295,4,bound_static,52.066525
0,65536,false,sum_f64,11,295,5,before,52.386159
0,128,false,min_i64,0,19136,0,enum_dynamic,0.838953
0,128,false,min_i64,0,19136,1,enum_static,0.784899
0,128,false,min_i64,0,19136,2,bound_dynamic,0.844037
0,128,false,min_i64,0,19136,3,bound_static,0.763752
0,128,false,min_i64,0,19136,4,before,0.806547
0,128,false,min_i64,0,19136,5,after,0.768619
0,128,false,min_i64,1,19136,0,enum_static,0.783547
0,128,false,min_i64,1,19136,1,bound_dynamic,0.844366
0,128,false,min_i64,1,19136,2,bound_static,0.766119
0,128,false,min_i64,1,19136,3,before,0.808324
0,128,false,min_i64,1,19136,4,after,0.760312
0,128,false,min_i64,1,19136,5,enum_dynamic,0.822113
0,128,false,min_i64,2,19136,0,bound_dynamic,0.831709
0,128,false,min_i64,2,19136,1,bound_static,0.750612
0,128,false,min_i64,2,19136,2,before,0.793763
0,128,false,min_i64,2,19136,3,after,0.755626
0,128,false,min_i64,2,19136,4,enum_dynamic,0.830673
0,128,false,min_i64,2,19136,5,enum_static,0.766688
0,128,false,min_i64,3,19136,0,bound_static,0.750627
0,128,false,min_i64,3,19136,1,before,0.794401
0,128,false,min_i64,3,19136,2,after,0.752659
0,128,false,min_i64,3,19136,3,enum_dynamic,0.821035
0,128,false,min_i64,3,19136,4,enum_static,0.767606
0,128,false,min_i64,3,19136,5,bound_dynamic,0.827929
0,128,false,min_i64,4,19136,0,before,0.789807
0,128,false,min_i64,4,19136,1,after,0.752959
0,128,false,min_i64,4,19136,2,enum_dynamic,0.822919
0,128,false,min_i64,4,19136,3,enum_static,0.768758
0,128,false,min_i64,4,19136,4,bound_dynamic,0.828495
0,128,false,min_i64,4,19136,5,bound_static,0.750684
0,128,false,min_i64,5,19136,0,after,0.755657
0,128,false,min_i64,5,19136,1,enum_dynamic,0.822871
0,128,false,min_i64,5,19136,2,enum_static,0.768236
0,128,false,min_i64,5,19136,3,bound_dynamic,0.828911
0,128,false,min_i64,5,19136,4,bound_static,0.750975
0,128,false,min_i64,5,19136,5,before,0.789816
0,128,false,min_i64,6,19136,0,enum_dynamic,0.822324
0,128,false,min_i64,6,19136,1,enum_static,0.768427
0,128,false,min_i64,6,19136,2,bound_dynamic,0.830886
0,128,false,min_i64,6,19136,3,bound_static,0.751245
0,128,false,min_i64,6,19136,4,before,0.790554
0,128,false,min_i64,6,19136,5,after,0.753223
0,128,false,min_i64,7,19136,0,enum_static,0.767874
0,128,false,min_i64,7,19136,1,bound_dynamic,0.831243
0,128,false,min_i64,7,19136,2,bound_static,0.748147
0,128,false,min_i64,7,19136,3,before,0.792797
0,128,false,min_i64,7,19136,4,after,0.753863
0,128,false,min_i64,7,19136,5,enum_dynamic,0.833671
0,128,false,min_i64,8,19136,0,bound_dynamic,0.830638
0,128,false,min_i64,8,19136,1,bound_static,0.753388
0,128,false,min_i64,8,19136,2,before,0.800964
0,128,false,min_i64,8,19136,3,after,0.758455
0,128,false,min_i64,8,19136,4,enum_dynamic,0.823944
0,128,false,min_i64,8,19136,5,enum_static,0.767336
0,128,false,min_i64,9,19136,0,bound_static,0.752707
0,128,false,min_i64,9,19136,1,before,0.795129
0,128,false,min_i64,9,19136,2,after,0.753693
0,128,false,min_i64,9,19136,3,enum_dynamic,0.822928
0,128,false,min_i64,9,19136,4,enum_static,0.768480
0,128,false,min_i64,9,19136,5,bound_dynamic,0.829614
0,128,false,min_i64,10,19136,0,before,0.794421
0,128,false,min_i64,10,19136,1,after,0.762309
0,128,false,min_i64,10,19136,2,enum_dynamic,0.822030
0,128,false,min_i64,10,19136,3,enum_static,0.769429
0,128,false,min_i64,10,19136,4,bound_dynamic,0.829159
0,128,false,min_i64,10,19136,5,bound_static,0.749765
0,128,false,min_i64,11,19136,0,after,0.753625
0,128,false,min_i64,11,19136,1,enum_dynamic,0.821314
0,128,false,min_i64,11,19136,2,enum_static,0.767857
0,128,false,min_i64,11,19136,3,bound_dynamic,0.830348
0,128,false,min_i64,11,19136,4,bound_static,0.750124
0,128,false,min_i64,11,19136,5,before,0.790774
0,8192,true,sum_u64,0,910,0,enum_dynamic,16.689468
0,8192,true,sum_u64,0,910,1,enum_static,16.916209
0,8192,true,sum_u64,0,910,2,bound_dynamic,16.891896
0,8192,true,sum_u64,0,910,3,bound_static,17.133379
0,8192,true,sum_u64,0,910,4,before,16.698489
0,8192,true,sum_u64,0,910,5,after,16.547207
0,8192,true,sum_u64,1,910,0,enum_static,16.908699
0,8192,true,sum_u64,1,910,1,bound_dynamic,16.819505
0,8192,true,sum_u64,1,910,2,bound_static,16.885347
0,8192,true,sum_u64,1,910,3,before,16.849359
0,8192,true,sum_u64,1,910,4,after,16.838645
0,8192,true,sum_u64,1,910,5,enum_dynamic,16.831822
0,8192,true,sum_u64,2,910,0,bound_dynamic,16.824816
0,8192,true,sum_u64,2,910,1,bound_static,16.875182
0,8192,true,sum_u64,2,910,2,before,16.553801
0,8192,true,sum_u64,2,910,3,after,16.680677
0,8192,true,sum_u64,2,910,4,enum_dynamic,16.861951
0,8192,true,sum_u64,2,910,5,enum_static,16.836219
0,8192,true,sum_u64,3,910,0,bound_static,16.847115
0,8192,true,sum_u64,3,910,1,before,16.863415
0,8192,true,sum_u64,3,910,2,after,16.838324
0,8192,true,sum_u64,3,910,3,enum_dynamic,16.901923
0,8192,true,sum_u64,3,910,4,enum_static,16.854212
0,8192,true,sum_u64,3,910,5,bound_dynamic,16.881365
0,8192,true,sum_u64,4,910,0,before,16.861538
0,8192,true,sum_u64,4,910,1,after,16.846016
0,8192,true,sum_u64,4,910,2,enum_dynamic,16.839789
0,8192,true,sum_u64,4,910,3,enum_static,16.860668
0,8192,true,sum_u64,4,910,4,bound_dynamic,16.843636
0,8192,true,sum_u64,4,910,5,bound_static,16.841896
0,8192,true,sum_u64,5,910,0,after,16.849863
0,8192,true,sum_u64,5,910,1,enum_dynamic,16.830999
0,8192,true,sum_u64,5,910,2,enum_static,16.832005
0,8192,true,sum_u64,5,910,3,bound_dynamic,16.827060
0,8192,true,sum_u64,5,910,4,bound_static,16.844734
0,8192,true,sum_u64,5,910,5,before,16.637318
0,8192,true,sum_u64,6,910,0,enum_dynamic,16.509296
0,8192,true,sum_u64,6,910,1,enum_static,16.544231
0,8192,true,sum_u64,6,910,2,bound_dynamic,16.866301
0,8192,true,sum_u64,6,910,3,bound_static,16.887866
0,8192,true,sum_u64,6,910,4,before,17.023169
0,8192,true,sum_u64,6,910,5,after,16.852701
0,8192,true,sum_u64,7,910,0,enum_static,16.829212
0,8192,true,sum_u64,7,910,1,bound_dynamic,16.875321
0,8192,true,sum_u64,7,910,2,bound_static,16.863096
0,8192,true,sum_u64,7,910,3,before,16.881365
0,8192,true,sum_u64,7,910,4,after,16.879899
0,8192,true,sum_u64,7,910,5,enum_dynamic,16.930082
0,8192,true,sum_u64,8,910,0,bound_dynamic,16.690888
0,8192,true,sum_u64,8,910,1,bound_static,16.562545
0,8192,true,sum_u64,8,910,2,before,16.847893
0,8192,true,sum_u64,8,910,3,after,16.885165
0,8192,true,sum_u64,8,910,4,enum_dynamic,16.885714
0,8192,true,sum_u64,8,910,5,enum_static,16.871520
0,8192,true,sum_u64,9,910,0,bound_static,16.861035
0,8192,true,sum_u64,9,910,1,before,16.679990
0,8192,true,sum_u64,9,910,2,after,16.547436
0,8192,true,sum_u64,9,910,3,enum_dynamic,16.858975
0,8192,true,sum_u64,9,910,4,enum_static,16.848535
0,8192,true,sum_u64,9,910,5,bound_dynamic,16.865752
0,8192,true,sum_u64,10,910,0,before,16.880174
0,8192,true,sum_u64,10,910,1,after,16.857876
0,8192,true,sum_u64,10,910,2,enum_dynamic,16.882280
0,8192,true,sum_u64,10,910,3,enum_static,16.852335
0,8192,true,sum_u64,10,910,4,bound_dynamic,16.883013
0,8192,true,sum_u64,10,910,5,bound_static,16.842857
0,8192,true,sum_u64,11,910,0,after,16.846978
0,8192,true,sum_u64,11,910,1,enum_dynamic,16.900367
0,8192,true,sum_u64,11,910,2,enum_static,16.937637
0,8192,true,sum_u64,11,910,3,bound_dynamic,16.582921
0,8192,true,sum_u64,11,910,4,bound_static,16.526465
0,8192,true,sum_u64,11,910,5,before,16.561538
0,65536,false,covar_i64,0,73,0,enum_dynamic,213.546233
0,65536,false,covar_i64,0,73,1,enum_static,213.327630
0,65536,false,covar_i64,0,73,2,bound_dynamic,207.658671
0,65536,false,covar_i64,0,73,3,bound_static,207.607877
0,65536,false,covar_i64,0,73,4,before,213.283096
0,65536,false,covar_i64,0,73,5,after,209.539945
0,65536,false,covar_i64,1,73,0,enum_static,211.308795
0,65536,false,covar_i64,1,73,1,bound_dynamic,208.166096
0,65536,false,covar_i64,1,73,2,bound_static,208.327055
0,65536,false,covar_i64,1,73,3,before,214.365301
0,65536,false,covar_i64,1,73,4,after,208.352740
0,65536,false,covar_i64,1,73,5,enum_dynamic,213.825918
0,65536,false,covar_i64,2,73,0,bound_dynamic,209.235164
0,65536,false,covar_i64,2,73,1,bound_static,208.208342
0,65536,false,covar_i64,2,73,2,before,213.928082
0,65536,false,covar_i64,2,73,3,after,208.162096
0,65536,false,covar_i64,2,73,4,enum_dynamic,214.580479
0,65536,false,covar_i64,2,73,5,enum_static,214.097027
0,65536,false,covar_i64,3,73,0,bound_static,209.081055
0,65536,false,covar_i64,3,73,1,before,214.160384
0,65536,false,covar_i64,3,73,2,after,209.110726
0,65536,false,covar_i64,3,73,3,enum_dynamic,214.424082
0,65536,false,covar_i64,3,73,4,enum_static,214.294521
0,65536,false,covar_i64,3,73,5,bound_dynamic,209.185507
0,65536,false,covar_i64,4,73,0,before,210.195781
0,65536,false,covar_i64,4,73,1,after,207.978315
0,65536,false,covar_i64,4,73,2,enum_dynamic,214.029671
0,65536,false,covar_i64,4,73,3,enum_static,214.120425
0,65536,false,covar_i64,4,73,4,bound_dynamic,207.714616
0,65536,false,covar_i64,4,73,5,bound_static,205.309932
0,65536,false,covar_i64,5,73,0,after,198.482877
0,65536,false,covar_i64,5,73,1,enum_dynamic,207.215753
0,65536,false,covar_i64,5,73,2,enum_static,206.988575
0,65536,false,covar_i64,5,73,3,bound_dynamic,201.036521
0,65536,false,covar_i64,5,73,4,bound_static,200.718027
0,65536,false,covar_i64,5,73,5,before,206.780822
0,65536,false,covar_i64,6,73,0,enum_dynamic,206.877288
0,65536,false,covar_i64,6,73,1,enum_static,206.421795
0,65536,false,covar_i64,6,73,2,bound_dynamic,201.674658
0,65536,false,covar_i64,6,73,3,bound_static,200.839616
0,65536,false,covar_i64,6,73,4,before,206.988014
0,65536,false,covar_i64,6,73,5,after,202.980589
0,65536,false,covar_i64,7,73,0,enum_static,207.086192
0,65536,false,covar_i64,7,73,1,bound_dynamic,201.337329
0,65536,false,covar_i64,7,73,2,bound_static,200.835041
0,65536,false,covar_i64,7,73,3,before,206.975452
0,65536,false,covar_i64,7,73,4,after,200.724315
0,65536,false,covar_i64,7,73,5,enum_dynamic,207.097603
0,65536,false,covar_i64,8,73,0,bound_dynamic,200.568493
0,65536,false,covar_i64,8,73,1,bound_static,201.199781
0,65536,false,covar_i64,8,73,2,before,206.481164
0,65536,false,covar_i64,8,73,3,after,200.913233
0,65536,false,covar_i64,8,73,4,enum_dynamic,207.223740
0,65536,false,covar_i64,8,73,5,enum_static,206.681507
0,65536,false,covar_i64,9,73,0,bound_static,201.073630
0,65536,false,covar_i64,9,73,1,before,206.414945
0,65536,false,covar_i64,9,73,2,after,200.861301
0,65536,false,covar_i64,9,73,3,enum_dynamic,207.777973
0,65536,false,covar_i64,9,73,4,enum_static,205.864151
0,65536,false,covar_i64,9,73,5,bound_dynamic,200.819068
0,65536,false,covar_i64,10,73,0,before,207.245438
0,65536,false,covar_i64,10,73,1,after,200.692356
0,65536,false,covar_i64,10,73,2,enum_dynamic,207.362438
0,65536,false,covar_i64,10,73,3,enum_static,206.625575
0,65536,false,covar_i64,10,73,4,bound_dynamic,200.732877
0,65536,false,covar_i64,10,73,5,bound_static,200.335616
0,65536,false,covar_i64,11,73,0,after,200.466329
0,65536,false,covar_i64,11,73,1,enum_dynamic,206.217466
0,65536,false,covar_i64,11,73,2,enum_static,206.000562
0,65536,false,covar_i64,11,73,3,bound_dynamic,200.559356
0,65536,false,covar_i64,11,73,4,bound_static,200.353877
0,65536,false,covar_i64,11,73,5,before,206.232301
0,128,true,avg_i64,0,32543,0,enum_dynamic,0.495622
0,128,true,avg_i64,0,32543,1,enum_static,0.495108
0,128,true,avg_i64,0,32543,2,bound_dynamic,0.462838
0,128,true,avg_i64,0,32543,3,bound_static,0.461555
0,128,true,avg_i64,0,32543,4,before,0.496480
0,128,true,avg_i64,0,32543,5,after,0.452796
0,128,true,avg_i64,1,32543,0,enum_static,0.485846
0,128,true,avg_i64,1,32543,1,bound_dynamic,0.450088
0,128,true,avg_i64,1,32543,2,bound_static,0.454616
0,128,true,avg_i64,1,32543,3,before,0.487747
0,128,true,avg_i64,1,32543,4,after,0.452522
0,128,true,avg_i64,1,32543,5,enum_dynamic,0.485742
0,128,true,avg_i64,2,32543,0,bound_dynamic,0.452893
0,128,true,avg_i64,2,32543,1,bound_static,0.454734
0,128,true,avg_i64,2,32543,2,before,0.485428
0,128,true,avg_i64,2,32543,3,after,0.452334
0,128,true,avg_i64,2,32543,4,enum_dynamic,0.486003
0,128,true,avg_i64,2,32543,5,enum_static,0.485364
0,128,true,avg_i64,3,32543,0,bound_static,0.452158
0,128,true,avg_i64,3,32543,1,before,0.486725
0,128,true,avg_i64,3,32543,2,after,0.452334
0,128,true,avg_i64,3,32543,3,enum_dynamic,0.486619
0,128,true,avg_i64,3,32543,4,enum_static,0.485431
0,128,true,avg_i64,3,32543,5,bound_dynamic,0.464045
0,128,true,avg_i64,4,32543,0,before,0.488364
0,128,true,avg_i64,4,32543,1,after,0.454088
0,128,true,avg_i64,4,32543,2,enum_dynamic,0.489331
0,128,true,avg_i64,4,32543,3,enum_static,0.487504
0,128,true,avg_i64,4,32543,4,bound_dynamic,0.451387
0,128,true,avg_i64,4,32543,5,bound_static,0.451403
0,128,true,avg_i64,5,32543,0,after,0.455296
0,128,true,avg_i64,5,32543,1,enum_dynamic,0.496117
0,128,true,avg_i64,5,32543,2,enum_static,0.498209
0,128,true,avg_i64,5,32543,3,bound_dynamic,0.460831
0,128,true,avg_i64,5,32543,4,bound_static,0.462244
0,128,true,avg_i64,5,32543,5,before,0.495811
0,128,true,avg_i64,6,32543,0,enum_dynamic,0.500230
0,128,true,avg_i64,6,32543,1,enum_static,0.500996
0,128,true,avg_i64,6,32543,2,bound_dynamic,0.455144
0,128,true,avg_i64,6,32543,3,bound_static,0.461174
0,128,true,avg_i64,6,32543,4,before,0.484833
0,128,true,avg_i64,6,32543,5,after,0.452812
0,128,true,avg_i64,7,32543,0,enum_static,0.492681
0,128,true,avg_i64,7,32543,1,bound_dynamic,0.463319
0,128,true,avg_i64,7,32543,2,bound_static,0.456451
0,128,true,avg_i64,7,32543,3,before,0.489240
0,128,true,avg_i64,7,32543,4,after,0.460939
0,128,true,avg_i64,7,32543,5,enum_dynamic,0.498129
0,128,true,avg_i64,8,32543,0,bound_dynamic,0.460131
0,128,true,avg_i64,8,32543,1,bound_static,0.459070
0,128,true,avg_i64,8,32543,2,before,0.494340
0,128,true,avg_i64,8,32543,3,after,0.470216
0,128,true,avg_i64,8,32543,4,enum_dynamic,0.489310
0,128,true,avg_i64,8,32543,5,enum_static,0.485896
0,128,true,avg_i64,9,32543,0,bound_static,0.466898
0,128,true,avg_i64,9,32543,1,before,0.484738
0,128,true,avg_i64,9,32543,2,after,0.453345
0,128,true,avg_i64,9,32543,3,enum_dynamic,0.489324
0,128,true,avg_i64,9,32543,4,enum_static,0.493130
0,128,true,avg_i64,9,32543,5,bound_dynamic,0.460454
0,128,true,avg_i64,10,32543,0,before,0.493619
0,128,true,avg_i64,10,32543,1,after,0.460575
0,128,true,avg_i64,10,32543,2,enum_dynamic,0.495137
0,128,true,avg_i64,10,32543,3,enum_static,0.494548
0,128,true,avg_i64,10,32543,4,bound_dynamic,0.460125
0,128,true,avg_i64,10,32543,5,bound_static,0.458961
0,128,true,avg_i64,11,32543,0,after,0.458982
0,128,true,avg_i64,11,32543,1,enum_dynamic,0.491068
0,128,true,avg_i64,11,32543,2,enum_static,0.485109
0,128,true,avg_i64,11,32543,3,bound_dynamic,0.452006
0,128,true,avg_i64,11,32543,4,bound_static,0.451293
0,128,true,avg_i64,11,32543,5,before,0.486102
0,128,false,count_star,0,50000,0,enum_dynamic,0.069492
0,128,false,count_star,0,50000,1,enum_static,0.069730
0,128,false,count_star,0,50000,2,bound_dynamic,0.067805
0,128,false,count_star,0,50000,3,bound_static,0.067752
0,128,false,count_star,0,50000,4,before,0.069576
0,128,false,count_star,0,50000,5,after,0.067757
0,128,false,count_star,1,50000,0,enum_static,0.069664
0,128,false,count_star,1,50000,1,bound_dynamic,0.067822
0,128,false,count_star,1,50000,2,bound_static,0.067931
0,128,false,count_star,1,50000,3,before,0.069484
0,128,false,count_star,1,50000,4,after,0.067892
0,128,false,count_star,1,50000,5,enum_dynamic,0.069491
0,128,false,count_star,2,50000,0,bound_dynamic,0.070302
0,128,false,count_star,2,50000,1,bound_static,0.069843
0,128,false,count_star,2,50000,2,before,0.069529
0,128,false,count_star,2,50000,3,after,0.069779
0,128,false,count_star,2,50000,4,enum_dynamic,0.069710
0,128,false,count_star,2,50000,5,enum_static,0.069992
0,128,false,count_star,3,50000,0,bound_static,0.067786
0,128,false,count_star,3,50000,1,before,0.069481
0,128,false,count_star,3,50000,2,after,0.067752
0,128,false,count_star,3,50000,3,enum_dynamic,0.069578
0,128,false,count_star,3,50000,4,enum_static,0.069647
0,128,false,count_star,3,50000,5,bound_dynamic,0.067829
0,128,false,count_star,4,50000,0,before,0.069478
0,128,false,count_star,4,50000,1,after,0.067752
0,128,false,count_star,4,50000,2,enum_dynamic,0.069542
0,128,false,count_star,4,50000,3,enum_static,0.070395
0,128,false,count_star,4,50000,4,bound_dynamic,0.068197
0,128,false,count_star,4,50000,5,bound_static,0.068463
0,128,false,count_star,5,50000,0,after,0.067871
0,128,false,count_star,5,50000,1,enum_dynamic,0.069964
0,128,false,count_star,5,50000,2,enum_static,0.069790
0,128,false,count_star,5,50000,3,bound_dynamic,0.067811
0,128,false,count_star,5,50000,4,bound_static,0.067806
0,128,false,count_star,5,50000,5,before,0.069758
0,128,false,count_star,6,50000,0,enum_dynamic,0.070167
0,128,false,count_star,6,50000,1,enum_static,0.070233
0,128,false,count_star,6,50000,2,bound_dynamic,0.067931
0,128,false,count_star,6,50000,3,bound_static,0.068176
0,128,false,count_star,6,50000,4,before,0.069822
0,128,false,count_star,6,50000,5,after,0.067873
0,128,false,count_star,7,50000,0,enum_static,0.069660
0,128,false,count_star,7,50000,1,bound_dynamic,0.067805
0,128,false,count_star,7,50000,2,bound_static,0.067885
0,128,false,count_star,7,50000,3,before,0.069756
0,128,false,count_star,7,50000,4,after,0.068627
0,128,false,count_star,7,50000,5,enum_dynamic,0.069605
0,128,false,count_star,8,50000,0,bound_dynamic,0.067919
0,128,false,count_star,8,50000,1,bound_static,0.067956
0,128,false,count_star,8,50000,2,before,0.069612
0,128,false,count_star,8,50000,3,after,0.067922
0,128,false,count_star,8,50000,4,enum_dynamic,0.069659
0,128,false,count_star,8,50000,5,enum_static,0.070012
0,128,false,count_star,9,50000,0,bound_static,0.067752
0,128,false,count_star,9,50000,1,before,0.069956
0,128,false,count_star,9,50000,2,after,0.067752
0,128,false,count_star,9,50000,3,enum_dynamic,0.069466
0,128,false,count_star,9,50000,4,enum_static,0.070306
0,128,false,count_star,9,50000,5,bound_dynamic,0.068000
0,128,false,count_star,10,50000,0,before,0.069539
0,128,false,count_star,10,50000,1,after,0.067964
0,128,false,count_star,10,50000,2,enum_dynamic,0.069485
0,128,false,count_star,10,50000,3,enum_static,0.069656
0,128,false,count_star,10,50000,4,bound_dynamic,0.067833
0,128,false,count_star,10,50000,5,bound_static,0.067751
0,128,false,count_star,11,50000,0,after,0.067752
0,128,false,count_star,11,50000,1,enum_dynamic,0.069653
0,128,false,count_star,11,50000,2,enum_static,0.069669
0,128,false,count_star,11,50000,3,bound_dynamic,0.068558
0,128,false,count_star,11,50000,4,bound_static,0.067831
0,128,false,count_star,11,50000,5,before,0.070393
0,128,true,mixed_7,0,1686,0,enum_dynamic,9.179048
0,128,true,mixed_7,0,1686,1,enum_static,8.908066
0,128,true,mixed_7,0,1686,2,bound_dynamic,9.041419
0,128,true,mixed_7,0,1686,3,bound_static,8.844182
0,128,true,mixed_7,0,1686,4,before,9.059460
0,128,true,mixed_7,0,1686,5,after,8.894400
0,128,true,mixed_7,1,1686,0,enum_static,8.935226
0,128,true,mixed_7,1,1686,1,bound_dynamic,9.047227
0,128,true,mixed_7,1,1686,2,bound_static,8.826488
0,128,true,mixed_7,1,1686,3,before,9.065367
0,128,true,mixed_7,1,1686,4,after,8.897810
0,128,true,mixed_7,1,1686,5,enum_dynamic,9.152482
0,128,true,mixed_7,2,1686,0,bound_dynamic,9.022440
0,128,true,mixed_7,2,1686,1,bound_static,8.853227
0,128,true,mixed_7,2,1686,2,before,9.095863
0,128,true,mixed_7,2,1686,3,after,8.878435
0,128,true,mixed_7,2,1686,4,enum_dynamic,9.243352
0,128,true,mixed_7,2,1686,5,enum_static,8.971703
0,128,true,mixed_7,3,1686,0,bound_static,8.876829
0,128,true,mixed_7,3,1686,1,before,9.200203
0,128,true,mixed_7,3,1686,2,after,9.064527
0,128,true,mixed_7,3,1686,3,enum_dynamic,9.257365
0,128,true,mixed_7,3,1686,4,enum_static,9.036304
0,128,true,mixed_7,3,1686,5,bound_dynamic,9.048068
0,128,true,mixed_7,4,1686,0,before,9.044138
0,128,true,mixed_7,4,1686,1,after,8.879523
0,128,true,mixed_7,4,1686,2,enum_dynamic,9.143066
0,128,true,mixed_7,4,1686,3,enum_static,9.023008
0,128,true,mixed_7,4,1686,4,bound_dynamic,9.365856
0,128,true,mixed_7,4,1686,5,bound_static,8.894276
0,128,true,mixed_7,5,1686,0,after,8.896254
0,128,true,mixed_7,5,1686,1,enum_dynamic,9.143115
0,128,true,mixed_7,5,1686,2,enum_static,8.906090
0,128,true,mixed_7,5,1686,3,bound_dynamic,9.020784
0,128,true,mixed_7,5,1686,4,bound_static,8.827550
0,128,true,mixed_7,5,1686,5,before,9.031534
0,128,true,mixed_7,6,1686,0,enum_dynamic,9.132711
0,128,true,mixed_7,6,1686,1,enum_static,8.902877
0,128,true,mixed_7,6,1686,2,bound_dynamic,9.063588
0,128,true,mixed_7,6,1686,3,bound_static,8.867265
0,128,true,mixed_7,6,1686,4,before,9.054098
0,128,true,mixed_7,6,1686,5,after,8.888691
0,128,true,mixed_7,7,1686,0,enum_static,8.957122
0,128,true,mixed_7,7,1686,1,bound_dynamic,9.207666
0,128,true,mixed_7,7,1686,2,bound_static,9.020982
0,128,true,mixed_7,7,1686,3,before,9.228820
0,128,true,mixed_7,7,1686,4,after,9.105205
0,128,true,mixed_7,7,1686,5,enum_dynamic,9.350855
0,128,true,mixed_7,8,1686,0,bound_dynamic,9.136591
0,128,true,mixed_7,8,1686,1,bound_static,8.837139
0,128,true,mixed_7,8,1686,2,before,9.053578
0,128,true,mixed_7,8,1686,3,after,8.877718
0,128,true,mixed_7,8,1686,4,enum_dynamic,9.255388
0,128,true,mixed_7,8,1686,5,enum_static,8.920967
0,128,true,mixed_7,9,1686,0,bound_static,8.837708
0,128,true,mixed_7,9,1686,1,before,9.117289
0,128,true,mixed_7,9,1686,2,after,8.880857
0,128,true,mixed_7,9,1686,3,enum_dynamic,9.168026
0,128,true,mixed_7,9,1686,4,enum_static,8.924451
0,128,true,mixed_7,9,1686,5,bound_dynamic,9.075301
0,128,true,mixed_7,10,1686,0,before,9.035463
0,128,true,mixed_7,10,1686,1,after,8.883180
0,128,true,mixed_7,10,1686,2,enum_dynamic,9.129843
0,128,true,mixed_7,10,1686,3,enum_static,8.936560
0,128,true,mixed_7,10,1686,4,bound_dynamic,9.092255
0,128,true,mixed_7,10,1686,5,bound_static,8.918471
0,128,true,mixed_7,11,1686,0,after,8.870379
0,128,true,mixed_7,11,1686,1,enum_dynamic,9.121886
0,128,true,mixed_7,11,1686,2,enum_static,8.963795
0,128,true,mixed_7,11,1686,3,bound_dynamic,9.029359
0,128,true,mixed_7,11,1686,4,bound_static,8.841736
0,128,true,mixed_7,11,1686,5,before,9.040999
0,128,true,min_i64,0,17561,0,enum_dynamic,0.916662
0,128,true,min_i64,0,17561,1,enum_static,0.849560
0,128,true,min_i64,0,17561,2,bound_dynamic,0.901164
0,128,true,min_i64,0,17561,3,bound_static,0.836109
0,128,true,min_i64,0,17561,4,before,0.888311
0,128,true,min_i64,0,17561,5,after,0.840765
0,128,true,min_i64,1,17561,0,enum_static,0.850106
0,128,true,min_i64,1,17561,1,bound_dynamic,0.899894
0,128,true,min_i64,1,17561,2,bound_static,0.843970
0,128,true,min_i64,1,17561,3,before,0.888342
0,128,true,min_i64,1,17561,4,after,0.837550
0,128,true,min_i64,1,17561,5,enum_dynamic,0.914804
0,128,true,min_i64,2,17561,0,bound_dynamic,0.898200
0,128,true,min_i64,2,17561,1,bound_static,0.835941
0,128,true,min_i64,2,17561,2,before,0.888536
0,128,true,min_i64,2,17561,3,after,0.839156
0,128,true,min_i64,2,17561,4,enum_dynamic,0.914287
0,128,true,min_i64,2,17561,5,enum_static,0.848286
0,128,true,min_i64,3,17561,0,bound_static,0.836245
0,128,true,min_i64,3,17561,1,before,0.902158
0,128,true,min_i64,3,17561,2,after,0.839740
0,128,true,min_i64,3,17561,3,enum_dynamic,0.933681
0,128,true,min_i64,3,17561,4,enum_static,0.857864
0,128,true,min_i64,3,17561,5,bound_dynamic,0.903904
0,128,true,min_i64,4,17561,0,before,0.900340
0,128,true,min_i64,4,17561,1,after,0.859886
0,128,true,min_i64,4,17561,2,enum_dynamic,0.946952
0,128,true,min_i64,4,17561,3,enum_static,0.872191
0,128,true,min_i64,4,17561,4,bound_dynamic,0.918728
0,128,true,min_i64,4,17561,5,bound_static,0.856230
0,128,true,min_i64,5,17561,0,after,0.859986
0,128,true,min_i64,5,17561,1,enum_dynamic,0.944380
0,128,true,min_i64,5,17561,2,enum_static,0.873406
0,128,true,min_i64,5,17561,3,bound_dynamic,0.919604
0,128,true,min_i64,5,17561,4,bound_static,0.856835
0,128,true,min_i64,5,17561,5,before,0.907817
0,128,true,min_i64,6,17561,0,enum_dynamic,0.943032
0,128,true,min_i64,6,17561,1,enum_static,0.875425
0,128,true,min_i64,6,17561,2,bound_dynamic,0.919950
0,128,true,min_i64,6,17561,3,bound_static,0.859713
0,128,true,min_i64,6,17561,4,before,0.907973
0,128,true,min_i64,6,17561,5,after,0.859573
0,128,true,min_i64,7,17561,0,enum_static,0.868487
0,128,true,min_i64,7,17561,1,bound_dynamic,0.920183
0,128,true,min_i64,7,17561,2,bound_static,0.857509
0,128,true,min_i64,7,17561,3,before,0.910896
0,128,true,min_i64,7,17561,4,after,0.860441
0,128,true,min_i64,7,17561,5,enum_dynamic,0.944785
0,128,true,min_i64,8,17561,0,bound_dynamic,0.920019
0,128,true,min_i64,8,17561,1,bound_static,0.858548
0,128,true,min_i64,8,17561,2,before,0.906663
0,128,true,min_i64,8,17561,3,after,0.860520
0,128,true,min_i64,8,17561,4,enum_dynamic,0.953087
0,128,true,min_i64,8,17561,5,enum_static,0.851010
0,128,true,min_i64,9,17561,0,bound_static,0.838480
0,128,true,min_i64,9,17561,1,before,0.887836
0,128,true,min_i64,9,17561,2,after,0.840209
0,128,true,min_i64,9,17561,3,enum_dynamic,0.922670
0,128,true,min_i64,9,17561,4,enum_static,0.856035
0,128,true,min_i64,9,17561,5,bound_dynamic,0.904908
0,128,true,min_i64,10,17561,0,before,0.892465
0,128,true,min_i64,10,17561,1,after,0.841844
0,128,true,min_i64,10,17561,2,enum_dynamic,0.918005
0,128,true,min_i64,10,17561,3,enum_static,0.850139
0,128,true,min_i64,10,17561,4,bound_dynamic,0.898478
0,128,true,min_i64,10,17561,5,bound_static,0.839215
0,128,true,min_i64,11,17561,0,after,0.838674
0,128,true,min_i64,11,17561,1,enum_dynamic,0.915805
0,128,true,min_i64,11,17561,2,enum_static,0.850410
0,128,true,min_i64,11,17561,3,bound_dynamic,0.899491
0,128,true,min_i64,11,17561,4,bound_static,0.837329
0,128,true,min_i64,11,17561,5,before,0.889307
