process,rows,nullable,case,sample,iterations,position,variant,us_per_batch
2,8192,false,min_utf8,0,163,0,bound_dynamic,98.682773
2,8192,false,min_utf8,0,163,1,bound_static,93.540902
2,8192,false,min_utf8,0,163,2,before,94.802399
2,8192,false,min_utf8,0,163,3,after,92.550356
2,8192,false,min_utf8,0,163,4,enum_dynamic,94.586908
2,8192,false,min_utf8,0,163,5,enum_static,93.241564
2,8192,false,min_utf8,1,163,0,bound_static,94.081288
2,8192,false,min_utf8,1,163,1,before,96.474693
2,8192,false,min_utf8,1,163,2,after,93.968301
2,8192,false,min_utf8,1,163,3,enum_dynamic,96.299337
2,8192,false,min_utf8,1,163,4,enum_static,94.034252
2,8192,false,min_utf8,1,163,5,bound_dynamic,99.284767
2,8192,false,min_utf8,2,163,0,before,94.679448
2,8192,false,min_utf8,2,163,1,after,93.854037
2,8192,false,min_utf8,2,163,2,enum_dynamic,96.323110
2,8192,false,min_utf8,2,163,3,enum_static,94.205012
2,8192,false,min_utf8,2,163,4,bound_dynamic,99.223160
2,8192,false,min_utf8,2,163,5,bound_static,94.091515
2,8192,false,min_utf8,3,163,0,after,94.302914
2,8192,false,min_utf8,3,163,1,enum_dynamic,96.386503
2,8192,false,min_utf8,3,163,2,enum_static,94.653626
2,8192,false,min_utf8,3,163,3,bound_dynamic,98.922031
2,8192,false,min_utf8,3,163,4,bound_static,92.781951
2,8192,false,min_utf8,3,163,5,before,95.072853
2,8192,false,min_utf8,4,163,0,enum_dynamic,95.280166
2,8192,false,min_utf8,4,163,1,enum_static,92.703221
2,8192,false,min_utf8,4,163,2,bound_dynamic,97.372190
2,8192,false,min_utf8,4,163,3,bound_static,92.451429
2,8192,false,min_utf8,4,163,4,before,94.992589
2,8192,false,min_utf8,4,163,5,after,92.639571
2,8192,false,min_utf8,5,163,0,enum_static,92.668202
2,8192,false,min_utf8,5,163,1,bound_dynamic,97.960638
2,8192,false,min_utf8,5,163,2,bound_static,92.276840
2,8192,false,min_utf8,5,163,3,before,95.725460
2,8192,false,min_utf8,5,163,4,after,92.252301
2,8192,false,min_utf8,5,163,5,enum_dynamic,95.675613
2,8192,false,min_utf8,6,163,0,bound_dynamic,99.490282
2,8192,false,min_utf8,6,163,1,bound_static,92.962423
2,8192,false,min_utf8,6,163,2,before,94.911043
2,8192,false,min_utf8,6,163,3,after,92.717791
2,8192,false,min_utf8,6,163,4,enum_dynamic,94.837423
2,8192,false,min_utf8,6,163,5,enum_static,94.424337
2,8192,false,min_utf8,7,163,0,bound_static,94.050613
2,8192,false,min_utf8,7,163,1,before,96.930730
2,8192,false,min_utf8,7,163,2,after,94.956798
2,8192,false,min_utf8,7,163,3,enum_dynamic,94.916663
2,8192,false,min_utf8,7,163,4,enum_static,92.471626
2,8192,false,min_utf8,7,163,5,bound_dynamic,97.203221
2,8192,false,min_utf8,8,163,0,before,96.830006
2,8192,false,min_utf8,8,163,1,after,94.010988
2,8192,false,min_utf8,8,163,2,enum_dynamic,96.475460
2,8192,false,min_utf8,8,163,3,enum_static,94.290644
2,8192,false,min_utf8,8,163,4,bound_dynamic,99.210123
2,8192,false,min_utf8,8,163,5,bound_static,94.094577
2,8192,false,min_utf8,9,163,0,after,94.407209
2,8192,false,min_utf8,9,163,1,enum_dynamic,96.614006
2,8192,false,min_utf8,9,163,2,enum_static,94.121166
2,8192,false,min_utf8,9,163,3,bound_dynamic,99.165135
2,8192,false,min_utf8,9,163,4,bound_static,94.258945
2,8192,false,min_utf8,9,163,5,before,96.699644
2,8192,false,min_utf8,10,163,0,enum_dynamic,96.597644
2,8192,false,min_utf8,10,163,1,enum_static,94.187883
2,8192,false,min_utf8,10,163,2,bound_dynamic,99.058282
2,8192,false,min_utf8,10,163,3,bound_static,94.229804
2,8192,false,min_utf8,10,163,4,before,99.687883
2,8192,false,min_utf8,10,163,5,after,92.966515
2,8192,false,min_utf8,11,163,0,enum_static,93.362730
2,8192,false,min_utf8,11,163,1,bound_dynamic,97.547546
2,8192,false,min_utf8,11,163,2,bound_static,93.789877
2,8192,false,min_utf8,11,163,3,before,95.169221
2,8192,false,min_utf8,11,163,4,after,92.266362
2,8192,false,min_utf8,11,163,5,enum_dynamic,94.840748
2,8192,false,mixed_7,0,30,0,bound_dynamic,516.050000
2,8192,false,mixed_7,0,30,1,bound_static,508.390267
2,8192,false,mixed_7,0,30,2,before,514.906933
2,8192,false,mixed_7,0,30,3,after,512.488900
2,8192,false,mixed_7,0,30,4,enum_dynamic,515.356967
2,8192,false,mixed_7,0,30,5,enum_static,512.605567
2,8192,false,mixed_7,1,30,0,bound_static,507.736100
2,8192,false,mixed_7,1,30,1,before,509.850000
2,8192,false,mixed_7,1,30,2,after,508.952800
2,8192,false,mixed_7,1,30,3,enum_dynamic,517.115267
2,8192,false,mixed_7,1,30,4,enum_static,518.029167
2,8192,false,mixed_7,1,30,5,bound_dynamic,521.434733
2,8192,false,mixed_7,2,30,0,before,516.915300
2,8192,false,mixed_7,2,30,1,after,511.516667
2,8192,false,mixed_7,2,30,2,enum_dynamic,542.955567
2,8192,false,mixed_7,2,30,3,enum_static,521.336100
2,8192,false,mixed_7,2,30,4,bound_dynamic,521.434733
2,8192,false,mixed_7,2,30,5,bound_static,512.620833
2,8192,false,mixed_7,3,30,0,after,523.193033
2,8192,false,mixed_7,3,30,1,enum_dynamic,529.195833
2,8192,false,mixed_7,3,30,2,enum_static,507.201400
2,8192,false,mixed_7,3,30,3,bound_dynamic,518.483333
2,8192,false,mixed_7,3,30,4,bound_static,509.190267
2,8192,false,mixed_7,3,30,5,before,519.033333
2,8192,false,mixed_7,4,30,0,enum_dynamic,514.434700
2,8192,false,mixed_7,4,30,1,enum_static,516.651367
2,8192,false,mixed_7,4,30,2,bound_dynamic,524.259733
2,8192,false,mixed_7,4,30,3,bound_static,510.406933
2,8192,false,mixed_7,4,30,4,before,521.120833
2,8192,false,mixed_7,4,30,5,after,507.943067
2,8192,false,mixed_7,5,30,0,enum_static,511.237500
2,8192,false,mixed_7,5,30,1,bound_dynamic,520.023633
2,8192,false,mixed_7,5,30,2,bound_static,518.009733
2,8192,false,mixed_7,5,30,3,before,516.606933
2,8192,false,mixed_7,5,30,4,after,508.784733
2,8192,false,mixed_7,5,30,5,enum_dynamic,518.230567
2,8192,false,mixed_7,6,30,0,bound_dynamic,516.973600
2,8192,false,mixed_7,6,30,1,bound_static,511.575000
2,8192,false,mixed_7,6,30,2,before,515.683333
2,8192,false,mixed_7,6,30,3,after,510.311100
2,8192,false,mixed_7,6,30,4,enum_dynamic,517.556933
2,8192,false,mixed_7,6,30,5,enum_static,514.831933
2,8192,false,mixed_7,7,30,0,bound_static,510.554167
2,8192,false,mixed_7,7,30,1,before,515.586100
2,8192,false,mixed_7,7,30,2,after,511.981967
2,8192,false,mixed_7,7,30,3,enum_dynamic,517.398600
2,8192,false,mixed_7,7,30,4,enum_static,514.316667
2,8192,false,mixed_7,7,30,5,bound_dynamic,522.008333
2,8192,false,mixed_7,8,30,0,before,509.079167
2,8192,false,mixed_7,8,30,1,after,505.087500
2,8192,false,mixed_7,8,30,2,enum_dynamic,517.681933
2,8192,false,mixed_7,8,30,3,enum_static,517.016667
2,8192,false,mixed_7,8,30,4,bound_dynamic,519.118033
2,8192,false,mixed_7,8,30,5,bound_static,510.626400
2,8192,false,mixed_7,9,30,0,after,513.926367
2,8192,false,mixed_7,9,30,1,enum_dynamic,507.045833
2,8192,false,mixed_7,9,30,2,enum_static,513.095833
2,8192,false,mixed_7,9,30,3,bound_dynamic,518.505567
2,8192,false,mixed_7,9,30,4,bound_static,509.465267
2,8192,false,mixed_7,9,30,5,before,516.919467
2,8192,false,mixed_7,10,30,0,enum_dynamic,514.888900
2,8192,false,mixed_7,10,30,1,enum_static,511.666667
2,8192,false,mixed_7,10,30,2,bound_dynamic,518.684733
2,8192,false,mixed_7,10,30,3,bound_static,512.530567
2,8192,false,mixed_7,10,30,4,before,515.841667
2,8192,false,mixed_7,10,30,5,after,510.248633
2,8192,false,mixed_7,11,30,0,enum_static,513.497200
2,8192,false,mixed_7,11,30,1,bound_dynamic,517.744433
2,8192,false,mixed_7,11,30,2,bound_static,510.583333
2,8192,false,mixed_7,11,30,3,before,515.154167
2,8192,false,mixed_7,11,30,4,after,510.572233
2,8192,false,mixed_7,11,30,5,enum_dynamic,514.461133
2,128,true,count_star,0,50000,0,bound_dynamic,0.068242
2,128,true,count_star,0,50000,1,bound_static,0.069133
2,128,true,count_star,0,50000,2,before,0.070895
2,128,true,count_star,0,50000,3,after,0.069204
2,128,true,count_star,0,50000,4,enum_dynamic,0.071081
2,128,true,count_star,0,50000,5,enum_static,0.071362
2,128,true,count_star,1,50000,0,bound_static,0.069135
2,128,true,count_star,1,50000,1,before,0.070792
2,128,true,count_star,1,50000,2,after,0.069257
2,128,true,count_star,1,50000,3,enum_dynamic,0.070953
2,128,true,count_star,1,50000,4,enum_static,0.071377
2,128,true,count_star,1,50000,5,bound_dynamic,0.069227
2,128,true,count_star,2,50000,0,before,0.070811
2,128,true,count_star,2,50000,1,after,0.069152
2,128,true,count_star,2,50000,2,enum_dynamic,0.071428
2,128,true,count_star,2,50000,3,enum_static,0.071212
2,128,true,count_star,2,50000,4,bound_dynamic,0.069244
2,128,true,count_star,2,50000,5,bound_static,0.069372
2,128,true,count_star,3,50000,0,after,0.069310
2,128,true,count_star,3,50000,1,enum_dynamic,0.070912
2,128,true,count_star,3,50000,2,enum_static,0.071222
2,128,true,count_star,3,50000,3,bound_dynamic,0.069159
2,128,true,count_star,3,50000,4,bound_static,0.069234
2,128,true,count_star,3,50000,5,before,0.071501
2,128,true,count_star,4,50000,0,enum_dynamic,0.071335
2,128,true,count_star,4,50000,1,enum_static,0.070994
2,128,true,count_star,4,50000,2,bound_dynamic,0.069132
2,128,true,count_star,4,50000,3,bound_static,0.069416
2,128,true,count_star,4,50000,4,before,0.070897
2,128,true,count_star,4,50000,5,after,0.069642
2,128,true,count_star,5,50000,0,enum_static,0.071006
2,128,true,count_star,5,50000,1,bound_dynamic,0.069240
2,128,true,count_star,5,50000,2,bound_static,0.069135
2,128,true,count_star,5,50000,3,before,0.071262
2,128,true,count_star,5,50000,4,after,0.069510
2,128,true,count_star,5,50000,5,enum_dynamic,0.070849
2,128,true,count_star,6,50000,0,bound_dynamic,0.069135
2,128,true,count_star,6,50000,1,bound_static,0.069250
2,128,true,count_star,6,50000,2,before,0.070951
2,128,true,count_star,6,50000,3,after,0.069887
2,128,true,count_star,6,50000,4,enum_dynamic,0.070779
2,128,true,count_star,6,50000,5,enum_static,0.071180
2,128,true,count_star,7,50000,0,bound_static,0.069420
2,128,true,count_star,7,50000,1,before,0.071211
2,128,true,count_star,7,50000,2,after,0.069153
2,128,true,count_star,7,50000,3,enum_dynamic,0.070892
2,128,true,count_star,7,50000,4,enum_static,0.071247
2,128,true,count_star,7,50000,5,bound_dynamic,0.069653
2,128,true,count_star,8,50000,0,before,0.070753
2,128,true,count_star,8,50000,1,after,0.069828
2,128,true,count_star,8,50000,2,enum_dynamic,0.072915
2,128,true,count_star,8,50000,3,enum_static,0.069962
2,128,true,count_star,8,50000,4,bound_dynamic,0.068530
2,128,true,count_star,8,50000,5,bound_static,0.068145
2,128,true,count_star,9,50000,0,after,0.067927
2,128,true,count_star,9,50000,1,enum_dynamic,0.069525
2,128,true,count_star,9,50000,2,enum_static,0.070081
2,128,true,count_star,9,50000,3,bound_dynamic,0.067852
2,128,true,count_star,9,50000,4,bound_static,0.067984
2,128,true,count_star,9,50000,5,before,0.069742
2,128,true,count_star,10,50000,0,enum_dynamic,0.069755
2,128,true,count_star,10,50000,1,enum_static,0.071416
2,128,true,count_star,10,50000,2,bound_dynamic,0.069620
2,128,true,count_star,10,50000,3,bound_static,0.069134
2,128,true,count_star,10,50000,4,before,0.070975
2,128,true,count_star,10,50000,5,after,0.069179
2,128,true,count_star,11,50000,0,enum_static,0.071447
2,128,true,count_star,11,50000,1,bound_dynamic,0.069241
2,128,true,count_star,11,50000,2,bound_static,0.069186
2,128,true,count_star,11,50000,3,before,0.070799
2,128,true,count_star,11,50000,4,after,0.069258
2,128,true,count_star,11,50000,5,enum_dynamic,0.071538
2,65536,false,mixed_7,0,8,0,bound_dynamic,4148.442750
2,65536,false,mixed_7,0,8,1,bound_static,4054.083375
2,65536,false,mixed_7,0,8,2,before,4140.895875
2,65536,false,mixed_7,0,8,3,after,4073.130250
2,65536,false,mixed_7,0,8,4,enum_dynamic,4079.890625
2,65536,false,mixed_7,0,8,5,enum_static,4086.776000
2,65536,false,mixed_7,1,8,0,bound_static,4064.588500
2,65536,false,mixed_7,1,8,1,before,4050.171875
2,65536,false,mixed_7,1,8,2,after,4046.645750
2,65536,false,mixed_7,1,8,3,enum_dynamic,4112.625000
2,65536,false,mixed_7,1,8,4,enum_static,4113.833375
2,65536,false,mixed_7,1,8,5,bound_dynamic,4114.651000
2,65536,false,mixed_7,2,8,0,before,4090.677000
2,65536,false,mixed_7,2,8,1,after,4022.364625
2,65536,false,mixed_7,2,8,2,enum_dynamic,4097.255250
2,65536,false,mixed_7,2,8,3,enum_static,4053.333250
2,65536,false,mixed_7,2,8,4,bound_dynamic,4120.666625
2,65536,false,mixed_7,2,8,5,bound_static,4065.083375
2,65536,false,mixed_7,3,8,0,after,4074.411500
2,65536,false,mixed_7,3,8,1,enum_dynamic,4091.343750
2,65536,false,mixed_7,3,8,2,enum_static,4028.333375
2,65536,false,mixed_7,3,8,3,bound_dynamic,4112.218750
2,65536,false,mixed_7,3,8,4,bound_static,4013.250000
2,65536,false,mixed_7,3,8,5,before,4111.864500
2,65536,false,mixed_7,4,8,0,enum_dynamic,4116.895875
2,65536,false,mixed_7,4,8,1,enum_static,4067.213625
2,65536,false,mixed_7,4,8,2,bound_dynamic,4207.567750
2,65536,false,mixed_7,4,8,3,bound_static,4152.114500
2,65536,false,mixed_7,4,8,4,before,4285.479125
2,65536,false,mixed_7,4,8,5,after,4173.697875
2,65536,false,mixed_7,5,8,0,enum_static,4153.281250
2,65536,false,mixed_7,5,8,1,bound_dynamic,4225.458375
2,65536,false,mixed_7,5,8,2,bound_static,4319.651000
2,65536,false,mixed_7,5,8,3,before,4290.901125
2,65536,false,mixed_7,5,8,4,after,4208.359375
2,65536,false,mixed_7,5,8,5,enum_dynamic,4141.671875
2,65536,false,mixed_7,6,8,0,bound_dynamic,4131.916625
2,65536,false,mixed_7,6,8,1,bound_static,4064.046875
2,65536,false,mixed_7,6,8,2,before,4092.427125
2,65536,false,mixed_7,6,8,3,after,4027.401000
2,65536,false,mixed_7,6,8,4,enum_dynamic,4085.567750
2,65536,false,mixed_7,6,8,5,enum_static,4097.963500
2,65536,false,mixed_7,7,8,0,bound_static,4057.375000
2,65536,false,mixed_7,7,8,1,before,4106.093750
2,65536,false,mixed_7,7,8,2,after,4050.203125
2,65536,false,mixed_7,7,8,3,enum_dynamic,4104.692625
2,65536,false,mixed_7,7,8,4,enum_static,4078.442750
2,65536,false,mixed_7,7,8,5,bound_dynamic,4117.020875
2,65536,false,mixed_7,8,8,0,before,4101.255250
2,65536,false,mixed_7,8,8,1,after,4042.031250
2,65536,false,mixed_7,8,8,2,enum_dynamic,4050.328125
2,65536,false,mixed_7,8,8,3,enum_static,4065.599000
2,65536,false,mixed_7,8,8,4,bound_dynamic,4126.197875
2,65536,false,mixed_7,8,8,5,bound_static,4075.307375
2,65536,false,mixed_7,9,8,0,after,4049.224000
2,65536,false,mixed_7,9,8,1,enum_dynamic,4114.520750
2,65536,false,mixed_7,9,8,2,enum_static,4083.474000
2,65536,false,mixed_7,9,8,3,bound_dynamic,4126.317750
2,65536,false,mixed_7,9,8,4,bound_static,4055.849000
2,65536,false,mixed_7,9,8,5,before,4126.484375
2,65536,false,mixed_7,10,8,0,enum_dynamic,4119.921875
2,65536,false,mixed_7,10,8,1,enum_static,4077.072875
2,65536,false,mixed_7,10,8,2,bound_dynamic,4083.948000
2,65536,false,mixed_7,10,8,3,bound_static,4150.916750
2,65536,false,mixed_7,10,8,4,before,4103.015625
2,65536,false,mixed_7,10,8,5,after,4063.640625
2,65536,false,mixed_7,11,8,0,enum_static,4080.739625
2,65536,false,mixed_7,11,8,1,bound_dynamic,4108.932375
2,65536,false,mixed_7,11,8,2,bound_static,4052.520875
2,65536,false,mixed_7,11,8,3,before,4098.630250
2,65536,false,mixed_7,11,8,4,after,4051.968750
2,65536,false,mixed_7,11,8,5,enum_dynamic,4111.666625
2,65536,true,count_distinct_i64,0,8,0,bound_dynamic,2841.885500
2,65536,true,count_distinct_i64,0,8,1,bound_static,3175.109375
2,65536,true,count_distinct_i64,0,8,2,before,2848.494750
2,65536,true,count_distinct_i64,0,8,3,after,2849.989500
2,65536,true,count_distinct_i64,0,8,4,enum_dynamic,2804.317750
2,65536,true,count_distinct_i64,0,8,5,enum_static,2771.109375
2,65536,true,count_distinct_i64,1,8,0,bound_static,3149.229250
2,65536,true,count_distinct_i64,1,8,1,before,2829.151000
2,65536,true,count_distinct_i64,1,8,2,after,2783.328125
2,65536,true,count_distinct_i64,1,8,3,enum_dynamic,2792.349000
2,65536,true,count_distinct_i64,1,8,4,enum_static,2784.005125
2,65536,true,count_distinct_i64,1,8,5,bound_dynamic,2784.286500
2,65536,true,count_distinct_i64,2,8,0,before,2786.796875
2,65536,true,count_distinct_i64,2,8,1,after,3259.849000
2,65536,true,count_distinct_i64,2,8,2,enum_dynamic,3263.843750
2,65536,true,count_distinct_i64,2,8,3,enum_static,2776.416625
2,65536,true,count_distinct_i64,2,8,4,bound_dynamic,2728.463500
2,65536,true,count_distinct_i64,2,8,5,bound_static,3137.145875
2,65536,true,count_distinct_i64,3,8,0,after,3173.744750
2,65536,true,count_distinct_i64,3,8,1,enum_dynamic,3252.770875
2,65536,true,count_distinct_i64,3,8,2,enum_static,2856.270875
2,65536,true,count_distinct_i64,3,8,3,bound_dynamic,2856.692750
2,65536,true,count_distinct_i64,3,8,4,bound_static,3150.036500
2,65536,true,count_distinct_i64,3,8,5,before,2785.015625
2,65536,true,count_distinct_i64,4,8,0,enum_dynamic,3136.812500
2,65536,true,count_distinct_i64,4,8,1,enum_static,2775.843750
2,65536,true,count_distinct_i64,4,8,2,bound_dynamic,2840.567750
2,65536,true,count_distinct_i64,4,8,3,bound_static,3156.020875
2,65536,true,count_distinct_i64,4,8,4,before,2782.572875
2,65536,true,count_distinct_i64,4,8,5,after,2776.255250
2,65536,true,count_distinct_i64,5,8,0,enum_static,2778.338625
2,65536,true,count_distinct_i64,5,8,1,bound_dynamic,2774.192625
2,65536,true,count_distinct_i64,5,8,2,bound_static,3138.026125
2,65536,true,count_distinct_i64,5,8,3,before,2784.494750
2,65536,true,count_distinct_i64,5,8,4,after,2795.901000
2,65536,true,count_distinct_i64,5,8,5,enum_dynamic,2796.901000
2,65536,true,count_distinct_i64,6,8,0,bound_dynamic,2787.760375
2,65536,true,count_distinct_i64,6,8,1,bound_static,3143.807375
2,65536,true,count_distinct_i64,6,8,2,before,2778.698000
2,65536,true,count_distinct_i64,6,8,3,after,2783.911500
2,65536,true,count_distinct_i64,6,8,4,enum_dynamic,2775.864500
2,65536,true,count_distinct_i64,6,8,5,enum_static,2775.849000
2,65536,true,count_distinct_i64,7,8,0,bound_static,3165.015625
2,65536,true,count_distinct_i64,7,8,1,before,2779.869750
2,65536,true,count_distinct_i64,7,8,2,after,2842.291625
2,65536,true,count_distinct_i64,7,8,3,enum_dynamic,2850.947875
2,65536,true,count_distinct_i64,7,8,4,enum_static,2852.557375
2,65536,true,count_distinct_i64,7,8,5,bound_dynamic,2850.713625
2,65536,true,count_distinct_i64,8,8,0,before,2855.062500
2,65536,true,count_distinct_i64,8,8,1,after,3202.796875
2,65536,true,count_distinct_i64,8,8,2,enum_dynamic,3186.812500
2,65536,true,count_distinct_i64,8,8,3,enum_static,2843.177125
2,65536,true,count_distinct_i64,8,8,4,bound_dynamic,2848.255250
2,65536,true,count_distinct_i64,8,8,5,bound_static,3247.390625
2,65536,true,count_distinct_i64,9,8,0,after,3243.073000
2,65536,true,count_distinct_i64,9,8,1,enum_dynamic,3244.640625
2,65536,true,count_distinct_i64,9,8,2,enum_static,2856.224000
2,65536,true,count_distinct_i64,9,8,3,bound_dynamic,2849.682250
2,65536,true,count_distinct_i64,9,8,4,bound_static,3117.062500
2,65536,true,count_distinct_i64,9,8,5,before,2828.812500
2,65536,true,count_distinct_i64,10,8,0,enum_dynamic,3160.192750
2,65536,true,count_distinct_i64,10,8,1,enum_static,2807.770750
2,65536,true,count_distinct_i64,10,8,2,bound_dynamic,2840.948000
2,65536,true,count_distinct_i64,10,8,3,bound_static,3197.010500
2,65536,true,count_distinct_i64,10,8,4,before,2787.651000
2,65536,true,count_distinct_i64,10,8,5,after,2816.088500
2,65536,true,count_distinct_i64,11,8,0,enum_static,2848.562500
2,65536,true,count_distinct_i64,11,8,1,bound_dynamic,2844.401000
2,65536,true,count_distinct_i64,11,8,2,bound_static,3176.588500
2,65536,true,count_distinct_i64,11,8,3,before,2771.901125
2,65536,true,count_distinct_i64,11,8,4,after,2772.875000
2,65536,true,count_distinct_i64,11,8,5,enum_dynamic,2784.296875
2,65536,false,avg_i64,0,139,0,bound_dynamic,108.193345
2,65536,false,avg_i64,0,139,1,bound_static,108.219424
2,65536,false,avg_i64,0,139,2,before,126.395986
2,65536,false,avg_i64,0,139,3,after,108.198741
2,65536,false,avg_i64,0,139,4,enum_dynamic,126.991309
2,65536,false,avg_i64,0,139,5,enum_static,126.508396
2,65536,false,avg_i64,1,139,0,bound_static,106.240705
2,65536,false,avg_i64,1,139,1,before,123.134590
2,65536,false,avg_i64,1,139,2,after,104.769482
2,65536,false,avg_i64,1,139,3,enum_dynamic,123.121705
2,65536,false,avg_i64,1,139,4,enum_static,123.730511
2,65536,false,avg_i64,1,139,5,bound_dynamic,104.698741
2,65536,false,avg_i64,2,139,0,before,122.700540
2,65536,false,avg_i64,2,139,1,after,104.462827
2,65536,false,avg_i64,2,139,2,enum_dynamic,122.775784
2,65536,false,avg_i64,2,139,3,enum_static,122.656777
2,65536,false,avg_i64,2,139,4,bound_dynamic,104.491906
2,65536,false,avg_i64,2,139,5,bound_static,104.401978
2,65536,false,avg_i64,3,139,0,after,104.437050
2,65536,false,avg_i64,3,139,1,enum_dynamic,122.682849
2,65536,false,avg_i64,3,139,2,enum_static,122.647482
2,65536,false,avg_i64,3,139,3,bound_dynamic,104.714928
2,65536,false,avg_i64,3,139,4,bound_static,104.725424
2,65536,false,avg_i64,3,139,5,before,124.501194
2,65536,false,avg_i64,4,139,0,enum_dynamic,123.043468
2,65536,false,avg_i64,4,139,1,enum_static,123.020381
2,65536,false,avg_i64,4,139,2,bound_dynamic,104.675058
2,65536,false,avg_i64,4,139,3,bound_static,104.390288
2,65536,false,avg_i64,4,139,4,before,124.391791
2,65536,false,avg_i64,4,139,5,after,104.458935
2,65536,false,avg_i64,5,139,0,enum_static,123.464029
2,65536,false,avg_i64,5,139,1,bound_dynamic,104.687345
2,65536,false,avg_i64,5,139,2,bound_static,104.784770
2,65536,false,avg_i64,5,139,3,before,122.944547
2,65536,false,avg_i64,5,139,4,after,104.807252
2,65536,false,avg_i64,5,139,5,enum_dynamic,123.273683
2,65536,false,avg_i64,6,139,0,bound_dynamic,103.651978
2,65536,false,avg_i64,6,139,1,bound_static,104.362712
2,65536,false,avg_i64,6,139,2,before,122.786568
2,65536,false,avg_i64,6,139,3,after,104.807554
2,65536,false,avg_i64,6,139,4,enum_dynamic,122.848317
2,65536,false,avg_i64,6,139,5,enum_static,124.279676
2,65536,false,avg_i64,7,139,0,bound_static,103.540763
2,65536,false,avg_i64,7,139,1,before,123.360309
2,65536,false,avg_i64,7,139,2,after,103.068345
2,65536,false,avg_i64,7,139,3,enum_dynamic,123.197237
2,65536,false,avg_i64,7,139,4,enum_static,122.590532
2,65536,false,avg_i64,7,139,5,bound_dynamic,104.848619
2,65536,false,avg_i64,8,139,0,before,122.764388
2,65536,false,avg_i64,8,139,1,after,104.771281
2,65536,false,avg_i64,8,139,2,enum_dynamic,122.628000
2,65536,false,avg_i64,8,139,3,enum_static,123.134892
2,65536,false,avg_i64,8,139,4,bound_dynamic,104.511388
2,65536,false,avg_i64,8,139,5,bound_static,104.682849
2,65536,false,avg_i64,9,139,0,after,104.442151
2,65536,false,avg_i64,9,139,1,enum_dynamic,122.844424
2,65536,false,avg_i64,9,139,2,enum_static,122.827043
2,65536,false,avg_i64,9,139,3,bound_dynamic,104.247597
2,65536,false,avg_i64,9,139,4,bound_static,104.267388
2,65536,false,avg_i64,9,139,5,before,124.169669
2,65536,false,avg_i64,10,139,0,enum_dynamic,122.603712
2,65536,false,avg_i64,10,139,1,enum_static,123.045266
2,65536,false,avg_i64,10,139,2,bound_dynamic,104.367806
2,65536,false,avg_i64,10,139,3,bound_static,104.715230
2,65536,false,avg_i64,10,139,4,before,124.261396
2,65536,false,avg_i64,10,139,5,after,104.141482
2,65536,false,avg_i64,11,139,0,enum_static,123.138489
2,65536,false,avg_i64,11,139,1,bound_dynamic,105.142086
2,65536,false,avg_i64,11,139,2,bound_static,104.800360
2,65536,false,avg_i64,11,139,3,before,122.833633
2,65536,false,avg_i64,11,139,4,after,104.333935
2,65536,false,avg_i64,11,139,5,enum_dynamic,122.669065
2,8192,false,count_i64,0,3848,0,bound_dynamic,3.850019
2,8192,false,count_i64,0,3848,1,bound_static,3.828038
2,8192,false,count_i64,0,3848,2,before,3.905817
2,8192,false,count_i64,0,3848,3,after,3.897847
2,8192,false,count_i64,0,3848,4,enum_dynamic,3.900738
2,8192,false,count_i64,0,3848,5,enum_static,3.952930
2,8192,false,count_i64,1,3848,0,bound_static,3.899233
2,8192,false,count_i64,1,3848,1,before,3.901637
2,8192,false,count_i64,1,3848,2,after,3.896678
2,8192,false,count_i64,1,3848,3,enum_dynamic,3.903131
2,8192,false,count_i64,1,3848,4,enum_static,3.906499
2,8192,false,count_i64,1,3848,5,bound_dynamic,3.895400
2,8192,false,count_i64,2,3848,0,before,3.909206
2,8192,false,count_i64,2,3848,1,after,3.902579
2,8192,false,count_i64,2,3848,2,enum_dynamic,3.882926
2,8192,false,count_i64,2,3848,3,enum_static,3.858953
2,8192,false,count_i64,2,3848,4,bound_dynamic,3.896028
2,8192,false,count_i64,2,3848,5,bound_static,3.847551
2,8192,false,count_i64,3,3848,0,after,3.828872
2,8192,false,count_i64,3,3848,1,enum_dynamic,3.848525
2,8192,false,count_i64,3,3848,2,enum_static,3.882861
2,8192,false,count_i64,3,3848,3,bound_dynamic,3.905059
2,8192,false,count_i64,3,3848,4,bound_static,3.913028
2,8192,false,count_i64,3,3848,5,before,3.835196
2,8192,false,count_i64,4,3848,0,enum_dynamic,3.905784
2,8192,false,count_i64,4,3848,1,enum_static,3.906098
2,8192,false,count_i64,4,3848,2,bound_dynamic,3.903348
2,8192,false,count_i64,4,3848,3,bound_static,3.912736
2,8192,false,count_i64,4,3848,4,before,3.839311
2,8192,false,count_i64,4,3848,5,after,3.912325
2,8192,false,count_i64,5,3848,0,enum_static,3.907993
2,8192,false,count_i64,5,3848,1,bound_dynamic,3.908177
2,8192,false,count_i64,5,3848,2,bound_static,3.903749
2,8192,false,count_i64,5,3848,3,before,3.916526
2,8192,false,count_i64,5,3848,4,after,3.905936
2,8192,false,count_i64,5,3848,5,enum_dynamic,3.927950
2,8192,false,count_i64,6,3848,0,bound_dynamic,3.833041
2,8192,false,count_i64,6,3848,1,bound_static,3.824963
2,8192,false,count_i64,6,3848,2,before,3.904333
2,8192,false,count_i64,6,3848,3,after,3.897490
2,8192,false,count_i64,6,3848,4,enum_dynamic,3.910830
2,8192,false,count_i64,6,3848,5,enum_static,3.925210
2,8192,false,count_i64,7,3848,0,bound_static,3.892726
2,8192,false,count_i64,7,3848,1,before,3.912086
2,8192,false,count_i64,7,3848,2,after,3.895985
2,8192,false,count_i64,7,3848,3,enum_dynamic,3.914447
2,8192,false,count_i64,7,3848,4,enum_static,3.890960
2,8192,false,count_i64,7,3848,5,bound_dynamic,3.844606
2,8192,false,count_i64,8,3848,0,before,3.899818
2,8192,false,count_i64,8,3848,1,after,3.906910
2,8192,false,count_i64,8,3848,2,enum_dynamic,3.908470
2,8192,false,count_i64,8,3848,3,enum_static,3.902189
2,8192,false,count_i64,8,3848,4,bound_dynamic,3.898334
2,8192,false,count_i64,8,3848,5,bound_static,3.897653
2,8192,false,count_i64,9,3848,0,after,3.913949
2,8192,false,count_i64,9,3848,1,enum_dynamic,3.865753
2,8192,false,count_i64,9,3848,2,enum_static,3.887323
2,8192,false,count_i64,9,3848,3,bound_dynamic,3.896754
2,8192,false,count_i64,9,3848,4,bound_static,3.921106
2,8192,false,count_i64,9,3848,5,before,3.902742
2,8192,false,count_i64,10,3848,0,enum_dynamic,3.847107
2,8192,false,count_i64,10,3848,1,enum_static,3.906034
2,8192,false,count_i64,10,3848,2,bound_dynamic,3.897718
2,8192,false,count_i64,10,3848,3,bound_static,3.940099
2,8192,false,count_i64,10,3848,4,before,3.846219
2,8192,false,count_i64,10,3848,5,after,3.847161
2,8192,false,count_i64,11,3848,0,enum_static,3.883912
2,8192,false,count_i64,11,3848,1,bound_dynamic,3.834741
2,8192,false,count_i64,11,3848,2,bound_static,3.830496
2,8192,false,count_i64,11,3848,3,before,3.902753
2,8192,false,count_i64,11,3848,4,after,3.899363
2,8192,false,count_i64,11,3848,5,enum_dynamic,3.903586
2,8192,true,min_utf8,0,140,0,bound_dynamic,111.883929
2,8192,true,min_utf8,0,140,1,bound_static,107.061607
2,8192,true,min_utf8,0,140,2,before,110.496429
2,8192,true,min_utf8,0,140,3,after,109.048214
2,8192,true,min_utf8,0,140,4,enum_dynamic,108.574400
2,8192,true,min_utf8,0,140,5,enum_static,107.713100
2,8192,true,min_utf8,1,140,0,bound_static,108.154757
2,8192,true,min_utf8,1,140,1,before,109.788393
2,8192,true,min_utf8,1,140,2,after,107.686607
2,8192,true,min_utf8,1,140,3,enum_dynamic,109.777679
2,8192,true,min_utf8,1,140,4,enum_static,108.138986
2,8192,true,min_utf8,1,140,5,bound_dynamic,112.369643
2,8192,true,min_utf8,2,140,0,before,109.248214
2,8192,true,min_utf8,2,140,1,after,107.340479
2,8192,true,min_utf8,2,140,2,enum_dynamic,108.951193
2,8192,true,min_utf8,2,140,3,enum_static,107.973807
2,8192,true,min_utf8,2,140,4,bound_dynamic,112.546429
2,8192,true,min_utf8,2,140,5,bound_static,107.806850
2,8192,true,min_utf8,3,140,0,after,107.436307
2,8192,true,min_utf8,3,140,1,enum_dynamic,110.263686
2,8192,true,min_utf8,3,140,2,enum_static,107.420236
2,8192,true,min_utf8,3,140,3,bound_dynamic,110.093750
2,8192,true,min_utf8,3,140,4,bound_static,106.124400
2,8192,true,min_utf8,3,140,5,before,109.511607
2,8192,true,min_utf8,4,140,0,enum_dynamic,109.751486
2,8192,true,min_utf8,4,140,1,enum_static,108.259221
2,8192,true,min_utf8,4,140,2,bound_dynamic,113.460121
2,8192,true,min_utf8,4,140,3,bound_static,108.079764
2,8192,true,min_utf8,4,140,4,before,110.268450
2,8192,true,min_utf8,4,140,5,after,108.805057
2,8192,true,min_utf8,5,140,0,enum_static,108.342857
2,8192,true,min_utf8,5,140,1,bound_dynamic,111.958329
2,8192,true,min_utf8,5,140,2,bound_static,108.093750
2,8192,true,min_utf8,5,140,3,before,110.161307
2,8192,true,min_utf8,5,140,4,after,108.019350
2,8192,true,min_utf8,5,140,5,enum_dynamic,110.000893
2,8192,true,min_utf8,6,140,0,bound_dynamic,113.106843
2,8192,true,min_utf8,6,140,1,bound_static,108.599107
2,8192,true,min_utf8,6,140,2,before,110.245236
2,8192,true,min_utf8,6,140,3,after,107.263393
2,8192,true,min_utf8,6,140,4,enum_dynamic,109.732443
2,8192,true,min_utf8,6,140,5,enum_static,108.079464
2,8192,true,min_utf8,7,140,0,bound_static,105.309521
2,8192,true,min_utf8,7,140,1,before,108.262200
2,8192,true,min_utf8,7,140,2,after,107.035714
2,8192,true,min_utf8,7,140,3,enum_dynamic,110.354464
2,8192,true,min_utf8,7,140,4,enum_static,107.102979
2,8192,true,min_utf8,7,140,5,bound_dynamic,111.259821
2,8192,true,min_utf8,8,140,0,before,110.261007
2,8192,true,min_utf8,8,140,1,after,107.469943
2,8192,true,min_utf8,8,140,2,enum_dynamic,109.726186
2,8192,true,min_utf8,8,140,3,enum_static,107.726486
2,8192,true,min_utf8,8,140,4,bound_dynamic,111.828571
2,8192,true,min_utf8,8,140,5,bound_static,107.643750
2,8192,true,min_utf8,9,140,0,after,109.519350
2,8192,true,min_utf8,9,140,1,enum_dynamic,109.386907
2,8192,true,min_utf8,9,140,2,enum_static,107.962500
2,8192,true,min_utf8,9,140,3,bound_dynamic,111.794350
2,8192,true,min_utf8,9,140,4,bound_static,107.185421
2,8192,true,min_utf8,9,140,5,before,109.320829
2,8192,true,min_utf8,10,140,0,enum_dynamic,108.828271
2,8192,true,min_utf8,10,140,1,enum_static,105.811607
2,8192,true,min_utf8,10,140,2,bound_dynamic,110.493750
2,8192,true,min_utf8,10,140,3,bound_static,106.419050
2,8192,true,min_utf8,10,140,4,before,109.189886
2,8192,true,min_utf8,10,140,5,after,107.528279
2,8192,true,min_utf8,11,140,0,enum_static,107.631250
2,8192,true,min_utf8,11,140,1,bound_dynamic,112.021129
2,8192,true,min_utf8,11,140,2,bound_static,107.877379
2,8192,true,min_utf8,11,140,3,before,109.651186
2,8192,true,min_utf8,11,140,4,after,108.144643
2,8192,true,min_utf8,11,140,5,enum_dynamic,110.333036
2,8192,false,count_distinct_i64,0,41,0,bound_dynamic,363.903439
2,8192,false,count_distinct_i64,0,41,1,bound_static,405.777439
2,8192,false,count_distinct_i64,0,41,2,before,362.910585
2,8192,false,count_distinct_i64,0,41,3,after,365.966463
2,8192,false,count_distinct_i64,0,41,4,enum_dynamic,364.646341
2,8192,false,count_distinct_i64,0,41,5,enum_static,362.361780
2,8192,false,count_distinct_i64,1,41,0,bound_static,402.728659
2,8192,false,count_distinct_i64,1,41,1,before,361.515244
2,8192,false,count_distinct_i64,1,41,2,after,365.388195
2,8192,false,count_distinct_i64,1,41,3,enum_dynamic,362.633146
2,8192,false,count_distinct_i64,1,41,4,enum_static,365.027439
2,8192,false,count_distinct_i64,1,41,5,bound_dynamic,364.082317
2,8192,false,count_distinct_i64,2,41,0,before,382.590463
2,8192,false,count_distinct_i64,2,41,1,after,395.373976
2,8192,false,count_distinct_i64,2,41,2,enum_dynamic,399.030488
2,8192,false,count_distinct_i64,2,41,3,enum_static,355.023366
2,8192,false,count_distinct_i64,2,41,4,bound_dynamic,356.449195
2,8192,false,count_distinct_i64,2,41,5,bound_static,398.347561
2,8192,false,count_distinct_i64,3,41,0,after,403.422756
2,8192,false,count_distinct_i64,3,41,1,enum_dynamic,402.664634
2,8192,false,count_distinct_i64,3,41,2,enum_static,364.790659
2,8192,false,count_distinct_i64,3,41,3,bound_dynamic,361.979683
2,8192,false,count_distinct_i64,3,41,4,bound_static,406.065024
2,8192,false,count_distinct_i64,3,41,5,before,363.956317
2,8192,false,count_distinct_i64,4,41,0,enum_dynamic,404.399390
2,8192,false,count_distinct_i64,4,41,1,enum_static,363.113805
2,8192,false,count_distinct_i64,4,41,2,bound_dynamic,362.945122
2,8192,false,count_distinct_i64,4,41,3,bound_static,403.179878
2,8192,false,count_distinct_i64,4,41,4,before,361.899390
2,8192,false,count_distinct_i64,4,41,5,after,363.136171
2,8192,false,count_distinct_i64,5,41,0,enum_static,365.013220
2,8192,false,count_distinct_i64,5,41,1,bound_dynamic,361.297756
2,8192,false,count_distinct_i64,5,41,2,bound_static,403.268293
2,8192,false,count_distinct_i64,5,41,3,before,358.173780
2,8192,false,count_distinct_i64,5,41,4,after,363.591463
2,8192,false,count_distinct_i64,5,41,5,enum_dynamic,367.316073
2,8192,false,count_distinct_i64,6,41,0,bound_dynamic,362.574195
2,8192,false,count_distinct_i64,6,41,1,bound_static,404.212415
2,8192,false,count_distinct_i64,6,41,2,before,361.760171
2,8192,false,count_distinct_i64,6,41,3,after,364.757122
2,8192,false,count_distinct_i64,6,41,4,enum_dynamic,388.348561
2,8192,false,count_distinct_i64,6,41,5,enum_static,367.185976
2,8192,false,count_distinct_i64,7,41,0,bound_static,397.906512
2,8192,false,count_distinct_i64,7,41,1,before,363.903463
2,8192,false,count_distinct_i64,7,41,2,after,363.397366
2,8192,false,count_distinct_i64,7,41,3,enum_dynamic,364.506098
2,8192,false,count_distinct_i64,7,41,4,enum_static,362.893293
2,8192,false,count_distinct_i64,7,41,5,bound_dynamic,362.877049
2,8192,false,count_distinct_i64,8,41,0,before,365.702220
2,8192,false,count_distinct_i64,8,41,1,after,403.879073
2,8192,false,count_distinct_i64,8,41,2,enum_dynamic,402.801829
2,8192,false,count_distinct_i64,8,41,3,enum_static,362.866878
2,8192,false,count_distinct_i64,8,41,4,bound_dynamic,365.616878
2,8192,false,count_distinct_i64,8,41,5,bound_static,405.325195
2,8192,false,count_distinct_i64,9,41,0,after,402.551829
2,8192,false,count_distinct_i64,9,41,1,enum_dynamic,403.947171
2,8192,false,count_distinct_i64,9,41,2,enum_static,364.056902
2,8192,false,count_distinct_i64,9,41,3,bound_dynamic,366.103659
2,8192,false,count_distinct_i64,9,41,4,bound_static,404.125000
2,8192,false,count_distinct_i64,9,41,5,before,365.293683
2,8192,false,count_distinct_i64,10,41,0,enum_dynamic,404.330293
2,8192,false,count_distinct_i64,10,41,1,enum_static,364.822146
2,8192,false,count_distinct_i64,10,41,2,bound_dynamic,358.097561
2,8192,false,count_distinct_i64,10,41,3,bound_static,396.139220
2,8192,false,count_distinct_i64,10,41,4,before,364.724585
2,8192,false,count_distinct_i64,10,41,5,after,364.537610
2,8192,false,count_distinct_i64,11,41,0,enum_static,362.988805
2,8192,false,count_distinct_i64,11,41,1,bound_dynamic,363.025390
2,8192,false,count_distinct_i64,11,41,2,bound_static,406.299805
2,8192,false,count_distinct_i64,11,41,3,before,363.428854
2,8192,false,count_distinct_i64,11,41,4,after,361.618902
2,8192,false,count_distinct_i64,11,41,5,enum_dynamic,364.969512
2,128,false,max_utf8,0,7956,0,bound_dynamic,1.926979
2,128,false,max_utf8,0,7956,1,bound_static,1.873382
2,128,false,max_utf8,0,7956,2,before,1.883013
2,128,false,max_utf8,0,7956,3,after,1.871161
2,128,false,max_utf8,0,7956,4,enum_dynamic,1.894823
2,128,false,max_utf8,0,7956,5,enum_static,1.888192
2,128,false,max_utf8,1,7956,0,bound_static,1.844572
2,128,false,max_utf8,1,7956,1,before,1.847159
2,128,false,max_utf8,1,7956,2,after,1.878205
2,128,false,max_utf8,1,7956,3,enum_dynamic,1.890355
2,128,false,max_utf8,1,7956,4,enum_static,1.874649
2,128,false,max_utf8,1,7956,5,bound_dynamic,1.922564
2,128,false,max_utf8,2,7956,0,before,1.878566
2,128,false,max_utf8,2,7956,1,after,1.876995
2,128,false,max_utf8,2,7956,2,enum_dynamic,1.887569
2,128,false,max_utf8,2,7956,3,enum_static,1.879457
2,128,false,max_utf8,2,7956,4,bound_dynamic,1.892843
2,128,false,max_utf8,2,7956,5,bound_static,1.856864
2,128,false,max_utf8,3,7956,0,after,1.873303
2,128,false,max_utf8,3,7956,1,enum_dynamic,1.884998
2,128,false,max_utf8,3,7956,2,enum_static,1.885317
2,128,false,max_utf8,3,7956,3,bound_dynamic,1.918866
2,128,false,max_utf8,3,7956,4,bound_static,1.877074
2,128,false,max_utf8,3,7956,5,before,1.875932
2,128,false,max_utf8,4,7956,0,enum_dynamic,1.888454
2,128,false,max_utf8,4,7956,1,enum_static,1.881332
2,128,false,max_utf8,4,7956,2,bound_dynamic,1.890518
2,128,false,max_utf8,4,7956,3,bound_static,1.837413
2,128,false,max_utf8,4,7956,4,before,1.850710
2,128,false,max_utf8,4,7956,5,after,1.886789
2,128,false,max_utf8,5,7956,0,enum_static,1.850605
2,128,false,max_utf8,5,7956,1,bound_dynamic,1.886710
2,128,false,max_utf8,5,7956,2,bound_static,1.847369
2,128,false,max_utf8,5,7956,3,before,1.879865
2,128,false,max_utf8,5,7956,4,after,1.879666
2,128,false,max_utf8,5,7956,5,enum_dynamic,1.861870
2,128,false,max_utf8,6,7956,0,bound_dynamic,1.889758
2,128,false,max_utf8,6,7956,1,bound_static,1.868359
2,128,false,max_utf8,6,7956,2,before,1.861268
2,128,false,max_utf8,6,7956,3,after,1.876990
2,128,false,max_utf8,6,7956,4,enum_dynamic,1.897038
2,128,false,max_utf8,6,7956,5,enum_static,1.877540
2,128,false,max_utf8,7,7956,0,bound_static,1.875471
2,128,false,max_utf8,7,7956,1,before,1.879965
2,128,false,max_utf8,7,7956,2,after,1.874906
2,128,false,max_utf8,7,7956,3,enum_dynamic,1.890842
2,128,false,max_utf8,7,7956,4,enum_static,1.877969
2,128,false,max_utf8,7,7956,5,bound_dynamic,1.924643
2,128,false,max_utf8,8,7956,0,before,1.878818
2,128,false,max_utf8,8,7956,1,after,1.875581
2,128,false,max_utf8,8,7956,2,enum_dynamic,1.891115
2,128,false,max_utf8,8,7956,3,enum_static,1.884872
2,128,false,max_utf8,8,7956,4,bound_dynamic,1.923590
2,128,false,max_utf8,8,7956,5,bound_static,1.880824
2,128,false,max_utf8,9,7956,0,after,1.877325
2,128,false,max_utf8,9,7956,1,enum_dynamic,1.891644
2,128,false,max_utf8,9,7956,2,enum_static,1.881730
2,128,false,max_utf8,9,7956,3,bound_dynamic,1.908324
2,128,false,max_utf8,9,7956,4,bound_static,1.843980
2,128,false,max_utf8,9,7956,5,before,1.841692
2,128,false,max_utf8,10,7956,0,enum_dynamic,1.884736
2,128,false,max_utf8,10,7956,1,enum_static,1.845295
2,128,false,max_utf8,10,7956,2,bound_dynamic,1.888836
2,128,false,max_utf8,10,7956,3,bound_static,1.849212
2,128,false,max_utf8,10,7956,4,before,1.847814
2,128,false,max_utf8,10,7956,5,after,1.849752
2,128,false,max_utf8,11,7956,0,enum_static,1.848401
2,128,false,max_utf8,11,7956,1,bound_dynamic,1.895467
2,128,false,max_utf8,11,7956,2,bound_static,1.879514
2,128,false,max_utf8,11,7956,3,before,1.890230
2,128,false,max_utf8,11,7956,4,after,1.884416
2,128,false,max_utf8,11,7956,5,enum_dynamic,1.896629
2,128,true,mixed_7,0,1632,0,bound_dynamic,9.143714
2,128,true,mixed_7,0,1632,1,bound_static,9.028493
2,128,true,mixed_7,0,1632,2,before,9.209227
2,128,true,mixed_7,0,1632,3,after,9.058441
2,128,true,mixed_7,0,1632,4,enum_dynamic,9.330576
2,128,true,mixed_7,0,1632,5,enum_static,9.115145
2,128,true,mixed_7,1,1632,0,bound_static,9.092218
2,128,true,mixed_7,1,1632,1,before,9.202333
2,128,true,mixed_7,1,1632,2,after,9.077947
2,128,true,mixed_7,1,1632,3,enum_dynamic,9.310790
2,128,true,mixed_7,1,1632,4,enum_static,9.129749
2,128,true,mixed_7,1,1632,5,bound_dynamic,9.198376
2,128,true,mixed_7,2,1632,0,before,9.216222
2,128,true,mixed_7,2,1632,1,after,9.039879
2,128,true,mixed_7,2,1632,2,enum_dynamic,9.325597
2,128,true,mixed_7,2,1632,3,enum_static,9.107230
2,128,true,mixed_7,2,1632,4,bound_dynamic,9.185253
2,128,true,mixed_7,2,1632,5,bound_static,9.069828
2,128,true,mixed_7,3,1632,0,after,9.022672
2,128,true,mixed_7,3,1632,1,enum_dynamic,9.291335
2,128,true,mixed_7,3,1632,2,enum_static,9.082312
2,128,true,mixed_7,3,1632,3,bound_dynamic,9.031684
2,128,true,mixed_7,3,1632,4,bound_static,9.035718
2,128,true,mixed_7,3,1632,5,before,9.205474
2,128,true,mixed_7,4,1632,0,enum_dynamic,9.396089
2,128,true,mixed_7,4,1632,1,enum_static,9.078074
2,128,true,mixed_7,4,1632,2,bound_dynamic,9.146880
2,128,true,mixed_7,4,1632,3,bound_static,9.034594
2,128,true,mixed_7,4,1632,4,before,9.401348
2,128,true,mixed_7,4,1632,5,after,9.064032
2,128,true,mixed_7,5,1632,0,enum_static,9.005591
2,128,true,mixed_7,5,1632,1,bound_dynamic,9.161586
2,128,true,mixed_7,5,1632,2,bound_static,9.125000
2,128,true,mixed_7,5,1632,3,before,9.192759
2,128,true,mixed_7,5,1632,4,after,9.057675
2,128,true,mixed_7,5,1632,5,enum_dynamic,9.283574
2,128,true,mixed_7,6,1632,0,bound_dynamic,9.161994
2,128,true,mixed_7,6,1632,1,bound_static,9.055708
2,128,true,mixed_7,6,1632,2,before,9.183262
2,128,true,mixed_7,6,1632,3,after,9.006485
2,128,true,mixed_7,6,1632,4,enum_dynamic,9.269429
2,128,true,mixed_7,6,1632,5,enum_static,9.078048
2,128,true,mixed_7,7,1632,0,bound_static,9.028314
2,128,true,mixed_7,7,1632,1,before,9.215405
2,128,true,mixed_7,7,1632,2,after,9.024536
2,128,true,mixed_7,7,1632,3,enum_dynamic,9.303028
2,128,true,mixed_7,7,1632,4,enum_static,9.082644
2,128,true,mixed_7,7,1632,5,bound_dynamic,9.157322
2,128,true,mixed_7,8,1632,0,before,9.199142
2,128,true,mixed_7,8,1632,1,after,9.023795
2,128,true,mixed_7,8,1632,2,enum_dynamic,9.258145
2,128,true,mixed_7,8,1632,3,enum_static,9.072457
2,128,true,mixed_7,8,1632,4,bound_dynamic,9.180683
2,128,true,mixed_7,8,1632,5,bound_static,9.040263
2,128,true,mixed_7,9,1632,0,after,9.010596
2,128,true,mixed_7,9,1632,1,enum_dynamic,9.267488
2,128,true,mixed_7,9,1632,2,enum_static,9.054560
2,128,true,mixed_7,9,1632,3,bound_dynamic,9.151553
2,128,true,mixed_7,9,1632,4,bound_static,9.076618
2,128,true,mixed_7,9,1632,5,before,9.223167
2,128,true,mixed_7,10,1632,0,enum_dynamic,9.392770
2,128,true,mixed_7,10,1632,1,enum_static,8.915007
2,128,true,mixed_7,10,1632,2,bound_dynamic,9.072023
2,128,true,mixed_7,10,1632,3,bound_static,9.059436
2,128,true,mixed_7,10,1632,4,before,9.221584
2,128,true,mixed_7,10,1632,5,after,9.017055
2,128,true,mixed_7,11,1632,0,enum_static,9.128600
2,128,true,mixed_7,11,1632,1,bound_dynamic,9.558338
2,128,true,mixed_7,11,1632,2,bound_static,8.889578
2,128,true,mixed_7,11,1632,3,before,9.157118
2,128,true,mixed_7,11,1632,4,after,9.045241
2,128,true,mixed_7,11,1632,5,enum_dynamic,9.282246
2,65536,false,max_i64,0,45,0,bound_dynamic,382.636111
2,65536,false,max_i64,0,45,1,bound_static,364.080556
2,65536,false,max_i64,0,45,2,before,356.841667
2,65536,false,max_i64,0,45,3,after,360.750933
2,65536,false,max_i64,0,45,4,enum_dynamic,359.903711
2,65536,false,max_i64,0,45,5,enum_static,354.792578
2,65536,false,max_i64,1,45,0,bound_static,362.479622
2,65536,false,max_i64,1,45,1,before,364.156467
2,65536,false,max_i64,1,45,2,after,360.775000
2,65536,false,max_i64,1,45,3,enum_dynamic,358.908333
2,65536,false,max_i64,1,45,4,enum_static,371.854644
2,65536,false,max_i64,1,45,5,bound_dynamic,375.008333
2,65536,false,max_i64,2,45,0,before,360.375000
2,65536,false,max_i64,2,45,1,after,360.274067
2,65536,false,max_i64,2,45,2,enum_dynamic,372.624067
2,65536,false,max_i64,2,45,3,enum_static,379.910200
2,65536,false,max_i64,2,45,4,bound_dynamic,377.539822
2,65536,false,max_i64,2,45,5,bound_static,360.900000
2,65536,false,max_i64,3,45,0,after,355.704644
2,65536,false,max_i64,3,45,1,enum_dynamic,358.106489
2,65536,false,max_i64,3,45,2,enum_static,340.725933
2,65536,false,max_i64,3,45,3,bound_dynamic,379.282422
2,65536,false,max_i64,3,45,4,bound_static,361.244444
2,65536,false,max_i64,3,45,5,before,358.670378
2,65536,false,max_i64,4,45,0,enum_dynamic,358.597222
2,65536,false,max_i64,4,45,1,enum_static,351.089822
2,65536,false,max_i64,4,45,2,bound_dynamic,378.572222
2,65536,false,max_i64,4,45,3,bound_static,358.046289
2,65536,false,max_i64,4,45,4,before,361.112044
2,65536,false,max_i64,4,45,5,after,361.148133
2,65536,false,max_i64,5,45,0,enum_static,361.787044
2,65536,false,max_i64,5,45,1,bound_dynamic,379.816667
2,65536,false,max_i64,5,45,2,bound_static,362.427778
2,65536,false,max_i64,5,45,3,before,358.988889
2,65536,false,max_i64,5,45,4,after,360.480556
2,65536,false,max_i64,5,45,5,enum_dynamic,361.735200
2,65536,false,max_i64,6,45,0,bound_dynamic,379.049089
2,65536,false,max_i64,6,45,1,bound_static,360.100911
2,65536,false,max_i64,6,45,2,before,360.422222
2,65536,false,max_i64,6,45,3,after,362.598156
2,65536,false,max_i64,6,45,4,enum_dynamic,366.908333
2,65536,false,max_i64,6,45,5,enum_static,334.892600
2,65536,false,max_i64,7,45,0,bound_static,356.508333
2,65536,false,max_i64,7,45,1,before,358.288889
2,65536,false,max_i64,7,45,2,after,363.367600
2,65536,false,max_i64,7,45,3,enum_dynamic,359.753711
2,65536,false,max_i64,7,45,4,enum_static,371.565733
2,65536,false,max_i64,7,45,5,bound_dynamic,375.130556
2,65536,false,max_i64,8,45,0,before,357.576844
2,65536,false,max_i64,8,45,1,after,356.557400
2,65536,false,max_i64,8,45,2,enum_dynamic,358.614800
2,65536,false,max_i64,8,45,3,enum_static,368.407400
2,65536,false,max_i64,8,45,4,bound_dynamic,378.237956
2,65536,false,max_i64,8,45,5,bound_static,364.134244
2,65536,false,max_i64,9,45,0,after,361.883333
2,65536,false,max_i64,9,45,1,enum_dynamic,361.454644
2,65536,false,max_i64,9,45,2,enum_static,382.745356
2,65536,false,max_i64,9,45,3,bound_dynamic,375.886111
2,65536,false,max_i64,9,45,4,bound_static,355.016667
2,65536,false,max_i64,9,45,5,before,353.234244
2,65536,false,max_i64,10,45,0,enum_dynamic,356.517600
2,65536,false,max_i64,10,45,1,enum_static,336.211111
2,65536,false,max_i64,10,45,2,bound_dynamic,380.449067
2,65536,false,max_i64,10,45,3,bound_static,361.694444
2,65536,false,max_i64,10,45,4,before,358.689822
2,65536,false,max_i64,10,45,5,after,361.143533
2,65536,false,max_i64,11,45,0,enum_static,356.837978
2,65536,false,max_i64,11,45,1,bound_dynamic,384.910178
2,65536,false,max_i64,11,45,2,bound_static,361.062956
2,65536,false,max_i64,11,45,3,before,360.477778
2,65536,false,max_i64,11,45,4,after,355.077778
2,65536,false,max_i64,11,45,5,enum_dynamic,358.362956
2,8192,true,count_star,0,3914,0,bound_dynamic,3.866345
2,8192,true,count_star,0,3914,1,bound_static,3.849823
2,8192,true,count_star,0,3914,2,before,3.900113
2,8192,true,count_star,0,3914,3,after,3.931581
2,8192,true,count_star,0,3914,4,enum_dynamic,3.868048
2,8192,true,count_star,0,3914,5,enum_static,3.867878
2,8192,true,count_star,1,3914,0,bound_static,3.902072
2,8192,true,count_star,1,3914,1,before,3.897686
2,8192,true,count_star,1,3914,2,after,3.903136
2,8192,true,count_star,1,3914,3,enum_dynamic,3.878396
2,8192,true,count_star,1,3914,4,enum_static,3.900634
2,8192,true,count_star,1,3914,5,bound_dynamic,3.896813
2,8192,true,count_star,2,3914,0,before,3.886284
2,8192,true,count_star,2,3914,1,after,3.854369
2,8192,true,count_star,2,3914,2,enum_dynamic,3.831779
2,8192,true,count_star,2,3914,3,enum_static,3.905095
2,8192,true,count_star,2,3914,4,bound_dynamic,3.901784
2,8192,true,count_star,2,3914,5,bound_static,3.886103
2,8192,true,count_star,3,3914,0,after,3.825839
2,8192,true,count_star,3,3914,1,enum_dynamic,3.855327
2,8192,true,count_star,3,3914,2,enum_static,3.902561
2,8192,true,count_star,3,3914,3,bound_dynamic,3.903445
2,8192,true,count_star,3,3914,4,bound_static,3.850707
2,8192,true,count_star,3,3914,5,before,3.864578
2,8192,true,count_star,4,3914,0,enum_dynamic,3.904126
2,8192,true,count_star,4,3914,1,enum_static,3.911919
2,8192,true,count_star,4,3914,2,bound_dynamic,3.906564
2,8192,true,count_star,4,3914,3,bound_static,3.902466
2,8192,true,count_star,4,3914,4,before,3.904062
2,8192,true,count_star,4,3914,5,after,3.914335
2,8192,true,count_star,5,3914,0,enum_static,3.899432
2,8192,true,count_star,5,3914,1,bound_dynamic,3.904382
2,8192,true,count_star,5,3914,2,bound_static,3.901582
2,8192,true,count_star,5,3914,3,before,3.907671
2,8192,true,count_star,5,3914,4,after,3.864301
2,8192,true,count_star,5,3914,5,enum_dynamic,3.903775
2,8192,true,count_star,6,3914,0,bound_dynamic,3.909896
2,8192,true,count_star,6,3914,1,bound_static,3.907959
2,8192,true,count_star,6,3914,2,before,3.902199
2,8192,true,count_star,6,3914,3,after,3.899474
2,8192,true,count_star,6,3914,4,enum_dynamic,3.910418
2,8192,true,count_star,6,3914,5,enum_static,3.936999
2,8192,true,count_star,7,3914,0,bound_static,3.925215
2,8192,true,count_star,7,3914,1,before,3.891437
2,8192,true,count_star,7,3914,2,after,3.905883
2,8192,true,count_star,7,3914,3,enum_dynamic,3.904541
2,8192,true,count_star,7,3914,4,enum_static,3.907788
2,8192,true,count_star,7,3914,5,bound_dynamic,3.876629
2,8192,true,count_star,8,3914,0,before,3.845725
2,8192,true,count_star,8,3914,1,after,3.896685
2,8192,true,count_star,8,3914,2,enum_dynamic,3.911131
2,8192,true,count_star,8,3914,3,enum_static,3.908108
2,8192,true,count_star,8,3914,4,bound_dynamic,3.899868
2,8192,true,count_star,8,3914,5,bound_static,3.839359
2,8192,true,count_star,9,3914,0,after,3.897057
2,8192,true,count_star,9,3914,1,enum_dynamic,3.922554
2,8192,true,count_star,9,3914,2,enum_static,3.852399
2,8192,true,count_star,9,3914,3,bound_dynamic,3.908459
2,8192,true,count_star,9,3914,4,bound_static,3.906170
2,8192,true,count_star,9,3914,5,before,3.896621
2,8192,true,count_star,10,3914,0,enum_dynamic,3.909289
2,8192,true,count_star,10,3914,1,enum_static,3.847141
2,8192,true,count_star,10,3914,2,bound_dynamic,3.900209
2,8192,true,count_star,10,3914,3,bound_static,3.900124
2,8192,true,count_star,10,3914,4,before,3.919903
2,8192,true,count_star,10,3914,5,after,3.874574
2,8192,true,count_star,11,3914,0,enum_static,3.847481
2,8192,true,count_star,11,3914,1,bound_dynamic,3.832726
2,8192,true,count_star,11,3914,2,bound_static,3.842403
2,8192,true,count_star,11,3914,3,before,3.890510
2,8192,true,count_star,11,3914,4,after,3.830406
2,8192,true,count_star,11,3914,5,enum_dynamic,3.902402
2,8192,false,covar_i64,0,562,0,bound_dynamic,26.802046
2,8192,false,covar_i64,0,562,1,bound_static,26.830071
2,8192,false,covar_i64,0,562,2,before,27.586299
2,8192,false,covar_i64,0,562,3,after,26.845790
2,8192,false,covar_i64,0,562,4,enum_dynamic,27.528692
2,8192,false,covar_i64,0,562,5,enum_static,27.818431
2,8192,false,covar_i64,1,562,0,bound_static,26.791740
2,8192,false,covar_i64,1,562,1,before,27.490361
2,8192,false,covar_i64,1,562,2,after,26.727388
2,8192,false,covar_i64,1,562,3,enum_dynamic,27.484208
2,8192,false,covar_i64,1,562,4,enum_static,27.543002
2,8192,false,covar_i64,1,562,5,bound_dynamic,26.739027
2,8192,false,covar_i64,2,562,0,before,27.485171
2,8192,false,covar_i64,2,562,1,after,26.796041
2,8192,false,covar_i64,2,562,2,enum_dynamic,27.532548
2,8192,false,covar_i64,2,562,3,enum_static,27.644351
2,8192,false,covar_i64,2,562,4,bound_dynamic,26.806272
2,8192,false,covar_i64,2,562,5,bound_static,26.774171
2,8192,false,covar_i64,3,562,0,after,26.898429
2,8192,false,covar_i64,3,562,1,enum_dynamic,27.710335
2,8192,false,covar_i64,3,562,2,enum_static,27.629746
2,8192,false,covar_i64,3,562,3,bound_dynamic,26.807384
2,8192,false,covar_i64,3,562,4,bound_static,26.877817
2,8192,false,covar_i64,3,562,5,before,27.622851
2,8192,false,covar_i64,4,562,0,enum_dynamic,27.628039
2,8192,false,covar_i64,4,562,1,enum_static,27.632712
2,8192,false,covar_i64,4,562,2,bound_dynamic,26.856614
2,8192,false,covar_i64,4,562,3,bound_static,26.855502
2,8192,false,covar_i64,4,562,4,before,27.658363
2,8192,false,covar_i64,4,562,5,after,26.798710
2,8192,false,covar_i64,5,562,0,enum_static,27.678603
2,8192,false,covar_i64,5,562,1,bound_dynamic,26.909253
2,8192,false,covar_i64,5,562,2,bound_static,26.885084
2,8192,false,covar_i64,5,562,3,before,27.687055
2,8192,false,covar_i64,5,562,4,after,26.823993
2,8192,false,covar_i64,5,562,5,enum_dynamic,27.557607
2,8192,false,covar_i64,6,562,0,bound_dynamic,26.812130
2,8192,false,covar_i64,6,562,1,bound_static,26.910737
2,8192,false,covar_i64,6,562,2,before,27.514754
2,8192,false,covar_i64,6,562,3,after,26.862619
2,8192,false,covar_i64,6,562,4,enum_dynamic,27.874778
2,8192,false,covar_i64,6,562,5,enum_static,27.640941
2,8192,false,covar_i64,7,562,0,bound_static,26.780546
2,8192,false,covar_i64,7,562,1,before,27.503856
2,8192,false,covar_i64,7,562,2,after,26.791148
2,8192,false,covar_i64,7,562,3,enum_dynamic,27.570877
2,8192,false,covar_i64,7,562,4,enum_static,27.554641
2,8192,false,covar_i64,7,562,5,bound_dynamic,26.768091
2,8192,false,covar_i64,8,562,0,before,27.598977
2,8192,false,covar_i64,8,562,1,after,26.705368
2,8192,false,covar_i64,8,562,2,enum_dynamic,27.605947
2,8192,false,covar_i64,8,562,3,enum_static,27.581258
2,8192,false,covar_i64,8,562,4,bound_dynamic,26.819544
2,8192,false,covar_i64,8,562,5,bound_static,26.889680
2,8192,false,covar_i64,9,562,0,after,26.887308
2,8192,false,covar_i64,9,562,1,enum_dynamic,27.563094
2,8192,false,covar_i64,9,562,2,enum_static,27.643313
2,8192,false,covar_i64,9,562,3,bound_dynamic,26.889680
2,8192,false,covar_i64,9,562,4,bound_static,26.886121
2,8192,false,covar_i64,9,562,5,before,27.574883
2,8192,false,covar_i64,10,562,0,enum_dynamic,27.563835
2,8192,false,covar_i64,10,562,1,enum_static,27.673265
2,8192,false,covar_i64,10,562,2,bound_dynamic,26.175934
2,8192,false,covar_i64,10,562,3,bound_static,26.585632
2,8192,false,covar_i64,10,562,4,before,27.420301
2,8192,false,covar_i64,10,562,5,after,26.533066
2,8192,false,covar_i64,11,562,0,enum_static,27.547153
2,8192,false,covar_i64,11,562,1,bound_dynamic,26.686610
2,8192,false,covar_i64,11,562,2,bound_static,26.736285
2,8192,false,covar_i64,11,562,3,before,27.390717
2,8192,false,covar_i64,11,562,4,after,26.672080
2,8192,false,covar_i64,11,562,5,enum_dynamic,27.409475
2,8192,true,min_i64,0,337,0,bound_dynamic,49.160362
2,8192,true,min_i64,0,337,1,bound_static,44.989368
2,8192,true,min_i64,0,337,2,before,47.592113
2,8192,true,min_i64,0,337,3,after,44.759890
2,8192,true,min_i64,0,337,4,enum_dynamic,47.107196
2,8192,true,min_i64,0,337,5,enum_static,44.773614
2,8192,true,min_i64,1,337,0,bound_static,44.772134
2,8192,true,min_i64,1,337,1,before,47.121291
2,8192,true,min_i64,1,337,2,after,44.764591
2,8192,true,min_i64,1,337,3,enum_dynamic,47.165923
2,8192,true,min_i64,1,337,4,enum_static,44.824926
2,8192,true,min_i64,1,337,5,bound_dynamic,49.252721
2,8192,true,min_i64,2,337,0,before,47.321588
2,8192,true,min_i64,2,337,1,after,44.810335
2,8192,true,min_i64,2,337,2,enum_dynamic,47.286350
2,8192,true,min_i64,2,337,3,enum_static,44.740107
2,8192,true,min_i64,2,337,4,bound_dynamic,49.317012
2,8192,true,min_i64,2,337,5,bound_static,44.698318
2,8192,true,min_i64,3,337,0,after,44.956107
2,8192,true,min_i64,3,337,1,enum_dynamic,47.279798
2,8192,true,min_i64,3,337,2,enum_static,44.709691
2,8192,true,min_i64,3,337,3,bound_dynamic,49.429650
2,8192,true,min_i64,3,337,4,bound_static,44.689911
2,8192,true,min_i64,3,337,5,before,47.259024
2,8192,true,min_i64,4,337,0,enum_dynamic,47.010507
2,8192,true,min_i64,4,337,1,enum_static,44.449430
2,8192,true,min_i64,4,337,2,bound_dynamic,49.109546
2,8192,true,min_i64,4,337,3,bound_static,44.860163
2,8192,true,min_i64,4,337,4,before,47.141938
2,8192,true,min_i64,4,337,5,after,44.839392
2,8192,true,min_i64,5,337,0,enum_static,44.909000
2,8192,true,min_i64,5,337,1,bound_dynamic,49.333457
2,8192,true,min_i64,5,337,2,bound_static,44.742089
2,8192,true,min_i64,5,337,3,before,47.328018
2,8192,true,min_i64,5,337,4,after,44.739368
2,8192,true,min_i64,5,337,5,enum_dynamic,47.277448
2,8192,true,min_i64,6,337,0,bound_dynamic,49.157887
2,8192,true,min_i64,6,337,1,bound_static,44.674454
2,8192,true,min_i64,6,337,2,before,47.197576
2,8192,true,min_i64,6,337,3,after,44.813427
2,8192,true,min_i64,6,337,4,enum_dynamic,47.196588
2,8192,true,min_i64,6,337,5,enum_static,43.911350
2,8192,true,min_i64,7,337,0,bound_static,44.795499
2,8192,true,min_i64,7,337,1,before,47.236276
2,8192,true,min_i64,7,337,2,after,44.851261
2,8192,true,min_i64,7,337,3,enum_dynamic,47.225644
2,8192,true,min_i64,7,337,4,enum_static,44.885757
2,8192,true,min_i64,7,337,5,bound_dynamic,49.304896
2,8192,true,min_i64,8,337,0,before,47.435214
2,8192,true,min_i64,8,337,1,after,44.774727
2,8192,true,min_i64,8,337,2,enum_dynamic,47.031282
2,8192,true,min_i64,8,337,3,enum_static,43.899481
2,8192,true,min_i64,8,337,4,bound_dynamic,49.008902
2,8192,true,min_i64,8,337,5,bound_static,44.567015
2,8192,true,min_i64,9,337,0,after,44.056009
2,8192,true,min_i64,9,337,1,enum_dynamic,47.482938
2,8192,true,min_i64,9,337,2,enum_static,44.703635
2,8192,true,min_i64,9,337,3,bound_dynamic,49.534125
2,8192,true,min_i64,9,337,4,bound_static,44.654923
2,8192,true,min_i64,9,337,5,before,47.173341
2,8192,true,min_i64,10,337,0,enum_dynamic,47.107196
2,8192,true,min_i64,10,337,1,enum_static,44.702644
2,8192,true,min_i64,10,337,2,bound_dynamic,49.175941
2,8192,true,min_i64,10,337,3,bound_static,44.605712
2,8192,true,min_i64,10,337,4,before,47.109175
2,8192,true,min_i64,10,337,5,after,44.674953
2,8192,true,min_i64,11,337,0,enum_static,44.693125
2,8192,true,min_i64,11,337,1,bound_dynamic,49.292409
2,8192,true,min_i64,11,337,2,bound_static,44.665306
2,8192,true,min_i64,11,337,3,before,47.247899
2,8192,true,min_i64,11,337,4,after,44.716988
2,8192,true,min_i64,11,337,5,enum_dynamic,47.250617
2,128,false,min_i64,0,19660,0,bound_dynamic,0.842464
2,128,false,min_i64,0,19660,1,bound_static,0.758946
2,128,false,min_i64,0,19660,2,before,0.813867
2,128,false,min_i64,0,19660,3,after,0.770043
2,128,false,min_i64,0,19660,4,enum_dynamic,0.834726
2,128,false,min_i64,0,19660,5,enum_static,0.764236
2,128,false,min_i64,1,19660,0,bound_static,0.759652
2,128,false,min_i64,1,19660,1,before,0.810105
2,128,false,min_i64,1,19660,2,after,0.756589
2,128,false,min_i64,1,19660,3,enum_dynamic,0.813736
2,128,false,min_i64,1,19660,4,enum_static,0.767807
2,128,false,min_i64,1,19660,5,bound_dynamic,0.843966
2,128,false,min_i64,2,19660,0,before,0.810828
2,128,false,min_i64,2,19660,1,after,0.766482
2,128,false,min_i64,2,19660,2,enum_dynamic,0.837320
2,128,false,min_i64,2,19660,3,enum_static,0.770914
2,128,false,min_i64,2,19660,4,bound_dynamic,0.853552
2,128,false,min_i64,2,19660,5,bound_static,0.764984
2,128,false,min_i64,3,19660,0,after,0.768943
2,128,false,min_i64,3,19660,1,enum_dynamic,0.837612
2,128,false,min_i64,3,19660,2,enum_static,0.769021
2,128,false,min_i64,3,19660,3,bound_dynamic,0.856733
2,128,false,min_i64,3,19660,4,bound_static,0.758910
2,128,false,min_i64,3,19660,5,before,0.815162
2,128,false,min_i64,4,19660,0,enum_dynamic,0.835459
2,128,false,min_i64,4,19660,1,enum_static,0.769795
2,128,false,min_i64,4,19660,2,bound_dynamic,0.853758
2,128,false,min_i64,4,19660,3,bound_static,0.760949
2,128,false,min_i64,4,19660,4,before,0.815312
2,128,false,min_i64,4,19660,5,after,0.770994
2,128,false,min_i64,5,19660,0,enum_static,0.767720
2,128,false,min_i64,5,19660,1,bound_dynamic,0.852054
2,128,false,min_i64,5,19660,2,bound_static,0.762400
2,128,false,min_i64,5,19660,3,before,0.813638
2,128,false,min_i64,5,19660,4,after,0.759666
2,128,false,min_i64,5,19660,5,enum_dynamic,0.828024
2,128,false,min_i64,6,19660,0,bound_dynamic,0.852223
2,128,false,min_i64,6,19660,1,bound_static,0.757144
2,128,false,min_i64,6,19660,2,before,0.812555
2,128,false,min_i64,6,19660,3,after,0.767438
2,128,false,min_i64,6,19660,4,enum_dynamic,0.831248
2,128,false,min_i64,6,19660,5,enum_static,0.769076
2,128,false,min_i64,7,19660,0,bound_static,0.763155
2,128,false,min_i64,7,19660,1,before,0.810419
2,128,false,min_i64,7,19660,2,after,0.774775
2,128,false,min_i64,7,19660,3,enum_dynamic,0.825723
2,128,false,min_i64,7,19660,4,enum_static,0.758221
2,128,false,min_i64,7,19660,5,bound_dynamic,0.846745
2,128,false,min_i64,8,19660,0,before,0.813721
2,128,false,min_i64,8,19660,1,after,0.760107
2,128,false,min_i64,8,19660,2,enum_dynamic,0.813163
2,128,false,min_i64,8,19660,3,enum_static,0.762513
2,128,false,min_i64,8,19660,4,bound_dynamic,0.846181
2,128,false,min_i64,8,19660,5,bound_static,0.764346
2,128,false,min_i64,9,19660,0,after,0.766959
2,128,false,min_i64,9,19660,1,enum_dynamic,0.829752
2,128,false,min_i64,9,19660,2,enum_static,0.766628
2,128,false,min_i64,9,19660,3,bound_dynamic,0.849616
2,128,false,min_i64,9,19660,4,bound_static,0.758210
2,128,false,min_i64,9,19660,5,before,0.811402
2,128,false,min_i64,10,19660,0,enum_dynamic,0.830175
2,128,false,min_i64,10,19660,1,enum_static,0.769933
2,128,false,min_i64,10,19660,2,bound_dynamic,0.849602
2,128,false,min_i64,10,19660,3,bound_static,0.760014
2,128,false,min_i64,10,19660,4,before,0.810491
2,128,false,min_i64,10,19660,5,after,0.767355
2,128,false,min_i64,11,19660,0,enum_static,0.772898
2,128,false,min_i64,11,19660,1,bound_dynamic,0.839630
2,128,false,min_i64,11,19660,2,bound_static,0.752872
2,128,false,min_i64,11,19660,3,before,0.812612
2,128,false,min_i64,11,19660,4,after,0.772813
2,128,false,min_i64,11,19660,5,enum_dynamic,0.838011
2,128,false,max_i64,0,18345,0,bound_dynamic,0.855678
2,128,false,max_i64,0,18345,1,bound_static,0.799266
2,128,false,max_i64,0,18345,2,before,0.816542
2,128,false,max_i64,0,18345,3,after,0.803548
2,128,false,max_i64,0,18345,4,enum_dynamic,0.836720
2,128,false,max_i64,0,18345,5,enum_static,0.806921
2,128,false,max_i64,1,18345,0,bound_static,0.801669
2,128,false,max_i64,1,18345,1,before,0.813246
2,128,false,max_i64,1,18345,2,after,0.799019
2,128,false,max_i64,1,18345,3,enum_dynamic,0.833558
2,128,false,max_i64,1,18345,4,enum_static,0.793381
2,128,false,max_i64,1,18345,5,bound_dynamic,0.847854
2,128,false,max_i64,2,18345,0,before,0.812924
2,128,false,max_i64,2,18345,1,after,0.802953
2,128,false,max_i64,2,18345,2,enum_dynamic,0.828087
2,128,false,max_i64,2,18345,3,enum_static,0.808377
2,128,false,max_i64,2,18345,4,bound_dynamic,0.847672
2,128,false,max_i64,2,18345,5,bound_static,0.799060
2,128,false,max_i64,3,18345,0,after,0.803809
2,128,false,max_i64,3,18345,1,enum_dynamic,0.828098
2,128,false,max_i64,3,18345,2,enum_static,0.807402
2,128,false,max_i64,3,18345,3,bound_dynamic,0.849012
2,128,false,max_i64,3,18345,4,bound_static,0.802242
2,128,false,max_i64,3,18345,5,before,0.806498
2,128,false,max_i64,4,18345,0,enum_dynamic,0.829558
2,128,false,max_i64,4,18345,1,enum_static,0.807670
2,128,false,max_i64,4,18345,2,bound_dynamic,0.847999
2,128,false,max_i64,4,18345,3,bound_static,0.797454
2,128,false,max_i64,4,18345,4,before,0.803287
2,128,false,max_i64,4,18345,5,after,0.802346
2,128,false,max_i64,5,18345,0,enum_static,0.813644
2,128,false,max_i64,5,18345,1,bound_dynamic,0.842668
2,128,false,max_i64,5,18345,2,bound_static,0.798022
2,128,false,max_i64,5,18345,3,before,0.814400
2,128,false,max_i64,5,18345,4,after,0.803023
2,128,false,max_i64,5,18345,5,enum_dynamic,0.837483
2,128,false,max_i64,6,18345,0,bound_dynamic,0.852969
2,128,false,max_i64,6,18345,1,bound_static,0.798369
2,128,false,max_i64,6,18345,2,before,0.808136
2,128,false,max_i64,6,18345,3,after,0.788435
2,128,false,max_i64,6,18345,4,enum_dynamic,0.829765
2,128,false,max_i64,6,18345,5,enum_static,0.807595
2,128,false,max_i64,7,18345,0,bound_static,0.807423
2,128,false,max_i64,7,18345,1,before,0.811179
2,128,false,max_i64,7,18345,2,after,0.800588
2,128,false,max_i64,7,18345,3,enum_dynamic,0.826851
2,128,false,max_i64,7,18345,4,enum_static,0.804025
2,128,false,max_i64,7,18345,5,bound_dynamic,0.846786
2,128,false,max_i64,8,18345,0,before,0.805278
2,128,false,max_i64,8,18345,1,after,0.798883
2,128,false,max_i64,8,18345,2,enum_dynamic,0.828105
2,128,false,max_i64,8,18345,3,enum_static,0.806448
2,128,false,max_i64,8,18345,4,bound_dynamic,0.847374
2,128,false,max_i64,8,18345,5,bound_static,0.801647
2,128,false,max_i64,9,18345,0,after,0.803277
2,128,false,max_i64,9,18345,1,enum_dynamic,0.830521
2,128,false,max_i64,9,18345,2,enum_static,0.811361
2,128,false,max_i64,9,18345,3,bound_dynamic,0.850852
2,128,false,max_i64,9,18345,4,bound_static,0.798685
2,128,false,max_i64,9,18345,5,before,0.810716
2,128,false,max_i64,10,18345,0,enum_dynamic,0.831993
2,128,false,max_i64,10,18345,1,enum_static,0.806862
2,128,false,max_i64,10,18345,2,bound_dynamic,0.852433
2,128,false,max_i64,10,18345,3,bound_static,0.797940
2,128,false,max_i64,10,18345,4,before,0.811933
2,128,false,max_i64,10,18345,5,after,0.806739
2,128,false,max_i64,11,18345,0,enum_static,0.802962
2,128,false,max_i64,11,18345,1,bound_dynamic,0.851463
2,128,false,max_i64,11,18345,2,bound_static,0.801004
2,128,false,max_i64,11,18345,3,before,0.816178
2,128,false,max_i64,11,18345,4,after,0.803153
2,128,false,max_i64,11,18345,5,enum_dynamic,0.836536
2,128,false,sum_i64,0,43965,0,bound_dynamic,0.347305
2,128,false,sum_i64,0,43965,1,bound_static,0.336707
2,128,false,sum_i64,0,43965,2,before,0.337996
2,128,false,sum_i64,0,43965,3,after,0.336087
2,128,false,sum_i64,0,43965,4,enum_dynamic,0.367453
2,128,false,sum_i64,0,43965,5,enum_static,0.336292
2,128,false,sum_i64,1,43965,0,bound_static,0.335904
2,128,false,sum_i64,1,43965,1,before,0.338106
2,128,false,sum_i64,1,43965,2,after,0.336209
2,128,false,sum_i64,1,43965,3,enum_dynamic,0.366992
2,128,false,sum_i64,1,43965,4,enum_static,0.342712
2,128,false,sum_i64,1,43965,5,bound_dynamic,0.343283
2,128,false,sum_i64,2,43965,0,before,0.338730
2,128,false,sum_i64,2,43965,1,after,0.335754
2,128,false,sum_i64,2,43965,2,enum_dynamic,0.372571
2,128,false,sum_i64,2,43965,3,enum_static,0.339983
2,128,false,sum_i64,2,43965,4,bound_dynamic,0.346976
2,128,false,sum_i64,2,43965,5,bound_static,0.335640
2,128,false,sum_i64,3,43965,0,after,0.335306
2,128,false,sum_i64,3,43965,1,enum_dynamic,0.372657
2,128,false,sum_i64,3,43965,2,enum_static,0.339546
2,128,false,sum_i64,3,43965,3,bound_dynamic,0.347823
2,128,false,sum_i64,3,43965,4,bound_static,0.335546
2,128,false,sum_i64,3,43965,5,before,0.339639
2,128,false,sum_i64,4,43965,0,enum_dynamic,0.371729
2,128,false,sum_i64,4,43965,1,enum_static,0.341157
2,128,false,sum_i64,4,43965,2,bound_dynamic,0.347362
2,128,false,sum_i64,4,43965,3,bound_static,0.335737
2,128,false,sum_i64,4,43965,4,before,0.342909
2,128,false,sum_i64,4,43965,5,after,0.330687
2,128,false,sum_i64,5,43965,0,enum_static,0.342552
2,128,false,sum_i64,5,43965,1,bound_dynamic,0.345053
2,128,false,sum_i64,5,43965,2,bound_static,0.340349
2,128,false,sum_i64,5,43965,3,before,0.338519
2,128,false,sum_i64,5,43965,4,after,0.336195
2,128,false,sum_i64,5,43965,5,enum_dynamic,0.367731
2,128,false,sum_i64,6,43965,0,bound_dynamic,0.345831
2,128,false,sum_i64,6,43965,1,bound_static,0.336923
2,128,false,sum_i64,6,43965,2,before,0.337904
2,128,false,sum_i64,6,43965,3,after,0.335498
2,128,false,sum_i64,6,43965,4,enum_dynamic,0.366236
2,128,false,sum_i64,6,43965,5,enum_static,0.340021
2,128,false,sum_i64,7,43965,0,bound_static,0.335444
2,128,false,sum_i64,7,43965,1,before,0.337974
2,128,false,sum_i64,7,43965,2,after,0.335373
2,128,false,sum_i64,7,43965,3,enum_dynamic,0.366696
2,128,false,sum_i64,7,43965,4,enum_static,0.339222
2,128,false,sum_i64,7,43965,5,bound_dynamic,0.345299
2,128,false,sum_i64,8,43965,0,before,0.337692
2,128,false,sum_i64,8,43965,1,after,0.335617
2,128,false,sum_i64,8,43965,2,enum_dynamic,0.367201
2,128,false,sum_i64,8,43965,3,enum_static,0.338988
2,128,false,sum_i64,8,43965,4,bound_dynamic,0.345379
2,128,false,sum_i64,8,43965,5,bound_static,0.335970
2,128,false,sum_i64,9,43965,0,after,0.335867
2,128,false,sum_i64,9,43965,1,enum_dynamic,0.366780
2,128,false,sum_i64,9,43965,2,enum_static,0.339333
2,128,false,sum_i64,9,43965,3,bound_dynamic,0.345335
2,128,false,sum_i64,9,43965,4,bound_static,0.335125
2,128,false,sum_i64,9,43965,5,before,0.336845
2,128,false,sum_i64,10,43965,0,enum_dynamic,0.371252
2,128,false,sum_i64,10,43965,1,enum_static,0.340365
2,128,false,sum_i64,10,43965,2,bound_dynamic,0.346552
2,128,false,sum_i64,10,43965,3,bound_static,0.340476
2,128,false,sum_i64,10,43965,4,before,0.339095
2,128,false,sum_i64,10,43965,5,after,0.336220
2,128,false,sum_i64,11,43965,0,enum_static,0.339830
2,128,false,sum_i64,11,43965,1,bound_dynamic,0.347458
2,128,false,sum_i64,11,43965,2,bound_static,0.335188
2,128,false,sum_i64,11,43965,3,before,0.340087
2,128,false,sum_i64,11,43965,4,after,0.338595
2,128,false,sum_i64,11,43965,5,enum_dynamic,0.363998
2,8192,true,max_i64,0,320,0,bound_dynamic,49.188931
2,8192,true,max_i64,0,320,1,bound_static,46.992709
2,8192,true,max_i64,0,320,2,before,47.090756
2,8192,true,max_i64,0,320,3,after,47.276300
2,8192,true,max_i64,0,320,4,enum_dynamic,47.205731
2,8192,true,max_i64,0,320,5,enum_static,47.522266
2,8192,true,max_i64,1,320,0,bound_static,46.952475
2,8192,true,max_i64,1,320,1,before,47.213281
2,8192,true,max_i64,1,320,2,after,47.170703
2,8192,true,max_i64,1,320,3,enum_dynamic,47.436981
2,8192,true,max_i64,1,320,4,enum_static,47.116016
2,8192,true,max_i64,1,320,5,bound_dynamic,49.210416
2,8192,true,max_i64,2,320,0,before,47.291666
2,8192,true,max_i64,2,320,1,after,47.112500
2,8192,true,max_i64,2,320,2,enum_dynamic,47.304166
2,8192,true,max_i64,2,320,3,enum_static,47.058072
2,8192,true,max_i64,2,320,4,bound_dynamic,49.282031
2,8192,true,max_i64,2,320,5,bound_static,47.202866
2,8192,true,max_i64,3,320,0,after,47.160938
2,8192,true,max_i64,3,320,1,enum_dynamic,47.213153
2,8192,true,max_i64,3,320,2,enum_static,47.156122
2,8192,true,max_i64,3,320,3,bound_dynamic,49.252606
2,8192,true,max_i64,3,320,4,bound_static,47.024478
2,8192,true,max_i64,3,320,5,before,47.200653
2,8192,true,max_i64,4,320,0,enum_dynamic,47.341797
2,8192,true,max_i64,4,320,1,enum_static,47.708984
2,8192,true,max_i64,4,320,2,bound_dynamic,49.161328
2,8192,true,max_i64,4,320,3,bound_static,47.076172
2,8192,true,max_i64,4,320,4,before,47.272006
2,8192,true,max_i64,4,320,5,after,47.235806
2,8192,true,max_i64,5,320,0,enum_static,47.534244
2,8192,true,max_i64,5,320,1,bound_dynamic,49.214453
2,8192,true,max_i64,5,320,2,bound_static,46.958594
2,8192,true,max_i64,5,320,3,before,47.191016
2,8192,true,max_i64,5,320,4,after,46.931512
2,8192,true,max_i64,5,320,5,enum_dynamic,46.809116
2,8192,true,max_i64,6,320,0,bound_dynamic,49.205337
2,8192,true,max_i64,6,320,1,bound_static,46.986719
2,8192,true,max_i64,6,320,2,before,47.230597
2,8192,true,max_i64,6,320,3,after,47.135809
2,8192,true,max_i64,6,320,4,enum_dynamic,46.709637
2,8192,true,max_i64,6,320,5,enum_static,46.981903
2,8192,true,max_i64,7,320,0,bound_static,47.104037
2,8192,true,max_i64,7,320,1,before,47.155600
2,8192,true,max_i64,7,320,2,after,47.194141
2,8192,true,max_i64,7,320,3,enum_dynamic,48.073306
2,8192,true,max_i64,7,320,4,enum_static,47.418231
2,8192,true,max_i64,7,320,5,bound_dynamic,49.381641
2,8192,true,max_i64,8,320,0,before,47.184116
2,8192,true,max_i64,8,320,1,after,47.186588
2,8192,true,max_i64,8,320,2,enum_dynamic,47.217709
2,8192,true,max_i64,8,320,3,enum_static,47.141928
2,8192,true,max_i64,8,320,4,bound_dynamic,49.261588
2,8192,true,max_i64,8,320,5,bound_static,47.117578
2,8192,true,max_i64,9,320,0,after,47.329819
2,8192,true,max_i64,9,320,1,enum_dynamic,47.277862
2,8192,true,max_i64,9,320,2,enum_static,47.238281
2,8192,true,max_i64,9,320,3,bound_dynamic,49.261456
2,8192,true,max_i64,9,320,4,bound_static,47.034766
2,8192,true,max_i64,9,320,5,before,47.116147
2,8192,true,max_i64,10,320,0,enum_dynamic,47.402603
2,8192,true,max_i64,10,320,1,enum_static,47.406641
2,8192,true,max_i64,10,320,2,bound_dynamic,49.673047
2,8192,true,max_i64,10,320,3,bound_static,46.895313
2,8192,true,max_i64,10,320,4,before,47.405859
2,8192,true,max_i64,10,320,5,after,47.124869
2,8192,true,max_i64,11,320,0,enum_static,47.239453
2,8192,true,max_i64,11,320,1,bound_dynamic,49.227866
2,8192,true,max_i64,11,320,2,bound_static,46.747528
2,8192,true,max_i64,11,320,3,before,46.959634
2,8192,true,max_i64,11,320,4,after,46.435806
2,8192,true,max_i64,11,320,5,enum_dynamic,47.296353
2,65536,true,count_i64,0,303,0,bound_dynamic,51.981023
2,65536,true,count_i64,0,303,1,bound_static,53.442106
2,65536,true,count_i64,0,303,2,before,52.108634
2,65536,true,count_i64,0,303,3,after,52.010178
2,65536,true,count_i64,0,303,4,enum_dynamic,52.043452
2,65536,true,count_i64,0,303,5,enum_static,49.617436
2,65536,true,count_i64,1,303,0,bound_static,53.334158
2,65536,true,count_i64,1,303,1,before,52.121426
2,65536,true,count_i64,1,303,2,after,51.841446
2,65536,true,count_i64,1,303,3,enum_dynamic,51.740099
2,65536,true,count_i64,1,303,4,enum_static,49.336083
2,65536,true,count_i64,1,303,5,bound_dynamic,51.904568
2,65536,true,count_i64,2,303,0,before,51.375825
2,65536,true,count_i64,2,303,1,after,51.878439
2,65536,true,count_i64,2,303,2,enum_dynamic,52.183581
2,65536,true,count_i64,2,303,3,enum_static,49.557894
2,65536,true,count_i64,2,303,4,bound_dynamic,52.189769
2,65536,true,count_i64,2,303,5,bound_static,52.612624
2,65536,true,count_i64,3,303,0,after,51.049231
2,65536,true,count_i64,3,303,1,enum_dynamic,51.766224
2,65536,true,count_i64,3,303,2,enum_static,49.387376
2,65536,true,count_i64,3,303,3,bound_dynamic,52.422304
2,65536,true,count_i64,3,303,4,bound_static,52.113314
2,65536,true,count_i64,3,303,5,before,51.763201
2,65536,true,count_i64,4,303,0,enum_dynamic,51.984601
2,65536,true,count_i64,4,303,1,enum_static,49.502063
2,65536,true,count_i64,4,303,2,bound_dynamic,51.315733
2,65536,true,count_i64,4,303,3,bound_static,52.393838
2,65536,true,count_i64,4,303,4,before,51.869360
2,65536,true,count_i64,4,303,5,after,51.867026
2,65536,true,count_i64,5,303,0,enum_static,49.426429
2,65536,true,count_i64,5,303,1,bound_dynamic,51.957921
2,65536,true,count_i64,5,303,2,bound_static,52.318894
2,65536,true,count_i64,5,303,3,before,51.118812
2,65536,true,count_i64,5,303,4,after,51.984323
2,65536,true,count_i64,5,303,5,enum_dynamic,52.010314
2,65536,true,count_i64,6,303,0,bound_dynamic,51.898515
2,65536,true,count_i64,6,303,1,bound_static,53.422442
2,65536,true,count_i64,6,303,2,before,51.003987
2,65536,true,count_i64,6,303,3,after,51.964386
2,65536,true,count_i64,6,303,4,enum_dynamic,51.955858
2,65536,true,count_i64,6,303,5,enum_static,49.569993
2,65536,true,count_i64,7,303,0,bound_static,53.457921
2,65536,true,count_i64,7,303,1,before,51.524205
2,65536,true,count_i64,7,303,2,after,52.010452
2,65536,true,count_i64,7,303,3,enum_dynamic,52.132152
2,65536,true,count_i64,7,303,4,enum_static,49.564630
2,65536,true,count_i64,7,303,5,bound_dynamic,51.972911
2,65536,true,count_i64,8,303,0,before,51.440046
2,65536,true,count_i64,8,303,1,after,52.037406
2,65536,true,count_i64,8,303,2,enum_dynamic,52.034789
2,65536,true,count_i64,8,303,3,enum_static,50.155393
2,65536,true,count_i64,8,303,4,bound_dynamic,52.069307
2,65536,true,count_i64,8,303,5,bound_static,53.131875
2,65536,true,count_i64,9,303,0,after,50.987211
2,65536,true,count_i64,9,303,1,enum_dynamic,51.397828
2,65536,true,count_i64,9,303,2,enum_static,49.564904
2,65536,true,count_i64,9,303,3,bound_dynamic,52.076185
2,65536,true,count_i64,9,303,4,bound_static,53.318482
2,65536,true,count_i64,9,303,5,before,52.195545
2,65536,true,count_i64,10,303,0,enum_dynamic,51.784241
2,65536,true,count_i64,10,303,1,enum_static,49.682066
2,65536,true,count_i64,10,303,2,bound_dynamic,51.913779
2,65536,true,count_i64,10,303,3,bound_static,53.093373
2,65536,true,count_i64,10,303,4,before,52.019112
2,65536,true,count_i64,10,303,5,after,51.899205
2,65536,true,count_i64,11,303,0,enum_static,49.550604
2,65536,true,count_i64,11,303,1,bound_dynamic,51.985149
2,65536,true,count_i64,11,303,2,bound_static,53.330446
2,65536,true,count_i64,11,303,3,before,52.142050
2,65536,true,count_i64,11,303,4,after,51.916805
2,65536,true,count_i64,11,303,5,enum_dynamic,52.086634
2,128,false,mixed_7,0,1723,0,bound_dynamic,8.857540
2,128,false,mixed_7,0,1723,1,bound_static,8.622606
2,128,false,mixed_7,0,1723,2,before,8.788354
2,128,false,mixed_7,0,1723,3,after,8.698757
2,128,false,mixed_7,0,1723,4,enum_dynamic,8.933764
2,128,false,mixed_7,0,1723,5,enum_static,8.664103
2,128,false,mixed_7,1,1723,0,bound_static,8.792320
2,128,false,mixed_7,1,1723,1,before,8.807676
2,128,false,mixed_7,1,1723,2,after,9.136269
2,128,false,mixed_7,1,1723,3,enum_dynamic,8.794013
2,128,false,mixed_7,1,1723,4,enum_static,8.695106
2,128,false,mixed_7,1,1723,5,bound_dynamic,8.835510
2,128,false,mixed_7,2,1723,0,before,8.803275
2,128,false,mixed_7,2,1723,1,after,8.726905
2,128,false,mixed_7,2,1723,2,enum_dynamic,8.879329
2,128,false,mixed_7,2,1723,3,enum_static,8.749613
2,128,false,mixed_7,2,1723,4,bound_dynamic,8.834325
2,128,false,mixed_7,2,1723,5,bound_static,8.812052
2,128,false,mixed_7,3,1723,0,after,8.525247
2,128,false,mixed_7,3,1723,1,enum_dynamic,8.956834
2,128,false,mixed_7,3,1723,2,enum_static,8.718490
2,128,false,mixed_7,3,1723,3,bound_dynamic,8.835171
2,128,false,mixed_7,3,1723,4,bound_static,8.693678
2,128,false,mixed_7,3,1723,5,before,8.755320
2,128,false,mixed_7,4,1723,0,enum_dynamic,9.017605
2,128,false,mixed_7,4,1723,1,enum_static,8.750580
2,128,false,mixed_7,4,1723,2,bound_dynamic,8.848375
2,128,false,mixed_7,4,1723,3,bound_static,8.772417
2,128,false,mixed_7,4,1723,4,before,8.840225
2,128,false,mixed_7,4,1723,5,after,8.703207
2,128,false,mixed_7,5,1723,0,enum_static,8.743761
2,128,false,mixed_7,5,1723,1,bound_dynamic,8.837759
2,128,false,mixed_7,5,1723,2,bound_static,8.783082
2,128,false,mixed_7,5,1723,3,before,8.806152
2,128,false,mixed_7,5,1723,4,after,8.735055
2,128,false,mixed_7,5,1723,5,enum_dynamic,9.015622
2,128,false,mixed_7,6,1723,0,bound_dynamic,8.858991
2,128,false,mixed_7,6,1723,1,bound_static,8.750363
2,128,false,mixed_7,6,1723,2,before,8.812803
2,128,false,mixed_7,6,1723,3,after,8.729855
2,128,false,mixed_7,6,1723,4,enum_dynamic,9.007956
2,128,false,mixed_7,6,1723,5,enum_static,8.771377
2,128,false,mixed_7,7,1723,0,bound_static,8.759044
2,128,false,mixed_7,7,1723,1,before,8.811472
2,128,false,mixed_7,7,1723,2,after,8.734983
2,128,false,mixed_7,7,1723,3,enum_dynamic,9.012865
2,128,false,mixed_7,7,1723,4,enum_static,9.124395
2,128,false,mixed_7,7,1723,5,bound_dynamic,8.704948
2,128,false,mixed_7,8,1723,0,before,8.793070
2,128,false,mixed_7,8,1723,1,after,8.727317
2,128,false,mixed_7,8,1723,2,enum_dynamic,8.946557
2,128,false,mixed_7,8,1723,3,enum_static,8.714669
2,128,false,mixed_7,8,1723,4,bound_dynamic,8.838677
2,128,false,mixed_7,8,1723,5,bound_static,8.856065
2,128,false,mixed_7,9,1723,0,after,8.717233
2,128,false,mixed_7,9,1723,1,enum_dynamic,8.953739
2,128,false,mixed_7,9,1723,2,enum_static,8.725454
2,128,false,mixed_7,9,1723,3,bound_dynamic,8.839403
2,128,false,mixed_7,9,1723,4,bound_static,8.767774
2,128,false,mixed_7,9,1723,5,before,8.793553
2,128,false,mixed_7,10,1723,0,enum_dynamic,8.955214
2,128,false,mixed_7,10,1723,1,enum_static,8.755611
2,128,false,mixed_7,10,1723,2,bound_dynamic,8.806103
2,128,false,mixed_7,10,1723,3,bound_static,8.754498
2,128,false,mixed_7,10,1723,4,before,8.782792
2,128,false,mixed_7,10,1723,5,after,8.713750
2,128,false,mixed_7,11,1723,0,enum_static,8.725842
2,128,false,mixed_7,11,1723,1,bound_dynamic,8.828279
2,128,false,mixed_7,11,1723,2,bound_static,8.742068
2,128,false,mixed_7,11,1723,3,before,8.798365
2,128,false,mixed_7,11,1723,4,after,8.696024
2,128,false,mixed_7,11,1723,5,enum_dynamic,8.973327
2,65536,true,sum_f64,0,212,0,bound_dynamic,72.193792
2,65536,true,sum_f64,0,212,1,bound_static,71.003340
2,65536,true,sum_f64,0,212,2,before,71.235656
2,65536,true,sum_f64,0,212,3,after,72.116547
2,65536,true,sum_f64,0,212,4,enum_dynamic,71.102203
2,65536,true,sum_f64,0,212,5,enum_static,71.652123
2,65536,true,sum_f64,1,212,0,bound_static,71.175118
2,65536,true,sum_f64,1,212,1,before,70.924335
2,65536,true,sum_f64,1,212,2,after,72.012778
2,65536,true,sum_f64,1,212,3,enum_dynamic,70.974255
2,65536,true,sum_f64,1,212,4,enum_static,70.388561
2,65536,true,sum_f64,1,212,5,bound_dynamic,71.306802
2,65536,true,sum_f64,2,212,0,before,70.969538
2,65536,true,sum_f64,2,212,1,after,73.027519
2,65536,true,sum_f64,2,212,2,enum_dynamic,70.960495
2,65536,true,sum_f64,2,212,3,enum_static,70.983292
2,65536,true,sum_f64,2,212,4,bound_dynamic,72.167651
2,65536,true,sum_f64,2,212,5,bound_static,71.065250
2,65536,true,sum_f64,3,212,0,after,72.555226
2,65536,true,sum_f64,3,212,1,enum_dynamic,69.746462
2,65536,true,sum_f64,3,212,2,enum_static,71.037538
2,65536,true,sum_f64,3,212,3,bound_dynamic,72.127358
2,65536,true,sum_f64,3,212,4,bound_static,71.019259
2,65536,true,sum_f64,3,212,5,before,71.293434
2,65536,true,sum_f64,4,212,0,enum_dynamic,71.221698
2,65536,true,sum_f64,4,212,1,enum_static,71.149368
2,65536,true,sum_f64,4,212,2,bound_dynamic,72.612226
2,65536,true,sum_f64,4,212,3,bound_static,71.234670
2,65536,true,sum_f64,4,212,4,before,71.341198
2,65536,true,sum_f64,4,212,5,after,72.514151
2,65536,true,sum_f64,5,212,0,enum_static,71.192807
2,65536,true,sum_f64,5,212,1,bound_dynamic,72.261594
2,65536,true,sum_f64,5,212,2,bound_static,71.044415
2,65536,true,sum_f64,5,212,3,before,71.345127
2,65536,true,sum_f64,5,212,4,after,72.309948
2,65536,true,sum_f64,5,212,5,enum_dynamic,71.286755
2,65536,true,sum_f64,6,212,0,bound_dynamic,72.196934
2,65536,true,sum_f64,6,212,1,bound_static,72.020443
2,65536,true,sum_f64,6,212,2,before,70.452439
2,65536,true,sum_f64,6,212,3,after,71.991939
2,65536,true,sum_f64,6,212,4,enum_dynamic,71.271618
2,65536,true,sum_f64,6,212,5,enum_static,71.070557
2,65536,true,sum_f64,7,212,0,bound_static,71.186910
2,65536,true,sum_f64,7,212,1,before,71.286160
2,65536,true,sum_f64,7,212,2,after,72.206368
2,65536,true,sum_f64,7,212,3,enum_dynamic,71.243118
2,65536,true,sum_f64,7,212,4,enum_static,71.139542
2,65536,true,sum_f64,7,212,5,bound_dynamic,72.338047
2,65536,true,sum_f64,8,212,0,before,71.208528
2,65536,true,sum_f64,8,212,1,after,72.160967
2,65536,true,sum_f64,8,212,2,enum_dynamic,71.349057
2,65536,true,sum_f64,8,212,3,enum_static,70.301099
2,65536,true,sum_f64,8,212,4,bound_dynamic,72.319575
2,65536,true,sum_f64,8,212,5,bound_static,71.150745
2,65536,true,sum_f64,9,212,0,after,71.262580
2,65536,true,sum_f64,9,212,1,enum_dynamic,70.550901
2,65536,true,sum_f64,9,212,2,enum_static,70.975627
2,65536,true,sum_f64,9,212,3,bound_dynamic,72.128736
2,65536,true,sum_f64,9,212,4,bound_static,71.326061
2,65536,true,sum_f64,9,212,5,before,71.210887
2,65536,true,sum_f64,10,212,0,enum_dynamic,71.163132
2,65536,true,sum_f64,10,212,1,enum_static,70.977991
2,65536,true,sum_f64,10,212,2,bound_dynamic,72.522014
2,65536,true,sum_f64,10,212,3,bound_static,71.123821
2,65536,true,sum_f64,10,212,4,before,71.245090
2,65536,true,sum_f64,10,212,5,after,73.431014
2,65536,true,sum_f64,11,212,0,enum_static,72.589226
2,65536,true,sum_f64,11,212,1,bound_dynamic,71.095915
2,65536,true,sum_f64,11,212,2,bound_static,71.420792
2,65536,true,sum_f64,11,212,3,before,71.228774
2,65536,true,sum_f64,11,212,4,after,72.324684
2,65536,true,sum_f64,11,212,5,enum_dynamic,70.882863
2,65536,false,sum_i64,0,132,0,bound_dynamic,114.153091
2,65536,false,sum_i64,0,132,1,bound_static,114.172348
2,65536,false,sum_i64,0,132,2,before,114.171712
2,65536,false,sum_i64,0,132,3,after,114.116159
2,65536,false,sum_i64,0,132,4,enum_dynamic,114.397098
2,65536,false,sum_i64,0,132,5,enum_static,114.369947
2,65536,false,sum_i64,1,132,0,bound_static,114.381947
2,65536,false,sum_i64,1,132,1,before,114.708015
2,65536,false,sum_i64,1,132,2,after,114.214644
2,65536,false,sum_i64,1,132,3,enum_dynamic,116.279674
2,65536,false,sum_i64,1,132,4,enum_static,113.990220
2,65536,false,sum_i64,1,132,5,bound_dynamic,115.075439
2,65536,false,sum_i64,2,132,0,before,114.280932
2,65536,false,sum_i64,2,132,1,after,114.638568
2,65536,false,sum_i64,2,132,2,enum_dynamic,114.528409
2,65536,false,sum_i64,2,132,3,enum_static,114.811864
2,65536,false,sum_i64,2,132,4,bound_dynamic,114.321023
2,65536,false,sum_i64,2,132,5,bound_static,114.427720
2,65536,false,sum_i64,3,132,0,after,114.595326
2,65536,false,sum_i64,3,132,1,enum_dynamic,114.258841
2,65536,false,sum_i64,3,132,2,enum_static,114.966227
2,65536,false,sum_i64,3,132,3,bound_dynamic,114.358265
2,65536,false,sum_i64,3,132,4,bound_static,114.423924
2,65536,false,sum_i64,3,132,5,before,114.660667
2,65536,false,sum_i64,4,132,0,enum_dynamic,114.797659
2,65536,false,sum_i64,4,132,1,enum_static,114.593750
2,65536,false,sum_i64,4,132,2,bound_dynamic,114.488318
2,65536,false,sum_i64,4,132,3,bound_static,114.419197
2,65536,false,sum_i64,4,132,4,before,115.506947
2,65536,false,sum_i64,4,132,5,after,112.939394
2,65536,false,sum_i64,5,132,0,enum_static,114.344697
2,65536,false,sum_i64,5,132,1,bound_dynamic,114.708652
2,65536,false,sum_i64,5,132,2,bound_static,114.431182
2,65536,false,sum_i64,5,132,3,before,114.558394
2,65536,false,sum_i64,5,132,4,after,114.389523
2,65536,false,sum_i64,5,132,5,enum_dynamic,114.431189
2,65536,false,sum_i64,6,132,0,bound_dynamic,114.389833
2,65536,false,sum_i64,6,132,1,bound_static,114.717485
2,65536,false,sum_i64,6,132,2,before,114.390152
2,65536,false,sum_i64,6,132,3,after,114.505045
2,65536,false,sum_i64,6,132,4,enum_dynamic,114.474432
2,65536,false,sum_i64,6,132,5,enum_static,114.559030
2,65536,false,sum_i64,7,132,0,bound_static,114.742106
2,65536,false,sum_i64,7,132,1,before,114.298295
2,65536,false,sum_i64,7,132,2,after,116.273985
2,65536,false,sum_i64,7,132,3,enum_dynamic,114.456121
2,65536,false,sum_i64,7,132,4,enum_static,114.128152
2,65536,false,sum_i64,7,132,5,bound_dynamic,114.397409
2,65536,false,sum_i64,8,132,0,before,114.524621
2,65536,false,sum_i64,8,132,1,after,114.466227
2,65536,false,sum_i64,8,132,2,enum_dynamic,114.402152
2,65536,false,sum_i64,8,132,3,enum_static,114.513258
2,65536,false,sum_i64,8,132,4,bound_dynamic,114.286295
2,65536,false,sum_i64,8,132,5,bound_static,114.721902
2,65536,false,sum_i64,9,132,0,after,114.514515
2,65536,false,sum_i64,9,132,1,enum_dynamic,114.754106
2,65536,false,sum_i64,9,132,2,enum_static,114.879106
2,65536,false,sum_i64,9,132,3,bound_dynamic,114.594379
2,65536,false,sum_i64,9,132,4,bound_static,114.314394
2,65536,false,sum_i64,9,132,5,before,114.726326
2,65536,false,sum_i64,10,132,0,enum_dynamic,114.346591
2,65536,false,sum_i64,10,132,1,enum_static,114.383523
2,65536,false,sum_i64,10,132,2,bound_dynamic,115.190023
2,65536,false,sum_i64,10,132,3,bound_static,113.712750
2,65536,false,sum_i64,10,132,4,before,114.470333
2,65536,false,sum_i64,10,132,5,after,114.250947
2,65536,false,sum_i64,11,132,0,enum_static,114.168250
2,65536,false,sum_i64,11,132,1,bound_dynamic,114.151197
2,65536,false,sum_i64,11,132,2,bound_static,114.150886
2,65536,false,sum_i64,11,132,3,before,114.130682
2,65536,false,sum_i64,11,132,4,after,114.153720
2,65536,false,sum_i64,11,132,5,enum_dynamic,114.513886
2,65536,true,sum_i64,0,114,0,bound_dynamic,132.989404
2,65536,true,sum_i64,0,114,1,bound_static,133.361842
2,65536,true,sum_i64,0,114,2,before,133.172877
2,65536,true,sum_i64,0,114,3,after,133.250000
2,65536,true,sum_i64,0,114,4,enum_dynamic,133.595395
2,65536,true,sum_i64,0,114,5,enum_static,134.713447
2,65536,true,sum_i64,1,114,0,bound_static,133.493053
2,65536,true,sum_i64,1,114,1,before,133.081140
2,65536,true,sum_i64,1,114,2,after,133.523395
2,65536,true,sum_i64,1,114,3,enum_dynamic,133.296781
2,65536,true,sum_i64,1,114,4,enum_static,133.474781
2,65536,true,sum_i64,1,114,5,bound_dynamic,132.933851
2,65536,true,sum_i64,2,114,0,before,133.425807
2,65536,true,sum_i64,2,114,1,after,133.707237
2,65536,true,sum_i64,2,114,2,enum_dynamic,133.898026
2,65536,true,sum_i64,2,114,3,enum_static,133.857825
2,65536,true,sum_i64,2,114,4,bound_dynamic,133.016816
2,65536,true,sum_i64,2,114,5,bound_static,133.356728
2,65536,true,sum_i64,3,114,0,after,133.451026
2,65536,true,sum_i64,3,114,1,enum_dynamic,133.054088
2,65536,true,sum_i64,3,114,2,enum_static,133.124632
2,65536,true,sum_i64,3,114,3,bound_dynamic,133.639982
2,65536,true,sum_i64,3,114,4,bound_static,133.076395
2,65536,true,sum_i64,3,114,5,before,133.422149
2,65536,true,sum_i64,4,114,0,enum_dynamic,133.310675
2,65536,true,sum_i64,4,114,1,enum_static,133.104167
2,65536,true,sum_i64,4,114,2,bound_dynamic,133.347219
2,65536,true,sum_i64,4,114,3,bound_static,133.132307
2,65536,true,sum_i64,4,114,4,before,133.399482
2,65536,true,sum_i64,4,114,5,after,133.119877
2,65536,true,sum_i64,5,114,0,enum_static,133.456140
2,65536,true,sum_i64,5,114,1,bound_dynamic,133.131947
2,65536,true,sum_i64,5,114,2,bound_static,133.293132
2,65536,true,sum_i64,5,114,3,before,133.660456
2,65536,true,sum_i64,5,114,4,after,132.078211
2,65536,true,sum_i64,5,114,5,enum_dynamic,133.133044
2,65536,true,sum_i64,6,114,0,bound_dynamic,133.167035
2,65536,true,sum_i64,6,114,1,bound_static,133.146561
2,65536,true,sum_i64,6,114,2,before,133.186035
2,65536,true,sum_i64,6,114,3,after,133.172149
2,65536,true,sum_i64,6,114,4,enum_dynamic,133.936404
2,65536,true,sum_i64,6,114,5,enum_static,133.369886
2,65536,true,sum_i64,7,114,0,bound_static,133.085526
2,65536,true,sum_i64,7,114,1,before,133.676167
2,65536,true,sum_i64,7,114,2,after,133.093202
2,65536,true,sum_i64,7,114,3,enum_dynamic,133.395833
2,65536,true,sum_i64,7,114,4,enum_static,133.165570
2,65536,true,sum_i64,7,114,5,bound_dynamic,133.397658
2,65536,true,sum_i64,8,114,0,before,132.650219
2,65536,true,sum_i64,8,114,1,after,132.943342
2,65536,true,sum_i64,8,114,2,enum_dynamic,133.805921
2,65536,true,sum_i64,8,114,3,enum_static,133.213447
2,65536,true,sum_i64,8,114,4,bound_dynamic,133.480263
2,65536,true,sum_i64,8,114,5,bound_static,133.619877
2,65536,true,sum_i64,9,114,0,after,132.864035
2,65536,true,sum_i64,9,114,1,enum_dynamic,132.901675
2,65536,true,sum_i64,9,114,2,enum_static,133.013158
2,65536,true,sum_i64,9,114,3,bound_dynamic,133.057018
2,65536,true,sum_i64,9,114,4,bound_static,133.004026
2,65536,true,sum_i64,9,114,5,before,133.002930
2,65536,true,sum_i64,10,114,0,enum_dynamic,132.868789
2,65536,true,sum_i64,10,114,1,enum_static,132.963079
2,65536,true,sum_i64,10,114,2,bound_dynamic,132.311035
2,65536,true,sum_i64,10,114,3,bound_static,132.898395
2,65536,true,sum_i64,10,114,4,before,132.894009
2,65536,true,sum_i64,10,114,5,after,133.202851
2,65536,true,sum_i64,11,114,0,enum_static,133.522667
2,65536,true,sum_i64,11,114,1,bound_dynamic,133.603807
2,65536,true,sum_i64,11,114,2,bound_static,133.030702
2,65536,true,sum_i64,11,114,3,before,132.850518
2,65536,true,sum_i64,11,114,4,after,133.083333
2,65536,true,sum_i64,11,114,5,enum_dynamic,133.129026
2,8192,false,sum_f64,0,2242,0,bound_dynamic,6.709355
2,8192,false,sum_f64,0,2242,1,bound_static,6.708445
2,8192,false,sum_f64,0,2242,2,before,6.724762
2,8192,false,sum_f64,0,2242,3,after,6.769811
2,8192,false,sum_f64,0,2242,4,enum_dynamic,6.718741
2,8192,false,sum_f64,0,2242,5,enum_static,6.715433
2,8192,false,sum_f64,1,2242,0,bound_static,6.724502
2,8192,false,sum_f64,1,2242,1,before,6.763046
2,8192,false,sum_f64,1,2242,2,after,6.711474
2,8192,false,sum_f64,1,2242,3,enum_dynamic,6.725989
2,8192,false,sum_f64,1,2242,4,enum_static,6.752100
2,8192,false,sum_f64,1,2242,5,bound_dynamic,6.723722
2,8192,false,sum_f64,2,2242,0,before,6.764998
2,8192,false,sum_f64,2,2242,1,after,6.734872
2,8192,false,sum_f64,2,2242,2,enum_dynamic,6.701327
2,8192,false,sum_f64,2,2242,3,enum_static,6.762247
2,8192,false,sum_f64,2,2242,4,bound_dynamic,6.700640
2,8192,false,sum_f64,2,2242,5,bound_static,6.742510
2,8192,false,sum_f64,3,2242,0,after,6.728275
2,8192,false,sum_f64,3,2242,1,enum_dynamic,6.740504
2,8192,false,sum_f64,3,2242,2,enum_static,6.741247
2,8192,false,sum_f64,3,2242,3,bound_dynamic,6.724818
2,8192,false,sum_f64,3,2242,4,bound_static,6.723963
2,8192,false,sum_f64,3,2242,5,before,6.736917
2,8192,false,sum_f64,4,2242,0,enum_dynamic,6.733553
2,8192,false,sum_f64,4,2242,1,enum_static,6.727884
2,8192,false,sum_f64,4,2242,2,bound_dynamic,6.728014
2,8192,false,sum_f64,4,2242,3,bound_static,6.724744
2,8192,false,sum_f64,4,2242,4,before,6.755743
2,8192,false,sum_f64,4,2242,5,after,6.733980
2,8192,false,sum_f64,5,2242,0,enum_static,6.740132
2,8192,false,sum_f64,5,2242,1,bound_dynamic,6.719837
2,8192,false,sum_f64,5,2242,2,bound_static,6.733943
2,8192,false,sum_f64,5,2242,3,before,6.732122
2,8192,false,sum_f64,5,2242,4,after,6.734761
2,8192,false,sum_f64,5,2242,5,enum_dynamic,6.727884
2,8192,false,sum_f64,6,2242,0,bound_dynamic,6.714058
2,8192,false,sum_f64,6,2242,1,bound_static,6.738775
2,8192,false,sum_f64,6,2242,2,before,6.654178
2,8192,false,sum_f64,6,2242,3,after,6.723703
2,8192,false,sum_f64,6,2242,4,enum_dynamic,6.706289
2,8192,false,sum_f64,6,2242,5,enum_static,6.684192
2,8192,false,sum_f64,7,2242,0,bound_static,6.691236
2,8192,false,sum_f64,7,2242,1,before,6.732047
2,8192,false,sum_f64,7,2242,2,after,6.712626
2,8192,false,sum_f64,7,2242,3,enum_dynamic,6.718146
2,8192,false,sum_f64,7,2242,4,enum_static,6.727215
2,8192,false,sum_f64,7,2242,5,bound_dynamic,6.755371
2,8192,false,sum_f64,8,2242,0,before,6.723424
2,8192,false,sum_f64,8,2242,1,after,6.705620
2,8192,false,sum_f64,8,2242,2,enum_dynamic,6.715637
2,8192,false,sum_f64,8,2242,3,enum_static,6.654810
2,8192,false,sum_f64,8,2242,4,bound_dynamic,6.721677
2,8192,false,sum_f64,8,2242,5,bound_static,6.720897
2,8192,false,sum_f64,9,2242,0,after,6.719540
2,8192,false,sum_f64,9,2242,1,enum_dynamic,6.715154
2,8192,false,sum_f64,9,2242,2,enum_static,6.724874
2,8192,false,sum_f64,9,2242,3,bound_dynamic,6.728312
2,8192,false,sum_f64,9,2242,4,bound_static,6.725988
2,8192,false,sum_f64,9,2242,5,before,6.744648
2,8192,false,sum_f64,10,2242,0,enum_dynamic,6.732215
2,8192,false,sum_f64,10,2242,1,enum_static,6.735764
2,8192,false,sum_f64,10,2242,2,bound_dynamic,6.714875
2,8192,false,sum_f64,10,2242,3,bound_static,6.736842
2,8192,false,sum_f64,10,2242,4,before,6.743347
2,8192,false,sum_f64,10,2242,5,after,6.735541
2,8192,false,sum_f64,11,2242,0,enum_static,6.731508
2,8192,false,sum_f64,11,2242,1,bound_dynamic,6.713351
2,8192,false,sum_f64,11,2242,2,bound_static,6.756672
2,8192,false,sum_f64,11,2242,3,before,6.733051
2,8192,false,sum_f64,11,2242,4,after,6.739184
2,8192,false,sum_f64,11,2242,5,enum_dynamic,6.710991
2,128,true,avg_i64,0,32543,0,bound_dynamic,0.460268
2,128,true,avg_i64,0,32543,1,bound_static,0.467909
2,128,true,avg_i64,0,32543,2,before,0.495880
2,128,true,avg_i64,0,32543,3,after,0.460456
2,128,true,avg_i64,0,32543,4,enum_dynamic,0.495936
2,128,true,avg_i64,0,32543,5,enum_static,0.494341
2,128,true,avg_i64,1,32543,0,bound_static,0.460290
2,128,true,avg_i64,1,32543,1,before,0.499712
2,128,true,avg_i64,1,32543,2,after,0.451254
2,128,true,avg_i64,1,32543,3,enum_dynamic,0.497512
2,128,true,avg_i64,1,32543,4,enum_static,0.489474
2,128,true,avg_i64,1,32543,5,bound_dynamic,0.460367
2,128,true,avg_i64,2,32543,0,before,0.494847
2,128,true,avg_i64,2,32543,1,after,0.463999
2,128,true,avg_i64,2,32543,2,enum_dynamic,0.496014
2,128,true,avg_i64,2,32543,3,enum_static,0.493450
2,128,true,avg_i64,2,32543,4,bound_dynamic,0.460195
2,128,true,avg_i64,2,32543,5,bound_static,0.461349
2,128,true,avg_i64,3,32543,0,after,0.461422
2,128,true,avg_i64,3,32543,1,enum_dynamic,0.494813
2,128,true,avg_i64,3,32543,2,enum_static,0.493530
2,128,true,avg_i64,3,32543,3,bound_dynamic,0.460998
2,128,true,avg_i64,3,32543,4,bound_static,0.461053
2,128,true,avg_i64,3,32543,5,before,0.494181
2,128,true,avg_i64,4,32543,0,enum_dynamic,0.495060
2,128,true,avg_i64,4,32543,1,enum_static,0.493899
2,128,true,avg_i64,4,32543,2,bound_dynamic,0.466401
2,128,true,avg_i64,4,32543,3,bound_static,0.457072
2,128,true,avg_i64,4,32543,4,before,0.488683
2,128,true,avg_i64,4,32543,5,after,0.462372
2,128,true,avg_i64,5,32543,0,enum_static,0.494290
2,128,true,avg_i64,5,32543,1,bound_dynamic,0.461943
2,128,true,avg_i64,5,32543,2,bound_static,0.457278
2,128,true,avg_i64,5,32543,3,before,0.494414
2,128,true,avg_i64,5,32543,4,after,0.469287
2,128,true,avg_i64,5,32543,5,enum_dynamic,0.497630
2,128,true,avg_i64,6,32543,0,bound_dynamic,0.459753
2,128,true,avg_i64,6,32543,1,bound_static,0.460913
2,128,true,avg_i64,6,32543,2,before,0.493459
2,128,true,avg_i64,6,32543,3,after,0.463416
2,128,true,avg_i64,6,32543,4,enum_dynamic,0.498895
2,128,true,avg_i64,6,32543,5,enum_static,0.491847
2,128,true,avg_i64,7,32543,0,bound_static,0.460666
2,128,true,avg_i64,7,32543,1,before,0.493270
2,128,true,avg_i64,7,32543,2,after,0.460160
2,128,true,avg_i64,7,32543,3,enum_dynamic,0.499211
2,128,true,avg_i64,7,32543,4,enum_static,0.494089
2,128,true,avg_i64,7,32543,5,bound_dynamic,0.460785
2,128,true,avg_i64,8,32543,0,before,0.495648
2,128,true,avg_i64,8,32543,1,after,0.460794
2,128,true,avg_i64,8,32543,2,enum_dynamic,0.499119
2,128,true,avg_i64,8,32543,3,enum_static,0.498225
2,128,true,avg_i64,8,32543,4,bound_dynamic,0.459210
2,128,true,avg_i64,8,32543,5,bound_static,0.464328
2,128,true,avg_i64,9,32543,0,after,0.462149
2,128,true,avg_i64,9,32543,1,enum_dynamic,0.499003
2,128,true,avg_i64,9,32543,2,enum_static,0.494169
2,128,true,avg_i64,9,32543,3,bound_dynamic,0.460488
2,128,true,avg_i64,9,32543,4,bound_static,0.460807
2,128,true,avg_i64,9,32543,5,before,0.494688
2,128,true,avg_i64,10,32543,0,enum_dynamic,0.502271
2,128,true,avg_i64,10,32543,1,enum_static,0.493847
2,128,true,avg_i64,10,32543,2,bound_dynamic,0.460269
2,128,true,avg_i64,10,32543,3,bound_static,0.459927
2,128,true,avg_i64,10,32543,4,before,0.496078
2,128,true,avg_i64,10,32543,5,after,0.463227
2,128,true,avg_i64,11,32543,0,enum_static,0.494931
2,128,true,avg_i64,11,32543,1,bound_dynamic,0.462171
2,128,true,avg_i64,11,32543,2,bound_static,0.460833
2,128,true,avg_i64,11,32543,3,before,0.492726
2,128,true,avg_i64,11,32543,4,after,0.467626
2,128,true,avg_i64,11,32543,5,enum_dynamic,0.504156
2,65536,true,min_utf8,0,18,0,bound_dynamic,891.196778
2,65536,true,min_utf8,0,18,1,bound_static,853.905111
2,65536,true,min_utf8,0,18,2,before,877.576389
2,65536,true,min_utf8,0,18,3,after,861.074056
2,65536,true,min_utf8,0,18,4,enum_dynamic,878.108833
2,65536,true,min_utf8,0,18,5,enum_static,860.782389
2,65536,true,min_utf8,1,18,0,bound_static,862.796333
2,65536,true,min_utf8,1,18,1,before,883.270833
2,65536,true,min_utf8,1,18,2,after,862.458333
2,65536,true,min_utf8,1,18,3,enum_dynamic,901.240778
2,65536,true,min_utf8,1,18,4,enum_static,846.671278
2,65536,true,min_utf8,1,18,5,bound_dynamic,899.655056
2,65536,true,min_utf8,2,18,0,before,885.020833
2,65536,true,min_utf8,2,18,1,after,859.148167
2,65536,true,min_utf8,2,18,2,enum_dynamic,885.689778
2,65536,true,min_utf8,2,18,3,enum_static,849.608778
2,65536,true,min_utf8,2,18,4,bound_dynamic,879.421278
2,65536,true,min_utf8,2,18,5,bound_static,858.872667
2,65536,true,min_utf8,3,18,0,after,859.949056
2,65536,true,min_utf8,3,18,1,enum_dynamic,868.537056
2,65536,true,min_utf8,3,18,2,enum_static,842.254667
2,65536,true,min_utf8,3,18,3,bound_dynamic,886.965278
2,65536,true,min_utf8,3,18,4,bound_static,855.111111
2,65536,true,min_utf8,3,18,5,before,886.958333
2,65536,true,min_utf8,4,18,0,enum_dynamic,880.511556
2,65536,true,min_utf8,4,18,1,enum_static,859.187500
2,65536,true,min_utf8,4,18,2,bound_dynamic,896.088000
2,65536,true,min_utf8,4,18,3,bound_static,861.240722
2,65536,true,min_utf8,4,18,4,before,885.458333
2,65536,true,min_utf8,4,18,5,after,861.997667
2,65536,true,min_utf8,5,18,0,enum_static,855.597222
2,65536,true,min_utf8,5,18,1,bound_dynamic,888.097222
2,65536,true,min_utf8,5,18,2,bound_static,862.504611
2,65536,true,min_utf8,5,18,3,before,880.710667
2,65536,true,min_utf8,5,18,4,after,854.780056
2,65536,true,min_utf8,5,18,5,enum_dynamic,887.789333
2,65536,true,min_utf8,6,18,0,bound_dynamic,892.430556
2,65536,true,min_utf8,6,18,1,bound_static,862.479167
2,65536,true,min_utf8,6,18,2,before,879.956056
2,65536,true,min_utf8,6,18,3,after,861.976833
2,65536,true,min_utf8,6,18,4,enum_dynamic,877.467611
2,65536,true,min_utf8,6,18,5,enum_static,859.840278
2,65536,true,min_utf8,7,18,0,bound_static,855.581000
2,65536,true,min_utf8,7,18,1,before,881.432889
2,65536,true,min_utf8,7,18,2,after,860.796278
2,65536,true,min_utf8,7,18,3,enum_dynamic,877.671278
2,65536,true,min_utf8,7,18,4,enum_static,852.178222
2,65536,true,min_utf8,7,18,5,bound_dynamic,880.435167
2,65536,true,min_utf8,8,18,0,before,884.685222
2,65536,true,min_utf8,8,18,1,after,843.060167
2,65536,true,min_utf8,8,18,2,enum_dynamic,883.863389
2,65536,true,min_utf8,8,18,3,enum_static,857.342611
2,65536,true,min_utf8,8,18,4,bound_dynamic,898.090278
2,65536,true,min_utf8,8,18,5,bound_static,866.331056
2,65536,true,min_utf8,9,18,0,after,851.875000
2,65536,true,min_utf8,9,18,1,enum_dynamic,874.884222
2,65536,true,min_utf8,9,18,2,enum_static,861.534722
2,65536,true,min_utf8,9,18,3,bound_dynamic,891.238389
2,65536,true,min_utf8,9,18,4,bound_static,862.754667
2,65536,true,min_utf8,9,18,5,before,877.782389
2,65536,true,min_utf8,10,18,0,enum_dynamic,877.263889
2,65536,true,min_utf8,10,18,1,enum_static,860.527778
2,65536,true,min_utf8,10,18,2,bound_dynamic,898.379611
2,65536,true,min_utf8,10,18,3,bound_static,861.354167
2,65536,true,min_utf8,10,18,4,before,884.486111
2,65536,true,min_utf8,10,18,5,after,855.379667
2,65536,true,min_utf8,11,18,0,enum_static,858.678222
2,65536,true,min_utf8,11,18,1,bound_dynamic,900.194444
2,65536,true,min_utf8,11,18,2,bound_static,857.983833
2,65536,true,min_utf8,11,18,3,before,874.770833
2,65536,true,min_utf8,11,18,4,after,843.050944
2,65536,true,min_utf8,11,18,5,enum_dynamic,874.655056
2,128,false,count_i64,0,50000,0,bound_dynamic,0.070859
2,128,false,count_i64,0,50000,1,bound_static,0.071710
2,128,false,count_i64,0,50000,2,before,0.072875
2,128,false,count_i64,0,50000,3,after,0.071834
2,128,false,count_i64,0,50000,4,enum_dynamic,0.071319
2,128,false,count_i64,0,50000,5,enum_static,0.071943
2,128,false,count_i64,1,50000,0,bound_static,0.070602
2,128,false,count_i64,1,50000,1,before,0.071513
2,128,false,count_i64,1,50000,2,after,0.069746
2,128,false,count_i64,1,50000,3,enum_dynamic,0.070802
2,128,false,count_i64,1,50000,4,enum_static,0.072007
2,128,false,count_i64,1,50000,5,bound_dynamic,0.071058
2,128,false,count_i64,2,50000,0,before,0.072837
2,128,false,count_i64,2,50000,1,after,0.070854
2,128,false,count_i64,2,50000,2,enum_dynamic,0.073283
2,128,false,count_i64,2,50000,3,enum_static,0.072991
2,128,false,count_i64,2,50000,4,bound_dynamic,0.071062
2,128,false,count_i64,2,50000,5,bound_static,0.071703
2,128,false,count_i64,3,50000,0,after,0.071082
2,128,false,count_i64,3,50000,1,enum_dynamic,0.072933
2,128,false,count_i64,3,50000,2,enum_static,0.072712
2,128,false,count_i64,3,50000,3,bound_dynamic,0.070987
2,128,false,count_i64,3,50000,4,bound_static,0.072023
2,128,false,count_i64,3,50000,5,before,0.072978
2,128,false,count_i64,4,50000,0,enum_dynamic,0.072744
2,128,false,count_i64,4,50000,1,enum_static,0.072884
2,128,false,count_i64,4,50000,2,bound_dynamic,0.071164
2,128,false,count_i64,4,50000,3,bound_static,0.072103
2,128,false,count_i64,4,50000,4,before,0.073277
2,128,false,count_i64,4,50000,5,after,0.070753
2,128,false,count_i64,5,50000,0,enum_static,0.074324
2,128,false,count_i64,5,50000,1,bound_dynamic,0.070134
2,128,false,count_i64,5,50000,2,bound_static,0.070589
2,128,false,count_i64,5,50000,3,before,0.071733
2,128,false,count_i64,5,50000,4,after,0.069425
2,128,false,count_i64,5,50000,5,enum_dynamic,0.071263
2,128,false,count_i64,6,50000,0,bound_dynamic,0.069679
2,128,false,count_i64,6,50000,1,bound_static,0.070733
2,128,false,count_i64,6,50000,2,before,0.072260
2,128,false,count_i64,6,50000,3,after,0.069475
2,128,false,count_i64,6,50000,4,enum_dynamic,0.071335
2,128,false,count_i64,6,50000,5,enum_static,0.072858
2,128,false,count_i64,7,50000,0,bound_static,0.071930
2,128,false,count_i64,7,50000,1,before,0.072790
2,128,false,count_i64,7,50000,2,after,0.070789
2,128,false,count_i64,7,50000,3,enum_dynamic,0.073435
2,128,false,count_i64,7,50000,4,enum_static,0.074703
2,128,false,count_i64,7,50000,5,bound_dynamic,0.069402
2,128,false,count_i64,8,50000,0,before,0.071608
2,128,false,count_i64,8,50000,1,after,0.069460
2,128,false,count_i64,8,50000,2,enum_dynamic,0.072082
2,128,false,count_i64,8,50000,3,enum_static,0.072950
2,128,false,count_i64,8,50000,4,bound_dynamic,0.070958
2,128,false,count_i64,8,50000,5,bound_static,0.072007
2,128,false,count_i64,9,50000,0,after,0.070755
2,128,false,count_i64,9,50000,1,enum_dynamic,0.072667
2,128,false,count_i64,9,50000,2,enum_static,0.072811
2,128,false,count_i64,9,50000,3,bound_dynamic,0.070983
2,128,false,count_i64,9,50000,4,bound_static,0.072034
2,128,false,count_i64,9,50000,5,before,0.072961
2,128,false,count_i64,10,50000,0,enum_dynamic,0.072828
2,128,false,count_i64,10,50000,1,enum_static,0.073039
2,128,false,count_i64,10,50000,2,bound_dynamic,0.071018
2,128,false,count_i64,10,50000,3,bound_static,0.071953
2,128,false,count_i64,10,50000,4,before,0.072838
2,128,false,count_i64,10,50000,5,after,0.070767
2,128,false,count_i64,11,50000,0,enum_static,0.073136
2,128,false,count_i64,11,50000,1,bound_dynamic,0.069974
2,128,false,count_i64,11,50000,2,bound_static,0.070122
2,128,false,count_i64,11,50000,3,before,0.071544
2,128,false,count_i64,11,50000,4,after,0.069417
2,128,false,count_i64,11,50000,5,enum_dynamic,0.070782
2,128,true,covar_i64,0,16843,0,bound_dynamic,0.894857
2,128,true,covar_i64,0,16843,1,bound_static,0.903038
2,128,true,covar_i64,0,16843,2,before,0.912803
2,128,true,covar_i64,0,16843,3,after,0.893200
2,128,true,covar_i64,0,16843,4,enum_dynamic,0.907274
2,128,true,covar_i64,0,16843,5,enum_static,0.920635
2,128,true,covar_i64,1,16843,0,bound_static,0.896342
2,128,true,covar_i64,1,16843,1,before,0.907561
2,128,true,covar_i64,1,16843,2,after,0.892581
2,128,true,covar_i64,1,16843,3,enum_dynamic,0.907397
2,128,true,covar_i64,1,16843,4,enum_static,0.918559
2,128,true,covar_i64,1,16843,5,bound_dynamic,0.910497
2,128,true,covar_i64,2,16843,0,before,0.909312
2,128,true,covar_i64,2,16843,1,after,0.902796
2,128,true,covar_i64,2,16843,2,enum_dynamic,0.908421
2,128,true,covar_i64,2,16843,3,enum_static,0.925909
2,128,true,covar_i64,2,16843,4,bound_dynamic,0.913960
2,128,true,covar_i64,2,16843,5,bound_static,0.903847
2,128,true,covar_i64,3,16843,0,after,0.891829
2,128,true,covar_i64,3,16843,1,enum_dynamic,0.908726
2,128,true,covar_i64,3,16843,2,enum_static,0.915774
2,128,true,covar_i64,3,16843,3,bound_dynamic,0.909003
2,128,true,covar_i64,3,16843,4,bound_static,0.909465
2,128,true,covar_i64,3,16843,5,before,0.919178
2,128,true,covar_i64,4,16843,0,enum_dynamic,0.908570
2,128,true,covar_i64,4,16843,1,enum_static,0.920454
2,128,true,covar_i64,4,16843,2,bound_dynamic,0.905601
2,128,true,covar_i64,4,16843,3,bound_static,0.907489
2,128,true,covar_i64,4,16843,4,before,0.934211
2,128,true,covar_i64,4,16843,5,after,0.903345
2,128,true,covar_i64,5,16843,0,enum_static,0.907130
2,128,true,covar_i64,5,16843,1,bound_dynamic,0.892591
2,128,true,covar_i64,5,16843,2,bound_static,0.892678
2,128,true,covar_i64,5,16843,3,before,0.905210
2,128,true,covar_i64,5,16843,4,after,0.890172
2,128,true,covar_i64,5,16843,5,enum_dynamic,0.906677
2,128,true,covar_i64,6,16843,0,bound_dynamic,0.895139
2,128,true,covar_i64,6,16843,1,bound_static,0.894120
2,128,true,covar_i64,6,16843,2,before,0.905614
2,128,true,covar_i64,6,16843,3,after,0.894647
2,128,true,covar_i64,6,16843,4,enum_dynamic,0.909864
2,128,true,covar_i64,6,16843,5,enum_static,0.921869
2,128,true,covar_i64,7,16843,0,bound_static,0.881313
2,128,true,covar_i64,7,16843,1,before,0.904132
2,128,true,covar_i64,7,16843,2,after,0.891968
2,128,true,covar_i64,7,16843,3,enum_dynamic,0.911702
2,128,true,covar_i64,7,16843,4,enum_static,0.929721
2,128,true,covar_i64,7,16843,5,bound_dynamic,0.917191
2,128,true,covar_i64,8,16843,0,before,0.915826
2,128,true,covar_i64,8,16843,1,after,0.901302
2,128,true,covar_i64,8,16843,2,enum_dynamic,0.895820
2,128,true,covar_i64,8,16843,3,enum_static,0.920286
2,128,true,covar_i64,8,16843,4,bound_dynamic,0.908444
2,128,true,covar_i64,8,16843,5,bound_static,0.906306
2,128,true,covar_i64,9,16843,0,after,0.895827
2,128,true,covar_i64,9,16843,1,enum_dynamic,0.912657
2,128,true,covar_i64,9,16843,2,enum_static,0.919353
2,128,true,covar_i64,9,16843,3,bound_dynamic,0.908558
2,128,true,covar_i64,9,16843,4,bound_static,0.913310
2,128,true,covar_i64,9,16843,5,before,0.919405
2,128,true,covar_i64,10,16843,0,enum_dynamic,0.914900
2,128,true,covar_i64,10,16843,1,enum_static,0.923022
2,128,true,covar_i64,10,16843,2,bound_dynamic,0.906437
2,128,true,covar_i64,10,16843,3,bound_static,0.917718
2,128,true,covar_i64,10,16843,4,before,0.917777
2,128,true,covar_i64,10,16843,5,after,0.906920
2,128,true,covar_i64,11,16843,0,enum_static,0.909322
2,128,true,covar_i64,11,16843,1,bound_dynamic,0.893126
2,128,true,covar_i64,11,16843,2,bound_static,0.894222
2,128,true,covar_i64,11,16843,3,before,0.907100
2,128,true,covar_i64,11,16843,4,after,0.894083
2,128,true,covar_i64,11,16843,5,enum_dynamic,0.908647
2,128,false,covar_i64,0,20426,0,bound_dynamic,0.734148
2,128,false,covar_i64,0,20426,1,bound_static,0.742112
2,128,false,covar_i64,0,20426,2,before,0.743548
2,128,false,covar_i64,0,20426,3,after,0.731763
2,128,false,covar_i64,0,20426,4,enum_dynamic,0.748225
2,128,false,covar_i64,0,20426,5,enum_static,0.756185
2,128,false,covar_i64,1,20426,0,bound_static,0.742008
2,128,false,covar_i64,1,20426,1,before,0.743430
2,128,false,covar_i64,1,20426,2,after,0.732010
2,128,false,covar_i64,1,20426,3,enum_dynamic,0.746457
2,128,false,covar_i64,1,20426,4,enum_static,0.754131
2,128,false,covar_i64,1,20426,5,bound_dynamic,0.742720
2,128,false,covar_i64,2,20426,0,before,0.744405
2,128,false,covar_i64,2,20426,1,after,0.733310
2,128,false,covar_i64,2,20426,2,enum_dynamic,0.751573
2,128,false,covar_i64,2,20426,3,enum_static,0.744902
2,128,false,covar_i64,2,20426,4,bound_dynamic,0.741008
2,128,false,covar_i64,2,20426,5,bound_static,0.759696
2,128,false,covar_i64,3,20426,0,after,0.735213
2,128,false,covar_i64,3,20426,1,enum_dynamic,0.749729
2,128,false,covar_i64,3,20426,2,enum_static,0.755081
2,128,false,covar_i64,3,20426,3,bound_dynamic,0.744431
2,128,false,covar_i64,3,20426,4,bound_static,0.761134
2,128,false,covar_i64,3,20426,5,before,0.756799
2,128,false,covar_i64,4,20426,0,enum_dynamic,0.750198
2,128,false,covar_i64,4,20426,1,enum_static,0.757174
2,128,false,covar_i64,4,20426,2,bound_dynamic,0.747930
2,128,false,covar_i64,4,20426,3,bound_static,0.754453
2,128,false,covar_i64,4,20426,4,before,0.755946
2,128,false,covar_i64,4,20426,5,after,0.743260
2,128,false,covar_i64,5,20426,0,enum_static,0.743752
2,128,false,covar_i64,5,20426,1,bound_dynamic,0.734075
2,128,false,covar_i64,5,20426,2,bound_static,0.732320
2,128,false,covar_i64,5,20426,3,before,0.745423
2,128,false,covar_i64,5,20426,4,after,0.731306
2,128,false,covar_i64,5,20426,5,enum_dynamic,0.753370
2,128,false,covar_i64,6,20426,0,bound_dynamic,0.733681
2,128,false,covar_i64,6,20426,1,bound_static,0.741520
2,128,false,covar_i64,6,20426,2,before,0.744072
2,128,false,covar_i64,6,20426,3,after,0.733385
2,128,false,covar_i64,6,20426,4,enum_dynamic,0.750375
2,128,false,covar_i64,6,20426,5,enum_static,0.757988
2,128,false,covar_i64,7,20426,0,bound_static,0.750406
2,128,false,covar_i64,7,20426,1,before,0.747366
2,128,false,covar_i64,7,20426,2,after,0.728732
2,128,false,covar_i64,7,20426,3,enum_dynamic,0.749639
2,128,false,covar_i64,7,20426,4,enum_static,0.757048
2,128,false,covar_i64,7,20426,5,bound_dynamic,0.741510
2,128,false,covar_i64,8,20426,0,before,0.745696
2,128,false,covar_i64,8,20426,1,after,0.735941
2,128,false,covar_i64,8,20426,2,enum_dynamic,0.747595
2,128,false,covar_i64,8,20426,3,enum_static,0.757756
2,128,false,covar_i64,8,20426,4,bound_dynamic,0.744088
2,128,false,covar_i64,8,20426,5,bound_static,0.752903
2,128,false,covar_i64,9,20426,0,after,0.732808
2,128,false,covar_i64,9,20426,1,enum_dynamic,0.747236
2,128,false,covar_i64,9,20426,2,enum_static,0.754624
2,128,false,covar_i64,9,20426,3,bound_dynamic,0.743028
2,128,false,covar_i64,9,20426,4,bound_static,0.759347
2,128,false,covar_i64,9,20426,5,before,0.748917
2,128,false,covar_i64,10,20426,0,enum_dynamic,0.747966
2,128,false,covar_i64,10,20426,1,enum_static,0.758723
2,128,false,covar_i64,10,20426,2,bound_dynamic,0.744821
2,128,false,covar_i64,10,20426,3,bound_static,0.750816
2,128,false,covar_i64,10,20426,4,before,0.755479
2,128,false,covar_i64,10,20426,5,after,0.744543
2,128,false,covar_i64,11,20426,0,enum_static,0.745580
2,128,false,covar_i64,11,20426,1,bound_dynamic,0.729699
2,128,false,covar_i64,11,20426,2,bound_static,0.743487
2,128,false,covar_i64,11,20426,3,before,0.742616
2,128,false,covar_i64,11,20426,4,after,0.734483
2,128,false,covar_i64,11,20426,5,enum_dynamic,0.748701
2,65536,true,covar_i64,0,57,0,bound_dynamic,264.745614
2,65536,true,covar_i64,0,57,1,bound_static,264.598684
2,65536,true,covar_i64,0,57,2,before,272.069439
2,65536,true,covar_i64,0,57,3,after,264.134491
2,65536,true,covar_i64,0,57,4,enum_dynamic,269.278509
2,65536,true,covar_i64,0,57,5,enum_static,271.043860
2,65536,true,covar_i64,1,57,0,bound_static,263.695175
2,65536,true,covar_i64,1,57,1,before,269.768263
2,65536,true,covar_i64,1,57,2,after,263.608175
2,65536,true,covar_i64,1,57,3,enum_dynamic,269.933474
2,65536,true,covar_i64,1,57,4,enum_static,269.266070
2,65536,true,covar_i64,1,57,5,bound_dynamic,264.446632
2,65536,true,covar_i64,2,57,0,before,269.697368
2,65536,true,covar_i64,2,57,1,after,263.921772
2,65536,true,covar_i64,2,57,2,enum_dynamic,270.538754
2,65536,true,covar_i64,2,57,3,enum_static,269.152053
2,65536,true,covar_i64,2,57,4,bound_dynamic,264.929088
2,65536,true,covar_i64,2,57,5,bound_static,263.970018
2,65536,true,covar_i64,3,57,0,after,267.731000
2,65536,true,covar_i64,3,57,1,enum_dynamic,269.399860
2,65536,true,covar_i64,3,57,2,enum_static,270.359649
2,65536,true,covar_i64,3,57,3,bound_dynamic,264.363316
2,65536,true,covar_i64,3,57,4,bound_static,265.669596
2,65536,true,covar_i64,3,57,5,before,270.130842
2,65536,true,covar_i64,4,57,0,enum_dynamic,270.849404
2,65536,true,covar_i64,4,57,1,enum_static,269.834070
2,65536,true,covar_i64,4,57,2,bound_dynamic,264.749281
2,65536,true,covar_i64,4,57,3,bound_static,264.807018
2,65536,true,covar_i64,4,57,4,before,270.157895
2,65536,true,covar_i64,4,57,5,after,264.652053
2,65536,true,covar_i64,5,57,0,enum_static,271.117702
2,65536,true,covar_i64,5,57,1,bound_dynamic,263.054825
2,65536,true,covar_i64,5,57,2,bound_static,261.472228
2,65536,true,covar_i64,5,57,3,before,269.890351
2,65536,true,covar_i64,5,57,4,after,263.948825
2,65536,true,covar_i64,5,57,5,enum_dynamic,270.245614
2,65536,true,covar_i64,6,57,0,bound_dynamic,264.131579
2,65536,true,covar_i64,6,57,1,bound_static,265.053351
2,65536,true,covar_i64,6,57,2,before,268.826754
2,65536,true,covar_i64,6,57,3,after,263.255123
2,65536,true,covar_i64,6,57,4,enum_dynamic,269.220035
2,65536,true,covar_i64,6,57,5,enum_static,269.342105
2,65536,true,covar_i64,7,57,0,bound_static,263.623526
2,65536,true,covar_i64,7,57,1,before,269.065070
2,65536,true,covar_i64,7,57,2,after,263.597228
2,65536,true,covar_i64,7,57,3,enum_dynamic,267.851596
2,65536,true,covar_i64,7,57,4,enum_static,269.519737
2,65536,true,covar_i64,7,57,5,bound_dynamic,263.953947
2,65536,true,covar_i64,8,57,0,before,269.743421
2,65536,true,covar_i64,8,57,1,after,264.149123
2,65536,true,covar_i64,8,57,2,enum_dynamic,269.683474
2,65536,true,covar_i64,8,57,3,enum_static,269.906439
2,65536,true,covar_i64,8,57,4,bound_dynamic,263.507316
2,65536,true,covar_i64,8,57,5,bound_static,264.290930
2,65536,true,covar_i64,9,57,0,after,267.773386
2,65536,true,covar_i64,9,57,1,enum_dynamic,270.627930
2,65536,true,covar_i64,9,57,2,enum_static,269.992702
2,65536,true,covar_i64,9,57,3,bound_dynamic,264.206140
2,65536,true,covar_i64,9,57,4,bound_static,264.062877
2,65536,true,covar_i64,9,57,5,before,275.692246
2,65536,true,covar_i64,10,57,0,enum_dynamic,269.282158
2,65536,true,covar_i64,10,57,1,enum_static,270.233930
2,65536,true,covar_i64,10,57,2,bound_dynamic,265.405702
2,65536,true,covar_i64,10,57,3,bound_static,264.508772
2,65536,true,covar_i64,10,57,4,before,271.567246
2,65536,true,covar_i64,10,57,5,after,264.914474
2,65536,true,covar_i64,11,57,0,enum_static,270.264614
2,65536,true,covar_i64,11,57,1,bound_dynamic,264.682018
2,65536,true,covar_i64,11,57,2,bound_static,268.383772
2,65536,true,covar_i64,11,57,3,before,270.285825
2,65536,true,covar_i64,11,57,4,after,264.160088
2,65536,true,covar_i64,11,57,5,enum_dynamic,271.538737
2,65536,false,min_utf8,0,21,0,bound_dynamic,800.928571
2,65536,false,min_utf8,0,21,1,bound_static,754.105143
2,65536,false,min_utf8,0,21,2,before,770.484143
2,65536,false,min_utf8,0,21,3,after,753.841286
2,65536,false,min_utf8,0,21,4,enum_dynamic,769.658762
2,65536,false,min_utf8,0,21,5,enum_static,751.696429
2,65536,false,min_utf8,1,21,0,bound_static,740.583333
2,65536,false,min_utf8,1,21,1,before,758.150810
2,65536,false,min_utf8,1,21,2,after,751.063476
2,65536,false,min_utf8,1,21,3,enum_dynamic,767.785714
2,65536,false,min_utf8,1,21,4,enum_static,753.472190
2,65536,false,min_utf8,1,21,5,bound_dynamic,793.527762
2,65536,false,min_utf8,2,21,0,before,770.879000
2,65536,false,min_utf8,2,21,1,after,754.930571
2,65536,false,min_utf8,2,21,2,enum_dynamic,768.765857
2,65536,false,min_utf8,2,21,3,enum_static,737.597190
2,65536,false,min_utf8,2,21,4,bound_dynamic,782.954381
2,65536,false,min_utf8,2,21,5,bound_static,750.730143
2,65536,false,min_utf8,3,21,0,after,751.136905
2,65536,false,min_utf8,3,21,1,enum_dynamic,766.164714
2,65536,false,min_utf8,3,21,2,enum_static,750.587286
2,65536,false,min_utf8,3,21,3,bound_dynamic,790.035714
2,65536,false,min_utf8,3,21,4,bound_static,752.563524
2,65536,false,min_utf8,3,21,5,before,760.757952
2,65536,false,min_utf8,4,21,0,enum_dynamic,753.892857
2,65536,false,min_utf8,4,21,1,enum_static,737.494048
2,65536,false,min_utf8,4,21,2,bound_dynamic,776.996000
2,65536,false,min_utf8,4,21,3,bound_static,739.408714
2,65536,false,min_utf8,4,21,4,before,763.908714
2,65536,false,min_utf8,4,21,5,after,753.502000
2,65536,false,min_utf8,5,21,0,enum_static,751.591238
2,65536,false,min_utf8,5,21,1,bound_dynamic,793.900810
2,65536,false,min_utf8,5,21,2,bound_static,751.757905
2,65536,false,min_utf8,5,21,3,before,771.208333
2,65536,false,min_utf8,5,21,4,after,756.023810
2,65536,false,min_utf8,5,21,5,enum_dynamic,776.857143
2,65536,false,min_utf8,6,21,0,bound_dynamic,791.847238
2,65536,false,min_utf8,6,21,1,bound_static,753.136905
2,65536,false,min_utf8,6,21,2,before,770.805571
2,65536,false,min_utf8,6,21,3,after,753.009905
2,65536,false,min_utf8,6,21,4,enum_dynamic,769.414714
2,65536,false,min_utf8,6,21,5,enum_static,752.315476
2,65536,false,min_utf8,7,21,0,bound_static,753.275762
2,65536,false,min_utf8,7,21,1,before,780.898810
2,65536,false,min_utf8,7,21,2,after,744.861095
2,65536,false,min_utf8,7,21,3,enum_dynamic,760.400810
2,65536,false,min_utf8,7,21,4,enum_static,755.765905
2,65536,false,min_utf8,7,21,5,bound_dynamic,777.926619
2,65536,false,min_utf8,8,21,0,before,758.599190
2,65536,false,min_utf8,8,21,1,after,752.829333
2,65536,false,min_utf8,8,21,2,enum_dynamic,767.539667
2,65536,false,min_utf8,8,21,3,enum_static,748.704381
2,65536,false,min_utf8,8,21,4,bound_dynamic,776.013905
2,65536,false,min_utf8,8,21,5,bound_static,736.464286
2,65536,false,min_utf8,9,21,0,after,738.287714
2,65536,false,min_utf8,9,21,1,enum_dynamic,757.333333
2,65536,false,min_utf8,9,21,2,enum_static,742.817476
2,65536,false,min_utf8,9,21,3,bound_dynamic,777.720238
2,65536,false,min_utf8,9,21,4,bound_static,750.075381
2,65536,false,min_utf8,9,21,5,before,769.323429
2,65536,false,min_utf8,10,21,0,enum_dynamic,753.212286
2,65536,false,min_utf8,10,21,1,enum_static,738.293667
2,65536,false,min_utf8,10,21,2,bound_dynamic,776.956333
2,65536,false,min_utf8,10,21,3,bound_static,738.583333
2,65536,false,min_utf8,10,21,4,before,755.946429
2,65536,false,min_utf8,10,21,5,after,754.736095
2,65536,false,min_utf8,11,21,0,enum_static,751.218238
2,65536,false,min_utf8,11,21,1,bound_dynamic,794.398810
2,65536,false,min_utf8,11,21,2,bound_static,748.890857
2,65536,false,min_utf8,11,21,3,before,757.694476
2,65536,false,min_utf8,11,21,4,after,748.994048
2,65536,false,min_utf8,11,21,5,enum_dynamic,763.531762
2,65536,false,sum_u64,0,132,0,bound_dynamic,114.503470
2,65536,false,sum_u64,0,132,1,bound_static,114.408773
2,65536,false,sum_u64,0,132,2,before,114.558076
2,65536,false,sum_u64,0,132,3,after,114.292932
2,65536,false,sum_u64,0,132,4,enum_dynamic,114.100379
2,65536,false,sum_u64,0,132,5,enum_static,114.136045
2,65536,false,sum_u64,1,132,0,bound_static,114.097227
2,65536,false,sum_u64,1,132,1,before,114.119318
2,65536,false,sum_u64,1,132,2,after,114.141098
2,65536,false,sum_u64,1,132,3,enum_dynamic,114.541667
2,65536,false,sum_u64,1,132,4,enum_static,114.885106
2,65536,false,sum_u64,1,132,5,bound_dynamic,114.604803
2,65536,false,sum_u64,2,132,0,before,114.470955
2,65536,false,sum_u64,2,132,1,after,114.503788
2,65536,false,sum_u64,2,132,2,enum_dynamic,114.280303
2,65536,false,sum_u64,2,132,3,enum_static,114.294189
2,65536,false,sum_u64,2,132,4,bound_dynamic,114.487061
2,65536,false,sum_u64,2,132,5,bound_static,114.097538
2,65536,false,sum_u64,3,132,0,after,114.195705
2,65536,false,sum_u64,3,132,1,enum_dynamic,114.636992
2,65536,false,sum_u64,3,132,2,enum_static,114.512947
2,65536,false,sum_u64,3,132,3,bound_dynamic,114.393621
2,65536,false,sum_u64,3,132,4,bound_static,114.621212
2,65536,false,sum_u64,3,132,5,before,114.841538
2,65536,false,sum_u64,4,132,0,enum_dynamic,114.414136
2,65536,false,sum_u64,4,132,1,enum_static,114.405939
2,65536,false,sum_u64,4,132,2,bound_dynamic,114.286932
2,65536,false,sum_u64,4,132,3,bound_static,114.773364
2,65536,false,sum_u64,4,132,4,before,115.405939
2,65536,false,sum_u64,4,132,5,after,114.708644
2,65536,false,sum_u64,5,132,0,enum_static,114.918561
2,65536,false,sum_u64,5,132,1,bound_dynamic,114.319765
2,65536,false,sum_u64,5,132,2,bound_static,115.348803
2,65536,false,sum_u64,5,132,3,before,113.665402
2,65536,false,sum_u64,5,132,4,after,114.408144
2,65536,false,sum_u64,5,132,5,enum_dynamic,114.468121
2,65536,false,sum_u64,6,132,0,bound_dynamic,114.604167
2,65536,false,sum_u64,6,132,1,bound_static,114.273356
2,65536,false,sum_u64,6,132,2,before,114.919197
2,65536,false,sum_u64,6,132,3,after,114.045773
2,65536,false,sum_u64,6,132,4,enum_dynamic,114.686864
2,65536,false,sum_u64,6,132,5,enum_static,114.560288
2,65536,false,sum_u64,7,132,0,bound_static,114.644886
2,65536,false,sum_u64,7,132,1,before,114.392674
2,65536,false,sum_u64,7,132,2,after,114.584909
2,65536,false,sum_u64,7,132,3,enum_dynamic,114.791977
2,65536,false,sum_u64,7,132,4,enum_static,114.433076
2,65536,false,sum_u64,7,132,5,bound_dynamic,114.482644
2,65536,false,sum_u64,8,132,0,before,114.402773
2,65536,false,sum_u64,8,132,1,after,114.660356
2,65536,false,sum_u64,8,132,2,enum_dynamic,113.780939
2,65536,false,sum_u64,8,132,3,enum_static,114.438136
2,65536,false,sum_u64,8,132,4,bound_dynamic,114.382894
2,65536,false,sum_u64,8,132,5,bound_static,114.643311
2,65536,false,sum_u64,9,132,0,after,114.475068
2,65536,false,sum_u64,9,132,1,enum_dynamic,114.690023
2,65536,false,sum_u64,9,132,2,enum_static,114.427712
2,65536,false,sum_u64,9,132,3,bound_dynamic,114.446652
2,65536,false,sum_u64,9,132,4,bound_static,115.086174
2,65536,false,sum_u64,9,132,5,before,114.413508
2,65536,false,sum_u64,10,132,0,enum_dynamic,114.674871
2,65536,false,sum_u64,10,132,1,enum_static,114.485477
2,65536,false,sum_u64,10,132,2,bound_dynamic,114.166985
2,65536,false,sum_u64,10,132,3,bound_static,115.927083
2,65536,false,sum_u64,10,132,4,before,114.210227
2,65536,false,sum_u64,10,132,5,after,113.848167
2,65536,false,sum_u64,11,132,0,enum_static,114.449811
2,65536,false,sum_u64,11,132,1,bound_dynamic,114.268621
2,65536,false,sum_u64,11,132,2,bound_static,115.350379
2,65536,false,sum_u64,11,132,3,before,114.189705
2,65536,false,sum_u64,11,132,4,after,114.269258
2,65536,false,sum_u64,11,132,5,enum_dynamic,114.162879
2,8192,false,sum_i64,0,1037,0,bound_dynamic,14.437199
2,8192,false,sum_i64,0,1037,1,bound_static,14.493732
2,8192,false,sum_i64,0,1037,2,before,14.507392
2,8192,false,sum_i64,0,1037,3,after,14.513259
2,8192,false,sum_i64,0,1037,4,enum_dynamic,14.508760
2,8192,false,sum_i64,0,1037,5,enum_static,14.528206
2,8192,false,sum_i64,1,1037,0,bound_static,14.519728
2,8192,false,sum_i64,1,1037,1,before,14.543113
2,8192,false,sum_i64,1,1037,2,after,14.523224
2,8192,false,sum_i64,1,1037,3,enum_dynamic,14.515510
2,8192,false,sum_i64,1,1037,4,enum_static,14.487665
2,8192,false,sum_i64,1,1037,5,bound_dynamic,14.499357
2,8192,false,sum_i64,2,1037,0,before,14.547975
2,8192,false,sum_i64,2,1037,1,after,14.485053
2,8192,false,sum_i64,2,1037,2,enum_dynamic,14.565774
2,8192,false,sum_i64,2,1037,3,enum_static,14.487584
2,8192,false,sum_i64,2,1037,4,bound_dynamic,14.525997
2,8192,false,sum_i64,2,1037,5,bound_static,14.495942
2,8192,false,sum_i64,3,1037,0,after,14.537167
2,8192,false,sum_i64,3,1037,1,enum_dynamic,14.504822
2,8192,false,sum_i64,3,1037,2,enum_static,14.505826
2,8192,false,sum_i64,3,1037,3,bound_dynamic,14.516032
2,8192,false,sum_i64,3,1037,4,bound_static,14.515791
2,8192,false,sum_i64,3,1037,5,before,14.558662
2,8192,false,sum_i64,4,1037,0,enum_dynamic,14.492929
2,8192,false,sum_i64,4,1037,1,enum_static,14.508960
2,8192,false,sum_i64,4,1037,2,bound_dynamic,14.674703
2,8192,false,sum_i64,4,1037,3,bound_static,14.711147
2,8192,false,sum_i64,4,1037,4,before,14.488308
2,8192,false,sum_i64,4,1037,5,after,14.522300
2,8192,false,sum_i64,5,1037,0,enum_static,14.489352
2,8192,false,sum_i64,5,1037,1,bound_dynamic,14.511612
2,8192,false,sum_i64,5,1037,2,bound_static,14.513540
2,8192,false,sum_i64,5,1037,3,before,14.480914
2,8192,false,sum_i64,5,1037,4,after,14.537286
2,8192,false,sum_i64,5,1037,5,enum_dynamic,14.481396
2,8192,false,sum_i64,6,1037,0,bound_dynamic,14.512095
2,8192,false,sum_i64,6,1037,1,bound_static,14.479951
2,8192,false,sum_i64,6,1037,2,before,14.520652
2,8192,false,sum_i64,6,1037,3,after,14.485857
2,8192,false,sum_i64,6,1037,4,enum_dynamic,14.533831
2,8192,false,sum_i64,6,1037,5,enum_static,14.475852
2,8192,false,sum_i64,7,1037,0,bound_static,14.475892
2,8192,false,sum_i64,7,1037,1,before,14.492687
2,8192,false,sum_i64,7,1037,2,after,14.488148
2,8192,false,sum_i64,7,1037,3,enum_dynamic,14.529371
2,8192,false,sum_i64,7,1037,4,enum_static,14.473481
2,8192,false,sum_i64,7,1037,5,bound_dynamic,14.496866
2,8192,false,sum_i64,8,1037,0,before,14.485817
2,8192,false,sum_i64,8,1037,1,after,14.527162
2,8192,false,sum_i64,8,1037,2,enum_dynamic,14.479348
2,8192,false,sum_i64,8,1037,3,enum_static,14.503014
2,8192,false,sum_i64,8,1037,4,bound_dynamic,14.489112
2,8192,false,sum_i64,8,1037,5,bound_static,14.433582
2,8192,false,sum_i64,9,1037,0,after,14.524148
2,8192,false,sum_i64,9,1037,1,enum_dynamic,14.388220
2,8192,false,sum_i64,9,1037,2,enum_static,14.439368
2,8192,false,sum_i64,9,1037,3,bound_dynamic,14.507674
2,8192,false,sum_i64,9,1037,4,bound_static,14.507795
2,8192,false,sum_i64,9,1037,5,before,14.495219
2,8192,false,sum_i64,10,1037,0,enum_dynamic,14.516755
2,8192,false,sum_i64,10,1037,1,enum_static,14.526639
2,8192,false,sum_i64,10,1037,2,bound_dynamic,14.360576
2,8192,false,sum_i64,10,1037,3,bound_static,14.510487
2,8192,false,sum_i64,10,1037,4,before,14.481919
2,8192,false,sum_i64,10,1037,5,after,14.469584
2,8192,false,sum_i64,11,1037,0,enum_static,14.505585
2,8192,false,sum_i64,11,1037,1,bound_dynamic,14.414778
2,8192,false,sum_i64,11,1037,2,bound_static,14.488990
2,8192,false,sum_i64,11,1037,3,before,14.516353
2,8192,false,sum_i64,11,1037,4,after,14.522098
2,8192,false,sum_i64,11,1037,5,enum_dynamic,14.540782
2,65536,false,sum_f64,0,289,0,bound_dynamic,52.254325
2,65536,false,sum_f64,0,289,1,bound_static,52.245820
2,65536,false,sum_f64,0,289,2,before,52.191031
2,65536,false,sum_f64,0,289,3,after,52.113900
2,65536,false,sum_f64,0,289,4,enum_dynamic,52.131633
2,65536,false,sum_f64,0,289,5,enum_static,52.219723
2,65536,false,sum_f64,1,289,0,bound_static,52.204872
2,65536,false,sum_f64,1,289,1,before,53.057381
2,65536,false,sum_f64,1,289,2,after,52.051183
2,65536,false,sum_f64,1,289,3,enum_dynamic,52.278689
2,65536,false,sum_f64,1,289,4,enum_static,52.076990
2,65536,false,sum_f64,1,289,5,bound_dynamic,52.178201
2,65536,false,sum_f64,2,289,0,before,52.206315
2,65536,false,sum_f64,2,289,1,after,52.077277
2,65536,false,sum_f64,2,289,2,enum_dynamic,52.367792
2,65536,false,sum_f64,2,289,3,enum_static,52.249855
2,65536,false,sum_f64,2,289,4,bound_dynamic,52.197952
2,65536,false,sum_f64,2,289,5,bound_static,52.331889
2,65536,false,sum_f64,3,289,0,after,52.265138
2,65536,false,sum_f64,3,289,1,enum_dynamic,52.464100
2,65536,false,sum_f64,3,289,2,enum_static,51.804640
2,65536,false,sum_f64,3,289,3,bound_dynamic,52.051180
2,65536,false,sum_f64,3,289,4,bound_static,52.790516
2,65536,false,sum_f64,3,289,5,before,52.090253
2,65536,false,sum_f64,4,289,0,enum_dynamic,52.216550
2,65536,false,sum_f64,4,289,1,enum_static,52.014273
2,65536,false,sum_f64,4,289,2,bound_dynamic,52.252882
2,65536,false,sum_f64,4,289,3,bound_static,52.310554
2,65536,false,sum_f64,4,289,4,before,51.578862
2,65536,false,sum_f64,4,289,5,after,52.192907
2,65536,false,sum_f64,5,289,0,enum_static,52.034889
2,65536,false,sum_f64,5,289,1,bound_dynamic,52.343138
2,65536,false,sum_f64,5,289,2,bound_static,52.342706
2,65536,false,sum_f64,5,289,3,before,52.181803
2,65536,false,sum_f64,5,289,4,after,52.095875
2,65536,false,sum_f64,5,289,5,enum_dynamic,52.126443
2,65536,false,sum_f64,6,289,0,bound_dynamic,52.008941
2,65536,false,sum_f64,6,289,1,bound_static,52.164934
2,65536,false,sum_f64,6,289,2,before,52.203287
2,65536,false,sum_f64,6,289,3,after,52.064737
2,65536,false,sum_f64,6,289,4,enum_dynamic,52.268166
2,65536,false,sum_f64,6,289,5,enum_static,52.217561
2,65536,false,sum_f64,7,289,0,bound_static,51.951990
2,65536,false,sum_f64,7,289,1,before,52.136100
2,65536,false,sum_f64,7,289,2,after,52.290080
2,65536,false,sum_f64,7,289,3,enum_dynamic,52.103806
2,65536,false,sum_f64,7,289,4,enum_static,52.210782
2,65536,false,sum_f64,7,289,5,bound_dynamic,52.014993
2,65536,false,sum_f64,8,289,0,before,53.234574
2,65536,false,sum_f64,8,289,1,after,52.107121
2,65536,false,sum_f64,8,289,2,enum_dynamic,52.344578
2,65536,false,sum_f64,8,289,3,enum_static,52.256779
2,65536,false,sum_f64,8,289,4,bound_dynamic,52.042242
2,65536,false,sum_f64,8,289,5,bound_static,52.254325
2,65536,false,sum_f64,9,289,0,after,51.895907
2,65536,false,sum_f64,9,289,1,enum_dynamic,51.706747
2,65536,false,sum_f64,9,289,2,enum_static,51.956170
2,65536,false,sum_f64,9,289,3,bound_dynamic,52.004758
2,65536,false,sum_f64,9,289,4,bound_static,52.682093
2,65536,false,sum_f64,9,289,5,before,52.040370
2,65536,false,sum_f64,10,289,0,enum_dynamic,52.096744
2,65536,false,sum_f64,10,289,1,enum_static,51.990197
2,65536,false,sum_f64,10,289,2,bound_dynamic,52.029990
2,65536,false,sum_f64,10,289,3,bound_static,51.847606
2,65536,false,sum_f64,10,289,4,before,52.210782
2,65536,false,sum_f64,10,289,5,after,52.125145
2,65536,false,sum_f64,11,289,0,enum_static,52.213526
2,65536,false,sum_f64,11,289,1,bound_dynamic,52.121827
2,65536,false,sum_f64,11,289,2,bound_static,52.245097
2,65536,false,sum_f64,11,289,3,before,52.030277
2,65536,false,sum_f64,11,289,4,after,52.070360
2,65536,false,sum_f64,11,289,5,enum_dynamic,52.354671
2,128,false,count_distinct_i64,0,2759,0,bound_dynamic,5.474583
2,128,false,count_distinct_i64,0,2759,1,bound_static,5.459587
2,128,false,count_distinct_i64,0,2759,2,before,5.439969
2,128,false,count_distinct_i64,0,2759,3,after,5.459980
2,128,false,count_distinct_i64,0,2759,4,enum_dynamic,5.526912
2,128,false,count_distinct_i64,0,2759,5,enum_static,5.481666
2,128,false,count_distinct_i64,1,2759,0,bound_static,5.456461
2,128,false,count_distinct_i64,1,2759,1,before,5.435877
2,128,false,count_distinct_i64,1,2759,2,after,5.418389
2,128,false,count_distinct_i64,1,2759,3,enum_dynamic,5.420850
2,128,false,count_distinct_i64,1,2759,4,enum_static,5.417271
2,128,false,count_distinct_i64,1,2759,5,bound_dynamic,5.478132
2,128,false,count_distinct_i64,2,2759,0,before,5.455041
2,128,false,count_distinct_i64,2,2759,1,after,5.565377
2,128,false,count_distinct_i64,2,2759,2,enum_dynamic,5.641703
2,128,false,count_distinct_i64,2,2759,3,enum_static,5.361272
2,128,false,count_distinct_i64,2,2759,4,bound_dynamic,5.451356
2,128,false,count_distinct_i64,2,2759,5,bound_static,5.458545
2,128,false,count_distinct_i64,3,2759,0,after,5.449680
2,128,false,count_distinct_i64,3,2759,1,enum_dynamic,5.502492
2,128,false,count_distinct_i64,3,2759,2,enum_static,5.451538
2,128,false,count_distinct_i64,3,2759,3,bound_dynamic,5.784871
2,128,false,count_distinct_i64,3,2759,4,bound_static,5.385390
2,128,false,count_distinct_i64,3,2759,5,before,5.436949
2,128,false,count_distinct_i64,4,2759,0,enum_dynamic,5.500362
2,128,false,count_distinct_i64,4,2759,1,enum_static,5.467757
2,128,false,count_distinct_i64,4,2759,2,bound_dynamic,5.414145
2,128,false,count_distinct_i64,4,2759,3,bound_static,5.410067
2,128,false,count_distinct_i64,4,2759,4,before,5.433339
2,128,false,count_distinct_i64,4,2759,5,after,5.459738
2,128,false,count_distinct_i64,5,2759,0,enum_static,5.466715
2,128,false,count_distinct_i64,5,2759,1,bound_dynamic,5.477483
2,128,false,count_distinct_i64,5,2759,2,bound_static,5.460010
2,128,false,count_distinct_i64,5,2759,3,before,5.425879
2,128,false,count_distinct_i64,5,2759,4,after,5.451960
2,128,false,count_distinct_i64,5,2759,5,enum_dynamic,5.509484
2,128,false,count_distinct_i64,6,2759,0,bound_dynamic,5.477815
2,128,false,count_distinct_i64,6,2759,1,bound_static,5.446025
2,128,false,count_distinct_i64,6,2759,2,before,5.440513
2,128,false,count_distinct_i64,6,2759,3,after,5.438202
2,128,false,count_distinct_i64,6,2759,4,enum_dynamic,5.513109
2,128,false,count_distinct_i64,6,2759,5,enum_static,5.614927
2,128,false,count_distinct_i64,7,2759,0,bound_static,5.574604
2,128,false,count_distinct_i64,7,2759,1,before,5.363991
2,128,false,count_distinct_i64,7,2759,2,after,5.435227
2,128,false,count_distinct_i64,7,2759,3,enum_dynamic,5.514377
2,128,false,count_distinct_i64,7,2759,4,enum_static,5.482391
2,128,false,count_distinct_i64,7,2759,5,bound_dynamic,5.482482
2,128,false,count_distinct_i64,8,2759,0,before,5.433158
2,128,false,count_distinct_i64,8,2759,1,after,5.475429
2,128,false,count_distinct_i64,8,2759,2,enum_dynamic,5.503020
2,128,false,count_distinct_i64,8,2759,3,enum_static,5.453848
2,128,false,count_distinct_i64,8,2759,4,bound_dynamic,5.458318
2,128,false,count_distinct_i64,8,2759,5,bound_static,5.372266
2,128,false,count_distinct_i64,9,2759,0,after,5.433551
2,128,false,count_distinct_i64,9,2759,1,enum_dynamic,5.501314
2,128,false,count_distinct_i64,9,2759,2,enum_static,5.455690
2,128,false,count_distinct_i64,9,2759,3,bound_dynamic,5.480835
2,128,false,count_distinct_i64,9,2759,4,bound_static,5.391552
2,128,false,count_distinct_i64,9,2759,5,before,5.437160
2,128,false,count_distinct_i64,10,2759,0,enum_dynamic,5.502477
2,128,false,count_distinct_i64,10,2759,1,enum_static,5.459557
2,128,false,count_distinct_i64,10,2759,2,bound_dynamic,5.482799
2,128,false,count_distinct_i64,10,2759,3,bound_static,5.447354
2,128,false,count_distinct_i64,10,2759,4,before,5.429202
2,128,false,count_distinct_i64,10,2759,5,after,5.443548
2,128,false,count_distinct_i64,11,2759,0,enum_static,5.359701
2,128,false,count_distinct_i64,11,2759,1,bound_dynamic,5.484928
2,128,false,count_distinct_i64,11,2759,2,bound_static,5.449332
2,128,false,count_distinct_i64,11,2759,3,before,5.442265
2,128,false,count_distinct_i64,11,2759,4,after,5.438852
2,128,false,count_distinct_i64,11,2759,5,enum_dynamic,5.521369
2,128,true,max_i64,0,16892,0,bound_dynamic,0.924390
2,128,true,max_i64,0,16892,1,bound_static,0.878579
2,128,true,max_i64,0,16892,2,before,0.913088
2,128,true,max_i64,0,16892,3,after,0.871917
2,128,true,max_i64,0,16892,4,enum_dynamic,0.930056
2,128,true,max_i64,0,16892,5,enum_static,0.886480
2,128,true,max_i64,1,16892,0,bound_static,0.880802
2,128,true,max_i64,1,16892,1,before,0.921484
2,128,true,max_i64,1,16892,2,after,0.867385
2,128,true,max_i64,1,16892,3,enum_dynamic,0.904516
2,128,true,max_i64,1,16892,4,enum_static,0.879270
2,128,true,max_i64,1,16892,5,bound_dynamic,0.913902
2,128,true,max_i64,2,16892,0,before,0.912592
2,128,true,max_i64,2,16892,1,after,0.871167
2,128,true,max_i64,2,16892,2,enum_dynamic,0.930149
2,128,true,max_i64,2,16892,3,enum_static,0.884714
2,128,true,max_i64,2,16892,4,bound_dynamic,0.923699
2,128,true,max_i64,2,16892,5,bound_static,0.879815
2,128,true,max_i64,3,16892,0,after,0.872543
2,128,true,max_i64,3,16892,1,enum_dynamic,0.929937
2,128,true,max_i64,3,16892,2,enum_static,0.891425
2,128,true,max_i64,3,16892,3,bound_dynamic,0.928808
2,128,true,max_i64,3,16892,4,bound_static,0.877869
2,128,true,max_i64,3,16892,5,before,0.914008
2,128,true,max_i64,4,16892,0,enum_dynamic,0.928731
2,128,true,max_i64,4,16892,1,enum_static,0.881976
2,128,true,max_i64,4,16892,2,bound_dynamic,0.924572
2,128,true,max_i64,4,16892,3,bound_static,0.876603
2,128,true,max_i64,4,16892,4,before,0.913763
2,128,true,max_i64,4,16892,5,after,0.872050
2,128,true,max_i64,5,16892,0,enum_static,0.884050
2,128,true,max_i64,5,16892,1,bound_dynamic,0.924039
2,128,true,max_i64,5,16892,2,bound_static,0.877139
2,128,true,max_i64,5,16892,3,before,0.914957
2,128,true,max_i64,5,16892,4,after,0.880454
2,128,true,max_i64,5,16892,5,enum_dynamic,0.931235
2,128,true,max_i64,6,16892,0,bound_dynamic,0.917947
2,128,true,max_i64,6,16892,1,bound_static,0.861806
2,128,true,max_i64,6,16892,2,before,0.907316
2,128,true,max_i64,6,16892,3,after,0.875323
2,128,true,max_i64,6,16892,4,enum_dynamic,0.920680
2,128,true,max_i64,6,16892,5,enum_static,0.878752
2,128,true,max_i64,7,16892,0,bound_static,0.870553
2,128,true,max_i64,7,16892,1,before,0.904644
2,128,true,max_i64,7,16892,2,after,0.870178
2,128,true,max_i64,7,16892,3,enum_dynamic,0.904637
2,128,true,max_i64,7,16892,4,enum_static,0.878663
2,128,true,max_i64,7,16892,5,bound_dynamic,0.915569
2,128,true,max_i64,8,16892,0,before,0.905384
2,128,true,max_i64,8,16892,1,after,0.874534
2,128,true,max_i64,8,16892,2,enum_dynamic,0.919794
2,128,true,max_i64,8,16892,3,enum_static,0.877918
2,128,true,max_i64,8,16892,4,bound_dynamic,0.916459
2,128,true,max_i64,8,16892,5,bound_static,0.873204
2,128,true,max_i64,9,16892,0,after,0.881803
2,128,true,max_i64,9,16892,1,enum_dynamic,0.931790
2,128,true,max_i64,9,16892,2,enum_static,0.878382
2,128,true,max_i64,9,16892,3,bound_dynamic,0.916783
2,128,true,max_i64,9,16892,4,bound_static,0.871862
2,128,true,max_i64,9,16892,5,before,0.906812
2,128,true,max_i64,10,16892,0,enum_dynamic,0.922448
2,128,true,max_i64,10,16892,1,enum_static,0.878480
2,128,true,max_i64,10,16892,2,bound_dynamic,0.924027
2,128,true,max_i64,10,16892,3,bound_static,0.879734
2,128,true,max_i64,10,16892,4,before,0.913009
2,128,true,max_i64,10,16892,5,after,0.873942
2,128,true,max_i64,11,16892,0,enum_static,0.884393
2,128,true,max_i64,11,16892,1,bound_dynamic,0.925090
2,128,true,max_i64,11,16892,2,bound_static,0.881250
2,128,true,max_i64,11,16892,3,before,0.912611
2,128,true,max_i64,11,16892,4,after,0.883199
2,128,true,max_i64,11,16892,5,enum_dynamic,0.928719
2,8192,true,avg_i64,0,831,0,bound_dynamic,18.162406
2,8192,true,avg_i64,0,831,1,bound_static,18.238066
2,8192,true,avg_i64,0,831,2,before,20.386633
2,8192,true,avg_i64,0,831,3,after,18.103490
2,8192,true,avg_i64,0,831,4,enum_dynamic,20.339501
2,8192,true,avg_i64,0,831,5,enum_static,20.427446
2,8192,true,avg_i64,1,831,0,bound_static,18.003661
2,8192,true,avg_i64,1,831,1,before,20.349028
2,8192,true,avg_i64,1,831,2,after,18.168472
2,8192,true,avg_i64,1,831,3,enum_dynamic,20.302898
2,8192,true,avg_i64,1,831,4,enum_static,20.436974
2,8192,true,avg_i64,1,831,5,bound_dynamic,18.116677
2,8192,true,avg_i64,2,831,0,before,20.367028
2,8192,true,avg_i64,2,831,1,after,18.159898
2,8192,true,avg_i64,2,831,2,enum_dynamic,20.328270
2,8192,true,avg_i64,2,831,3,enum_static,20.374649
2,8192,true,avg_i64,2,831,4,bound_dynamic,18.099478
2,8192,true,avg_i64,2,831,5,bound_static,18.279884
2,8192,true,avg_i64,3,831,0,after,18.167368
2,8192,true,avg_i64,3,831,1,enum_dynamic,20.319846
2,8192,true,avg_i64,3,831,2,enum_static,20.388137
2,8192,true,avg_i64,3,831,3,bound_dynamic,18.198105
2,8192,true,avg_i64,3,831,4,bound_static,18.098375
2,8192,true,avg_i64,3,831,5,before,20.670578
2,8192,true,avg_i64,4,831,0,enum_dynamic,20.316236
2,8192,true,avg_i64,4,831,1,enum_static,20.404131
2,8192,true,avg_i64,4,831,2,bound_dynamic,18.138487
2,8192,true,avg_i64,4,831,3,bound_static,18.148515
2,8192,true,avg_i64,4,831,4,before,20.299237
2,8192,true,avg_i64,4,831,5,after,18.151324
2,8192,true,avg_i64,5,831,0,enum_static,20.459337
2,8192,true,avg_i64,5,831,1,bound_dynamic,17.907542
2,8192,true,avg_i64,5,831,2,bound_static,18.060870
2,8192,true,avg_i64,5,831,3,before,20.376555
2,8192,true,avg_i64,5,831,4,after,18.104744
2,8192,true,avg_i64,5,831,5,enum_dynamic,20.335590
2,8192,true,avg_i64,6,831,0,bound_dynamic,18.050641
2,8192,true,avg_i64,6,831,1,bound_static,18.069995
2,8192,true,avg_i64,6,831,2,before,20.362314
2,8192,true,avg_i64,6,831,3,after,18.111763
2,8192,true,avg_i64,6,831,4,enum_dynamic,20.320898
2,8192,true,avg_i64,6,831,5,enum_static,20.380816
2,8192,true,avg_i64,7,831,0,bound_static,18.088698
2,8192,true,avg_i64,7,831,1,before,20.379161
2,8192,true,avg_i64,7,831,2,after,18.132070
2,8192,true,avg_i64,7,831,3,enum_dynamic,20.307862
2,8192,true,avg_i64,7,831,4,enum_static,20.559567
2,8192,true,avg_i64,7,831,5,bound_dynamic,18.138288
2,8192,true,avg_i64,8,831,0,before,20.352336
2,8192,true,avg_i64,8,831,1,after,18.099229
2,8192,true,avg_i64,8,831,2,enum_dynamic,20.340202
2,8192,true,avg_i64,8,831,3,enum_static,20.359606
2,8192,true,avg_i64,8,831,4,bound_dynamic,18.177247
2,8192,true,avg_i64,8,831,5,bound_static,18.074258
2,8192,true,avg_i64,9,831,0,after,18.140593
2,8192,true,avg_i64,9,831,1,enum_dynamic,20.368633
2,8192,true,avg_i64,9,831,2,enum_static,20.366776
2,8192,true,avg_i64,9,831,3,bound_dynamic,18.107150
2,8192,true,avg_i64,9,831,4,bound_static,18.117278
2,8192,true,avg_i64,9,831,5,before,20.626304
2,8192,true,avg_i64,10,831,0,enum_dynamic,20.358805
2,8192,true,avg_i64,10,831,1,enum_static,20.393752
2,8192,true,avg_i64,10,831,2,bound_dynamic,18.143502
2,8192,true,avg_i64,10,831,3,bound_static,18.198205
2,8192,true,avg_i64,10,831,4,before,20.592058
2,8192,true,avg_i64,10,831,5,after,18.090303
2,8192,true,avg_i64,11,831,0,enum_static,20.342910
2,8192,true,avg_i64,11,831,1,bound_dynamic,18.087094
2,8192,true,avg_i64,11,831,2,bound_static,18.052397
2,8192,true,avg_i64,11,831,3,before,20.321400
2,8192,true,avg_i64,11,831,4,after,18.093310
2,8192,true,avg_i64,11,831,5,enum_dynamic,20.286201
2,128,true,sum_i64,0,38924,0,bound_dynamic,0.395366
2,128,true,sum_i64,0,38924,1,bound_static,0.387479
2,128,true,sum_i64,0,38924,2,before,0.386317
2,128,true,sum_i64,0,38924,3,after,0.385775
2,128,true,sum_i64,0,38924,4,enum_dynamic,0.408003
2,128,true,sum_i64,0,38924,5,enum_static,0.390244
2,128,true,sum_i64,1,38924,0,bound_static,0.388085
2,128,true,sum_i64,1,38924,1,before,0.390061
2,128,true,sum_i64,1,38924,2,after,0.384456
2,128,true,sum_i64,1,38924,3,enum_dynamic,0.406187
2,128,true,sum_i64,1,38924,4,enum_static,0.393794
2,128,true,sum_i64,1,38924,5,bound_dynamic,0.393084
2,128,true,sum_i64,2,38924,0,before,0.394148
2,128,true,sum_i64,2,38924,1,after,0.387651
2,128,true,sum_i64,2,38924,2,enum_dynamic,0.407589
2,128,true,sum_i64,2,38924,3,enum_static,0.389743
2,128,true,sum_i64,2,38924,4,bound_dynamic,0.400093
2,128,true,sum_i64,2,38924,5,bound_static,0.386100
2,128,true,sum_i64,3,38924,0,after,0.388382
2,128,true,sum_i64,3,38924,1,enum_dynamic,0.413198
2,128,true,sum_i64,3,38924,2,enum_static,0.388372
2,128,true,sum_i64,3,38924,3,bound_dynamic,0.393228
2,128,true,sum_i64,3,38924,4,bound_static,0.389932
2,128,true,sum_i64,3,38924,5,before,0.386822
2,128,true,sum_i64,4,38924,0,enum_dynamic,0.406997
2,128,true,sum_i64,4,38924,1,enum_static,0.390893
2,128,true,sum_i64,4,38924,2,bound_dynamic,0.393414
2,128,true,sum_i64,4,38924,3,bound_static,0.387711
2,128,true,sum_i64,4,38924,4,before,0.386588
2,128,true,sum_i64,4,38924,5,after,0.384189
2,128,true,sum_i64,5,38924,0,enum_static,0.388125
2,128,true,sum_i64,5,38924,1,bound_dynamic,0.393908
2,128,true,sum_i64,5,38924,2,bound_static,0.389708
2,128,true,sum_i64,5,38924,3,before,0.387699
2,128,true,sum_i64,5,38924,4,after,0.384992
2,128,true,sum_i64,5,38924,5,enum_dynamic,0.409918
2,128,true,sum_i64,6,38924,0,bound_dynamic,0.394209
2,128,true,sum_i64,6,38924,1,bound_static,0.389632
2,128,true,sum_i64,6,38924,2,before,0.387846
2,128,true,sum_i64,6,38924,3,after,0.384840
2,128,true,sum_i64,6,38924,4,enum_dynamic,0.409385
2,128,true,sum_i64,6,38924,5,enum_static,0.388931
2,128,true,sum_i64,7,38924,0,bound_static,0.392794
2,128,true,sum_i64,7,38924,1,before,0.387248
2,128,true,sum_i64,7,38924,2,after,0.385225
2,128,true,sum_i64,7,38924,3,enum_dynamic,0.409043
2,128,true,sum_i64,7,38924,4,enum_static,0.388918
2,128,true,sum_i64,7,38924,5,bound_dynamic,0.399876
2,128,true,sum_i64,8,38924,0,before,0.389176
2,128,true,sum_i64,8,38924,1,after,0.385242
2,128,true,sum_i64,8,38924,2,enum_dynamic,0.408807
2,128,true,sum_i64,8,38924,3,enum_static,0.389397
2,128,true,sum_i64,8,38924,4,bound_dynamic,0.393985
2,128,true,sum_i64,8,38924,5,bound_static,0.388826
2,128,true,sum_i64,9,38924,0,after,0.384246
2,128,true,sum_i64,9,38924,1,enum_dynamic,0.409398
2,128,true,sum_i64,9,38924,2,enum_static,0.393105
2,128,true,sum_i64,9,38924,3,bound_dynamic,0.390580
2,128,true,sum_i64,9,38924,4,bound_static,0.384558
2,128,true,sum_i64,9,38924,5,before,0.387932
2,128,true,sum_i64,10,38924,0,enum_dynamic,0.408519
2,128,true,sum_i64,10,38924,1,enum_static,0.389860
2,128,true,sum_i64,10,38924,2,bound_dynamic,0.393803
2,128,true,sum_i64,10,38924,3,bound_static,0.386050
2,128,true,sum_i64,10,38924,4,before,0.387634
2,128,true,sum_i64,10,38924,5,after,0.387452
2,128,true,sum_i64,11,38924,0,enum_static,0.390862
2,128,true,sum_i64,11,38924,1,bound_dynamic,0.393400
2,128,true,sum_i64,11,38924,2,bound_static,0.391805
2,128,true,sum_i64,11,38924,3,before,0.387429
2,128,true,sum_i64,11,38924,4,after,0.386710
2,128,true,sum_i64,11,38924,5,enum_dynamic,0.410701
2,128,true,min_utf8,0,7376,0,bound_dynamic,2.113098
2,128,true,min_utf8,0,7376,1,bound_static,2.034120
2,128,true,min_utf8,0,7376,2,before,2.074617
2,128,true,min_utf8,0,7376,3,after,2.031951
2,128,true,min_utf8,0,7376,4,enum_dynamic,2.086056
2,128,true,min_utf8,0,7376,5,enum_static,2.049722
2,128,true,min_utf8,1,7376,0,bound_static,2.027098
2,128,true,min_utf8,1,7376,1,before,2.076323
2,128,true,min_utf8,1,7376,2,after,2.028341
2,128,true,min_utf8,1,7376,3,enum_dynamic,2.089807
2,128,true,min_utf8,1,7376,4,enum_static,2.068748
2,128,true,min_utf8,1,7376,5,bound_dynamic,2.104274
2,128,true,min_utf8,2,7376,0,before,2.069137
2,128,true,min_utf8,2,7376,1,after,2.001548
2,128,true,min_utf8,2,7376,2,enum_dynamic,2.086350
2,128,true,min_utf8,2,7376,3,enum_static,2.042475
2,128,true,min_utf8,2,7376,4,bound_dynamic,2.121486
2,128,true,min_utf8,2,7376,5,bound_static,2.027934
2,128,true,min_utf8,3,7376,0,after,2.032719
2,128,true,min_utf8,3,7376,1,enum_dynamic,2.077391
2,128,true,min_utf8,3,7376,2,enum_static,2.027765
2,128,true,min_utf8,3,7376,3,bound_dynamic,2.074278
2,128,true,min_utf8,3,7376,4,bound_static,2.016009
2,128,true,min_utf8,3,7376,5,before,2.071533
2,128,true,min_utf8,4,7376,0,enum_dynamic,2.082887
2,128,true,min_utf8,4,7376,1,enum_static,2.008795
2,128,true,min_utf8,4,7376,2,bound_dynamic,2.078086
2,128,true,min_utf8,4,7376,3,bound_static,2.021545
2,128,true,min_utf8,4,7376,4,before,2.073047
2,128,true,min_utf8,4,7376,5,after,2.032097
2,128,true,min_utf8,5,7376,0,enum_static,2.046050
2,128,true,min_utf8,5,7376,1,bound_dynamic,2.121441
2,128,true,min_utf8,5,7376,2,bound_static,2.030872
2,128,true,min_utf8,5,7376,3,before,2.078481
2,128,true,min_utf8,5,7376,4,after,2.031832
2,128,true,min_utf8,5,7376,5,enum_dynamic,2.096998
2,128,true,min_utf8,6,7376,0,bound_dynamic,2.123898
2,128,true,min_utf8,6,7376,1,bound_static,2.026872
2,128,true,min_utf8,6,7376,2,before,2.041203
2,128,true,min_utf8,6,7376,3,after,1.998537
2,128,true,min_utf8,6,7376,4,enum_dynamic,2.094117
2,128,true,min_utf8,6,7376,5,enum_static,2.023584
2,128,true,min_utf8,7,7376,0,bound_static,1.995018
2,128,true,min_utf8,7,7376,1,before,2.045565
2,128,true,min_utf8,7,7376,2,after,2.031533
2,128,true,min_utf8,7,7376,3,enum_dynamic,2.114211
2,128,true,min_utf8,7,7376,4,enum_static,2.024539
2,128,true,min_utf8,7,7376,5,bound_dynamic,2.105189
2,128,true,min_utf8,8,7376,0,before,2.071544
2,128,true,min_utf8,8,7376,1,after,2.051513
2,128,true,min_utf8,8,7376,2,enum_dynamic,2.052513
2,128,true,min_utf8,8,7376,3,enum_static,2.027776
2,128,true,min_utf8,8,7376,4,bound_dynamic,2.116577
2,128,true,min_utf8,8,7376,5,bound_static,2.032939
2,128,true,min_utf8,9,7376,0,after,2.031741
2,128,true,min_utf8,9,7376,1,enum_dynamic,2.094287
2,128,true,min_utf8,9,7376,2,enum_static,2.045338
2,128,true,min_utf8,9,7376,3,bound_dynamic,2.119170
2,128,true,min_utf8,9,7376,4,bound_static,1.994470
2,128,true,min_utf8,9,7376,5,before,2.048310
2,128,true,min_utf8,10,7376,0,enum_dynamic,2.059919
2,128,true,min_utf8,10,7376,1,enum_static,2.007389
2,128,true,min_utf8,10,7376,2,bound_dynamic,2.122079
2,128,true,min_utf8,10,7376,3,bound_static,2.026753
2,128,true,min_utf8,10,7376,4,before,2.081740
2,128,true,min_utf8,10,7376,5,after,2.034718
2,128,true,min_utf8,11,7376,0,enum_static,2.047050
2,128,true,min_utf8,11,7376,1,bound_dynamic,2.122368
2,128,true,min_utf8,11,7376,2,bound_static,2.031753
2,128,true,min_utf8,11,7376,3,before,2.080458
2,128,true,min_utf8,11,7376,4,after,2.027431
2,128,true,min_utf8,11,7376,5,enum_dynamic,2.101387
2,8192,false,max_utf8,0,159,0,bound_dynamic,97.183440
2,8192,false,max_utf8,0,159,1,bound_static,94.873686
2,8192,false,max_utf8,0,159,2,before,94.742138
2,8192,false,max_utf8,0,159,3,after,96.542717
2,8192,false,max_utf8,0,159,4,enum_dynamic,95.594868
2,8192,false,max_utf8,0,159,5,enum_static,95.096176
2,8192,false,max_utf8,1,159,0,bound_static,97.080189
2,8192,false,max_utf8,1,159,1,before,95.202302
2,8192,false,max_utf8,1,159,2,after,95.094597
2,8192,false,max_utf8,1,159,3,enum_dynamic,96.317610
2,8192,false,max_utf8,1,159,4,enum_static,96.973013
2,8192,false,max_utf8,1,159,5,bound_dynamic,99.055818
2,8192,false,max_utf8,2,159,0,before,97.046906
2,8192,false,max_utf8,2,159,1,after,96.613994
2,8192,false,max_utf8,2,159,2,enum_dynamic,96.310535
2,8192,false,max_utf8,2,159,3,enum_static,96.562107
2,8192,false,max_utf8,2,159,4,bound_dynamic,98.344604
2,8192,false,max_utf8,2,159,5,bound_static,94.726943
2,8192,false,max_utf8,3,159,0,after,94.728774
2,8192,false,max_utf8,3,159,1,enum_dynamic,95.417975
2,8192,false,max_utf8,3,159,2,enum_static,97.025943
2,8192,false,max_utf8,3,159,3,bound_dynamic,99.088836
2,8192,false,max_utf8,3,159,4,bound_static,96.690516
2,8192,false,max_utf8,3,159,5,before,96.984799
2,8192,false,max_utf8,4,159,0,enum_dynamic,96.494497
2,8192,false,max_utf8,4,159,1,enum_static,96.771491
2,8192,false,max_utf8,4,159,2,bound_dynamic,99.052931
2,8192,false,max_utf8,4,159,3,bound_static,96.649899
2,8192,false,max_utf8,4,159,4,before,96.963314
2,8192,false,max_utf8,4,159,5,after,97.159333
2,8192,false,max_utf8,5,159,0,enum_static,96.750522
2,8192,false,max_utf8,5,159,1,bound_dynamic,99.189208
2,8192,false,max_utf8,5,159,2,bound_static,96.625522
2,8192,false,max_utf8,5,159,3,before,96.338579
2,8192,false,max_utf8,5,159,4,after,94.859535
2,8192,false,max_utf8,5,159,5,enum_dynamic,95.452308
2,8192,false,max_utf8,6,159,0,bound_dynamic,99.210692
2,8192,false,max_utf8,6,159,1,bound_static,96.661428
2,8192,false,max_utf8,6,159,2,before,96.765201
2,8192,false,max_utf8,6,159,3,after,96.635484
2,8192,false,max_utf8,6,159,4,enum_dynamic,96.756289
2,8192,false,max_utf8,6,159,5,enum_static,97.612164
2,8192,false,max_utf8,7,159,0,bound_static,95.710428
2,8192,false,max_utf8,7,159,1,before,95.724843
2,8192,false,max_utf8,7,159,2,after,97.029874
2,8192,false,max_utf8,7,159,3,enum_dynamic,95.239252
2,8192,false,max_utf8,7,159,4,enum_static,96.258126
2,8192,false,max_utf8,7,159,5,bound_dynamic,99.016509
2,8192,false,max_utf8,8,159,0,before,96.681868
2,8192,false,max_utf8,8,159,1,after,96.359277
2,8192,false,max_utf8,8,159,2,enum_dynamic,95.366616
2,8192,false,max_utf8,8,159,3,enum_static,96.735591
2,8192,false,max_utf8,8,159,4,bound_dynamic,99.107182
2,8192,false,max_utf8,8,159,5,bound_static,96.765201
2,8192,false,max_utf8,9,159,0,after,95.904610
2,8192,false,max_utf8,9,159,1,enum_dynamic,96.011792
2,8192,false,max_utf8,9,159,2,enum_static,96.895962
2,8192,false,max_utf8,9,159,3,bound_dynamic,99.028302
2,8192,false,max_utf8,9,159,4,bound_static,96.585692
2,8192,false,max_utf8,9,159,5,before,96.233226
2,8192,false,max_utf8,10,159,0,enum_dynamic,94.779352
2,8192,false,max_utf8,10,159,1,enum_static,95.720126
2,8192,false,max_utf8,10,159,2,bound_dynamic,99.196805
2,8192,false,max_utf8,10,159,3,bound_static,94.956761
2,8192,false,max_utf8,10,159,4,before,96.239780
2,8192,false,max_utf8,10,159,5,after,96.786692
2,8192,false,max_utf8,11,159,0,enum_static,96.902774
2,8192,false,max_utf8,11,159,1,bound_dynamic,98.274893
2,8192,false,max_utf8,11,159,2,bound_static,95.966981
2,8192,false,max_utf8,11,159,3,before,96.810799
2,8192,false,max_utf8,11,159,4,after,95.148849
2,8192,false,max_utf8,11,159,5,enum_dynamic,94.863994
2,128,false,sum_u64,0,45003,0,bound_dynamic,0.333433
2,128,false,sum_u64,0,45003,1,bound_static,0.335225
2,128,false,sum_u64,0,45003,2,before,0.338388
2,128,false,sum_u64,0,45003,3,after,0.340336
2,128,false,sum_u64,0,45003,4,enum_dynamic,0.360421
2,128,false,sum_u64,0,45003,5,enum_static,0.340949
2,128,false,sum_u64,1,45003,0,bound_static,0.335874
2,128,false,sum_u64,1,45003,1,before,0.338904
2,128,false,sum_u64,1,45003,2,after,0.335629
2,128,false,sum_u64,1,45003,3,enum_dynamic,0.360425
2,128,false,sum_u64,1,45003,4,enum_static,0.338680
2,128,false,sum_u64,1,45003,5,bound_dynamic,0.335972
2,128,false,sum_u64,2,45003,0,before,0.339472
2,128,false,sum_u64,2,45003,1,after,0.335672
2,128,false,sum_u64,2,45003,2,enum_dynamic,0.360078
2,128,false,sum_u64,2,45003,3,enum_static,0.338810
2,128,false,sum_u64,2,45003,4,bound_dynamic,0.337115
2,128,false,sum_u64,2,45003,5,bound_static,0.335893
2,128,false,sum_u64,3,45003,0,after,0.336769
2,128,false,sum_u64,3,45003,1,enum_dynamic,0.359805
2,128,false,sum_u64,3,45003,2,enum_static,0.339676
2,128,false,sum_u64,3,45003,3,bound_dynamic,0.334985
2,128,false,sum_u64,3,45003,4,bound_static,0.334088
2,128,false,sum_u64,3,45003,5,before,0.338723
2,128,false,sum_u64,4,45003,0,enum_dynamic,0.361615
2,128,false,sum_u64,4,45003,1,enum_static,0.338835
2,128,false,sum_u64,4,45003,2,bound_dynamic,0.336098
2,128,false,sum_u64,4,45003,3,bound_static,0.335858
2,128,false,sum_u64,4,45003,4,before,0.338997
2,128,false,sum_u64,4,45003,5,after,0.334217
2,128,false,sum_u64,5,45003,0,enum_static,0.337016
2,128,false,sum_u64,5,45003,1,bound_dynamic,0.336880
2,128,false,sum_u64,5,45003,2,bound_static,0.335939
2,128,false,sum_u64,5,45003,3,before,0.339892
2,128,false,sum_u64,5,45003,4,after,0.336966
2,128,false,sum_u64,5,45003,5,enum_dynamic,0.357014
2,128,false,sum_u64,6,45003,0,bound_dynamic,0.336175
2,128,false,sum_u64,6,45003,1,bound_static,0.336805
2,128,false,sum_u64,6,45003,2,before,0.339169
2,128,false,sum_u64,6,45003,3,after,0.336058
2,128,false,sum_u64,6,45003,4,enum_dynamic,0.356553
2,128,false,sum_u64,6,45003,5,enum_static,0.338938
2,128,false,sum_u64,7,45003,0,bound_static,0.336342
2,128,false,sum_u64,7,45003,1,before,0.338467
2,128,false,sum_u64,7,45003,2,after,0.336653
2,128,false,sum_u64,7,45003,3,enum_dynamic,0.360103
2,128,false,sum_u64,7,45003,4,enum_static,0.339127
2,128,false,sum_u64,7,45003,5,bound_dynamic,0.335898
2,128,false,sum_u64,8,45003,0,before,0.339356
2,128,false,sum_u64,8,45003,1,after,0.335980
2,128,false,sum_u64,8,45003,2,enum_dynamic,0.359791
2,128,false,sum_u64,8,45003,3,enum_static,0.336664
2,128,false,sum_u64,8,45003,4,bound_dynamic,0.336047
2,128,false,sum_u64,8,45003,5,bound_static,0.336115
2,128,false,sum_u64,9,45003,0,after,0.335375
2,128,false,sum_u64,9,45003,1,enum_dynamic,0.361514
2,128,false,sum_u64,9,45003,2,enum_static,0.338392
2,128,false,sum_u64,9,45003,3,bound_dynamic,0.335697
2,128,false,sum_u64,9,45003,4,bound_static,0.336500
2,128,false,sum_u64,9,45003,5,before,0.339615
2,128,false,sum_u64,10,45003,0,enum_dynamic,0.360046
2,128,false,sum_u64,10,45003,1,enum_static,0.338864
2,128,false,sum_u64,10,45003,2,bound_dynamic,0.337145
2,128,false,sum_u64,10,45003,3,bound_static,0.338231
2,128,false,sum_u64,10,45003,4,before,0.339048
2,128,false,sum_u64,10,45003,5,after,0.336171
2,128,false,sum_u64,11,45003,0,enum_static,0.338803
2,128,false,sum_u64,11,45003,1,bound_dynamic,0.335697
2,128,false,sum_u64,11,45003,2,bound_static,0.336969
2,128,false,sum_u64,11,45003,3,before,0.338143
2,128,false,sum_u64,11,45003,4,after,0.335235
2,128,false,sum_u64,11,45003,5,enum_dynamic,0.361162
2,128,true,min_i64,0,17350,0,bound_dynamic,0.916136
2,128,true,min_i64,0,17350,1,bound_static,0.853559
2,128,true,min_i64,0,17350,2,before,0.907740
2,128,true,min_i64,0,17350,3,after,0.844390
2,128,true,min_i64,0,17350,4,enum_dynamic,0.920809
2,128,true,min_i64,0,17350,5,enum_static,0.847356
2,128,true,min_i64,1,17350,0,bound_static,0.846712
2,128,true,min_i64,1,17350,1,before,0.909445
2,128,true,min_i64,1,17350,2,after,0.844853
2,128,true,min_i64,1,17350,3,enum_dynamic,0.924995
2,128,true,min_i64,1,17350,4,enum_static,0.845913
2,128,true,min_i64,1,17350,5,bound_dynamic,0.916302
2,128,true,min_i64,2,17350,0,before,0.907123
2,128,true,min_i64,2,17350,1,after,0.842094
2,128,true,min_i64,2,17350,2,enum_dynamic,0.922169
2,128,true,min_i64,2,17350,3,enum_static,0.838511
2,128,true,min_i64,2,17350,4,bound_dynamic,0.923425
2,128,true,min_i64,2,17350,5,bound_static,0.847125
2,128,true,min_i64,3,17350,0,after,0.846419
2,128,true,min_i64,3,17350,1,enum_dynamic,0.923982
2,128,true,min_i64,3,17350,2,enum_static,0.838806
2,128,true,min_i64,3,17350,3,bound_dynamic,0.915082
2,128,true,min_i64,3,17350,4,bound_static,0.844796
2,128,true,min_i64,3,17350,5,before,0.907812
2,128,true,min_i64,4,17350,0,enum_dynamic,0.922798
2,128,true,min_i64,4,17350,1,enum_static,0.846652
2,128,true,min_i64,4,17350,2,bound_dynamic,0.912670
2,128,true,min_i64,4,17350,3,bound_static,0.854508
2,128,true,min_i64,4,17350,4,before,0.910953
2,128,true,min_i64,4,17350,5,after,0.842719
2,128,true,min_i64,5,17350,0,enum_static,0.848804
2,128,true,min_i64,5,17350,1,bound_dynamic,0.918470
2,128,true,min_i64,5,17350,2,bound_static,0.844133
2,128,true,min_i64,5,17350,3,before,0.908847
2,128,true,min_i64,5,17350,4,after,0.843384
2,128,true,min_i64,5,17350,5,enum_dynamic,0.932579
2,128,true,min_i64,6,17350,0,bound_dynamic,0.915615
2,128,true,min_i64,6,17350,1,bound_static,0.847469
2,128,true,min_i64,6,17350,2,before,0.911206
2,128,true,min_i64,6,17350,3,after,0.849544
2,128,true,min_i64,6,17350,4,enum_dynamic,0.930817
2,128,true,min_i64,6,17350,5,enum_static,0.851900
2,128,true,min_i64,7,17350,0,bound_static,0.828929
2,128,true,min_i64,7,17350,1,before,0.904356
2,128,true,min_i64,7,17350,2,after,0.847046
2,128,true,min_i64,7,17350,3,enum_dynamic,0.922666
2,128,true,min_i64,7,17350,4,enum_static,0.848208
2,128,true,min_i64,7,17350,5,bound_dynamic,0.915968
2,128,true,min_i64,8,17350,0,before,0.910903
2,128,true,min_i64,8,17350,1,after,0.842973
2,128,true,min_i64,8,17350,2,enum_dynamic,0.925255
2,128,true,min_i64,8,17350,3,enum_static,0.847082
2,128,true,min_i64,8,17350,4,bound_dynamic,0.919241
2,128,true,min_i64,8,17350,5,bound_static,0.844606
2,128,true,min_i64,9,17350,0,after,0.845951
2,128,true,min_i64,9,17350,1,enum_dynamic,0.925372
2,128,true,min_i64,9,17350,2,enum_static,0.839023
2,128,true,min_i64,9,17350,3,bound_dynamic,0.920901
2,128,true,min_i64,9,17350,4,bound_static,0.836126
2,128,true,min_i64,9,17350,5,before,0.905173
2,128,true,min_i64,10,17350,0,enum_dynamic,0.930002
2,128,true,min_i64,10,17350,1,enum_static,0.856825
2,128,true,min_i64,10,17350,2,bound_dynamic,0.924587
2,128,true,min_i64,10,17350,3,bound_static,0.846897
2,128,true,min_i64,10,17350,4,before,0.911122
2,128,true,min_i64,10,17350,5,after,0.827889
2,128,true,min_i64,11,17350,0,enum_static,0.839966
2,128,true,min_i64,11,17350,1,bound_dynamic,0.916465
2,128,true,min_i64,11,17350,2,bound_static,0.844416
2,128,true,min_i64,11,17350,3,before,0.906916
2,128,true,min_i64,11,17350,4,after,0.854640
2,128,true,min_i64,11,17350,5,enum_dynamic,0.914933
2,128,true,max_utf8,0,7366,0,bound_dynamic,2.114920
2,128,true,max_utf8,0,7366,1,bound_static,2.062936
2,128,true,max_utf8,0,7366,2,before,2.079261
2,128,true,max_utf8,0,7366,3,after,2.068128
2,128,true,max_utf8,0,7366,4,enum_dynamic,2.093476
2,128,true,max_utf8,0,7366,5,enum_static,2.076885
2,128,true,max_utf8,1,7366,0,bound_static,2.072037
2,128,true,max_utf8,1,7366,1,before,2.076636
2,128,true,max_utf8,1,7366,2,after,2.068598
2,128,true,max_utf8,1,7366,3,enum_dynamic,2.094104
2,128,true,max_utf8,1,7366,4,enum_static,2.074373
2,128,true,max_utf8,1,7366,5,bound_dynamic,2.127630
2,128,true,max_utf8,2,7366,0,before,2.040948
2,128,true,max_utf8,2,7366,1,after,2.037283
2,128,true,max_utf8,2,7366,2,enum_dynamic,2.048036
2,128,true,max_utf8,2,7366,3,enum_static,2.051272
2,128,true,max_utf8,2,7366,4,bound_dynamic,2.116000
2,128,true,max_utf8,2,7366,5,bound_static,2.066233
2,128,true,max_utf8,3,7366,0,after,2.064101
2,128,true,max_utf8,3,7366,1,enum_dynamic,2.095054
2,128,true,max_utf8,3,7366,2,enum_static,2.074413
2,128,true,max_utf8,3,7366,3,bound_dynamic,2.086699
2,128,true,max_utf8,3,7366,4,bound_static,2.048291
2,128,true,max_utf8,3,7366,5,before,2.076432
2,128,true,max_utf8,4,7366,0,enum_dynamic,2.105026
2,128,true,max_utf8,4,7366,1,enum_static,2.074809
2,128,true,max_utf8,4,7366,2,bound_dynamic,2.120412
2,128,true,max_utf8,4,7366,3,bound_static,2.063614
2,128,true,max_utf8,4,7366,4,before,2.083418
2,128,true,max_utf8,4,7366,5,after,2.070810
2,128,true,max_utf8,5,7366,0,enum_static,2.077547
2,128,true,max_utf8,5,7366,1,bound_dynamic,2.115107
2,128,true,max_utf8,5,7366,2,bound_static,2.069944
2,128,true,max_utf8,5,7366,3,before,2.082649
2,128,true,max_utf8,5,7366,4,after,2.077332
2,128,true,max_utf8,5,7366,5,enum_dynamic,2.050785
2,128,true,max_utf8,6,7366,0,bound_dynamic,2.104319
2,128,true,max_utf8,6,7366,1,bound_static,2.069746
2,128,true,max_utf8,6,7366,2,before,2.038171
2,128,true,max_utf8,6,7366,3,after,2.029301
2,128,true,max_utf8,6,7366,4,enum_dynamic,2.086269
2,128,true,max_utf8,6,7366,5,enum_static,2.070798
2,128,true,max_utf8,7,7366,0,bound_static,2.027972
2,128,true,max_utf8,7,7366,1,before,2.038742
2,128,true,max_utf8,7,7366,2,after,2.026145
2,128,true,max_utf8,7,7366,3,enum_dynamic,2.063032
2,128,true,max_utf8,7,7366,4,enum_static,2.079821
2,128,true,max_utf8,7,7366,5,bound_dynamic,2.118184
2,128,true,max_utf8,8,7366,0,before,2.081161
2,128,true,max_utf8,8,7366,1,after,2.026230
2,128,true,max_utf8,8,7366,2,enum_dynamic,2.059434
2,128,true,max_utf8,8,7366,3,enum_static,2.051175
2,128,true,max_utf8,8,7366,4,bound_dynamic,2.119457
2,128,true,max_utf8,8,7366,5,bound_static,2.066974
2,128,true,max_utf8,9,7366,0,after,2.066940
2,128,true,max_utf8,9,7366,1,enum_dynamic,2.097662
2,128,true,max_utf8,9,7366,2,enum_static,2.076036
2,128,true,max_utf8,9,7366,3,bound_dynamic,2.119734
2,128,true,max_utf8,9,7366,4,bound_static,2.069933
2,128,true,max_utf8,9,7366,5,before,2.075770
2,128,true,max_utf8,10,7366,0,enum_dynamic,2.095868
2,128,true,max_utf8,10,7366,1,enum_static,2.054711
2,128,true,max_utf8,10,7366,2,bound_dynamic,2.074255
2,128,true,max_utf8,10,7366,3,bound_static,2.043760
2,128,true,max_utf8,10,7366,4,before,2.076065
2,128,true,max_utf8,10,7366,5,after,2.068960
2,128,true,max_utf8,11,7366,0,enum_static,2.078480
2,128,true,max_utf8,11,7366,1,bound_dynamic,2.115604
2,128,true,max_utf8,11,7366,2,bound_static,2.031077
2,128,true,max_utf8,11,7366,3,before,2.080007
2,128,true,max_utf8,11,7366,4,after,2.027237
2,128,true,max_utf8,11,7366,5,enum_dynamic,2.064469
2,8192,true,count_distinct_i64,0,43,0,bound_dynamic,350.066860
2,8192,true,count_distinct_i64,0,43,1,bound_static,393.230628
2,8192,true,count_distinct_i64,0,43,2,before,350.232558
2,8192,true,count_distinct_i64,0,43,3,after,349.258721
2,8192,true,count_distinct_i64,0,43,4,enum_dynamic,349.999023
2,8192,true,count_distinct_i64,0,43,5,enum_static,349.096884
2,8192,true,count_distinct_i64,1,43,0,bound_static,404.735465
2,8192,true,count_distinct_i64,1,43,1,before,350.682163
2,8192,true,count_distinct_i64,1,43,2,after,342.044581
2,8192,true,count_distinct_i64,1,43,3,enum_dynamic,342.526163
2,8192,true,count_distinct_i64,1,43,4,enum_static,343.443814
2,8192,true,count_distinct_i64,1,43,5,bound_dynamic,349.052326
2,8192,true,count_distinct_i64,2,43,0,before,348.231581
2,8192,true,count_distinct_i64,2,43,1,after,393.492233
2,8192,true,count_distinct_i64,2,43,2,enum_dynamic,393.037791
2,8192,true,count_distinct_i64,2,43,3,enum_static,348.457372
2,8192,true,count_distinct_i64,2,43,4,bound_dynamic,347.663767
2,8192,true,count_distinct_i64,2,43,5,bound_static,393.634674
2,8192,true,count_distinct_i64,3,43,0,after,392.337209
2,8192,true,count_distinct_i64,3,43,1,enum_dynamic,394.000977
2,8192,true,count_distinct_i64,3,43,2,enum_static,348.507744
2,8192,true,count_distinct_i64,3,43,3,bound_dynamic,348.005814
2,8192,true,count_distinct_i64,3,43,4,bound_static,391.300395
2,8192,true,count_distinct_i64,3,43,5,before,347.874023
2,8192,true,count_distinct_i64,4,43,0,enum_dynamic,394.002907
2,8192,true,count_distinct_i64,4,43,1,enum_static,344.583326
2,8192,true,count_distinct_i64,4,43,2,bound_dynamic,347.833326
2,8192,true,count_distinct_i64,4,43,3,bound_static,408.187000
2,8192,true,count_distinct_i64,4,43,4,before,352.773256
2,8192,true,count_distinct_i64,4,43,5,after,350.985465
2,8192,true,count_distinct_i64,5,43,0,enum_static,348.742256
2,8192,true,count_distinct_i64,5,43,1,bound_dynamic,349.092047
2,8192,true,count_distinct_i64,5,43,2,bound_static,393.658907
2,8192,true,count_distinct_i64,5,43,3,before,348.683140
2,8192,true,count_distinct_i64,5,43,4,after,375.793605
2,8192,true,count_distinct_i64,5,43,5,enum_dynamic,342.995163
2,8192,true,count_distinct_i64,6,43,0,bound_dynamic,347.371116
2,8192,true,count_distinct_i64,6,43,1,bound_static,393.407930
2,8192,true,count_distinct_i64,6,43,2,before,348.816860
2,8192,true,count_distinct_i64,6,43,3,after,351.939930
2,8192,true,count_distinct_i64,6,43,4,enum_dynamic,349.508721
2,8192,true,count_distinct_i64,6,43,5,enum_static,348.448628
2,8192,true,count_distinct_i64,7,43,0,bound_static,392.917651
2,8192,true,count_distinct_i64,7,43,1,before,350.488372
2,8192,true,count_distinct_i64,7,43,2,after,347.629837
2,8192,true,count_distinct_i64,7,43,3,enum_dynamic,348.325581
2,8192,true,count_distinct_i64,7,43,4,enum_static,348.375000
2,8192,true,count_distinct_i64,7,43,5,bound_dynamic,348.554256
2,8192,true,count_distinct_i64,8,43,0,before,348.112395
2,8192,true,count_distinct_i64,8,43,1,after,392.539721
2,8192,true,count_distinct_i64,8,43,2,enum_dynamic,396.407953
2,8192,true,count_distinct_i64,8,43,3,enum_static,349.021302
2,8192,true,count_distinct_i64,8,43,4,bound_dynamic,344.929256
2,8192,true,count_distinct_i64,8,43,5,bound_static,402.605628
2,8192,true,count_distinct_i64,9,43,0,after,402.320744
2,8192,true,count_distinct_i64,9,43,1,enum_dynamic,399.479651
2,8192,true,count_distinct_i64,9,43,2,enum_static,349.191860
2,8192,true,count_distinct_i64,9,43,3,bound_dynamic,352.148256
2,8192,true,count_distinct_i64,9,43,4,bound_static,397.039721
2,8192,true,count_distinct_i64,9,43,5,before,352.339163
2,8192,true,count_distinct_i64,10,43,0,enum_dynamic,393.996140
2,8192,true,count_distinct_i64,10,43,1,enum_static,350.015488
2,8192,true,count_distinct_i64,10,43,2,bound_dynamic,349.091070
2,8192,true,count_distinct_i64,10,43,3,bound_static,396.032953
2,8192,true,count_distinct_i64,10,43,4,before,349.764535
2,8192,true,count_distinct_i64,10,43,5,after,350.510651
2,8192,true,count_distinct_i64,11,43,0,enum_static,349.186047
2,8192,true,count_distinct_i64,11,43,1,bound_dynamic,349.213163
2,8192,true,count_distinct_i64,11,43,2,bound_static,403.898256
2,8192,true,count_distinct_i64,11,43,3,before,351.173442
2,8192,true,count_distinct_i64,11,43,4,after,350.379837
2,8192,true,count_distinct_i64,11,43,5,enum_dynamic,343.785860
2,8192,false,max_i64,0,332,0,bound_dynamic,47.749120
2,8192,false,max_i64,0,332,1,bound_static,45.528238
2,8192,false,max_i64,0,332,2,before,45.263178
2,8192,false,max_i64,0,332,3,after,44.780997
2,8192,false,max_i64,0,332,4,enum_dynamic,45.287651
2,8192,false,max_i64,0,332,5,enum_static,46.415410
2,8192,false,max_i64,1,332,0,bound_static,45.430223
2,8192,false,max_i64,1,332,1,before,45.044051
2,8192,false,max_i64,1,332,2,after,44.703816
2,8192,false,max_i64,1,332,3,enum_dynamic,44.815889
2,8192,false,max_i64,1,332,4,enum_static,47.202810
2,8192,false,max_i64,1,332,5,bound_dynamic,47.945657
2,8192,false,max_i64,2,332,0,before,45.492093
2,8192,false,max_i64,2,332,1,after,45.456072
2,8192,false,max_i64,2,332,2,enum_dynamic,45.355422
2,8192,false,max_i64,2,332,3,enum_static,47.390437
2,8192,false,max_i64,2,332,4,bound_dynamic,47.222765
2,8192,false,max_i64,2,332,5,bound_static,45.604795
2,8192,false,max_i64,3,332,0,after,45.679093
2,8192,false,max_i64,3,332,1,enum_dynamic,45.634163
2,8192,false,max_i64,3,332,2,enum_static,46.954693
2,8192,false,max_i64,3,332,3,bound_dynamic,47.159262
2,8192,false,max_i64,3,332,4,bound_static,45.088855
2,8192,false,max_i64,3,332,5,before,45.361319
2,8192,false,max_i64,4,332,0,enum_dynamic,45.522214
2,8192,false,max_i64,4,332,1,enum_static,45.192645
2,8192,false,max_i64,4,332,2,bound_dynamic,47.688630
2,8192,false,max_i64,4,332,3,bound_static,44.849148
2,8192,false,max_i64,4,332,4,before,45.360566
2,8192,false,max_i64,4,332,5,after,45.441389
2,8192,false,max_i64,5,332,0,enum_static,45.334214
2,8192,false,max_i64,5,332,1,bound_dynamic,47.604292
2,8192,false,max_i64,5,332,2,bound_static,44.972642
2,8192,false,max_i64,5,332,3,before,45.234940
2,8192,false,max_i64,5,332,4,after,45.327937
2,8192,false,max_i64,5,332,5,enum_dynamic,45.416666
2,8192,false,max_i64,6,332,0,bound_dynamic,47.778238
2,8192,false,max_i64,6,332,1,bound_static,45.434738
2,8192,false,max_i64,6,332,2,before,45.444277
2,8192,false,max_i64,6,332,3,after,45.459967
2,8192,false,max_i64,6,332,4,enum_dynamic,45.431602
2,8192,false,max_i64,6,332,5,enum_static,45.070657
2,8192,false,max_i64,7,332,0,bound_static,44.826178
2,8192,false,max_i64,7,332,1,before,44.650852
2,8192,false,max_i64,7,332,2,after,45.499497
2,8192,false,max_i64,7,332,3,enum_dynamic,45.521337
2,8192,false,max_i64,7,332,4,enum_static,47.271587
2,8192,false,max_i64,7,332,5,bound_dynamic,47.870732
2,8192,false,max_i64,8,332,0,before,46.091241
2,8192,false,max_i64,8,332,1,after,45.547566
2,8192,false,max_i64,8,332,2,enum_dynamic,45.183358
2,8192,false,max_i64,8,332,3,enum_static,45.967494
2,8192,false,max_i64,8,332,4,bound_dynamic,46.936497
2,8192,false,max_i64,8,332,5,bound_static,44.761798
2,8192,false,max_i64,9,332,0,after,45.705949
2,8192,false,max_i64,9,332,1,enum_dynamic,45.852160
2,8192,false,max_i64,9,332,2,enum_static,47.195030
2,8192,false,max_i64,9,332,3,bound_dynamic,47.848521
2,8192,false,max_i64,9,332,4,bound_static,45.794804
2,8192,false,max_i64,9,332,5,before,45.707078
2,8192,false,max_i64,10,332,0,enum_dynamic,44.751383
2,8192,false,max_i64,10,332,1,enum_static,45.480298
2,8192,false,max_i64,10,332,2,bound_dynamic,48.010792
2,8192,false,max_i64,10,332,3,bound_static,45.494602
2,8192,false,max_i64,10,332,4,before,45.571160
2,8192,false,max_i64,10,332,5,after,45.539280
2,8192,false,max_i64,11,332,0,enum_static,48.292922
2,8192,false,max_i64,11,332,1,bound_dynamic,47.814759
2,8192,false,max_i64,11,332,2,bound_static,45.281373
2,8192,false,max_i64,11,332,3,before,44.540789
2,8192,false,max_i64,11,332,4,after,45.547566
2,8192,false,max_i64,11,332,5,enum_dynamic,45.384289
2,128,true,sum_f64,0,50000,0,bound_dynamic,0.262928
2,128,true,sum_f64,0,50000,1,bound_static,0.270175
2,128,true,sum_f64,0,50000,2,before,0.263568
2,128,true,sum_f64,0,50000,3,after,0.262221
2,128,true,sum_f64,0,50000,4,enum_dynamic,0.274863
2,128,true,sum_f64,0,50000,5,enum_static,0.263994
2,128,true,sum_f64,1,50000,0,bound_static,0.272846
2,128,true,sum_f64,1,50000,1,before,0.263632
2,128,true,sum_f64,1,50000,2,after,0.263174
2,128,true,sum_f64,1,50000,3,enum_dynamic,0.273883
2,128,true,sum_f64,1,50000,4,enum_static,0.262820
2,128,true,sum_f64,1,50000,5,bound_dynamic,0.263599
2,128,true,sum_f64,2,50000,0,before,0.263527
2,128,true,sum_f64,2,50000,1,after,0.263137
2,128,true,sum_f64,2,50000,2,enum_dynamic,0.274037
2,128,true,sum_f64,2,50000,3,enum_static,0.263490
2,128,true,sum_f64,2,50000,4,bound_dynamic,0.262292
2,128,true,sum_f64,2,50000,5,bound_static,0.268217
2,128,true,sum_f64,3,50000,0,after,0.263248
2,128,true,sum_f64,3,50000,1,enum_dynamic,0.274037
2,128,true,sum_f64,3,50000,2,enum_static,0.265081
2,128,true,sum_f64,3,50000,3,bound_dynamic,0.263347
2,128,true,sum_f64,3,50000,4,bound_static,0.270298
2,128,true,sum_f64,3,50000,5,before,0.261533
2,128,true,sum_f64,4,50000,0,enum_dynamic,0.274770
2,128,true,sum_f64,4,50000,1,enum_static,0.263917
2,128,true,sum_f64,4,50000,2,bound_dynamic,0.262197
2,128,true,sum_f64,4,50000,3,bound_static,0.269045
2,128,true,sum_f64,4,50000,4,before,0.263738
2,128,true,sum_f64,4,50000,5,after,0.263361
2,128,true,sum_f64,5,50000,0,enum_static,0.263727
2,128,true,sum_f64,5,50000,1,bound_dynamic,0.261756
2,128,true,sum_f64,5,50000,2,bound_static,0.270165
2,128,true,sum_f64,5,50000,3,before,0.263416
2,128,true,sum_f64,5,50000,4,after,0.263344
2,128,true,sum_f64,5,50000,5,enum_dynamic,0.274226
2,128,true,sum_f64,6,50000,0,bound_dynamic,0.262767
2,128,true,sum_f64,6,50000,1,bound_static,0.270288
2,128,true,sum_f64,6,50000,2,before,0.262636
2,128,true,sum_f64,6,50000,3,after,0.261941
2,128,true,sum_f64,6,50000,4,enum_dynamic,0.273828
2,128,true,sum_f64,6,50000,5,enum_static,0.264822
2,128,true,sum_f64,7,50000,0,bound_static,0.270029
2,128,true,sum_f64,7,50000,1,before,0.263131
2,128,true,sum_f64,7,50000,2,after,0.263901
2,128,true,sum_f64,7,50000,3,enum_dynamic,0.274187
2,128,true,sum_f64,7,50000,4,enum_static,0.264308
2,128,true,sum_f64,7,50000,5,bound_dynamic,0.262492
2,128,true,sum_f64,8,50000,0,before,0.263272
2,128,true,sum_f64,8,50000,1,after,0.262945
2,128,true,sum_f64,8,50000,2,enum_dynamic,0.273617
2,128,true,sum_f64,8,50000,3,enum_static,0.263986
2,128,true,sum_f64,8,50000,4,bound_dynamic,0.263304
2,128,true,sum_f64,8,50000,5,bound_static,0.269174
2,128,true,sum_f64,9,50000,0,after,0.262798
2,128,true,sum_f64,9,50000,1,enum_dynamic,0.274643
2,128,true,sum_f64,9,50000,2,enum_static,0.261264
2,128,true,sum_f64,9,50000,3,bound_dynamic,0.261132
2,128,true,sum_f64,9,50000,4,bound_static,0.268470
2,128,true,sum_f64,9,50000,5,before,0.263053
2,128,true,sum_f64,10,50000,0,enum_dynamic,0.276947
2,128,true,sum_f64,10,50000,1,enum_static,0.260333
2,128,true,sum_f64,10,50000,2,bound_dynamic,0.262923
2,128,true,sum_f64,10,50000,3,bound_static,0.269334
2,128,true,sum_f64,10,50000,4,before,0.264121
2,128,true,sum_f64,10,50000,5,after,0.265402
2,128,true,sum_f64,11,50000,0,enum_static,0.261992
2,128,true,sum_f64,11,50000,1,bound_dynamic,0.263143
2,128,true,sum_f64,11,50000,2,bound_static,0.269691
2,128,true,sum_f64,11,50000,3,before,0.264317
2,128,true,sum_f64,11,50000,4,after,0.262549
2,128,true,sum_f64,11,50000,5,enum_dynamic,0.274587
2,65536,false,covar_i64,0,73,0,bound_dynamic,208.404685
2,65536,false,covar_i64,0,73,1,bound_static,208.789945
2,65536,false,covar_i64,0,73,2,before,214.736877
2,65536,false,covar_i64,0,73,3,after,208.796233
2,65536,false,covar_i64,0,73,4,enum_dynamic,214.272260
2,65536,false,covar_i64,0,73,5,enum_static,215.045658
2,65536,false,covar_i64,1,73,0,bound_static,208.316781
2,65536,false,covar_i64,1,73,1,before,215.296233
2,65536,false,covar_i64,1,73,2,after,208.617589
2,65536,false,covar_i64,1,73,3,enum_dynamic,214.405260
2,65536,false,covar_i64,1,73,4,enum_static,215.181507
2,65536,false,covar_i64,1,73,5,bound_dynamic,208.079342
2,65536,false,covar_i64,2,73,0,before,214.439493
2,65536,false,covar_i64,2,73,1,after,208.089616
2,65536,false,covar_i64,2,73,2,enum_dynamic,214.722603
2,65536,false,covar_i64,2,73,3,enum_static,214.313932
2,65536,false,covar_i64,2,73,4,bound_dynamic,210.313356
2,65536,false,covar_i64,2,73,5,bound_static,208.304219
2,65536,false,covar_i64,3,73,0,after,208.483438
2,65536,false,covar_i64,3,73,1,enum_dynamic,214.280822
2,65536,false,covar_i64,3,73,2,enum_static,217.567342
2,65536,false,covar_i64,3,73,3,bound_dynamic,208.223178
2,65536,false,covar_i64,3,73,4,bound_static,208.595890
2,65536,false,covar_i64,3,73,5,before,214.863575
2,65536,false,covar_i64,4,73,0,enum_dynamic,214.106164
2,65536,false,covar_i64,4,73,1,enum_static,214.039959
2,65536,false,covar_i64,4,73,2,bound_dynamic,208.980603
2,65536,false,covar_i64,4,73,3,bound_static,207.705479
2,65536,false,covar_i64,4,73,4,before,214.058219
2,65536,false,covar_i64,4,73,5,after,207.637548
2,65536,false,covar_i64,5,73,0,enum_static,213.824205
2,65536,false,covar_i64,5,73,1,bound_dynamic,208.332767
2,65536,false,covar_i64,5,73,2,bound_static,204.318493
2,65536,false,covar_i64,5,73,3,before,210.330479
2,65536,false,covar_i64,5,73,4,after,202.389274
2,65536,false,covar_i64,5,73,5,enum_dynamic,206.982877
2,65536,false,covar_i64,6,73,0,bound_dynamic,201.393274
2,65536,false,covar_i64,6,73,1,bound_static,200.917808
2,65536,false,covar_i64,6,73,2,before,207.131849
2,65536,false,covar_i64,6,73,3,after,200.631274
2,65536,false,covar_i64,6,73,4,enum_dynamic,208.464616
2,65536,false,covar_i64,6,73,5,enum_static,208.163247
2,65536,false,covar_i64,7,73,0,bound_static,201.847027
2,65536,false,covar_i64,7,73,1,before,207.597603
2,65536,false,covar_i64,7,73,2,after,200.906397
2,65536,false,covar_i64,7,73,3,enum_dynamic,207.487438
2,65536,false,covar_i64,7,73,4,enum_static,206.996000
2,65536,false,covar_i64,7,73,5,bound_dynamic,201.276822
2,65536,false,covar_i64,8,73,0,before,207.008562
2,65536,false,covar_i64,8,73,1,after,202.123288
2,65536,false,covar_i64,8,73,2,enum_dynamic,207.401260
2,65536,false,covar_i64,8,73,3,enum_static,218.237438
2,65536,false,covar_i64,8,73,4,bound_dynamic,212.329904
2,65536,false,covar_i64,8,73,5,bound_static,206.969178
2,65536,false,covar_i64,9,73,0,after,200.631274
2,65536,false,covar_i64,9,73,1,enum_dynamic,207.215178
2,65536,false,covar_i64,9,73,2,enum_static,207.865863
2,65536,false,covar_i64,9,73,3,bound_dynamic,200.952630
2,65536,false,covar_i64,9,73,4,bound_static,201.692918
2,65536,false,covar_i64,9,73,5,before,207.113014
2,65536,false,covar_i64,10,73,0,enum_dynamic,209.186644
2,65536,false,covar_i64,10,73,1,enum_static,207.254000
2,65536,false,covar_i64,10,73,2,bound_dynamic,201.327055
2,65536,false,covar_i64,10,73,3,bound_static,201.002288
2,65536,false,covar_i64,10,73,4,before,206.838479
2,65536,false,covar_i64,10,73,5,after,201.057644
2,65536,false,covar_i64,11,73,0,enum_static,206.922945
2,65536,false,covar_i64,11,73,1,bound_dynamic,202.240301
2,65536,false,covar_i64,11,73,2,bound_static,200.841329
2,65536,false,covar_i64,11,73,3,before,207.208342
2,65536,false,covar_i64,11,73,4,after,200.533110
2,65536,false,covar_i64,11,73,5,enum_dynamic,207.270548
2,65536,true,mixed_7,0,8,0,bound_dynamic,4156.604250
2,65536,true,mixed_7,0,8,1,bound_static,4108.354125
2,65536,true,mixed_7,0,8,2,before,4136.729250
2,65536,true,mixed_7,0,8,3,after,4103.046875
2,65536,true,mixed_7,0,8,4,enum_dynamic,4154.937500
2,65536,true,mixed_7,0,8,5,enum_static,4123.515625
2,65536,true,mixed_7,1,8,0,bound_static,4051.276125
2,65536,true,mixed_7,1,8,1,before,4137.588500
2,65536,true,mixed_7,1,8,2,after,4096.677125
2,65536,true,mixed_7,1,8,3,enum_dynamic,4136.583375
2,65536,true,mixed_7,1,8,4,enum_static,4105.635375
2,65536,true,mixed_7,1,8,5,bound_dynamic,4156.588500
2,65536,true,mixed_7,2,8,0,before,4135.192750
2,65536,true,mixed_7,2,8,1,after,4167.682250
2,65536,true,mixed_7,2,8,2,enum_dynamic,4143.687500
2,65536,true,mixed_7,2,8,3,enum_static,4116.250000
2,65536,true,mixed_7,2,8,4,bound_dynamic,4151.041625
2,65536,true,mixed_7,2,8,5,bound_static,4094.052125
2,65536,true,mixed_7,3,8,0,after,4096.328125
2,65536,true,mixed_7,3,8,1,enum_dynamic,4148.041625
2,65536,true,mixed_7,3,8,2,enum_static,4115.385375
2,65536,true,mixed_7,3,8,3,bound_dynamic,4156.380250
2,65536,true,mixed_7,3,8,4,bound_static,4100.349000
2,65536,true,mixed_7,3,8,5,before,4147.046875
2,65536,true,mixed_7,4,8,0,enum_dynamic,4142.375000
2,65536,true,mixed_7,4,8,1,enum_static,4118.224000
2,65536,true,mixed_7,4,8,2,bound_dynamic,4250.625000
2,65536,true,mixed_7,4,8,3,bound_static,4042.968750
2,65536,true,mixed_7,4,8,4,before,4140.026000
2,65536,true,mixed_7,4,8,5,after,4100.796875
2,65536,true,mixed_7,5,8,0,enum_static,4068.203125
2,65536,true,mixed_7,5,8,1,bound_dynamic,4160.062500
2,65536,true,mixed_7,5,8,2,bound_static,4094.526000
2,65536,true,mixed_7,5,8,3,before,4146.005250
2,65536,true,mixed_7,5,8,4,after,4194.958250
2,65536,true,mixed_7,5,8,5,enum_dynamic,4141.156250
2,65536,true,mixed_7,6,8,0,bound_dynamic,4148.984375
2,65536,true,mixed_7,6,8,1,bound_static,4225.276125
2,65536,true,mixed_7,6,8,2,before,4136.489625
2,65536,true,mixed_7,6,8,3,after,4099.000000
2,65536,true,mixed_7,6,8,4,enum_dynamic,4142.151000
2,65536,true,mixed_7,6,8,5,enum_static,4114.765625
2,65536,true,mixed_7,7,8,0,bound_static,4084.890625
2,65536,true,mixed_7,7,8,1,before,4164.218750
2,65536,true,mixed_7,7,8,2,after,4132.911500
2,65536,true,mixed_7,7,8,3,enum_dynamic,4143.770875
2,65536,true,mixed_7,7,8,4,enum_static,4102.869875
2,65536,true,mixed_7,7,8,5,bound_dynamic,4156.489500
2,65536,true,mixed_7,8,8,0,before,4147.500000
2,65536,true,mixed_7,8,8,1,after,4207.229125
2,65536,true,mixed_7,8,8,2,enum_dynamic,4141.406250
2,65536,true,mixed_7,8,8,3,enum_static,4116.890625
2,65536,true,mixed_7,8,8,4,bound_dynamic,4161.599000
2,65536,true,mixed_7,8,8,5,bound_static,4100.781250
2,65536,true,mixed_7,9,8,0,after,4100.750000
2,65536,true,mixed_7,9,8,1,enum_dynamic,4154.541750
2,65536,true,mixed_7,9,8,2,enum_static,4139.578125
2,65536,true,mixed_7,9,8,3,bound_dynamic,4118.260500
2,65536,true,mixed_7,9,8,4,bound_static,4078.479250
2,65536,true,mixed_7,9,8,5,before,4148.838500
2,65536,true,mixed_7,10,8,0,enum_dynamic,4133.833375
2,65536,true,mixed_7,10,8,1,enum_static,4112.046875
2,65536,true,mixed_7,10,8,2,bound_dynamic,4133.375000
2,65536,true,mixed_7,10,8,3,bound_static,4085.838500
2,65536,true,mixed_7,10,8,4,before,4136.796875
2,65536,true,mixed_7,10,8,5,after,4102.625000
2,65536,true,mixed_7,11,8,0,enum_static,4130.885375
2,65536,true,mixed_7,11,8,1,bound_dynamic,4132.369750
2,65536,true,mixed_7,11,8,2,bound_static,4092.937500
2,65536,true,mixed_7,11,8,3,before,4139.682250
2,65536,true,mixed_7,11,8,4,after,4090.276125
2,65536,true,mixed_7,11,8,5,enum_dynamic,4142.151125
2,128,true,sum_u64,0,38400,0,bound_dynamic,0.394798
2,128,true,sum_u64,0,38400,1,bound_static,0.392559
2,128,true,sum_u64,0,38400,2,before,0.388421
2,128,true,sum_u64,0,38400,3,after,0.385500
2,128,true,sum_u64,0,38400,4,enum_dynamic,0.408917
2,128,true,sum_u64,0,38400,5,enum_static,0.386460
2,128,true,sum_u64,1,38400,0,bound_static,0.393288
2,128,true,sum_u64,1,38400,1,before,0.389294
2,128,true,sum_u64,1,38400,2,after,0.386021
2,128,true,sum_u64,1,38400,3,enum_dynamic,0.407357
2,128,true,sum_u64,1,38400,4,enum_static,0.396667
2,128,true,sum_u64,1,38400,5,bound_dynamic,0.394351
2,128,true,sum_u64,2,38400,0,before,0.387070
2,128,true,sum_u64,2,38400,1,after,0.386618
2,128,true,sum_u64,2,38400,2,enum_dynamic,0.408213
2,128,true,sum_u64,2,38400,3,enum_static,0.397161
2,128,true,sum_u64,2,38400,4,bound_dynamic,0.395597
2,128,true,sum_u64,2,38400,5,bound_static,0.387610
2,128,true,sum_u64,3,38400,0,after,0.387443
2,128,true,sum_u64,3,38400,1,enum_dynamic,0.409070
2,128,true,sum_u64,3,38400,2,enum_static,0.390472
2,128,true,sum_u64,3,38400,3,bound_dynamic,0.395795
2,128,true,sum_u64,3,38400,4,bound_static,0.398199
2,128,true,sum_u64,3,38400,5,before,0.390329
2,128,true,sum_u64,4,38400,0,enum_dynamic,0.414409
2,128,true,sum_u64,4,38400,1,enum_static,0.395077
2,128,true,sum_u64,4,38400,2,bound_dynamic,0.397491
2,128,true,sum_u64,4,38400,3,bound_static,0.391603
2,128,true,sum_u64,4,38400,4,before,0.391904
2,128,true,sum_u64,4,38400,5,after,0.384592
2,128,true,sum_u64,5,38400,0,enum_static,0.391627
2,128,true,sum_u64,5,38400,1,bound_dynamic,0.398904
2,128,true,sum_u64,5,38400,2,bound_static,0.394125
2,128,true,sum_u64,5,38400,3,before,0.384723
2,128,true,sum_u64,5,38400,4,after,0.381347
2,128,true,sum_u64,5,38400,5,enum_dynamic,0.406564
2,128,true,sum_u64,6,38400,0,bound_dynamic,0.399374
2,128,true,sum_u64,6,38400,1,bound_static,0.384898
2,128,true,sum_u64,6,38400,2,before,0.391506
2,128,true,sum_u64,6,38400,3,after,0.385188
2,128,true,sum_u64,6,38400,4,enum_dynamic,0.406490
2,128,true,sum_u64,6,38400,5,enum_static,0.391434
2,128,true,sum_u64,7,38400,0,bound_static,0.390929
2,128,true,sum_u64,7,38400,1,before,0.393105
2,128,true,sum_u64,7,38400,2,after,0.385660
2,128,true,sum_u64,7,38400,3,enum_dynamic,0.406047
2,128,true,sum_u64,7,38400,4,enum_static,0.390080
2,128,true,sum_u64,7,38400,5,bound_dynamic,0.394430
2,128,true,sum_u64,8,38400,0,before,0.389166
2,128,true,sum_u64,8,38400,1,after,0.386019
2,128,true,sum_u64,8,38400,2,enum_dynamic,0.407298
2,128,true,sum_u64,8,38400,3,enum_static,0.396199
2,128,true,sum_u64,8,38400,4,bound_dynamic,0.393696
2,128,true,sum_u64,8,38400,5,bound_static,0.397956
2,128,true,sum_u64,9,38400,0,after,0.384804
2,128,true,sum_u64,9,38400,1,enum_dynamic,0.410551
2,128,true,sum_u64,9,38400,2,enum_static,0.394242
2,128,true,sum_u64,9,38400,3,bound_dynamic,0.394710
2,128,true,sum_u64,9,38400,4,bound_static,0.392180
2,128,true,sum_u64,9,38400,5,before,0.388264
2,128,true,sum_u64,10,38400,0,enum_dynamic,0.407390
2,128,true,sum_u64,10,38400,1,enum_static,0.391970
2,128,true,sum_u64,10,38400,2,bound_dynamic,0.393843
2,128,true,sum_u64,10,38400,3,bound_static,0.386880
2,128,true,sum_u64,10,38400,4,before,0.388153
2,128,true,sum_u64,10,38400,5,after,0.385463
2,128,true,sum_u64,11,38400,0,enum_static,0.393009
2,128,true,sum_u64,11,38400,1,bound_dynamic,0.396778
2,128,true,sum_u64,11,38400,2,bound_static,0.387061
2,128,true,sum_u64,11,38400,3,before,0.387574
2,128,true,sum_u64,11,38400,4,after,0.389392
2,128,true,sum_u64,11,38400,5,enum_dynamic,0.404321
2,128,false,count_star,0,50000,0,bound_dynamic,0.069185
2,128,false,count_star,0,50000,1,bound_static,0.069186
2,128,false,count_star,0,50000,2,before,0.070987
2,128,false,count_star,0,50000,3,after,0.069792
2,128,false,count_star,0,50000,4,enum_dynamic,0.071254
2,128,false,count_star,0,50000,5,enum_static,0.071023
2,128,false,count_star,1,50000,0,bound_static,0.069132
2,128,false,count_star,1,50000,1,before,0.072116
2,128,false,count_star,1,50000,2,after,0.069390
2,128,false,count_star,1,50000,3,enum_dynamic,0.070976
2,128,false,count_star,1,50000,4,enum_static,0.071013
2,128,false,count_star,1,50000,5,bound_dynamic,0.069210
2,128,false,count_star,2,50000,0,before,0.071052
2,128,false,count_star,2,50000,1,after,0.069650
2,128,false,count_star,2,50000,2,enum_dynamic,0.071228
2,128,false,count_star,2,50000,3,enum_static,0.071182
2,128,false,count_star,2,50000,4,bound_dynamic,0.069336
2,128,false,count_star,2,50000,5,bound_static,0.069192
2,128,false,count_star,3,50000,0,after,0.069341
2,128,false,count_star,3,50000,1,enum_dynamic,0.071657
2,128,false,count_star,3,50000,2,enum_static,0.071014
2,128,false,count_star,3,50000,3,bound_dynamic,0.069174
2,128,false,count_star,3,50000,4,bound_static,0.069339
2,128,false,count_star,3,50000,5,before,0.071083
2,128,false,count_star,4,50000,0,enum_dynamic,0.070913
2,128,false,count_star,4,50000,1,enum_static,0.076137
2,128,false,count_star,4,50000,2,bound_dynamic,0.072039
2,128,false,count_star,4,50000,3,bound_static,0.070800
2,128,false,count_star,4,50000,4,before,0.071056
2,128,false,count_star,4,50000,5,after,0.069160
2,128,false,count_star,5,50000,0,enum_static,0.071127
2,128,false,count_star,5,50000,1,bound_dynamic,0.069386
2,128,false,count_star,5,50000,2,bound_static,0.070777
2,128,false,count_star,5,50000,3,before,0.070200
2,128,false,count_star,5,50000,4,after,0.068993
2,128,false,count_star,5,50000,5,enum_dynamic,0.070092
2,128,false,count_star,6,50000,0,bound_dynamic,0.069266
2,128,false,count_star,6,50000,1,bound_static,0.069248
2,128,false,count_star,6,50000,2,before,0.070855
2,128,false,count_star,6,50000,3,after,0.069116
2,128,false,count_star,6,50000,4,enum_dynamic,0.070888
2,128,false,count_star,6,50000,5,enum_static,0.071508
2,128,false,count_star,7,50000,0,bound_static,0.069408
2,128,false,count_star,7,50000,1,before,0.070948
2,128,false,count_star,7,50000,2,after,0.069087
2,128,false,count_star,7,50000,3,enum_dynamic,0.071118
2,128,false,count_star,7,50000,4,enum_static,0.071105
2,128,false,count_star,7,50000,5,bound_dynamic,0.069133
2,128,false,count_star,8,50000,0,before,0.070947
2,128,false,count_star,8,50000,1,after,0.069196
2,128,false,count_star,8,50000,2,enum_dynamic,0.071311
2,128,false,count_star,8,50000,3,enum_static,0.071743
2,128,false,count_star,8,50000,4,bound_dynamic,0.069329
2,128,false,count_star,8,50000,5,bound_static,0.069132
2,128,false,count_star,9,50000,0,after,0.069176
2,128,false,count_star,9,50000,1,enum_dynamic,0.070929
2,128,false,count_star,9,50000,2,enum_static,0.071852
2,128,false,count_star,9,50000,3,bound_dynamic,0.068798
2,128,false,count_star,9,50000,4,bound_static,0.067906
2,128,false,count_star,9,50000,5,before,0.069608
2,128,false,count_star,10,50000,0,enum_dynamic,0.070297
2,128,false,count_star,10,50000,1,enum_static,0.069630
2,128,false,count_star,10,50000,2,bound_dynamic,0.067983
2,128,false,count_star,10,50000,3,bound_static,0.068190
2,128,false,count_star,10,50000,4,before,0.071074
2,128,false,count_star,10,50000,5,after,0.069111
2,128,false,count_star,11,50000,0,enum_static,0.071124
2,128,false,count_star,11,50000,1,bound_dynamic,0.069135
2,128,false,count_star,11,50000,2,bound_static,0.069455
2,128,false,count_star,11,50000,3,before,0.070868
2,128,false,count_star,11,50000,4,after,0.069092
2,128,false,count_star,11,50000,5,enum_dynamic,0.070791
2,8192,true,count_i64,0,2429,0,bound_dynamic,6.503139
2,8192,true,count_i64,0,2429,1,bound_static,6.676684
2,8192,true,count_i64,0,2429,2,before,6.346422
2,8192,true,count_i64,0,2429,3,after,6.507548
2,8192,true,count_i64,0,2429,4,enum_dynamic,6.366183
2,8192,true,count_i64,0,2429,5,enum_static,6.156632
2,8192,true,count_i64,1,2429,0,bound_static,6.673580
2,8192,true,count_i64,1,2429,1,before,6.361071
2,8192,true,count_i64,1,2429,2,after,6.500618
2,8192,true,count_i64,1,2429,3,enum_dynamic,6.370008
2,8192,true,count_i64,1,2429,4,enum_static,6.153441
2,8192,true,count_i64,1,2429,5,bound_dynamic,6.502282
2,8192,true,count_i64,2,2429,0,before,6.357486
2,8192,true,count_i64,2,2429,1,after,6.496415
2,8192,true,count_i64,2,2429,2,enum_dynamic,6.372599
2,8192,true,count_i64,2,2429,3,enum_static,6.178811
2,8192,true,count_i64,2,2429,4,bound_dynamic,6.498164
2,8192,true,count_i64,2,2429,5,bound_static,6.680081
2,8192,true,count_i64,3,2429,0,after,6.491063
2,8192,true,count_i64,3,2429,1,enum_dynamic,6.412138
2,8192,true,count_i64,3,2429,2,enum_static,6.162996
2,8192,true,count_i64,3,2429,3,bound_dynamic,6.494631
2,8192,true,count_i64,3,2429,4,bound_static,6.684181
2,8192,true,count_i64,3,2429,5,before,6.352837
2,8192,true,count_i64,4,2429,0,enum_dynamic,6.356937
2,8192,true,count_i64,4,2429,1,enum_static,6.141005
2,8192,true,count_i64,4,2429,2,bound_dynamic,6.375497
2,8192,true,count_i64,4,2429,3,bound_static,6.574979
2,8192,true,count_i64,4,2429,4,before,6.287636
2,8192,true,count_i64,4,2429,5,after,6.509795
2,8192,true,count_i64,5,2429,0,enum_static,6.120042
2,8192,true,count_i64,5,2429,1,bound_dynamic,6.390833
2,8192,true,count_i64,5,2429,2,bound_static,6.560914
2,8192,true,count_i64,5,2429,3,before,6.332578
2,8192,true,count_i64,5,2429,4,after,6.499022
2,8192,true,count_i64,5,2429,5,enum_dynamic,6.381518
2,8192,true,count_i64,6,2429,0,bound_dynamic,6.509829
2,8192,true,count_i64,6,2429,1,bound_static,6.683855
2,8192,true,count_i64,6,2429,2,before,6.383663
2,8192,true,count_i64,6,2429,3,after,6.382084
2,8192,true,count_i64,6,2429,4,enum_dynamic,6.331361
2,8192,true,count_i64,6,2429,5,enum_static,6.161795
2,8192,true,count_i64,7,2429,0,bound_static,6.692054
2,8192,true,count_i64,7,2429,1,before,6.261956
2,8192,true,count_i64,7,2429,2,after,6.527755
2,8192,true,count_i64,7,2429,3,enum_dynamic,6.379615
2,8192,true,count_i64,7,2429,4,enum_static,6.185810
2,8192,true,count_i64,7,2429,5,bound_dynamic,6.402789
2,8192,true,count_i64,8,2429,0,before,6.247496
2,8192,true,count_i64,8,2429,1,after,6.407266
2,8192,true,count_i64,8,2429,2,enum_dynamic,6.337021
2,8192,true,count_i64,8,2429,3,enum_static,6.169463
2,8192,true,count_i64,8,2429,4,bound_dynamic,6.504769
2,8192,true,count_i64,8,2429,5,bound_static,6.691025
2,8192,true,count_i64,9,2429,0,after,6.514289
2,8192,true,count_i64,9,2429,1,enum_dynamic,6.365531
2,8192,true,count_i64,9,2429,2,enum_static,6.159445
2,8192,true,count_i64,9,2429,3,bound_dynamic,6.519315
2,8192,true,count_i64,9,2429,4,bound_static,6.670629
2,8192,true,count_i64,9,2429,5,before,6.367675
2,8192,true,count_i64,10,2429,0,enum_dynamic,6.312937
2,8192,true,count_i64,10,2429,1,enum_static,6.044171
2,8192,true,count_i64,10,2429,2,bound_dynamic,6.379786
2,8192,true,count_i64,10,2429,3,bound_static,6.557483
2,8192,true,count_i64,10,2429,4,before,6.270139
2,8192,true,count_i64,10,2429,5,after,6.520808
2,8192,true,count_i64,11,2429,0,enum_static,6.167850
2,8192,true,count_i64,11,2429,1,bound_dynamic,6.504168
2,8192,true,count_i64,11,2429,2,bound_static,6.600727
2,8192,true,count_i64,11,2429,3,before,6.320948
2,8192,true,count_i64,11,2429,4,after,6.502727
2,8192,true,count_i64,11,2429,5,enum_dynamic,6.354690
2,128,false,sum_f64,0,50000,0,bound_dynamic,0.218057
2,128,false,sum_f64,0,50000,1,bound_static,0.217418
2,128,false,sum_f64,0,50000,2,before,0.228207
2,128,false,sum_f64,0,50000,3,after,0.216127
2,128,false,sum_f64,0,50000,4,enum_dynamic,0.229901
2,128,false,sum_f64,0,50000,5,enum_static,0.219974
2,128,false,sum_f64,1,50000,0,bound_static,0.218940
2,128,false,sum_f64,1,50000,1,before,0.220253
2,128,false,sum_f64,1,50000,2,after,0.216526
2,128,false,sum_f64,1,50000,3,enum_dynamic,0.229785
2,128,false,sum_f64,1,50000,4,enum_static,0.220073
2,128,false,sum_f64,1,50000,5,bound_dynamic,0.216752
2,128,false,sum_f64,2,50000,0,before,0.220069
2,128,false,sum_f64,2,50000,1,after,0.216834
2,128,false,sum_f64,2,50000,2,enum_dynamic,0.229352
2,128,false,sum_f64,2,50000,3,enum_static,0.220554
2,128,false,sum_f64,2,50000,4,bound_dynamic,0.215978
2,128,false,sum_f64,2,50000,5,bound_static,0.217397
2,128,false,sum_f64,3,50000,0,after,0.217496
2,128,false,sum_f64,3,50000,1,enum_dynamic,0.230533
2,128,false,sum_f64,3,50000,2,enum_static,0.220553
2,128,false,sum_f64,3,50000,3,bound_dynamic,0.215704
2,128,false,sum_f64,3,50000,4,bound_static,0.215935
2,128,false,sum_f64,3,50000,5,before,0.219237
2,128,false,sum_f64,4,50000,0,enum_dynamic,0.229703
2,128,false,sum_f64,4,50000,1,enum_static,0.220680
2,128,false,sum_f64,4,50000,2,bound_dynamic,0.216677
2,128,false,sum_f64,4,50000,3,bound_static,0.217209
2,128,false,sum_f64,4,50000,4,before,0.219273
2,128,false,sum_f64,4,50000,5,after,0.216556
2,128,false,sum_f64,5,50000,0,enum_static,0.220628
2,128,false,sum_f64,5,50000,1,bound_dynamic,0.215818
2,128,false,sum_f64,5,50000,2,bound_static,0.216115
2,128,false,sum_f64,5,50000,3,before,0.219100
2,128,false,sum_f64,5,50000,4,after,0.216724
2,128,false,sum_f64,5,50000,5,enum_dynamic,0.229757
2,128,false,sum_f64,6,50000,0,bound_dynamic,0.217612
2,128,false,sum_f64,6,50000,1,bound_static,0.217132
2,128,false,sum_f64,6,50000,2,before,0.219634
2,128,false,sum_f64,6,50000,3,after,0.213054
2,128,false,sum_f64,6,50000,4,enum_dynamic,0.229394
2,128,false,sum_f64,6,50000,5,enum_static,0.220133
2,128,false,sum_f64,7,50000,0,bound_static,0.216489
2,128,false,sum_f64,7,50000,1,before,0.219377
2,128,false,sum_f64,7,50000,2,after,0.217078
2,128,false,sum_f64,7,50000,3,enum_dynamic,0.230015
2,128,false,sum_f64,7,50000,4,enum_static,0.220053
2,128,false,sum_f64,7,50000,5,bound_dynamic,0.216924
2,128,false,sum_f64,8,50000,0,before,0.220043
2,128,false,sum_f64,8,50000,1,after,0.216784
2,128,false,sum_f64,8,50000,2,enum_dynamic,0.241651
2,128,false,sum_f64,8,50000,3,enum_static,0.217628
2,128,false,sum_f64,8,50000,4,bound_dynamic,0.216838
2,128,false,sum_f64,8,50000,5,bound_static,0.217462
2,128,false,sum_f64,9,50000,0,after,0.219589
2,128,false,sum_f64,9,50000,1,enum_dynamic,0.229970
2,128,false,sum_f64,9,50000,2,enum_static,0.220477
2,128,false,sum_f64,9,50000,3,bound_dynamic,0.217311
2,128,false,sum_f64,9,50000,4,bound_static,0.216979
2,128,false,sum_f64,9,50000,5,before,0.220183
2,128,false,sum_f64,10,50000,0,enum_dynamic,0.229898
2,128,false,sum_f64,10,50000,1,enum_static,0.219741
2,128,false,sum_f64,10,50000,2,bound_dynamic,0.215978
2,128,false,sum_f64,10,50000,3,bound_static,0.216633
2,128,false,sum_f64,10,50000,4,before,0.219927
2,128,false,sum_f64,10,50000,5,after,0.216572
2,128,false,sum_f64,11,50000,0,enum_static,0.221032
2,128,false,sum_f64,11,50000,1,bound_dynamic,0.216886
2,128,false,sum_f64,11,50000,2,bound_static,0.217342
2,128,false,sum_f64,11,50000,3,before,0.219942
2,128,false,sum_f64,11,50000,4,after,0.217326
2,128,false,sum_f64,11,50000,5,enum_dynamic,0.229683
2,8192,false,avg_i64,0,1070,0,bound_dynamic,14.078893
2,8192,false,avg_i64,0,1070,1,bound_static,14.068224
2,8192,false,avg_i64,0,1070,2,before,16.374728
2,8192,false,avg_i64,0,1070,3,after,14.052453
2,8192,false,avg_i64,0,1070,4,enum_dynamic,16.425079
2,8192,false,avg_i64,0,1070,5,enum_static,16.382865
2,8192,false,avg_i64,1,1070,0,bound_static,14.117796
2,8192,false,avg_i64,1,1070,1,before,16.351986
2,8192,false,avg_i64,1,1070,2,after,14.091317
2,8192,false,avg_i64,1,1070,3,enum_dynamic,16.413551
2,8192,false,avg_i64,1,1070,4,enum_static,16.402648
2,8192,false,avg_i64,1,1070,5,bound_dynamic,14.043030
2,8192,false,avg_i64,2,1070,0,before,16.491550
2,8192,false,avg_i64,2,1070,1,after,14.144938
2,8192,false,avg_i64,2,1070,2,enum_dynamic,16.361293
2,8192,false,avg_i64,2,1070,3,enum_static,16.416316
2,8192,false,avg_i64,2,1070,4,bound_dynamic,14.202220
2,8192,false,avg_i64,2,1070,5,bound_static,14.214720
2,8192,false,avg_i64,3,1070,0,after,14.127453
2,8192,false,avg_i64,3,1070,1,enum_dynamic,16.433021
2,8192,false,avg_i64,3,1070,2,enum_static,16.407243
2,8192,false,avg_i64,3,1070,3,bound_dynamic,14.123521
2,8192,false,avg_i64,3,1070,4,bound_static,14.108411
2,8192,false,avg_i64,3,1070,5,before,16.806931
2,8192,false,avg_i64,4,1070,0,enum_dynamic,16.533021
2,8192,false,avg_i64,4,1070,1,enum_static,16.414136
2,8192,false,avg_i64,4,1070,2,bound_dynamic,14.057009
2,8192,false,avg_i64,4,1070,3,bound_static,14.076012
2,8192,false,avg_i64,4,1070,4,before,16.787929
2,8192,false,avg_i64,4,1070,5,after,14.051636
2,8192,false,avg_i64,5,1070,0,enum_static,16.423481
2,8192,false,avg_i64,5,1070,1,bound_dynamic,14.106659
2,8192,false,avg_i64,5,1070,2,bound_static,14.093808
2,8192,false,avg_i64,5,1070,3,before,16.383138
2,8192,false,avg_i64,5,1070,4,after,14.112538
2,8192,false,avg_i64,5,1070,5,enum_dynamic,16.397547
2,8192,false,avg_i64,6,1070,0,bound_dynamic,14.075974
2,8192,false,avg_i64,6,1070,1,bound_static,14.111060
2,8192,false,avg_i64,6,1070,2,before,16.371768
2,8192,false,avg_i64,6,1070,3,after,14.048404
2,8192,false,avg_i64,6,1070,4,enum_dynamic,16.408100
2,8192,false,avg_i64,6,1070,5,enum_static,16.419042
2,8192,false,avg_i64,7,1070,0,bound_static,14.086332
2,8192,false,avg_i64,7,1070,1,before,16.361878
2,8192,false,avg_i64,7,1070,2,after,14.097275
2,8192,false,avg_i64,7,1070,3,enum_dynamic,16.415926
2,8192,false,avg_i64,7,1070,4,enum_static,16.428349
2,8192,false,avg_i64,7,1070,5,bound_dynamic,14.067913
2,8192,false,avg_i64,8,1070,0,before,16.536799
2,8192,false,avg_i64,8,1070,1,after,14.041666
2,8192,false,avg_i64,8,1070,2,enum_dynamic,16.448286
2,8192,false,avg_i64,8,1070,3,enum_static,16.429984
2,8192,false,avg_i64,8,1070,4,bound_dynamic,14.131542
2,8192,false,avg_i64,8,1070,5,bound_static,14.140265
2,8192,false,avg_i64,9,1070,0,after,14.139680
2,8192,false,avg_i64,9,1070,1,enum_dynamic,16.502103
2,8192,false,avg_i64,9,1070,2,enum_static,16.411605
2,8192,false,avg_i64,9,1070,3,bound_dynamic,14.116666
2,8192,false,avg_i64,9,1070,4,bound_static,14.136410
2,8192,false,avg_i64,9,1070,5,before,16.809619
2,8192,false,avg_i64,10,1070,0,enum_dynamic,16.449766
2,8192,false,avg_i64,10,1070,1,enum_static,16.414486
2,8192,false,avg_i64,10,1070,2,bound_dynamic,14.038396
2,8192,false,avg_i64,10,1070,3,bound_static,14.081776
2,8192,false,avg_i64,10,1070,4,before,16.795133
2,8192,false,avg_i64,10,1070,5,after,14.082516
2,8192,false,avg_i64,11,1070,0,enum_static,16.370483
2,8192,false,avg_i64,11,1070,1,bound_dynamic,14.068536
2,8192,false,avg_i64,11,1070,2,bound_static,14.109892
2,8192,false,avg_i64,11,1070,3,before,16.380413
2,8192,false,avg_i64,11,1070,4,after,14.037811
2,8192,false,avg_i64,11,1070,5,enum_dynamic,16.414407
2,8192,false,min_i64,0,353,0,bound_dynamic,48.445348
2,8192,false,min_i64,0,353,1,bound_static,42.541193
2,8192,false,min_i64,0,353,2,before,45.173159
2,8192,false,min_i64,0,353,3,after,42.685198
2,8192,false,min_i64,0,353,4,enum_dynamic,45.584986
2,8192,false,min_i64,0,353,5,enum_static,44.778802
2,8192,false,min_i64,1,353,0,bound_static,42.961875
2,8192,false,min_i64,1,353,1,before,45.569524
2,8192,false,min_i64,1,353,2,after,42.955382
2,8192,false,min_i64,1,353,3,enum_dynamic,45.465887
2,8192,false,min_i64,1,353,4,enum_static,41.636331
2,8192,false,min_i64,1,353,5,bound_dynamic,47.828142
2,8192,false,min_i64,2,353,0,before,45.939448
2,8192,false,min_i64,2,353,1,after,43.065272
2,8192,false,min_i64,2,353,2,enum_dynamic,45.385977
2,8192,false,min_i64,2,353,3,enum_static,43.457977
2,8192,false,min_i64,2,353,4,bound_dynamic,47.882082
2,8192,false,min_i64,2,353,5,bound_static,42.903567
2,8192,false,min_i64,3,353,0,after,43.076606
2,8192,false,min_i64,3,353,1,enum_dynamic,45.533994
2,8192,false,min_i64,3,353,2,enum_static,41.683898
2,8192,false,min_i64,3,353,3,bound_dynamic,47.971079
2,8192,false,min_i64,3,353,4,bound_static,42.978283
2,8192,false,min_i64,3,353,5,before,45.405453
2,8192,false,min_i64,4,353,0,enum_dynamic,45.483711
2,8192,false,min_i64,4,353,1,enum_static,41.636331
2,8192,false,min_i64,4,353,2,bound_dynamic,47.938975
2,8192,false,min_i64,4,353,3,bound_static,42.946295
2,8192,false,min_i64,4,353,4,before,45.557958
2,8192,false,min_i64,4,353,5,after,42.953731
2,8192,false,min_i64,5,353,0,enum_static,40.642351
2,8192,false,min_i64,5,353,1,bound_dynamic,48.022193
2,8192,false,min_i64,5,353,2,bound_static,43.139045
2,8192,false,min_i64,5,353,3,before,45.517351
2,8192,false,min_i64,5,353,4,after,43.086992
2,8192,false,min_i64,5,353,5,enum_dynamic,45.467895
2,8192,false,min_i64,6,353,0,bound_dynamic,47.961637
2,8192,false,min_i64,6,353,1,bound_static,42.890227
2,8192,false,min_i64,6,353,2,before,45.315391
2,8192,false,min_i64,6,353,3,after,42.546034
2,8192,false,min_i64,6,353,4,enum_dynamic,45.159822
2,8192,false,min_i64,6,353,5,enum_static,44.969547
2,8192,false,min_i64,7,353,0,bound_static,43.130312
2,8192,false,min_i64,7,353,1,before,45.908756
2,8192,false,min_i64,7,353,2,after,42.784584
2,8192,false,min_i64,7,353,3,enum_dynamic,45.123819
2,8192,false,min_i64,7,353,4,enum_static,42.150496
2,8192,false,min_i64,7,353,5,bound_dynamic,47.961640
2,8192,false,min_i64,8,353,0,before,45.720136
2,8192,false,min_i64,8,353,1,after,43.228280
2,8192,false,min_i64,8,353,2,enum_dynamic,45.157578
2,8192,false,min_i64,8,353,3,enum_static,43.975329
2,8192,false,min_i64,8,353,4,bound_dynamic,47.543555
2,8192,false,min_i64,8,353,5,bound_static,42.730878
2,8192,false,min_i64,9,353,0,after,43.022309
2,8192,false,min_i64,9,353,1,enum_dynamic,45.509445
2,8192,false,min_i64,9,353,2,enum_static,43.918671
2,8192,false,min_i64,9,353,3,bound_dynamic,47.335224
2,8192,false,min_i64,9,353,4,bound_static,43.012278
2,8192,false,min_i64,9,353,5,before,45.449246
2,8192,false,min_i64,10,353,0,enum_dynamic,45.494218
2,8192,false,min_i64,10,353,1,enum_static,40.879487
2,8192,false,min_i64,10,353,2,bound_dynamic,47.703142
2,8192,false,min_i64,10,353,3,bound_static,42.998110
2,8192,false,min_i64,10,353,4,before,45.536589
2,8192,false,min_i64,10,353,5,after,42.961992
2,8192,false,min_i64,11,353,0,enum_static,43.420091
2,8192,false,min_i64,11,353,1,bound_dynamic,47.205737
2,8192,false,min_i64,11,353,2,bound_static,43.147782
2,8192,false,min_i64,11,353,3,before,45.683663
2,8192,false,min_i64,11,353,4,after,42.991382
2,8192,false,min_i64,11,353,5,enum_dynamic,45.341360
2,65536,false,count_i64,0,483,0,bound_dynamic,30.953157
2,65536,false,count_i64,0,483,1,bound_static,31.113008
2,65536,false,count_i64,0,483,2,before,31.543306
2,65536,false,count_i64,0,483,3,after,31.228348
2,65536,false,count_i64,0,483,4,enum_dynamic,31.875861
2,65536,false,count_i64,0,483,5,enum_static,31.447810
2,65536,false,count_i64,1,483,0,bound_static,31.129745
2,65536,false,count_i64,1,483,1,before,31.569963
2,65536,false,count_i64,1,483,2,after,31.147774
2,65536,false,count_i64,1,483,3,enum_dynamic,31.602571
2,65536,false,count_i64,1,483,4,enum_static,31.633971
2,65536,false,count_i64,1,483,5,bound_dynamic,31.117667
2,65536,false,count_i64,2,483,0,before,31.728348
2,65536,false,count_i64,2,483,1,after,31.209799
2,65536,false,count_i64,2,483,2,enum_dynamic,31.647774
2,65536,false,count_i64,2,483,3,enum_static,31.664855
2,65536,false,count_i64,2,483,4,bound_dynamic,31.104383
2,65536,false,count_i64,2,483,5,bound_static,31.196170
2,65536,false,count_i64,3,483,0,after,31.176760
2,65536,false,count_i64,3,483,1,enum_dynamic,32.885178
2,65536,false,count_i64,3,483,2,enum_static,32.744219
2,65536,false,count_i64,3,483,3,bound_dynamic,31.853348
2,65536,false,count_i64,3,483,4,bound_static,32.791323
2,65536,false,count_i64,3,483,5,before,31.653294
2,65536,false,count_i64,4,483,0,enum_dynamic,31.769841
2,65536,false,count_i64,4,483,1,enum_static,31.242841
2,65536,false,count_i64,4,483,2,bound_dynamic,30.837992
2,65536,false,count_i64,4,483,3,bound_static,31.215234
2,65536,false,count_i64,4,483,4,before,31.591702
2,65536,false,count_i64,4,483,5,after,31.336180
2,65536,false,count_i64,5,483,0,enum_static,31.642424
2,65536,false,count_i64,5,483,1,bound_dynamic,31.175899
2,65536,false,count_i64,5,483,2,bound_static,31.138716
2,65536,false,count_i64,5,483,3,before,31.611369
2,65536,false,count_i64,5,483,4,after,31.243961
2,65536,false,count_i64,5,483,5,enum_dynamic,31.493874
2,65536,false,count_i64,6,483,0,bound_dynamic,31.252242
2,65536,false,count_i64,6,483,1,bound_static,31.135352
2,65536,false,count_i64,6,483,2,before,31.744478
2,65536,false,count_i64,6,483,3,after,31.503364
2,65536,false,count_i64,6,483,4,enum_dynamic,31.643892
2,65536,false,count_i64,6,483,5,enum_static,31.625346
2,65536,false,count_i64,7,483,0,bound_static,31.185213
2,65536,false,count_i64,7,483,1,before,31.609731
2,65536,false,count_i64,7,483,2,after,31.114735
2,65536,false,count_i64,7,483,3,enum_dynamic,31.571687
2,65536,false,count_i64,7,483,4,enum_static,31.637768
2,65536,false,count_i64,7,483,5,bound_dynamic,31.340580
2,65536,false,count_i64,8,483,0,before,31.281056
2,65536,false,count_i64,8,483,1,after,31.255350
2,65536,false,count_i64,8,483,2,enum_dynamic,31.534592
2,65536,false,count_i64,8,483,3,enum_static,31.749913
2,65536,false,count_i64,8,483,4,bound_dynamic,31.158385
2,65536,false,count_i64,8,483,5,bound_static,31.233954
2,65536,false,count_i64,9,483,0,after,31.144238
2,65536,false,count_i64,9,483,1,enum_dynamic,31.585576
2,65536,false,count_i64,9,483,2,enum_static,31.677449
2,65536,false,count_i64,9,483,3,bound_dynamic,30.930468
2,65536,false,count_i64,9,483,4,bound_static,30.740340
2,65536,false,count_i64,9,483,5,before,31.492495
2,65536,false,count_i64,10,483,0,enum_dynamic,31.635267
2,65536,false,count_i64,10,483,1,enum_static,31.758540
2,65536,false,count_i64,10,483,2,bound_dynamic,31.218255
2,65536,false,count_i64,10,483,3,bound_static,31.153209
2,65536,false,count_i64,10,483,4,before,31.611369
2,65536,false,count_i64,10,483,5,after,31.105331
2,65536,false,count_i64,11,483,0,enum_static,31.686853
2,65536,false,count_i64,11,483,1,bound_dynamic,31.115079
2,65536,false,count_i64,11,483,2,bound_static,31.129658
2,65536,false,count_i64,11,483,3,before,31.810818
2,65536,false,count_i64,11,483,4,after,31.155280
2,65536,false,count_i64,11,483,5,enum_dynamic,31.640354
2,65536,false,min_i64,0,45,0,bound_dynamic,378.725000
2,65536,false,min_i64,0,45,1,bound_static,339.729622
2,65536,false,min_i64,0,45,2,before,362.460178
2,65536,false,min_i64,0,45,3,after,338.342578
2,65536,false,min_i64,0,45,4,enum_dynamic,353.314822
2,65536,false,min_i64,0,45,5,enum_static,346.113889
2,65536,false,min_i64,1,45,0,bound_static,341.292600
2,65536,false,min_i64,1,45,1,before,360.710178
2,65536,false,min_i64,1,45,2,after,341.134267
2,65536,false,min_i64,1,45,3,enum_dynamic,359.381467
2,65536,false,min_i64,1,45,4,enum_static,355.244444
2,65536,false,min_i64,1,45,5,bound_dynamic,377.645378
2,65536,false,min_i64,2,45,0,before,352.463889
2,65536,false,min_i64,2,45,1,after,336.557422
2,65536,false,min_i64,2,45,2,enum_dynamic,359.950000
2,65536,false,min_i64,2,45,3,enum_static,332.386111
2,65536,false,min_i64,2,45,4,bound_dynamic,374.437978
2,65536,false,min_i64,2,45,5,bound_static,338.866667
2,65536,false,min_i64,3,45,0,after,342.005556
2,65536,false,min_i64,3,45,1,enum_dynamic,360.354644
2,65536,false,min_i64,3,45,2,enum_static,329.238889
2,65536,false,min_i64,3,45,3,bound_dynamic,379.279622
2,65536,false,min_i64,3,45,4,bound_static,338.245356
2,65536,false,min_i64,3,45,5,before,361.884267
2,65536,false,min_i64,4,45,0,enum_dynamic,360.299067
2,65536,false,min_i64,4,45,1,enum_static,341.175911
2,65536,false,min_i64,4,45,2,bound_dynamic,379.125933
2,65536,false,min_i64,4,45,3,bound_static,340.079644
2,65536,false,min_i64,4,45,4,before,363.735200
2,65536,false,min_i64,4,45,5,after,337.676844
2,65536,false,min_i64,5,45,0,enum_static,356.507400
2,65536,false,min_i64,5,45,1,bound_dynamic,380.025933
2,65536,false,min_i64,5,45,2,bound_static,338.384267
2,65536,false,min_i64,5,45,3,before,361.842600
2,65536,false,min_i64,5,45,4,after,342.711111
2,65536,false,min_i64,5,45,5,enum_dynamic,361.725911
2,65536,false,min_i64,6,45,0,bound_dynamic,382.962978
2,65536,false,min_i64,6,45,1,bound_static,337.687956
2,65536,false,min_i64,6,45,2,before,360.364800
2,65536,false,min_i64,6,45,3,after,338.401844
2,65536,false,min_i64,6,45,4,enum_dynamic,360.601867
2,65536,false,min_i64,6,45,5,enum_static,351.183333
2,65536,false,min_i64,7,45,0,bound_static,338.805556
2,65536,false,min_i64,7,45,1,before,358.928711
2,65536,false,min_i64,7,45,2,after,340.011111
2,65536,false,min_i64,7,45,3,enum_dynamic,360.307400
2,65536,false,min_i64,7,45,4,enum_static,341.812956
2,65536,false,min_i64,7,45,5,bound_dynamic,378.368511
2,65536,false,min_i64,8,45,0,before,360.004644
2,65536,false,min_i64,8,45,1,after,340.400933
2,65536,false,min_i64,8,45,2,enum_dynamic,358.344444
2,65536,false,min_i64,8,45,3,enum_static,345.341667
2,65536,false,min_i64,8,45,4,bound_dynamic,383.250911
2,65536,false,min_i64,8,45,5,bound_static,333.863889
2,65536,false,min_i64,9,45,0,after,339.139822
2,65536,false,min_i64,9,45,1,enum_dynamic,364.407400
2,65536,false,min_i64,9,45,2,enum_static,343.956489
2,65536,false,min_i64,9,45,3,bound_dynamic,377.088889
2,65536,false,min_i64,9,45,4,bound_static,340.775000
2,65536,false,min_i64,9,45,5,before,359.577778
2,65536,false,min_i64,10,45,0,enum_dynamic,360.009267
2,65536,false,min_i64,10,45,1,enum_static,334.608333
2,65536,false,min_i64,10,45,2,bound_dynamic,377.200000
2,65536,false,min_i64,10,45,3,bound_static,339.363889
2,65536,false,min_i64,10,45,4,before,361.373133
2,65536,false,min_i64,10,45,5,after,340.043511
2,65536,false,min_i64,11,45,0,enum_static,323.725911
2,65536,false,min_i64,11,45,1,bound_dynamic,370.396311
2,65536,false,min_i64,11,45,2,bound_static,340.831489
2,65536,false,min_i64,11,45,3,before,361.450933
2,65536,false,min_i64,11,45,4,after,343.659267
2,65536,false,min_i64,11,45,5,enum_dynamic,361.469444
2,8192,false,count_star,0,3846,0,bound_dynamic,3.897523
2,8192,false,count_star,0,3846,1,bound_static,3.897350
2,8192,false,count_star,0,3846,2,before,3.902149
2,8192,false,count_star,0,3846,3,after,3.897848
2,8192,false,count_star,0,3846,4,enum_dynamic,3.903450
2,8192,false,count_star,0,3846,5,enum_static,3.920989
2,8192,false,count_star,1,3846,0,bound_static,3.912333
2,8192,false,count_star,1,3846,1,before,3.854709
2,8192,false,count_star,1,3846,2,after,3.901759
2,8192,false,count_star,1,3846,3,enum_dynamic,3.906526
2,8192,false,count_star,1,3846,4,enum_static,3.915453
2,8192,false,count_star,1,3846,5,bound_dynamic,3.924402
2,8192,false,count_star,2,3846,0,before,3.908368
2,8192,false,count_star,2,3846,1,after,3.906245
2,8192,false,count_star,2,3846,2,enum_dynamic,3.906894
2,8192,false,count_star,2,3846,3,enum_static,3.923394
2,8192,false,count_star,2,3846,4,bound_dynamic,3.907100
2,8192,false,count_star,2,3846,5,bound_static,3.898433
2,8192,false,count_star,3,3846,0,after,3.902074
2,8192,false,count_star,3,3846,1,enum_dynamic,3.897469
2,8192,false,count_star,3,3846,2,enum_static,3.918454
2,8192,false,count_star,3,3846,3,bound_dynamic,3.905010
2,8192,false,count_star,3,3846,4,bound_static,3.908076
2,8192,false,count_star,3,3846,5,before,3.897805
2,8192,false,count_star,4,3846,0,enum_dynamic,3.912680
2,8192,false,count_star,4,3846,1,enum_static,3.946037
2,8192,false,count_star,4,3846,2,bound_dynamic,3.905887
2,8192,false,count_star,4,3846,3,bound_static,3.902550
2,8192,false,count_star,4,3846,4,before,3.909245
2,8192,false,count_star,4,3846,5,after,3.907848
2,8192,false,count_star,5,3846,0,enum_static,3.925160
2,8192,false,count_star,5,3846,1,bound_dynamic,3.899257
2,8192,false,count_star,5,3846,2,bound_static,3.897534
2,8192,false,count_star,5,3846,3,before,3.915962
2,8192,false,count_star,5,3846,4,after,3.894869
2,8192,false,count_star,5,3846,5,enum_dynamic,3.855337
2,8192,false,count_star,6,3846,0,bound_dynamic,3.900947
2,8192,false,count_star,6,3846,1,bound_static,3.899127
2,8192,false,count_star,6,3846,2,before,3.908996
2,8192,false,count_star,6,3846,3,after,3.898748
2,8192,false,count_star,6,3846,4,enum_dynamic,3.913438
2,8192,false,count_star,6,3846,5,enum_static,3.901348
2,8192,false,count_star,7,3846,0,bound_static,3.897101
2,8192,false,count_star,7,3846,1,before,3.878434
2,8192,false,count_star,7,3846,2,after,3.827050
2,8192,false,count_star,7,3846,3,enum_dynamic,3.899083
2,8192,false,count_star,7,3846,4,enum_static,3.911596
2,8192,false,count_star,7,3846,5,bound_dynamic,3.844275
2,8192,false,count_star,8,3846,0,before,3.892702
2,8192,false,count_star,8,3846,1,after,3.900254
2,8192,false,count_star,8,3846,2,enum_dynamic,3.899018
2,8192,false,count_star,8,3846,3,enum_static,3.900676
2,8192,false,count_star,8,3846,4,bound_dynamic,3.860602
2,8192,false,count_star,8,3846,5,bound_static,3.827451
2,8192,false,count_star,9,3846,0,after,3.883342
2,8192,false,count_star,9,3846,1,enum_dynamic,3.911109
2,8192,false,count_star,9,3846,2,enum_static,3.915443
2,8192,false,count_star,9,3846,3,bound_dynamic,3.906927
2,8192,false,count_star,9,3846,4,bound_static,3.897957
2,8192,false,count_star,9,3846,5,before,3.910264
2,8192,false,count_star,10,3846,0,enum_dynamic,3.945094
2,8192,false,count_star,10,3846,1,enum_static,3.855391
2,8192,false,count_star,10,3846,2,bound_dynamic,3.913384
2,8192,false,count_star,10,3846,3,bound_static,3.898314
2,8192,false,count_star,10,3846,4,before,3.907350
2,8192,false,count_star,10,3846,5,after,3.908032
2,8192,false,count_star,11,3846,0,enum_static,3.904717
2,8192,false,count_star,11,3846,1,bound_dynamic,3.916168
2,8192,false,count_star,11,3846,2,bound_static,3.899777
2,8192,false,count_star,11,3846,3,before,3.912496
2,8192,false,count_star,11,3846,4,after,3.897924
2,8192,false,count_star,11,3846,5,enum_dynamic,3.912192
2,65536,true,count_star,0,492,0,bound_dynamic,30.696646
2,65536,true,count_star,0,492,1,bound_static,30.553100
2,65536,true,count_star,0,492,2,before,31.597646
2,65536,true,count_star,0,492,3,after,31.177254
2,65536,true,count_star,0,492,4,enum_dynamic,31.642276
2,65536,true,count_star,0,492,5,enum_static,31.517699
2,65536,true,count_star,1,492,0,bound_static,30.834858
2,65536,true,count_star,1,492,1,before,31.612213
2,65536,true,count_star,1,492,2,after,31.135163
2,65536,true,count_star,1,492,3,enum_dynamic,31.586720
2,65536,true,count_star,1,492,4,enum_static,31.588583
2,65536,true,count_star,1,492,5,bound_dynamic,31.218242
2,65536,true,count_star,2,492,0,before,31.565465
2,65536,true,count_star,2,492,1,after,31.193343
2,65536,true,count_star,2,492,2,enum_dynamic,31.499917
2,65536,true,count_star,2,492,3,enum_static,31.644648
2,65536,true,count_star,2,492,4,bound_dynamic,31.137620
2,65536,true,count_star,2,492,5,bound_static,31.186569
2,65536,true,count_star,3,492,0,after,31.175305
2,65536,true,count_star,3,492,1,enum_dynamic,31.717988
2,65536,true,count_star,3,492,2,enum_static,31.608911
2,65536,true,count_star,3,492,3,bound_dynamic,31.098154
2,65536,true,count_star,3,492,4,bound_static,31.591293
2,65536,true,count_star,3,492,5,before,31.466632
2,65536,true,count_star,4,492,0,enum_dynamic,31.703591
2,65536,true,count_star,4,492,1,enum_static,31.647612
2,65536,true,count_star,4,492,2,bound_dynamic,31.176575
2,65536,true,count_star,4,492,3,bound_static,31.153201
2,65536,true,count_star,4,492,4,before,31.545648
2,65536,true,count_star,4,492,5,after,31.129913
2,65536,true,count_star,5,492,0,enum_static,31.574018
2,65536,true,count_star,5,492,1,bound_dynamic,31.128388
2,65536,true,count_star,5,492,2,bound_static,31.119579
2,65536,true,count_star,5,492,3,before,31.676829
2,65536,true,count_star,5,492,4,after,31.096291
2,65536,true,count_star,5,492,5,enum_dynamic,31.565380
2,65536,true,count_star,6,492,0,bound_dynamic,31.095866
2,65536,true,count_star,6,492,1,bound_static,31.093496
2,65536,true,count_star,6,492,2,before,31.524136
2,65536,true,count_star,6,492,3,after,31.077829
2,65536,true,count_star,6,492,4,enum_dynamic,31.473492
2,65536,true,count_star,6,492,5,enum_static,31.609502
2,65536,true,count_star,7,492,0,bound_static,31.092565
2,65536,true,count_star,7,492,1,before,31.604760
2,65536,true,count_star,7,492,2,after,31.146087
2,65536,true,count_star,7,492,3,enum_dynamic,31.597986
2,65536,true,count_star,7,492,4,enum_static,31.580455
2,65536,true,count_star,7,492,5,bound_dynamic,31.100949
2,65536,true,count_star,8,492,0,before,31.493565
2,65536,true,count_star,8,492,1,after,30.956132
2,65536,true,count_star,8,492,2,enum_dynamic,31.374915
2,65536,true,count_star,8,492,3,enum_static,31.610943
2,65536,true,count_star,8,492,4,bound_dynamic,31.193852
2,65536,true,count_star,8,492,5,bound_static,31.105776
2,65536,true,count_star,9,492,0,after,31.135246
2,65536,true,count_star,9,492,1,enum_dynamic,31.544884
2,65536,true,count_star,9,492,2,enum_static,31.599425
2,65536,true,count_star,9,492,3,bound_dynamic,31.339008
2,65536,true,count_star,9,492,4,bound_static,30.937837
2,65536,true,count_star,9,492,5,before,31.615260
2,65536,true,count_star,10,492,0,enum_dynamic,31.491108
2,65536,true,count_star,10,492,1,enum_static,31.612551
2,65536,true,count_star,10,492,2,bound_dynamic,31.254065
2,65536,true,count_star,10,492,3,bound_static,31.170732
2,65536,true,count_star,10,492,4,before,31.606199
2,65536,true,count_star,10,492,5,after,30.870596
2,65536,true,count_star,11,492,0,enum_static,31.333673
2,65536,true,count_star,11,492,1,bound_dynamic,31.189278
2,65536,true,count_star,11,492,2,bound_static,31.125085
2,65536,true,count_star,11,492,3,before,31.692073
2,65536,true,count_star,11,492,4,after,31.147612
2,65536,true,count_star,11,492,5,enum_dynamic,31.652439
2,128,true,count_i64,0,50000,0,bound_dynamic,0.117173
2,128,true,count_i64,0,50000,1,bound_static,0.117123
2,128,true,count_i64,0,50000,2,before,0.133717
2,128,true,count_i64,0,50000,3,after,0.116939
2,128,true,count_i64,0,50000,4,enum_dynamic,0.135906
2,128,true,count_i64,0,50000,5,enum_static,0.125833
2,128,true,count_i64,1,50000,0,bound_static,0.117093
2,128,true,count_i64,1,50000,1,before,0.135164
2,128,true,count_i64,1,50000,2,after,0.117786
2,128,true,count_i64,1,50000,3,enum_dynamic,0.134728
2,128,true,count_i64,1,50000,4,enum_static,0.124914
2,128,true,count_i64,1,50000,5,bound_dynamic,0.117218
2,128,true,count_i64,2,50000,0,before,0.133602
2,128,true,count_i64,2,50000,1,after,0.116998
2,128,true,count_i64,2,50000,2,enum_dynamic,0.134127
2,128,true,count_i64,2,50000,3,enum_static,0.126058
2,128,true,count_i64,2,50000,4,bound_dynamic,0.117646
2,128,true,count_i64,2,50000,5,bound_static,0.116799
2,128,true,count_i64,3,50000,0,after,0.114847
2,128,true,count_i64,3,50000,1,enum_dynamic,0.134333
2,128,true,count_i64,3,50000,2,enum_static,0.125082
2,128,true,count_i64,3,50000,3,bound_dynamic,0.114839
2,128,true,count_i64,3,50000,4,bound_static,0.115671
2,128,true,count_i64,3,50000,5,before,0.131703
2,128,true,count_i64,4,50000,0,enum_dynamic,0.136689
2,128,true,count_i64,4,50000,1,enum_static,0.125770
2,128,true,count_i64,4,50000,2,bound_dynamic,0.117184
2,128,true,count_i64,4,50000,3,bound_static,0.117205
2,128,true,count_i64,4,50000,4,before,0.135500
2,128,true,count_i64,4,50000,5,after,0.116951
2,128,true,count_i64,5,50000,0,enum_static,0.126003
2,128,true,count_i64,5,50000,1,bound_dynamic,0.117673
2,128,true,count_i64,5,50000,2,bound_static,0.117026
2,128,true,count_i64,5,50000,3,before,0.136155
2,128,true,count_i64,5,50000,4,after,0.117148
2,128,true,count_i64,5,50000,5,enum_dynamic,0.133882
2,128,true,count_i64,6,50000,0,bound_dynamic,0.117274
2,128,true,count_i64,6,50000,1,bound_static,0.118267
2,128,true,count_i64,6,50000,2,before,0.133502
2,128,true,count_i64,6,50000,3,after,0.117143
2,128,true,count_i64,6,50000,4,enum_dynamic,0.133784
2,128,true,count_i64,6,50000,5,enum_static,0.126334
2,128,true,count_i64,7,50000,0,bound_static,0.117222
2,128,true,count_i64,7,50000,1,before,0.135246
2,128,true,count_i64,7,50000,2,after,0.116966
2,128,true,count_i64,7,50000,3,enum_dynamic,0.133872
2,128,true,count_i64,7,50000,4,enum_static,0.126866
2,128,true,count_i64,7,50000,5,bound_dynamic,0.117912
2,128,true,count_i64,8,50000,0,before,0.138601
2,128,true,count_i64,8,50000,1,after,0.122511
2,128,true,count_i64,8,50000,2,enum_dynamic,0.134272
2,128,true,count_i64,8,50000,3,enum_static,0.122926
2,128,true,count_i64,8,50000,4,bound_dynamic,0.115993
2,128,true,count_i64,8,50000,5,bound_static,0.114808
2,128,true,count_i64,9,50000,0,after,0.115336
2,128,true,count_i64,9,50000,1,enum_dynamic,0.133182
2,128,true,count_i64,9,50000,2,enum_static,0.125133
2,128,true,count_i64,9,50000,3,bound_dynamic,0.117288
2,128,true,count_i64,9,50000,4,bound_static,0.117172
2,128,true,count_i64,9,50000,5,before,0.137786
2,128,true,count_i64,10,50000,0,enum_dynamic,0.137772
2,128,true,count_i64,10,50000,1,enum_static,0.124726
2,128,true,count_i64,10,50000,2,bound_dynamic,0.116750
2,128,true,count_i64,10,50000,3,bound_static,0.115708
2,128,true,count_i64,10,50000,4,before,0.134850
2,128,true,count_i64,10,50000,5,after,0.115076
2,128,true,count_i64,11,50000,0,enum_static,0.122557
2,128,true,count_i64,11,50000,1,bound_dynamic,0.114803
2,128,true,count_i64,11,50000,2,bound_static,0.114707
2,128,true,count_i64,11,50000,3,before,0.135338
2,128,true,count_i64,11,50000,4,after,0.117727
2,128,true,count_i64,11,50000,5,enum_dynamic,0.132635
2,128,false,min_utf8,0,8206,0,bound_dynamic,1.885384
2,128,false,min_utf8,0,8206,1,bound_static,1.798151
2,128,false,min_utf8,0,8206,2,before,1.876122
2,128,false,min_utf8,0,8206,3,after,1.801304
2,128,false,min_utf8,0,8206,4,enum_dynamic,1.864215
2,128,false,min_utf8,0,8206,5,enum_static,1.831536
2,128,false,min_utf8,1,8206,0,bound_static,1.834466
2,128,false,min_utf8,1,8206,1,before,1.875848
2,128,false,min_utf8,1,8206,2,after,1.836162
2,128,false,min_utf8,1,8206,3,enum_dynamic,1.870278
2,128,false,min_utf8,1,8206,4,enum_static,1.806031
2,128,false,min_utf8,1,8206,5,bound_dynamic,1.889725
2,128,false,min_utf8,2,8206,0,before,1.849729
2,128,false,min_utf8,2,8206,1,after,1.802467
2,128,false,min_utf8,2,8206,2,enum_dynamic,1.895549
2,128,false,min_utf8,2,8206,3,enum_static,1.843590
2,128,false,min_utf8,2,8206,4,bound_dynamic,1.923394
2,128,false,min_utf8,2,8206,5,bound_static,1.835832
2,128,false,min_utf8,3,8206,0,after,1.835958
2,128,false,min_utf8,3,8206,1,enum_dynamic,1.893995
2,128,false,min_utf8,3,8206,2,enum_static,1.847332
2,128,false,min_utf8,3,8206,3,bound_dynamic,1.919581
2,128,false,min_utf8,3,8206,4,bound_static,1.836309
2,128,false,min_utf8,3,8206,5,before,1.877681
2,128,false,min_utf8,4,8206,0,enum_dynamic,1.900317
2,128,false,min_utf8,4,8206,1,enum_static,1.850927
2,128,false,min_utf8,4,8206,2,bound_dynamic,1.884566
2,128,false,min_utf8,4,8206,3,bound_static,1.802604
2,128,false,min_utf8,4,8206,4,before,1.851699
2,128,false,min_utf8,4,8206,5,after,1.812591
2,128,false,min_utf8,5,8206,0,enum_static,1.839909
2,128,false,min_utf8,5,8206,1,bound_dynamic,1.921369
2,128,false,min_utf8,5,8206,2,bound_static,1.830378
2,128,false,min_utf8,5,8206,3,before,1.880387
2,128,false,min_utf8,5,8206,4,after,1.819076
2,128,false,min_utf8,5,8206,5,enum_dynamic,1.897367
2,128,false,min_utf8,6,8206,0,bound_dynamic,1.920414
2,128,false,min_utf8,6,8206,1,bound_static,1.837050
2,128,false,min_utf8,6,8206,2,before,1.876214
2,128,false,min_utf8,6,8206,3,after,1.831180
2,128,false,min_utf8,6,8206,4,enum_dynamic,1.894401
2,128,false,min_utf8,6,8206,5,enum_static,1.839883
2,128,false,min_utf8,7,8206,0,bound_static,1.838061
2,128,false,min_utf8,7,8206,1,before,1.871466
2,128,false,min_utf8,7,8206,2,after,1.799161
2,128,false,min_utf8,7,8206,3,enum_dynamic,1.852613
2,128,false,min_utf8,7,8206,4,enum_static,1.811997
2,128,false,min_utf8,7,8206,5,bound_dynamic,1.882926
2,128,false,min_utf8,8,8206,0,before,1.875122
2,128,false,min_utf8,8,8206,1,after,1.833491
2,128,false,min_utf8,8,8206,2,enum_dynamic,1.890862
2,128,false,min_utf8,8,8206,3,enum_static,1.840239
2,128,false,min_utf8,8,8206,4,bound_dynamic,1.916956
2,128,false,min_utf8,8,8206,5,bound_static,1.832881
2,128,false,min_utf8,9,8206,0,after,1.834918
2,128,false,min_utf8,9,8206,1,enum_dynamic,1.891269
2,128,false,min_utf8,9,8206,2,enum_static,1.830840
2,128,false,min_utf8,9,8206,3,bound_dynamic,1.894153
2,128,false,min_utf8,9,8206,4,bound_static,1.798069
2,128,false,min_utf8,9,8206,5,before,1.867333
2,128,false,min_utf8,10,8206,0,enum_dynamic,1.906440
2,128,false,min_utf8,10,8206,1,enum_static,1.843920
2,128,false,min_utf8,10,8206,2,bound_dynamic,1.917271
2,128,false,min_utf8,10,8206,3,bound_static,1.833943
2,128,false,min_utf8,10,8206,4,before,1.873670
2,128,false,min_utf8,10,8206,5,after,1.831099
2,128,false,min_utf8,11,8206,0,enum_static,1.837060
2,128,false,min_utf8,11,8206,1,bound_dynamic,1.919028
2,128,false,min_utf8,11,8206,2,bound_static,1.849785
2,128,false,min_utf8,11,8206,3,before,1.875239
2,128,false,min_utf8,11,8206,4,after,1.832074
2,128,false,min_utf8,11,8206,5,enum_dynamic,1.891162
2,65536,false,count_distinct_i64,0,8,0,bound_dynamic,2893.218750
2,65536,false,count_distinct_i64,0,8,1,bound_static,3228.276000
2,65536,false,count_distinct_i64,0,8,2,before,2901.161500
2,65536,false,count_distinct_i64,0,8,3,after,2893.005250
2,65536,false,count_distinct_i64,0,8,4,enum_dynamic,2917.166750
2,65536,false,count_distinct_i64,0,8,5,enum_static,2907.625000
2,65536,false,count_distinct_i64,1,8,0,bound_static,3229.468750
2,65536,false,count_distinct_i64,1,8,1,before,2887.994750
2,65536,false,count_distinct_i64,1,8,2,after,2935.171875
2,65536,false,count_distinct_i64,1,8,3,enum_dynamic,2915.817750
2,65536,false,count_distinct_i64,1,8,4,enum_static,2907.770875
2,65536,false,count_distinct_i64,1,8,5,bound_dynamic,2915.229250
2,65536,false,count_distinct_i64,2,8,0,before,2913.239625
2,65536,false,count_distinct_i64,2,8,1,after,3235.593750
2,65536,false,count_distinct_i64,2,8,2,enum_dynamic,3225.817750
2,65536,false,count_distinct_i64,2,8,3,enum_static,2911.416750
2,65536,false,count_distinct_i64,2,8,4,bound_dynamic,2913.260375
2,65536,false,count_distinct_i64,2,8,5,bound_static,3254.963500
2,65536,false,count_distinct_i64,3,8,0,after,3167.885500
2,65536,false,count_distinct_i64,3,8,1,enum_dynamic,3162.213625
2,65536,false,count_distinct_i64,3,8,2,enum_static,2908.390625
2,65536,false,count_distinct_i64,3,8,3,bound_dynamic,2934.505250
2,65536,false,count_distinct_i64,3,8,4,bound_static,3180.062500
2,65536,false,count_distinct_i64,3,8,5,before,2919.401000
2,65536,false,count_distinct_i64,4,8,0,enum_dynamic,3180.213500
2,65536,false,count_distinct_i64,4,8,1,enum_static,2888.489625
2,65536,false,count_distinct_i64,4,8,2,bound_dynamic,2897.171875
2,65536,false,count_distinct_i64,4,8,3,bound_static,3229.536375
2,65536,false,count_distinct_i64,4,8,4,before,2889.291625
2,65536,false,count_distinct_i64,4,8,5,after,2912.609375
2,65536,false,count_distinct_i64,5,8,0,enum_static,2896.994750
2,65536,false,count_distinct_i64,5,8,1,bound_dynamic,2898.088625
2,65536,false,count_distinct_i64,5,8,2,bound_static,3245.682375
2,65536,false,count_distinct_i64,5,8,3,before,2898.849000
2,65536,false,count_distinct_i64,5,8,4,after,2893.791625
2,65536,false,count_distinct_i64,5,8,5,enum_dynamic,2999.625000
2,65536,false,count_distinct_i64,6,8,0,bound_dynamic,2874.276000
2,65536,false,count_distinct_i64,6,8,1,bound_static,3216.536375
2,65536,false,count_distinct_i64,6,8,2,before,2916.849000
2,65536,false,count_distinct_i64,6,8,3,after,2911.203125
2,65536,false,count_distinct_i64,6,8,4,enum_dynamic,2912.739625
2,65536,false,count_distinct_i64,6,8,5,enum_static,2915.031250
2,65536,false,count_distinct_i64,7,8,0,bound_static,3212.354125
2,65536,false,count_distinct_i64,7,8,1,before,2924.479250
2,65536,false,count_distinct_i64,7,8,2,after,2879.979125
2,65536,false,count_distinct_i64,7,8,3,enum_dynamic,2929.442750
2,65536,false,count_distinct_i64,7,8,4,enum_static,2921.651125
2,65536,false,count_distinct_i64,7,8,5,bound_dynamic,2934.052125
2,65536,false,count_distinct_i64,8,8,0,before,2990.276000
2,65536,false,count_distinct_i64,8,8,1,after,3223.781250
2,65536,false,count_distinct_i64,8,8,2,enum_dynamic,3204.776000
2,65536,false,count_distinct_i64,8,8,3,enum_static,2916.692750
2,65536,false,count_distinct_i64,8,8,4,bound_dynamic,2914.093750
2,65536,false,count_distinct_i64,8,8,5,bound_static,3227.854250
2,65536,false,count_distinct_i64,9,8,0,after,3232.213500
2,65536,false,count_distinct_i64,9,8,1,enum_dynamic,3230.401000
2,65536,false,count_distinct_i64,9,8,2,enum_static,2907.885375
2,65536,false,count_distinct_i64,9,8,3,bound_dynamic,2920.020750
2,65536,false,count_distinct_i64,9,8,4,bound_static,3243.505250
2,65536,false,count_distinct_i64,9,8,5,before,2942.661375
2,65536,false,count_distinct_i64,10,8,0,enum_dynamic,3234.500000
2,65536,false,count_distinct_i64,10,8,1,enum_static,2914.020875
2,65536,false,count_distinct_i64,10,8,2,bound_dynamic,2918.682375
2,65536,false,count_distinct_i64,10,8,3,bound_static,3244.276000
2,65536,false,count_distinct_i64,10,8,4,before,2980.505125
2,65536,false,count_distinct_i64,10,8,5,after,2989.989500
2,65536,false,count_distinct_i64,11,8,0,enum_static,2853.520875
2,65536,false,count_distinct_i64,11,8,1,bound_dynamic,2912.276000
2,65536,false,count_distinct_i64,11,8,2,bound_static,3221.552000
2,65536,false,count_distinct_i64,11,8,3,before,2908.677125
2,65536,false,count_distinct_i64,11,8,4,after,2914.843750
2,65536,false,count_distinct_i64,11,8,5,enum_dynamic,2879.583375
2,8192,true,mixed_7,0,30,0,bound_dynamic,538.483333
2,8192,true,mixed_7,0,30,1,bound_static,539.640300
2,8192,true,mixed_7,0,30,2,before,540.138867
2,8192,true,mixed_7,0,30,3,after,532.320833
2,8192,true,mixed_7,0,30,4,enum_dynamic,534.847233
2,8192,true,mixed_7,0,30,5,enum_static,531.616667
2,8192,true,mixed_7,1,30,0,bound_static,532.461100
2,8192,true,mixed_7,1,30,1,before,545.541667
2,8192,true,mixed_7,1,30,2,after,533.297233
2,8192,true,mixed_7,1,30,3,enum_dynamic,536.873600
2,8192,true,mixed_7,1,30,4,enum_static,527.331933
2,8192,true,mixed_7,1,30,5,bound_dynamic,533.544467
2,8192,true,mixed_7,2,30,0,before,530.529167
2,8192,true,mixed_7,2,30,1,after,538.509733
2,8192,true,mixed_7,2,30,2,enum_dynamic,530.938900
2,8192,true,mixed_7,2,30,3,enum_static,525.093067
2,8192,true,mixed_7,2,30,4,bound_dynamic,527.744433
2,8192,true,mixed_7,2,30,5,bound_static,521.390300
2,8192,true,mixed_7,3,30,0,after,521.441667
2,8192,true,mixed_7,3,30,1,enum_dynamic,527.050000
2,8192,true,mixed_7,3,30,2,enum_static,516.429167
2,8192,true,mixed_7,3,30,3,bound_dynamic,518.402800
2,8192,true,mixed_7,3,30,4,bound_static,517.081933
2,8192,true,mixed_7,3,30,5,before,525.355567
2,8192,true,mixed_7,4,30,0,enum_dynamic,522.705567
2,8192,true,mixed_7,4,30,1,enum_static,519.313900
2,8192,true,mixed_7,4,30,2,bound_dynamic,521.976367
2,8192,true,mixed_7,4,30,3,bound_static,514.788900
2,8192,true,mixed_7,4,30,4,before,520.655567
2,8192,true,mixed_7,4,30,5,after,517.447233
2,8192,true,mixed_7,5,30,0,enum_static,518.436100
2,8192,true,mixed_7,5,30,1,bound_dynamic,525.179167
2,8192,true,mixed_7,5,30,2,bound_static,516.408333
2,8192,true,mixed_7,5,30,3,before,523.959733
2,8192,true,mixed_7,5,30,4,after,512.641667
2,8192,true,mixed_7,5,30,5,enum_dynamic,522.240300
2,8192,true,mixed_7,6,30,0,bound_dynamic,523.975000
2,8192,true,mixed_7,6,30,1,bound_static,517.058333
2,8192,true,mixed_7,6,30,2,before,522.819433
2,8192,true,mixed_7,6,30,3,after,517.263900
2,8192,true,mixed_7,6,30,4,enum_dynamic,521.963900
2,8192,true,mixed_7,6,30,5,enum_static,522.145833
2,8192,true,mixed_7,7,30,0,bound_static,516.168067
2,8192,true,mixed_7,7,30,1,before,522.830533
2,8192,true,mixed_7,7,30,2,after,517.243067
2,8192,true,mixed_7,7,30,3,enum_dynamic,521.266667
2,8192,true,mixed_7,7,30,4,enum_static,522.494467
2,8192,true,mixed_7,7,30,5,bound_dynamic,541.301400
2,8192,true,mixed_7,8,30,0,before,523.063867
2,8192,true,mixed_7,8,30,1,after,515.222233
2,8192,true,mixed_7,8,30,2,enum_dynamic,521.719433
2,8192,true,mixed_7,8,30,3,enum_static,518.512500
2,8192,true,mixed_7,8,30,4,bound_dynamic,523.122233
2,8192,true,mixed_7,8,30,5,bound_static,516.038867
2,8192,true,mixed_7,9,30,0,after,514.393033
2,8192,true,mixed_7,9,30,1,enum_dynamic,521.055533
2,8192,true,mixed_7,9,30,2,enum_static,517.333333
2,8192,true,mixed_7,9,30,3,bound_dynamic,522.412500
2,8192,true,mixed_7,9,30,4,bound_static,514.550000
2,8192,true,mixed_7,9,30,5,before,522.465267
2,8192,true,mixed_7,10,30,0,enum_dynamic,541.354167
2,8192,true,mixed_7,10,30,1,enum_static,522.966667
2,8192,true,mixed_7,10,30,2,bound_dynamic,526.422233
2,8192,true,mixed_7,10,30,3,bound_static,518.483333
2,8192,true,mixed_7,10,30,4,before,524.801400
2,8192,true,mixed_7,10,30,5,after,518.545833
2,8192,true,mixed_7,11,30,0,enum_static,520.111133
2,8192,true,mixed_7,11,30,1,bound_dynamic,521.156967
2,8192,true,mixed_7,11,30,2,bound_static,513.801367
2,8192,true,mixed_7,11,30,3,before,519.873633
2,8192,true,mixed_7,11,30,4,after,513.761100
2,8192,true,mixed_7,11,30,5,enum_dynamic,519.579167
2,65536,false,count_star,0,483,0,bound_dynamic,31.082298
2,65536,false,count_star,0,483,1,bound_static,31.084799
2,65536,false,count_star,0,483,2,before,31.557884
2,65536,false,count_star,0,483,3,after,31.095584
2,65536,false,count_star,0,483,4,enum_dynamic,31.549602
2,65536,false,count_star,0,483,5,enum_static,31.625433
2,65536,false,count_star,1,483,0,bound_static,31.118358
2,65536,false,count_star,1,483,1,before,31.736888
2,65536,false,count_star,1,483,2,after,31.113959
2,65536,false,count_star,1,483,3,enum_dynamic,31.827640
2,65536,false,count_star,1,483,4,enum_static,31.647342
2,65536,false,count_star,1,483,5,bound_dynamic,31.113526
2,65536,false,count_star,2,483,0,before,31.701692
2,65536,false,count_star,2,483,1,after,31.142340
2,65536,false,count_star,2,483,2,enum_dynamic,31.595064
2,65536,false,count_star,2,483,3,enum_static,31.807282
2,65536,false,count_star,2,483,4,bound_dynamic,30.899501
2,65536,false,count_star,2,483,5,bound_static,31.200656
2,65536,false,count_star,3,483,0,after,31.180988
2,65536,false,count_star,3,483,1,enum_dynamic,31.527692
2,65536,false,count_star,3,483,2,enum_static,31.552190
2,65536,false,count_star,3,483,3,bound_dynamic,31.115081
2,65536,false,count_star,3,483,4,bound_static,30.515356
2,65536,false,count_star,3,483,5,before,31.539768
2,65536,false,count_star,4,483,0,enum_dynamic,31.887079
2,65536,false,count_star,4,483,1,enum_static,31.715580
2,65536,false,count_star,4,483,2,bound_dynamic,31.229124
2,65536,false,count_star,4,483,3,bound_static,31.217217
2,65536,false,count_star,4,483,4,before,31.544944
2,65536,false,count_star,4,483,5,after,31.154244
2,65536,false,count_star,5,483,0,enum_static,31.709801
2,65536,false,count_star,5,483,1,bound_dynamic,31.289253
2,65536,false,count_star,5,483,2,bound_static,31.121290
2,65536,false,count_star,5,483,3,before,31.527433
2,65536,false,count_star,5,483,4,after,31.205228
2,65536,false,count_star,5,483,5,enum_dynamic,31.653381
2,65536,false,count_star,6,483,0,bound_dynamic,31.283644
2,65536,false,count_star,6,483,1,bound_static,31.167012
2,65536,false,count_star,6,483,2,before,31.622671
2,65536,false,count_star,6,483,3,after,31.166752
2,65536,false,count_star,6,483,4,enum_dynamic,31.503280
2,65536,false,count_star,6,483,5,enum_static,31.522516
2,65536,false,count_star,7,483,0,bound_static,31.143462
2,65536,false,count_star,7,483,1,before,31.892857
2,65536,false,count_star,7,483,2,after,30.838768
2,65536,false,count_star,7,483,3,enum_dynamic,31.441340
2,65536,false,count_star,7,483,4,enum_static,31.663992
2,65536,false,count_star,7,483,5,bound_dynamic,31.212474
2,65536,false,count_star,8,483,0,before,31.727571
2,65536,false,count_star,8,483,1,after,31.264923
2,65536,false,count_star,8,483,2,enum_dynamic,31.617754
2,65536,false,count_star,8,483,3,enum_static,31.739648
2,65536,false,count_star,8,483,4,bound_dynamic,31.425810
2,65536,false,count_star,8,483,5,bound_static,31.081004
2,65536,false,count_star,9,483,0,after,30.968340
2,65536,false,count_star,9,483,1,enum_dynamic,31.388888
2,65536,false,count_star,9,483,2,enum_static,31.716702
2,65536,false,count_star,9,483,3,bound_dynamic,31.200139
2,65536,false,count_star,9,483,4,bound_static,30.758712
2,65536,false,count_star,9,483,5,before,31.510783
2,65536,false,count_star,10,483,0,enum_dynamic,31.493271
2,65536,false,count_star,10,483,1,enum_static,31.642942
2,65536,false,count_star,10,483,2,bound_dynamic,31.132418
2,65536,false,count_star,10,483,3,bound_static,31.178141
2,65536,false,count_star,10,483,4,before,31.622153
2,65536,false,count_star,10,483,5,after,31.432712
2,65536,false,count_star,11,483,0,enum_static,31.652863
2,65536,false,count_star,11,483,1,bound_dynamic,31.103089
2,65536,false,count_star,11,483,2,bound_static,31.132936
2,65536,false,count_star,11,483,3,before,31.607747
2,65536,false,count_star,11,483,4,after,31.123014
2,65536,false,count_star,11,483,5,enum_dynamic,31.282437
2,65536,true,min_i64,0,43,0,bound_dynamic,389.516465
2,65536,true,min_i64,0,43,1,bound_static,351.557163
2,65536,true,min_i64,0,43,2,before,370.454465
2,65536,true,min_i64,0,43,3,after,352.965116
2,65536,true,min_i64,0,43,4,enum_dynamic,369.353674
2,65536,true,min_i64,0,43,5,enum_static,350.300372
2,65536,true,min_i64,1,43,0,bound_static,351.887605
2,65536,true,min_i64,1,43,1,before,371.505814
2,65536,true,min_i64,1,43,2,after,351.885674
2,65536,true,min_i64,1,43,3,enum_dynamic,370.561047
2,65536,true,min_i64,1,43,4,enum_static,354.469953
2,65536,true,min_i64,1,43,5,bound_dynamic,386.094000
2,65536,true,min_i64,2,43,0,before,370.442814
2,65536,true,min_i64,2,43,1,after,352.754837
2,65536,true,min_i64,2,43,2,enum_dynamic,371.006767
2,65536,true,min_i64,2,43,3,enum_static,351.472860
2,65536,true,min_i64,2,43,4,bound_dynamic,390.521326
2,65536,true,min_i64,2,43,5,bound_static,351.870140
2,65536,true,min_i64,3,43,0,after,351.717070
2,65536,true,min_i64,3,43,1,enum_dynamic,371.014535
2,65536,true,min_i64,3,43,2,enum_static,351.935070
2,65536,true,min_i64,3,43,3,bound_dynamic,386.810070
2,65536,true,min_i64,3,43,4,bound_static,351.373070
2,65536,true,min_i64,3,43,5,before,370.685070
2,65536,true,min_i64,4,43,0,enum_dynamic,369.966093
2,65536,true,min_i64,4,43,1,enum_static,352.036814
2,65536,true,min_i64,4,43,2,bound_dynamic,387.867233
2,65536,true,min_i64,4,43,3,bound_static,350.531023
2,65536,true,min_i64,4,43,4,before,371.309093
2,65536,true,min_i64,4,43,5,after,351.443814
2,65536,true,min_i64,5,43,0,enum_static,352.757744
2,65536,true,min_i64,5,43,1,bound_dynamic,387.462209
2,65536,true,min_i64,5,43,2,bound_static,354.823628
2,65536,true,min_i64,5,43,3,before,373.161837
2,65536,true,min_i64,5,43,4,after,353.375977
2,65536,true,min_i64,5,43,5,enum_dynamic,371.280023
2,65536,true,min_i64,6,43,0,bound_dynamic,387.528116
2,65536,true,min_i64,6,43,1,bound_static,351.145349
2,65536,true,min_i64,6,43,2,before,366.227721
2,65536,true,min_i64,6,43,3,after,352.373047
2,65536,true,min_i64,6,43,4,enum_dynamic,370.484488
2,65536,true,min_i64,6,43,5,enum_static,352.984512
2,65536,true,min_i64,7,43,0,bound_static,351.101744
2,65536,true,min_i64,7,43,1,before,371.631791
2,65536,true,min_i64,7,43,2,after,351.654070
2,65536,true,min_i64,7,43,3,enum_dynamic,370.679256
2,65536,true,min_i64,7,43,4,enum_static,355.194767
2,65536,true,min_i64,7,43,5,bound_dynamic,385.458326
2,65536,true,min_i64,8,43,0,before,369.506767
2,65536,true,min_i64,8,43,1,after,351.980605
2,65536,true,min_i64,8,43,2,enum_dynamic,375.191860
2,65536,true,min_i64,8,43,3,enum_static,352.230605
2,65536,true,min_i64,8,43,4,bound_dynamic,387.437977
2,65536,true,min_i64,8,43,5,bound_static,350.456395
2,65536,true,min_i64,9,43,0,after,353.199628
2,65536,true,min_i64,9,43,1,enum_dynamic,366.759674
2,65536,true,min_i64,9,43,2,enum_static,361.440884
2,65536,true,min_i64,9,43,3,bound_dynamic,387.364326
2,65536,true,min_i64,9,43,4,bound_static,351.327512
2,65536,true,min_i64,9,43,5,before,371.825581
2,65536,true,min_i64,10,43,0,enum_dynamic,365.359512
2,65536,true,min_i64,10,43,1,enum_static,351.946698
2,65536,true,min_i64,10,43,2,bound_dynamic,387.974814
2,65536,true,min_i64,10,43,3,bound_static,351.370163
2,65536,true,min_i64,10,43,4,before,371.834302
2,65536,true,min_i64,10,43,5,after,351.845930
2,65536,true,min_i64,11,43,0,enum_static,352.207372
2,65536,true,min_i64,11,43,1,bound_dynamic,392.734488
2,65536,true,min_i64,11,43,2,bound_static,351.486442
2,65536,true,min_i64,11,43,3,before,371.294581
2,65536,true,min_i64,11,43,4,after,351.272279
2,65536,true,min_i64,11,43,5,enum_dynamic,371.293605
2,8192,true,sum_f64,0,1650,0,bound_dynamic,9.283207
2,8192,true,sum_f64,0,1650,1,bound_static,9.208888
2,8192,true,sum_f64,0,1650,2,before,9.130404
2,8192,true,sum_f64,0,1650,3,after,9.274697
2,8192,true,sum_f64,0,1650,4,enum_dynamic,9.115556
2,8192,true,sum_f64,0,1650,5,enum_static,9.149318
2,8192,true,sum_f64,1,1650,0,bound_static,9.126112
2,8192,true,sum_f64,1,1650,1,before,9.141313
2,8192,true,sum_f64,1,1650,2,after,9.293056
2,8192,true,sum_f64,1,1650,3,enum_dynamic,9.148586
2,8192,true,sum_f64,1,1650,4,enum_static,9.118308
2,8192,true,sum_f64,1,1650,5,bound_dynamic,9.275025
2,8192,true,sum_f64,2,1650,0,before,9.135202
2,8192,true,sum_f64,2,1650,1,after,9.274167
2,8192,true,sum_f64,2,1650,2,enum_dynamic,9.122803
2,8192,true,sum_f64,2,1650,3,enum_static,9.107348
2,8192,true,sum_f64,2,1650,4,bound_dynamic,9.264318
2,8192,true,sum_f64,2,1650,5,bound_static,9.150707
2,8192,true,sum_f64,3,1650,0,after,9.123182
2,8192,true,sum_f64,3,1650,1,enum_dynamic,9.091541
2,8192,true,sum_f64,3,1650,2,enum_static,9.135404
2,8192,true,sum_f64,3,1650,3,bound_dynamic,9.280278
2,8192,true,sum_f64,3,1650,4,bound_static,9.186844
2,8192,true,sum_f64,3,1650,5,before,9.136818
2,8192,true,sum_f64,4,1650,0,enum_dynamic,9.133712
2,8192,true,sum_f64,4,1650,1,enum_static,9.133435
2,8192,true,sum_f64,4,1650,2,bound_dynamic,9.260707
2,8192,true,sum_f64,4,1650,3,bound_static,9.165379
2,8192,true,sum_f64,4,1650,4,before,9.126490
2,8192,true,sum_f64,4,1650,5,after,9.296162
2,8192,true,sum_f64,5,1650,0,enum_static,9.088308
2,8192,true,sum_f64,5,1650,1,bound_dynamic,9.173131
2,8192,true,sum_f64,5,1650,2,bound_static,9.131262
2,8192,true,sum_f64,5,1650,3,before,9.151339
2,8192,true,sum_f64,5,1650,4,after,9.274419
2,8192,true,sum_f64,5,1650,5,enum_dynamic,9.067399
2,8192,true,sum_f64,6,1650,0,bound_dynamic,9.225050
2,8192,true,sum_f64,6,1650,1,bound_static,9.140050
2,8192,true,sum_f64,6,1650,2,before,9.157172
2,8192,true,sum_f64,6,1650,3,after,9.266111
2,8192,true,sum_f64,6,1650,4,enum_dynamic,9.121313
2,8192,true,sum_f64,6,1650,5,enum_static,9.124394
2,8192,true,sum_f64,7,1650,0,bound_static,9.140328
2,8192,true,sum_f64,7,1650,1,before,9.195505
2,8192,true,sum_f64,7,1650,2,after,9.263460
2,8192,true,sum_f64,7,1650,3,enum_dynamic,9.117070
2,8192,true,sum_f64,7,1650,4,enum_static,9.129545
2,8192,true,sum_f64,7,1650,5,bound_dynamic,9.266641
2,8192,true,sum_f64,8,1650,0,before,9.143762
2,8192,true,sum_f64,8,1650,1,after,9.302172
2,8192,true,sum_f64,8,1650,2,enum_dynamic,9.121035
2,8192,true,sum_f64,8,1650,3,enum_static,9.133915
2,8192,true,sum_f64,8,1650,4,bound_dynamic,9.260656
2,8192,true,sum_f64,8,1650,5,bound_static,9.163813
2,8192,true,sum_f64,9,1650,0,after,9.273081
2,8192,true,sum_f64,9,1650,1,enum_dynamic,9.143106
2,8192,true,sum_f64,9,1650,2,enum_static,9.134318
2,8192,true,sum_f64,9,1650,3,bound_dynamic,9.277601
2,8192,true,sum_f64,9,1650,4,bound_static,9.139899
2,8192,true,sum_f64,9,1650,5,before,9.141187
2,8192,true,sum_f64,10,1650,0,enum_dynamic,9.151970
2,8192,true,sum_f64,10,1650,1,enum_static,9.141262
2,8192,true,sum_f64,10,1650,2,bound_dynamic,9.283283
2,8192,true,sum_f64,10,1650,3,bound_static,9.151944
2,8192,true,sum_f64,10,1650,4,before,9.173030
2,8192,true,sum_f64,10,1650,5,after,9.330783
2,8192,true,sum_f64,11,1650,0,enum_static,8.972778
2,8192,true,sum_f64,11,1650,1,bound_dynamic,9.230884
2,8192,true,sum_f64,11,1650,2,bound_static,9.008561
2,8192,true,sum_f64,11,1650,3,before,9.089318
2,8192,true,sum_f64,11,1650,4,after,9.260404
2,8192,true,sum_f64,11,1650,5,enum_dynamic,9.127904
2,65536,true,max_utf8,0,18,0,bound_dynamic,891.236111
2,65536,true,max_utf8,0,18,1,bound_static,874.833333
2,65536,true,max_utf8,0,18,2,before,874.668944
2,65536,true,max_utf8,0,18,3,after,886.557833
2,65536,true,max_utf8,0,18,4,enum_dynamic,877.685167
2,65536,true,max_utf8,0,18,5,enum_static,900.719944
2,65536,true,max_utf8,1,18,0,bound_static,876.544000
2,65536,true,max_utf8,1,18,1,before,886.192111
2,65536,true,max_utf8,1,18,2,after,877.988444
2,65536,true,max_utf8,1,18,3,enum_dynamic,887.419000
2,65536,true,max_utf8,1,18,4,enum_static,863.715278
2,65536,true,max_utf8,1,18,5,bound_dynamic,878.439833
2,65536,true,max_utf8,2,18,0,before,875.608778
2,65536,true,max_utf8,2,18,1,after,875.011611
2,65536,true,max_utf8,2,18,2,enum_dynamic,872.763889
2,65536,true,max_utf8,2,18,3,enum_static,875.863444
2,65536,true,max_utf8,2,18,4,bound_dynamic,889.662056
2,65536,true,max_utf8,2,18,5,bound_static,877.796333
2,65536,true,max_utf8,3,18,0,after,878.835667
2,65536,true,max_utf8,3,18,1,enum_dynamic,862.037056
2,65536,true,max_utf8,3,18,2,enum_static,877.854167
2,65536,true,max_utf8,3,18,3,bound_dynamic,899.648111
2,65536,true,max_utf8,3,18,4,bound_static,869.317111
2,65536,true,max_utf8,3,18,5,before,869.178222
2,65536,true,max_utf8,4,18,0,enum_dynamic,885.701389
2,65536,true,max_utf8,4,18,1,enum_static,876.467556
2,65536,true,max_utf8,4,18,2,bound_dynamic,890.182889
2,65536,true,max_utf8,4,18,3,bound_static,866.136556
2,65536,true,max_utf8,4,18,4,before,882.699056
2,65536,true,max_utf8,4,18,5,after,869.738444
2,65536,true,max_utf8,5,18,0,enum_static,877.094889
2,65536,true,max_utf8,5,18,1,bound_dynamic,885.456000
2,65536,true,max_utf8,5,18,2,bound_static,876.409722
2,65536,true,max_utf8,5,18,3,before,874.372722
2,65536,true,max_utf8,5,18,4,after,880.530111
2,65536,true,max_utf8,5,18,5,enum_dynamic,885.444444
2,65536,true,max_utf8,6,18,0,bound_dynamic,899.604167
2,65536,true,max_utf8,6,18,1,bound_static,874.402778
2,65536,true,max_utf8,6,18,2,before,873.858778
2,65536,true,max_utf8,6,18,3,after,888.895833
2,65536,true,max_utf8,6,18,4,enum_dynamic,866.900500
2,65536,true,max_utf8,6,18,5,enum_static,870.689833
2,65536,true,max_utf8,7,18,0,bound_static,863.715278
2,65536,true,max_utf8,7,18,1,before,882.914333
2,65536,true,max_utf8,7,18,2,after,864.016167
2,65536,true,max_utf8,7,18,3,enum_dynamic,874.643500
2,65536,true,max_utf8,7,18,4,enum_static,875.655111
2,65536,true,max_utf8,7,18,5,bound_dynamic,893.081000
2,65536,true,max_utf8,8,18,0,before,884.601833
2,65536,true,max_utf8,8,18,1,after,872.997722
2,65536,true,max_utf8,8,18,2,enum_dynamic,875.666667
2,65536,true,max_utf8,8,18,3,enum_static,879.599500
2,65536,true,max_utf8,8,18,4,bound_dynamic,899.722222
2,65536,true,max_utf8,8,18,5,bound_static,875.618056
2,65536,true,max_utf8,9,18,0,after,879.196778
2,65536,true,max_utf8,9,18,1,enum_dynamic,873.956056
2,65536,true,max_utf8,9,18,2,enum_static,872.356500
2,65536,true,max_utf8,9,18,3,bound_dynamic,882.060167
2,65536,true,max_utf8,9,18,4,bound_static,878.810167
2,65536,true,max_utf8,9,18,5,before,877.502333
2,65536,true,max_utf8,10,18,0,enum_dynamic,883.592611
2,65536,true,max_utf8,10,18,1,enum_static,878.314778
2,65536,true,max_utf8,10,18,2,bound_dynamic,893.326389
2,65536,true,max_utf8,10,18,3,bound_static,879.469889
2,65536,true,max_utf8,10,18,4,before,884.328722
2,65536,true,max_utf8,10,18,5,after,880.520833
2,65536,true,max_utf8,11,18,0,enum_static,870.129611
2,65536,true,max_utf8,11,18,1,bound_dynamic,894.548611
2,65536,true,max_utf8,11,18,2,bound_static,877.148167
2,65536,true,max_utf8,11,18,3,before,861.009278
2,65536,true,max_utf8,11,18,4,after,874.097222
2,65536,true,max_utf8,11,18,5,enum_dynamic,879.182833
2,8192,false,sum_u64,0,1038,0,bound_dynamic,14.498957
2,8192,false,sum_u64,0,1038,1,bound_static,14.502207
2,8192,false,sum_u64,0,1038,2,before,14.517943
2,8192,false,sum_u64,0,1038,3,after,14.467326
2,8192,false,sum_u64,0,1038,4,enum_dynamic,14.487435
2,8192,false,sum_u64,0,1038,5,enum_static,14.613238
2,8192,false,sum_u64,1,1038,0,bound_static,14.549935
2,8192,false,sum_u64,1,1038,1,before,14.506423
2,8192,false,sum_u64,1,1038,2,after,14.478444
2,8192,false,sum_u64,1,1038,3,enum_dynamic,14.572254
2,8192,false,sum_u64,1,1038,4,enum_static,14.476638
2,8192,false,sum_u64,1,1038,5,bound_dynamic,14.486633
2,8192,false,sum_u64,2,1038,0,before,14.499679
2,8192,false,sum_u64,2,1038,1,after,14.475354
2,8192,false,sum_u64,2,1038,2,enum_dynamic,14.489322
2,8192,false,sum_u64,2,1038,3,enum_static,14.493898
2,8192,false,sum_u64,2,1038,4,bound_dynamic,14.483461
2,8192,false,sum_u64,2,1038,5,bound_static,14.483101
2,8192,false,sum_u64,3,1038,0,after,14.509112
2,8192,false,sum_u64,3,1038,1,enum_dynamic,14.514853
2,8192,false,sum_u64,3,1038,2,enum_static,14.477119
2,8192,false,sum_u64,3,1038,3,bound_dynamic,14.480451
2,8192,false,sum_u64,3,1038,4,bound_static,14.529785
2,8192,false,sum_u64,3,1038,5,before,14.470737
2,8192,false,sum_u64,4,1038,0,enum_dynamic,14.511079
2,8192,false,sum_u64,4,1038,1,enum_static,14.479087
2,8192,false,sum_u64,4,1038,2,bound_dynamic,14.536488
2,8192,false,sum_u64,4,1038,3,bound_static,14.509434
2,8192,false,sum_u64,4,1038,4,before,14.503733
2,8192,false,sum_u64,4,1038,5,after,14.479769
2,8192,false,sum_u64,5,1038,0,enum_static,14.462990
2,8192,false,sum_u64,5,1038,1,bound_dynamic,14.524124
2,8192,false,sum_u64,5,1038,2,bound_static,14.511199
2,8192,false,sum_u64,5,1038,3,before,14.546724
2,8192,false,sum_u64,5,1038,4,after,14.547246
2,8192,false,sum_u64,5,1038,5,enum_dynamic,14.470135
2,8192,false,sum_u64,6,1038,0,bound_dynamic,14.507225
2,8192,false,sum_u64,6,1038,1,bound_static,14.509273
2,8192,false,sum_u64,6,1038,2,before,14.489683
2,8192,false,sum_u64,6,1038,3,after,14.508390
2,8192,false,sum_u64,6,1038,4,enum_dynamic,14.715760
2,8192,false,sum_u64,6,1038,5,enum_static,14.423410
2,8192,false,sum_u64,7,1038,0,bound_static,14.499800
2,8192,false,sum_u64,7,1038,1,before,14.493256
2,8192,false,sum_u64,7,1038,2,after,14.517984
2,8192,false,sum_u64,7,1038,3,enum_dynamic,14.545119
2,8192,false,sum_u64,7,1038,4,enum_static,14.544276
2,8192,false,sum_u64,7,1038,5,bound_dynamic,14.511842
2,8192,false,sum_u64,8,1038,0,before,14.494861
2,8192,false,sum_u64,8,1038,1,after,14.499961
2,8192,false,sum_u64,8,1038,2,enum_dynamic,14.503251
2,8192,false,sum_u64,8,1038,3,enum_static,14.499960
2,8192,false,sum_u64,8,1038,4,bound_dynamic,14.527657
2,8192,false,sum_u64,8,1038,5,bound_static,14.515976
2,8192,false,sum_u64,9,1038,0,after,14.464676
2,8192,false,sum_u64,9,1038,1,enum_dynamic,14.526332
2,8192,false,sum_u64,9,1038,2,enum_static,14.480130
2,8192,false,sum_u64,9,1038,3,bound_dynamic,14.534280
2,8192,false,sum_u64,9,1038,4,bound_static,14.514692
2,8192,false,sum_u64,9,1038,5,before,14.538857
2,8192,false,sum_u64,10,1038,0,enum_dynamic,14.508991
2,8192,false,sum_u64,10,1038,1,enum_static,14.517341
2,8192,false,sum_u64,10,1038,2,bound_dynamic,14.607177
2,8192,false,sum_u64,10,1038,3,bound_static,14.376886
2,8192,false,sum_u64,10,1038,4,before,14.544075
2,8192,false,sum_u64,10,1038,5,after,14.470255
2,8192,false,sum_u64,11,1038,0,enum_static,14.512283
2,8192,false,sum_u64,11,1038,1,bound_dynamic,14.513809
2,8192,false,sum_u64,11,1038,2,bound_static,14.494661
2,8192,false,sum_u64,11,1038,3,before,14.491369
2,8192,false,sum_u64,11,1038,4,after,14.467084
2,8192,false,sum_u64,11,1038,5,enum_dynamic,14.484786
2,8192,true,sum_i64,0,891,0,bound_dynamic,16.828563
2,8192,true,sum_i64,0,891,1,bound_static,16.830480
2,8192,true,sum_i64,0,891,2,before,16.855545
2,8192,true,sum_i64,0,891,3,after,17.105079
2,8192,true,sum_i64,0,891,4,enum_dynamic,16.751964
2,8192,true,sum_i64,0,891,5,enum_static,16.858446
2,8192,true,sum_i64,1,891,0,bound_static,16.841517
2,8192,true,sum_i64,1,891,1,before,16.896511
2,8192,true,sum_i64,1,891,2,after,16.859848
2,8192,true,sum_i64,1,891,3,enum_dynamic,16.894173
2,8192,true,sum_i64,1,891,4,enum_static,16.856341
2,8192,true,sum_i64,1,891,5,bound_dynamic,16.859100
2,8192,true,sum_i64,2,891,0,before,16.855265
2,8192,true,sum_i64,2,891,1,after,16.867284
2,8192,true,sum_i64,2,891,2,enum_dynamic,16.856434
2,8192,true,sum_i64,2,891,3,enum_static,16.871165
2,8192,true,sum_i64,2,891,4,bound_dynamic,16.863777
2,8192,true,sum_i64,2,891,5,bound_static,16.820847
2,8192,true,sum_i64,3,891,0,after,16.874813
2,8192,true,sum_i64,3,891,1,enum_dynamic,16.845118
2,8192,true,sum_i64,3,891,2,enum_static,16.896371
2,8192,true,sum_i64,3,891,3,bound_dynamic,16.860924
2,8192,true,sum_i64,3,891,4,bound_static,16.874579
2,8192,true,sum_i64,3,891,5,before,16.861765
2,8192,true,sum_i64,4,891,0,enum_dynamic,16.905210
2,8192,true,sum_i64,4,891,1,enum_static,16.869108
2,8192,true,sum_i64,4,891,2,bound_dynamic,16.852227
2,8192,true,sum_i64,4,891,3,bound_static,16.896840
2,8192,true,sum_i64,4,891,4,before,16.939066
2,8192,true,sum_i64,4,891,5,after,16.890853
2,8192,true,sum_i64,5,891,0,enum_static,16.877104
2,8192,true,sum_i64,5,891,1,bound_dynamic,16.858071
2,8192,true,sum_i64,5,891,2,bound_static,16.852460
2,8192,true,sum_i64,5,891,3,before,16.921717
2,8192,true,sum_i64,5,891,4,after,16.876310
2,8192,true,sum_i64,5,891,5,enum_dynamic,16.882155
2,8192,true,sum_i64,6,891,0,bound_dynamic,16.917088
2,8192,true,sum_i64,6,891,1,bound_static,16.819350
2,8192,true,sum_i64,6,891,2,before,16.900486
2,8192,true,sum_i64,6,891,3,after,17.050926
2,8192,true,sum_i64,6,891,4,enum_dynamic,16.934577
2,8192,true,sum_i64,6,891,5,enum_static,16.878694
2,8192,true,sum_i64,7,891,0,bound_static,16.876076
2,8192,true,sum_i64,7,891,1,before,16.909792
2,8192,true,sum_i64,7,891,2,after,16.827955
2,8192,true,sum_i64,7,891,3,enum_dynamic,16.875000
2,8192,true,sum_i64,7,891,4,enum_static,16.866302
2,8192,true,sum_i64,7,891,5,bound_dynamic,16.854611
2,8192,true,sum_i64,8,891,0,before,16.851291
2,8192,true,sum_i64,8,891,1,after,16.916714
2,8192,true,sum_i64,8,891,2,enum_dynamic,16.851478
2,8192,true,sum_i64,8,891,3,enum_static,16.885147
2,8192,true,sum_i64,8,891,4,bound_dynamic,16.830527
2,8192,true,sum_i64,8,891,5,bound_static,16.870744
2,8192,true,sum_i64,9,891,0,after,16.836420
2,8192,true,sum_i64,9,891,1,enum_dynamic,16.893892
2,8192,true,sum_i64,9,891,2,enum_static,16.989993
2,8192,true,sum_i64,9,891,3,bound_dynamic,16.726431
2,8192,true,sum_i64,9,891,4,bound_static,16.898990
2,8192,true,sum_i64,9,891,5,before,16.861392
2,8192,true,sum_i64,10,891,0,enum_dynamic,16.896277
2,8192,true,sum_i64,10,891,1,enum_static,16.884447
2,8192,true,sum_i64,10,891,2,bound_dynamic,16.898288
2,8192,true,sum_i64,10,891,3,bound_static,16.846568
2,8192,true,sum_i64,10,891,4,before,16.846615
2,8192,true,sum_i64,10,891,5,after,16.846380
2,8192,true,sum_i64,11,891,0,enum_static,16.852927
2,8192,true,sum_i64,11,891,1,bound_dynamic,16.834736
2,8192,true,sum_i64,11,891,2,bound_static,16.823700
2,8192,true,sum_i64,11,891,3,before,16.863870
2,8192,true,sum_i64,11,891,4,after,16.868593
2,8192,true,sum_i64,11,891,5,enum_dynamic,16.812430
2,65536,true,sum_u64,0,113,0,bound_dynamic,133.571903
2,65536,true,sum_u64,0,113,1,bound_static,133.473823
2,65536,true,sum_u64,0,113,2,before,132.912982
2,65536,true,sum_u64,0,113,3,after,133.106195
2,65536,true,sum_u64,0,113,4,enum_dynamic,133.593655
2,65536,true,sum_u64,0,113,5,enum_static,133.280973
2,65536,true,sum_u64,1,113,0,bound_static,133.303097
2,65536,true,sum_u64,1,113,1,before,133.344761
2,65536,true,sum_u64,1,113,2,after,133.197265
2,65536,true,sum_u64,1,113,3,enum_dynamic,133.166301
2,65536,true,sum_u64,1,113,4,enum_static,133.125372
2,65536,true,sum_u64,1,113,5,bound_dynamic,133.535398
2,65536,true,sum_u64,2,113,0,before,133.493735
2,65536,true,sum_u64,2,113,1,after,133.342920
2,65536,true,sum_u64,2,113,2,enum_dynamic,133.409664
2,65536,true,sum_u64,2,113,3,enum_static,133.239673
2,65536,true,sum_u64,2,113,4,bound_dynamic,133.490788
2,65536,true,sum_u64,2,113,5,bound_static,133.304204
2,65536,true,sum_u64,3,113,0,after,134.279496
2,65536,true,sum_u64,3,113,1,enum_dynamic,131.733770
2,65536,true,sum_u64,3,113,2,enum_static,133.517699
2,65536,true,sum_u64,3,113,3,bound_dynamic,133.400071
2,65536,true,sum_u64,3,113,4,bound_static,133.365044
2,65536,true,sum_u64,3,113,5,before,133.220496
2,65536,true,sum_u64,4,113,0,enum_dynamic,133.387168
2,65536,true,sum_u64,4,113,1,enum_static,133.356929
2,65536,true,sum_u64,4,113,2,bound_dynamic,133.457965
2,65536,true,sum_u64,4,113,3,bound_static,133.174407
2,65536,true,sum_u64,4,113,4,before,133.170354
2,65536,true,sum_u64,4,113,5,after,133.682894
2,65536,true,sum_u64,5,113,0,enum_static,133.244469
2,65536,true,sum_u64,5,113,1,bound_dynamic,133.411867
2,65536,true,sum_u64,5,113,2,bound_static,133.082221
2,65536,true,sum_u64,5,113,3,before,133.127584
2,65536,true,sum_u64,5,113,4,after,134.591814
2,65536,true,sum_u64,5,113,5,enum_dynamic,132.876478
2,65536,true,sum_u64,6,113,0,bound_dynamic,133.226770
2,65536,true,sum_u64,6,113,1,bound_static,133.317841
2,65536,true,sum_u64,6,113,2,before,133.287611
2,65536,true,sum_u64,6,113,3,after,133.273230
2,65536,true,sum_u64,6,113,4,enum_dynamic,133.503319
2,65536,true,sum_u64,6,113,5,enum_static,133.139752
2,65536,true,sum_u64,7,113,0,bound_static,132.987469
2,65536,true,sum_u64,7,113,1,before,132.263274
2,65536,true,sum_u64,7,113,2,after,133.047938
2,65536,true,sum_u64,7,113,3,enum_dynamic,133.343283
2,65536,true,sum_u64,7,113,4,enum_static,133.171088
2,65536,true,sum_u64,7,113,5,bound_dynamic,132.360257
2,65536,true,sum_u64,8,113,0,before,134.140115
2,65536,true,sum_u64,8,113,1,after,133.512540
2,65536,true,sum_u64,8,113,2,enum_dynamic,133.145655
2,65536,true,sum_u64,8,113,3,enum_static,134.053832
2,65536,true,sum_u64,8,113,4,bound_dynamic,133.297566
2,65536,true,sum_u64,8,113,5,bound_static,133.503319
2,65536,true,sum_u64,9,113,0,after,133.213496
2,65536,true,sum_u64,9,113,1,enum_dynamic,133.056788
2,65536,true,sum_u64,9,113,2,enum_static,133.110991
2,65536,true,sum_u64,9,113,3,bound_dynamic,132.880159
2,65536,true,sum_u64,9,113,4,bound_static,133.037611
2,65536,true,sum_u64,9,113,5,before,132.869106
2,65536,true,sum_u64,10,113,0,enum_dynamic,133.154133
2,65536,true,sum_u64,10,113,1,enum_static,134.387903
2,65536,true,sum_u64,10,113,2,bound_dynamic,133.085912
2,65536,true,sum_u64,10,113,3,bound_static,133.115044
2,65536,true,sum_u64,10,113,4,before,133.633115
2,65536,true,sum_u64,10,113,5,after,133.165195
2,65536,true,sum_u64,11,113,0,enum_static,133.204646
2,65536,true,sum_u64,11,113,1,bound_dynamic,133.143805
2,65536,true,sum_u64,11,113,2,bound_static,133.671460
2,65536,true,sum_u64,11,113,3,before,134.102142
2,65536,true,sum_u64,11,113,4,after,133.230460
2,65536,true,sum_u64,11,113,5,enum_dynamic,133.523230
2,65536,false,max_utf8,0,20,0,bound_dynamic,793.997900
2,65536,false,max_utf8,0,20,1,bound_static,771.916650
2,65536,false,max_utf8,0,20,2,before,771.577100
2,65536,false,max_utf8,0,20,3,after,779.993750
2,65536,false,max_utf8,0,20,4,enum_dynamic,757.843750
2,65536,false,max_utf8,0,20,5,enum_static,766.752100
2,65536,false,max_utf8,1,20,0,bound_static,773.847950
2,65536,false,max_utf8,1,20,1,before,773.781250
2,65536,false,max_utf8,1,20,2,after,773.681250
2,65536,false,max_utf8,1,20,3,enum_dynamic,769.335400
2,65536,false,max_utf8,1,20,4,enum_static,772.620850
2,65536,false,max_utf8,1,20,5,bound_dynamic,790.945850
2,65536,false,max_utf8,2,20,0,before,770.985450
2,65536,false,max_utf8,2,20,1,after,780.354150
2,65536,false,max_utf8,2,20,2,enum_dynamic,767.664600
2,65536,false,max_utf8,2,20,3,enum_static,772.802100
2,65536,false,max_utf8,2,20,4,bound_dynamic,792.379150
2,65536,false,max_utf8,2,20,5,bound_static,772.672900
2,65536,false,max_utf8,3,20,0,after,776.416650
2,65536,false,max_utf8,3,20,1,enum_dynamic,753.052100
2,65536,false,max_utf8,3,20,2,enum_static,759.752050
2,65536,false,max_utf8,3,20,3,bound_dynamic,790.795850
2,65536,false,max_utf8,3,20,4,bound_static,772.006250
2,65536,false,max_utf8,3,20,5,before,770.733350
2,65536,false,max_utf8,4,20,0,enum_dynamic,770.412500
2,65536,false,max_utf8,4,20,1,enum_static,769.808300
2,65536,false,max_utf8,4,20,2,bound_dynamic,780.768750
2,65536,false,max_utf8,4,20,3,bound_static,758.625000
2,65536,false,max_utf8,4,20,4,before,761.168750
2,65536,false,max_utf8,4,20,5,after,775.308350
2,65536,false,max_utf8,5,20,0,enum_static,772.579150
2,65536,false,max_utf8,5,20,1,bound_dynamic,793.372900
2,65536,false,max_utf8,5,20,2,bound_static,770.377100
2,65536,false,max_utf8,5,20,3,before,769.887500
2,65536,false,max_utf8,5,20,4,after,770.577100
2,65536,false,max_utf8,5,20,5,enum_dynamic,766.527100
2,65536,false,max_utf8,6,20,0,bound_dynamic,790.104150
2,65536,false,max_utf8,6,20,1,bound_static,773.068750
2,65536,false,max_utf8,6,20,2,before,769.793750
2,65536,false,max_utf8,6,20,3,after,774.406250
2,65536,false,max_utf8,6,20,4,enum_dynamic,766.775000
2,65536,false,max_utf8,6,20,5,enum_static,770.902050
2,65536,false,max_utf8,7,20,0,bound_static,766.677050
2,65536,false,max_utf8,7,20,1,before,757.156250
2,65536,false,max_utf8,7,20,2,after,766.285450
2,65536,false,max_utf8,7,20,3,enum_dynamic,767.462500
2,65536,false,max_utf8,7,20,4,enum_static,770.508300
2,65536,false,max_utf8,7,20,5,bound_dynamic,785.452100
2,65536,false,max_utf8,8,20,0,before,772.775000
2,65536,false,max_utf8,8,20,1,after,771.806250
2,65536,false,max_utf8,8,20,2,enum_dynamic,769.193750
2,65536,false,max_utf8,8,20,3,enum_static,782.283350
2,65536,false,max_utf8,8,20,4,bound_dynamic,778.695800
2,65536,false,max_utf8,8,20,5,bound_static,765.195800
2,65536,false,max_utf8,9,20,0,after,771.535400
2,65536,false,max_utf8,9,20,1,enum_dynamic,770.550000
2,65536,false,max_utf8,9,20,2,enum_static,771.381250
2,65536,false,max_utf8,9,20,3,bound_dynamic,777.131250
2,65536,false,max_utf8,9,20,4,bound_static,757.045850
2,65536,false,max_utf8,9,20,5,before,771.589550
2,65536,false,max_utf8,10,20,0,enum_dynamic,761.766650
2,65536,false,max_utf8,10,20,1,enum_static,760.912500
2,65536,false,max_utf8,10,20,2,bound_dynamic,785.627100
2,65536,false,max_utf8,10,20,3,bound_static,773.383350
2,65536,false,max_utf8,10,20,4,before,770.875000
2,65536,false,max_utf8,10,20,5,after,768.304150
2,65536,false,max_utf8,11,20,0,enum_static,761.827100
2,65536,false,max_utf8,11,20,1,bound_dynamic,794.102100
2,65536,false,max_utf8,11,20,2,bound_static,774.995800
2,65536,false,max_utf8,11,20,3,before,770.733350
2,65536,false,max_utf8,11,20,4,after,774.995850
2,65536,false,max_utf8,11,20,5,enum_dynamic,768.875000
2,128,true,count_distinct_i64,0,2862,0,bound_dynamic,5.310142
2,128,true,count_distinct_i64,0,2862,1,bound_static,5.255532
2,128,true,count_distinct_i64,0,2862,2,before,5.271008
2,128,true,count_distinct_i64,0,2862,3,after,5.240581
2,128,true,count_distinct_i64,0,2862,4,enum_dynamic,5.321148
2,128,true,count_distinct_i64,0,2862,5,enum_static,5.297971
2,128,true,count_distinct_i64,1,2862,0,bound_static,5.270892
2,128,true,count_distinct_i64,1,2862,1,before,5.260497
2,128,true,count_distinct_i64,1,2862,2,after,5.238994
2,128,true,count_distinct_i64,1,2862,3,enum_dynamic,5.322880
2,128,true,count_distinct_i64,1,2862,4,enum_static,5.295015
2,128,true,count_distinct_i64,1,2862,5,bound_dynamic,5.323303
2,128,true,count_distinct_i64,2,2862,0,before,5.263700
2,128,true,count_distinct_i64,2,2862,1,after,5.246899
2,128,true,count_distinct_i64,2,2862,2,enum_dynamic,5.361227
2,128,true,count_distinct_i64,2,2862,3,enum_static,5.300111
2,128,true,count_distinct_i64,2,2862,4,bound_dynamic,5.304988
2,128,true,count_distinct_i64,2,2862,5,bound_static,5.312311
2,128,true,count_distinct_i64,3,2862,0,after,5.185360
2,128,true,count_distinct_i64,3,2862,1,enum_dynamic,5.202801
2,128,true,count_distinct_i64,3,2862,2,enum_static,5.209571
2,128,true,count_distinct_i64,3,2862,3,bound_dynamic,5.252475
2,128,true,count_distinct_i64,3,2862,4,bound_static,5.259638
2,128,true,count_distinct_i64,3,2862,5,before,5.259332
2,128,true,count_distinct_i64,4,2862,0,enum_dynamic,5.302149
2,128,true,count_distinct_i64,4,2862,1,enum_static,5.283019
2,128,true,count_distinct_i64,4,2862,2,bound_dynamic,5.278841
2,128,true,count_distinct_i64,4,2862,3,bound_static,5.252154
2,128,true,count_distinct_i64,4,2862,4,before,5.255998
2,128,true,count_distinct_i64,4,2862,5,after,5.236665
2,128,true,count_distinct_i64,5,2862,0,enum_static,5.274517
2,128,true,count_distinct_i64,5,2862,1,bound_dynamic,5.295802
2,128,true,count_distinct_i64,5,2862,2,bound_static,5.279132
2,128,true,count_distinct_i64,5,2862,3,before,5.254484
2,128,true,count_distinct_i64,5,2862,4,after,5.237742
2,128,true,count_distinct_i64,5,2862,5,enum_dynamic,5.313869
2,128,true,count_distinct_i64,6,2862,0,bound_dynamic,5.293559
2,128,true,count_distinct_i64,6,2862,1,bound_static,5.256318
2,128,true,count_distinct_i64,6,2862,2,before,5.255925
2,128,true,count_distinct_i64,6,2862,3,after,5.236329
2,128,true,count_distinct_i64,6,2862,4,enum_dynamic,5.313781
2,128,true,count_distinct_i64,6,2862,5,enum_static,5.279161
2,128,true,count_distinct_i64,7,2862,0,bound_static,5.258808
2,128,true,count_distinct_i64,7,2862,1,before,5.259696
2,128,true,count_distinct_i64,7,2862,2,after,5.242837
2,128,true,count_distinct_i64,7,2862,3,enum_dynamic,5.305352
2,128,true,count_distinct_i64,7,2862,4,enum_static,5.289469
2,128,true,count_distinct_i64,7,2862,5,bound_dynamic,5.294899
2,128,true,count_distinct_i64,8,2862,0,before,5.287416
2,128,true,count_distinct_i64,8,2862,1,after,5.244118
2,128,true,count_distinct_i64,8,2862,2,enum_dynamic,5.338909
2,128,true,count_distinct_i64,8,2862,3,enum_static,5.252781
2,128,true,count_distinct_i64,8,2862,4,bound_dynamic,5.240304
2,128,true,count_distinct_i64,8,2862,5,bound_static,5.268096
2,128,true,count_distinct_i64,9,2862,0,after,5.238033
2,128,true,count_distinct_i64,9,2862,1,enum_dynamic,5.324059
2,128,true,count_distinct_i64,9,2862,2,enum_static,5.553765
2,128,true,count_distinct_i64,9,2862,3,bound_dynamic,5.208843
2,128,true,count_distinct_i64,9,2862,4,bound_static,5.239809
2,128,true,count_distinct_i64,9,2862,5,before,5.266728
2,128,true,count_distinct_i64,10,2862,0,enum_dynamic,5.295729
2,128,true,count_distinct_i64,10,2862,1,enum_static,5.290953
2,128,true,count_distinct_i64,10,2862,2,bound_dynamic,5.294549
2,128,true,count_distinct_i64,10,2862,3,bound_static,5.261166
2,128,true,count_distinct_i64,10,2862,4,before,5.190543
2,128,true,count_distinct_i64,10,2862,5,after,5.269217
2,128,true,count_distinct_i64,11,2862,0,enum_static,5.309938
2,128,true,count_distinct_i64,11,2862,1,bound_dynamic,5.304245
2,128,true,count_distinct_i64,11,2862,2,bound_static,5.266233
2,128,true,count_distinct_i64,11,2862,3,before,5.265461
2,128,true,count_distinct_i64,11,2862,4,after,5.251019
2,128,true,count_distinct_i64,11,2862,5,enum_dynamic,5.310010
2,128,false,avg_i64,0,38917,0,bound_dynamic,0.386387
2,128,false,avg_i64,0,38917,1,bound_static,0.383449
2,128,false,avg_i64,0,38917,2,before,0.419655
2,128,false,avg_i64,0,38917,3,after,0.385993
2,128,false,avg_i64,0,38917,4,enum_dynamic,0.419454
2,128,false,avg_i64,0,38917,5,enum_static,0.420252
2,128,false,avg_i64,1,38917,0,bound_static,0.384158
2,128,false,avg_i64,1,38917,1,before,0.420761
2,128,false,avg_i64,1,38917,2,after,0.385242
2,128,false,avg_i64,1,38917,3,enum_dynamic,0.421227
2,128,false,avg_i64,1,38917,4,enum_static,0.419772
2,128,false,avg_i64,1,38917,5,bound_dynamic,0.396295
2,128,false,avg_i64,2,38917,0,before,0.424084
2,128,false,avg_i64,2,38917,1,after,0.381897
2,128,false,avg_i64,2,38917,2,enum_dynamic,0.419708
2,128,false,avg_i64,2,38917,3,enum_static,0.420717
2,128,false,avg_i64,2,38917,4,bound_dynamic,0.393024
2,128,false,avg_i64,2,38917,5,bound_static,0.383908
2,128,false,avg_i64,3,38917,0,after,0.386415
2,128,false,avg_i64,3,38917,1,enum_dynamic,0.419461
2,128,false,avg_i64,3,38917,2,enum_static,0.420396
2,128,false,avg_i64,3,38917,3,bound_dynamic,0.387694
2,128,false,avg_i64,3,38917,4,bound_static,0.383831
2,128,false,avg_i64,3,38917,5,before,0.420172
2,128,false,avg_i64,4,38917,0,enum_dynamic,0.419605
2,128,false,avg_i64,4,38917,1,enum_static,0.421857
2,128,false,avg_i64,4,38917,2,bound_dynamic,0.385266
2,128,false,avg_i64,4,38917,3,bound_static,0.383335
2,128,false,avg_i64,4,38917,4,before,0.420105
2,128,false,avg_i64,4,38917,5,after,0.382811
2,128,false,avg_i64,5,38917,0,enum_static,0.417827
2,128,false,avg_i64,5,38917,1,bound_dynamic,0.386061
2,128,false,avg_i64,5,38917,2,bound_static,0.383488
2,128,false,avg_i64,5,38917,3,before,0.420614
2,128,false,avg_i64,5,38917,4,after,0.384926
2,128,false,avg_i64,5,38917,5,enum_dynamic,0.421368
2,128,false,avg_i64,6,38917,0,bound_dynamic,0.385228
2,128,false,avg_i64,6,38917,1,bound_static,0.384561
2,128,false,avg_i64,6,38917,2,before,0.419347
2,128,false,avg_i64,6,38917,3,after,0.383962
2,128,false,avg_i64,6,38917,4,enum_dynamic,0.420356
2,128,false,avg_i64,6,38917,5,enum_static,0.419812
2,128,false,avg_i64,7,38917,0,bound_static,0.384586
2,128,false,avg_i64,7,38917,1,before,0.420148
2,128,false,avg_i64,7,38917,2,after,0.385727
2,128,false,avg_i64,7,38917,3,enum_dynamic,0.421038
2,128,false,avg_i64,7,38917,4,enum_static,0.425156
2,128,false,avg_i64,7,38917,5,bound_dynamic,0.390857
2,128,false,avg_i64,8,38917,0,before,0.423616
2,128,false,avg_i64,8,38917,1,after,0.381922
2,128,false,avg_i64,8,38917,2,enum_dynamic,0.420124
2,128,false,avg_i64,8,38917,3,enum_static,0.420173
2,128,false,avg_i64,8,38917,4,bound_dynamic,0.388614
2,128,false,avg_i64,8,38917,5,bound_static,0.384157
2,128,false,avg_i64,9,38917,0,after,0.385825
2,128,false,avg_i64,9,38917,1,enum_dynamic,0.419718
2,128,false,avg_i64,9,38917,2,enum_static,0.420756
2,128,false,avg_i64,9,38917,3,bound_dynamic,0.389735
2,128,false,avg_i64,9,38917,4,bound_static,0.384217
2,128,false,avg_i64,9,38917,5,before,0.420374
2,128,false,avg_i64,10,38917,0,enum_dynamic,0.420734
2,128,false,avg_i64,10,38917,1,enum_static,0.419603
2,128,false,avg_i64,10,38917,2,bound_dynamic,0.390202
2,128,false,avg_i64,10,38917,3,bound_static,0.384051
2,128,false,avg_i64,10,38917,4,before,0.418400
2,128,false,avg_i64,10,38917,5,after,0.385363
2,128,false,avg_i64,11,38917,0,enum_static,0.420125
2,128,false,avg_i64,11,38917,1,bound_dynamic,0.389066
2,128,false,avg_i64,11,38917,2,bound_static,0.383834
2,128,false,avg_i64,11,38917,3,before,0.420537
2,128,false,avg_i64,11,38917,4,after,0.384932
2,128,false,avg_i64,11,38917,5,enum_dynamic,0.420653
2,65536,true,max_i64,0,41,0,bound_dynamic,388.156512
2,65536,true,max_i64,0,41,1,bound_static,363.813000
2,65536,true,max_i64,0,41,2,before,370.483732
2,65536,true,max_i64,0,41,3,after,370.092488
2,65536,true,max_i64,0,41,4,enum_dynamic,370.334341
2,65536,true,max_i64,0,41,5,enum_static,370.186976
2,65536,true,max_i64,1,41,0,bound_static,369.204268
2,65536,true,max_i64,1,41,1,before,370.167683
2,65536,true,max_i64,1,41,2,after,370.376024
2,65536,true,max_i64,1,41,3,enum_dynamic,371.685976
2,65536,true,max_i64,1,41,4,enum_static,371.152439
2,65536,true,max_i64,1,41,5,bound_dynamic,387.133122
2,65536,true,max_i64,2,41,0,before,371.358732
2,65536,true,max_i64,2,41,1,after,371.099585
2,65536,true,max_i64,2,41,2,enum_dynamic,371.880073
2,65536,true,max_i64,2,41,3,enum_static,371.230683
2,65536,true,max_i64,2,41,4,bound_dynamic,387.592463
2,65536,true,max_i64,2,41,5,bound_static,369.609756
2,65536,true,max_i64,3,41,0,after,372.318098
2,65536,true,max_i64,3,41,1,enum_dynamic,371.924805
2,65536,true,max_i64,3,41,2,enum_static,370.757098
2,65536,true,max_i64,3,41,3,bound_dynamic,388.893293
2,65536,true,max_i64,3,41,4,bound_static,368.177829
2,65536,true,max_i64,3,41,5,before,372.565049
2,65536,true,max_i64,4,41,0,enum_dynamic,371.912585
2,65536,true,max_i64,4,41,1,enum_static,371.270341
2,65536,true,max_i64,4,41,2,bound_dynamic,389.508122
2,65536,true,max_i64,4,41,3,bound_static,370.416683
2,65536,true,max_i64,4,41,4,before,371.196146
2,65536,true,max_i64,4,41,5,after,370.733732
2,65536,true,max_i64,5,41,0,enum_static,371.287610
2,65536,true,max_i64,5,41,1,bound_dynamic,388.638195
2,65536,true,max_i64,5,41,2,bound_static,372.790634
2,65536,true,max_i64,5,41,3,before,375.213415
2,65536,true,max_i64,5,41,4,after,372.976610
2,65536,true,max_i64,5,41,5,enum_dynamic,374.765244
2,65536,true,max_i64,6,41,0,bound_dynamic,388.901415
2,65536,true,max_i64,6,41,1,bound_static,370.205293
2,65536,true,max_i64,6,41,2,before,371.951220
2,65536,true,max_i64,6,41,3,after,370.970512
2,65536,true,max_i64,6,41,4,enum_dynamic,371.181927
2,65536,true,max_i64,6,41,5,enum_static,371.029463
2,65536,true,max_i64,7,41,0,bound_static,371.100610
2,65536,true,max_i64,7,41,1,before,372.276439
2,65536,true,max_i64,7,41,2,after,370.516268
2,65536,true,max_i64,7,41,3,enum_dynamic,371.872951
2,65536,true,max_i64,7,41,4,enum_static,370.552829
2,65536,true,max_i64,7,41,5,bound_dynamic,388.075195
2,65536,true,max_i64,8,41,0,before,372.086366
2,65536,true,max_i64,8,41,1,after,370.155488
2,65536,true,max_i64,8,41,2,enum_dynamic,370.038610
2,65536,true,max_i64,8,41,3,enum_static,371.160561
2,65536,true,max_i64,8,41,4,bound_dynamic,388.575195
2,65536,true,max_i64,8,41,5,bound_static,363.666683
2,65536,true,max_i64,9,41,0,after,370.250000
2,65536,true,max_i64,9,41,1,enum_dynamic,371.255098
2,65536,true,max_i64,9,41,2,enum_static,372.384146
2,65536,true,max_i64,9,41,3,bound_dynamic,395.720537
2,65536,true,max_i64,9,41,4,bound_static,370.631098
2,65536,true,max_i64,9,41,5,before,371.182927
2,65536,true,max_i64,10,41,0,enum_dynamic,374.730707
2,65536,true,max_i64,10,41,1,enum_static,368.883122
2,65536,true,max_i64,10,41,2,bound_dynamic,389.590439
2,65536,true,max_i64,10,41,3,bound_static,369.772366
2,65536,true,max_i64,10,41,4,before,371.734756
2,65536,true,max_i64,10,41,5,after,371.413634
2,65536,true,max_i64,11,41,0,enum_static,371.615854
2,65536,true,max_i64,11,41,1,bound_dynamic,387.411585
2,65536,true,max_i64,11,41,2,bound_static,369.269317
2,65536,true,max_i64,11,41,3,before,374.639220
2,65536,true,max_i64,11,41,4,after,370.296756
2,65536,true,max_i64,11,41,5,enum_dynamic,370.212390
2,8192,true,sum_u64,0,892,0,bound_dynamic,16.829877
2,8192,true,sum_u64,0,892,1,bound_static,16.862481
2,8192,true,sum_u64,0,892,2,before,16.860987
2,8192,true,sum_u64,0,892,3,after,16.837584
2,8192,true,sum_u64,0,892,4,enum_dynamic,16.857811
2,8192,true,sum_u64,0,892,5,enum_static,16.903167
2,8192,true,sum_u64,1,892,0,bound_static,16.863462
2,8192,true,sum_u64,1,892,1,before,16.920591
2,8192,true,sum_u64,1,892,2,after,16.857436
2,8192,true,sum_u64,1,892,3,enum_dynamic,16.870983
2,8192,true,sum_u64,1,892,4,enum_static,16.872057
2,8192,true,sum_u64,1,892,5,bound_dynamic,16.856595
2,8192,true,sum_u64,2,892,0,before,16.868507
2,8192,true,sum_u64,2,892,1,after,16.839126
2,8192,true,sum_u64,2,892,2,enum_dynamic,16.899289
2,8192,true,sum_u64,2,892,3,enum_static,16.909567
2,8192,true,sum_u64,2,892,4,bound_dynamic,16.888780
2,8192,true,sum_u64,2,892,5,bound_static,16.843563
2,8192,true,sum_u64,3,892,0,after,16.914145
2,8192,true,sum_u64,3,892,1,enum_dynamic,16.913911
2,8192,true,sum_u64,3,892,2,enum_static,16.886865
2,8192,true,sum_u64,3,892,3,bound_dynamic,16.834035
2,8192,true,sum_u64,3,892,4,bound_static,16.862528
2,8192,true,sum_u64,3,892,5,before,16.896954
2,8192,true,sum_u64,4,892,0,enum_dynamic,16.856362
2,8192,true,sum_u64,4,892,1,enum_static,16.811099
2,8192,true,sum_u64,4,892,2,bound_dynamic,16.852906
2,8192,true,sum_u64,4,892,3,bound_static,16.846740
2,8192,true,sum_u64,4,892,4,before,16.873085
2,8192,true,sum_u64,4,892,5,after,16.831325
2,8192,true,sum_u64,5,892,0,enum_static,16.839920
2,8192,true,sum_u64,5,892,1,bound_dynamic,16.884109
2,8192,true,sum_u64,5,892,2,bound_static,17.104774
2,8192,true,sum_u64,5,892,3,before,16.877989
2,8192,true,sum_u64,5,892,4,after,16.875187
2,8192,true,sum_u64,5,892,5,enum_dynamic,16.881726
2,8192,true,sum_u64,6,892,0,bound_dynamic,16.877757
2,8192,true,sum_u64,6,892,1,bound_static,16.885650
2,8192,true,sum_u64,6,892,2,before,16.877149
2,8192,true,sum_u64,6,892,3,after,16.839780
2,8192,true,sum_u64,6,892,4,enum_dynamic,16.904756
2,8192,true,sum_u64,6,892,5,enum_static,16.865797
2,8192,true,sum_u64,7,892,0,bound_static,16.846460
2,8192,true,sum_u64,7,892,1,before,16.905783
2,8192,true,sum_u64,7,892,2,after,16.839593
2,8192,true,sum_u64,7,892,3,enum_dynamic,16.908867
2,8192,true,sum_u64,7,892,4,enum_static,16.890975
2,8192,true,sum_u64,7,892,5,bound_dynamic,16.882988
2,8192,true,sum_u64,8,892,0,before,16.895460
2,8192,true,sum_u64,8,892,1,after,16.886118
2,8192,true,sum_u64,8,892,2,enum_dynamic,16.874393
2,8192,true,sum_u64,8,892,3,enum_static,16.906296
2,8192,true,sum_u64,8,892,4,bound_dynamic,16.851785
2,8192,true,sum_u64,8,892,5,bound_static,16.836323
2,8192,true,sum_u64,9,892,0,after,17.074038
2,8192,true,sum_u64,9,892,1,enum_dynamic,16.854307
2,8192,true,sum_u64,9,892,2,enum_static,16.915733
2,8192,true,sum_u64,9,892,3,bound_dynamic,16.848515
2,8192,true,sum_u64,9,892,4,bound_static,16.885183
2,8192,true,sum_u64,9,892,5,before,16.864583
2,8192,true,sum_u64,10,892,0,enum_dynamic,16.852438
2,8192,true,sum_u64,10,892,1,enum_static,16.847487
2,8192,true,sum_u64,10,892,2,bound_dynamic,16.857203
2,8192,true,sum_u64,10,892,3,bound_static,16.834361
2,8192,true,sum_u64,10,892,4,before,16.849028
2,8192,true,sum_u64,10,892,5,after,16.840200
2,8192,true,sum_u64,11,892,0,enum_static,16.847768
2,8192,true,sum_u64,11,892,1,bound_dynamic,16.823150
2,8192,true,sum_u64,11,892,2,bound_static,16.958660
2,8192,true,sum_u64,11,892,3,before,16.897469
2,8192,true,sum_u64,11,892,4,after,16.801943
2,8192,true,sum_u64,11,892,5,enum_dynamic,16.882707
2,8192,true,covar_i64,0,444,0,bound_dynamic,33.856137
2,8192,true,covar_i64,0,444,1,bound_static,33.986863
2,8192,true,covar_i64,0,444,2,before,34.582583
2,8192,true,covar_i64,0,444,3,after,33.957676
2,8192,true,covar_i64,0,444,4,enum_dynamic,34.574324
2,8192,true,covar_i64,0,444,5,enum_static,34.719500
2,8192,true,covar_i64,1,444,0,bound_static,33.881944
2,8192,true,covar_i64,1,444,1,before,34.584365
2,8192,true,covar_i64,1,444,2,after,33.824887
2,8192,true,covar_i64,1,444,3,enum_dynamic,34.689939
2,8192,true,covar_i64,1,444,4,enum_static,34.664227
2,8192,true,covar_i64,1,444,5,bound_dynamic,33.865991
2,8192,true,covar_i64,2,444,0,before,34.858016
2,8192,true,covar_i64,2,444,1,after,33.891234
2,8192,true,covar_i64,2,444,2,enum_dynamic,34.698104
2,8192,true,covar_i64,2,444,3,enum_static,34.644331
2,8192,true,covar_i64,2,444,4,bound_dynamic,34.023743
2,8192,true,covar_i64,2,444,5,bound_static,33.919295
2,8192,true,covar_i64,3,444,0,after,34.013703
2,8192,true,covar_i64,3,444,1,enum_dynamic,34.858671
2,8192,true,covar_i64,3,444,2,enum_static,34.763514
2,8192,true,covar_i64,3,444,3,bound_dynamic,33.946509
2,8192,true,covar_i64,3,444,4,bound_static,34.066818
2,8192,true,covar_i64,3,444,5,before,34.749532
2,8192,true,covar_i64,4,444,0,enum_dynamic,34.594032
2,8192,true,covar_i64,4,444,1,enum_static,34.761261
2,8192,true,covar_i64,4,444,2,bound_dynamic,33.898930
2,8192,true,covar_i64,4,444,3,bound_static,34.020552
2,8192,true,covar_i64,4,444,4,before,34.696414
2,8192,true,covar_i64,4,444,5,after,34.096097
2,8192,true,covar_i64,5,444,0,enum_static,34.913759
2,8192,true,covar_i64,5,444,1,bound_dynamic,34.007788
2,8192,true,covar_i64,5,444,2,bound_static,33.827327
2,8192,true,covar_i64,5,444,3,before,34.652214
2,8192,true,covar_i64,5,444,4,after,33.853322
2,8192,true,covar_i64,5,444,5,enum_dynamic,34.584836
2,8192,true,covar_i64,6,444,0,bound_dynamic,33.884667
2,8192,true,covar_i64,6,444,1,bound_static,33.830610
2,8192,true,covar_i64,6,444,2,before,34.777122
2,8192,true,covar_i64,6,444,3,after,33.822072
2,8192,true,covar_i64,6,444,4,enum_dynamic,34.640484
2,8192,true,covar_i64,6,444,5,enum_static,34.672390
2,8192,true,covar_i64,7,444,0,bound_static,33.882975
2,8192,true,covar_i64,7,444,1,before,34.731700
2,8192,true,covar_i64,7,444,2,after,33.921171
2,8192,true,covar_i64,7,444,3,enum_dynamic,34.559216
2,8192,true,covar_i64,7,444,4,enum_static,34.627252
2,8192,true,covar_i64,7,444,5,bound_dynamic,33.996716
2,8192,true,covar_i64,8,444,0,before,34.804336
2,8192,true,covar_i64,8,444,1,after,33.976162
2,8192,true,covar_i64,8,444,2,enum_dynamic,34.601351
2,8192,true,covar_i64,8,444,3,enum_static,34.721189
2,8192,true,covar_i64,8,444,4,bound_dynamic,33.922484
2,8192,true,covar_i64,8,444,5,bound_static,33.943975
2,8192,true,covar_i64,9,444,0,after,33.845158
2,8192,true,covar_i64,9,444,1,enum_dynamic,34.588119
2,8192,true,covar_i64,9,444,2,enum_static,34.665635
2,8192,true,covar_i64,9,444,3,bound_dynamic,33.831739
2,8192,true,covar_i64,9,444,4,bound_static,33.895270
2,8192,true,covar_i64,9,444,5,before,34.725225
2,8192,true,covar_i64,10,444,0,enum_dynamic,34.672579
2,8192,true,covar_i64,10,444,1,enum_static,34.725225
2,8192,true,covar_i64,10,444,2,bound_dynamic,34.056869
2,8192,true,covar_i64,10,444,3,bound_static,33.909441
2,8192,true,covar_i64,10,444,4,before,35.163007
2,8192,true,covar_i64,10,444,5,after,33.993525
2,8192,true,covar_i64,11,444,0,enum_static,34.705894
2,8192,true,covar_i64,11,444,1,bound_dynamic,33.919200
2,8192,true,covar_i64,11,444,2,bound_static,33.896209
2,8192,true,covar_i64,11,444,3,before,34.685342
2,8192,true,covar_i64,11,444,4,after,33.962462
2,8192,true,covar_i64,11,444,5,enum_dynamic,34.736863
2,8192,true,max_utf8,0,138,0,bound_dynamic,113.212862
2,8192,true,max_utf8,0,138,1,bound_static,110.386478
2,8192,true,max_utf8,0,138,2,before,110.477355
2,8192,true,max_utf8,0,138,3,after,110.346014
2,8192,true,max_utf8,0,138,4,enum_dynamic,109.912442
2,8192,true,max_utf8,0,138,5,enum_static,110.336652
2,8192,true,max_utf8,1,138,0,bound_static,110.452899
2,8192,true,max_utf8,1,138,1,before,110.110203
2,8192,true,max_utf8,1,138,2,after,109.533210
2,8192,true,max_utf8,1,138,3,enum_dynamic,111.181159
2,8192,true,max_utf8,1,138,4,enum_static,110.307065
2,8192,true,max_utf8,1,138,5,bound_dynamic,111.150362
2,8192,true,max_utf8,2,138,0,before,110.359899
2,8192,true,max_utf8,2,138,1,after,109.972529
2,8192,true,max_utf8,2,138,2,enum_dynamic,111.546500
2,8192,true,max_utf8,2,138,3,enum_static,110.034725
2,8192,true,max_utf8,2,138,4,bound_dynamic,113.071254
2,8192,true,max_utf8,2,138,5,bound_static,109.827601
2,8192,true,max_utf8,3,138,0,after,110.522043
2,8192,true,max_utf8,3,138,1,enum_dynamic,109.319442
2,8192,true,max_utf8,3,138,2,enum_static,110.376210
2,8192,true,max_utf8,3,138,3,bound_dynamic,111.935391
2,8192,true,max_utf8,3,138,4,bound_static,109.396138
2,8192,true,max_utf8,3,138,5,before,109.657906
2,8192,true,max_utf8,4,138,0,enum_dynamic,109.928739
2,8192,true,max_utf8,4,138,1,enum_static,110.403080
2,8192,true,max_utf8,4,138,2,bound_dynamic,113.544384
2,8192,true,max_utf8,4,138,3,bound_static,110.242754
2,8192,true,max_utf8,4,138,4,before,110.356587
2,8192,true,max_utf8,4,138,5,after,109.753014
2,8192,true,max_utf8,5,138,0,enum_static,110.110804
2,8192,true,max_utf8,5,138,1,bound_dynamic,112.946855
2,8192,true,max_utf8,5,138,2,bound_static,109.754225
2,8192,true,max_utf8,5,138,3,before,110.945043
2,8192,true,max_utf8,5,138,4,after,110.825181
2,8192,true,max_utf8,5,138,5,enum_dynamic,108.492449
2,8192,true,max_utf8,6,138,0,bound_dynamic,110.865942
2,8192,true,max_utf8,6,138,1,bound_static,109.727051
2,8192,true,max_utf8,6,138,2,before,109.601152
2,8192,true,max_utf8,6,138,3,after,108.193239
2,8192,true,max_utf8,6,138,4,enum_dynamic,110.363826
2,8192,true,max_utf8,6,138,5,enum_static,110.180558
2,8192,true,max_utf8,7,138,0,bound_static,109.873790
2,8192,true,max_utf8,7,138,1,before,109.812500
2,8192,true,max_utf8,7,138,2,after,111.353862
2,8192,true,max_utf8,7,138,3,enum_dynamic,109.781406
2,8192,true,max_utf8,7,138,4,enum_static,110.009058
2,8192,true,max_utf8,7,138,5,bound_dynamic,111.978558
2,8192,true,max_utf8,8,138,0,before,109.663949
2,8192,true,max_utf8,8,138,1,after,107.573065
2,8192,true,max_utf8,8,138,2,enum_dynamic,110.165761
2,8192,true,max_utf8,8,138,3,enum_static,110.035928
2,8192,true,max_utf8,8,138,4,bound_dynamic,111.961355
2,8192,true,max_utf8,8,138,5,bound_static,111.198370
2,8192,true,max_utf8,9,138,0,after,108.331819
2,8192,true,max_utf8,9,138,1,enum_dynamic,109.970109
2,8192,true,max_utf8,9,138,2,enum_static,110.436891
2,8192,true,max_utf8,9,138,3,bound_dynamic,110.039246
2,8192,true,max_utf8,9,138,4,bound_static,109.676326
2,8192,true,max_utf8,9,138,5,before,110.477355
2,8192,true,max_utf8,10,138,0,enum_dynamic,110.696254
2,8192,true,max_utf8,10,138,1,enum_static,111.218899
2,8192,true,max_utf8,10,138,2,bound_dynamic,110.486413
2,8192,true,max_utf8,10,138,3,bound_static,110.516000
2,8192,true,max_utf8,10,138,4,before,110.055862
2,8192,true,max_utf8,10,138,5,after,110.414558
2,8192,true,max_utf8,11,138,0,enum_static,108.606580
2,8192,true,max_utf8,11,138,1,bound_dynamic,112.131341
2,8192,true,max_utf8,11,138,2,bound_static,109.785935
2,8192,true,max_utf8,11,138,3,before,109.558268
2,8192,true,max_utf8,11,138,4,after,109.885870
2,8192,true,max_utf8,11,138,5,enum_dynamic,110.729768
2,65536,true,avg_i64,0,109,0,bound_dynamic,139.250000
2,65536,true,avg_i64,0,109,1,bound_static,137.087532
2,65536,true,avg_i64,0,109,2,before,156.054284
2,65536,true,avg_i64,0,109,3,after,139.077982
2,65536,true,avg_i64,0,109,4,enum_dynamic,156.186165
2,65536,true,avg_i64,0,109,5,enum_static,156.018734
2,65536,true,avg_i64,1,109,0,bound_static,139.037073
2,65536,true,avg_i64,1,109,1,before,156.279817
2,65536,true,avg_i64,1,109,2,after,139.158257
2,65536,true,avg_i64,1,109,3,enum_dynamic,156.152899
2,65536,true,avg_i64,1,109,4,enum_static,156.281725
2,65536,true,avg_i64,1,109,5,bound_dynamic,138.752294
2,65536,true,avg_i64,2,109,0,before,156.326073
2,65536,true,avg_i64,2,109,1,after,138.819193
2,65536,true,avg_i64,2,109,2,enum_dynamic,156.489294
2,65536,true,avg_i64,2,109,3,enum_static,155.949541
2,65536,true,avg_i64,2,109,4,bound_dynamic,139.590596
2,65536,true,avg_i64,2,109,5,bound_static,138.900991
2,65536,true,avg_i64,3,109,0,after,139.227064
2,65536,true,avg_i64,3,109,1,enum_dynamic,158.594037
2,65536,true,avg_i64,3,109,2,enum_static,156.505734
2,65536,true,avg_i64,3,109,3,bound_dynamic,138.928523
2,65536,true,avg_i64,3,109,4,bound_static,138.856651
2,65536,true,avg_i64,3,109,5,before,159.403670
2,65536,true,avg_i64,4,109,0,enum_dynamic,156.596716
2,65536,true,avg_i64,4,109,1,enum_static,156.222092
2,65536,true,avg_i64,4,109,2,bound_dynamic,139.043578
2,65536,true,avg_i64,4,109,3,bound_static,138.355505
2,65536,true,avg_i64,4,109,4,before,159.671633
2,65536,true,avg_i64,4,109,5,after,139.743881
2,65536,true,avg_i64,5,109,0,enum_static,156.399844
2,65536,true,avg_i64,5,109,1,bound_dynamic,139.329890
2,65536,true,avg_i64,5,109,2,bound_static,139.490064
2,65536,true,avg_i64,5,109,3,before,155.807725
2,65536,true,avg_i64,5,109,4,after,138.529817
2,65536,true,avg_i64,5,109,5,enum_dynamic,156.022936
2,65536,true,avg_i64,6,109,0,bound_dynamic,138.503817
2,65536,true,avg_i64,6,109,1,bound_static,138.579128
2,65536,true,avg_i64,6,109,2,before,155.784404
2,65536,true,avg_i64,6,109,3,after,138.688835
2,65536,true,avg_i64,6,109,4,enum_dynamic,156.013376
2,65536,true,avg_i64,6,109,5,enum_static,157.102450
2,65536,true,avg_i64,7,109,0,bound_static,138.987771
2,65536,true,avg_i64,7,109,1,before,156.224385
2,65536,true,avg_i64,7,109,2,after,139.048165
2,65536,true,avg_i64,7,109,3,enum_dynamic,156.444183
2,65536,true,avg_i64,7,109,4,enum_static,156.024844
2,65536,true,avg_i64,7,109,5,bound_dynamic,138.695339
2,65536,true,avg_i64,8,109,0,before,156.483569
2,65536,true,avg_i64,8,109,1,after,139.329505
2,65536,true,avg_i64,8,109,2,enum_dynamic,156.253055
2,65536,true,avg_i64,8,109,3,enum_static,156.133028
2,65536,true,avg_i64,8,109,4,bound_dynamic,138.960633
2,65536,true,avg_i64,8,109,5,bound_static,139.257642
2,65536,true,avg_i64,9,109,0,after,139.244266
2,65536,true,avg_i64,9,109,1,enum_dynamic,156.097477
2,65536,true,avg_i64,9,109,2,enum_static,156.698018
2,65536,true,avg_i64,9,109,3,bound_dynamic,139.037459
2,65536,true,avg_i64,9,109,4,bound_static,138.969798
2,65536,true,avg_i64,9,109,5,before,159.229358
2,65536,true,avg_i64,10,109,0,enum_dynamic,156.594422
2,65536,true,avg_i64,10,109,1,enum_static,156.262615
2,65536,true,avg_i64,10,109,2,bound_dynamic,138.915523
2,65536,true,avg_i64,10,109,3,bound_static,139.345945
2,65536,true,avg_i64,10,109,4,before,159.167046
2,65536,true,avg_i64,10,109,5,after,139.131881
2,65536,true,avg_i64,11,109,0,enum_static,156.381881
2,65536,true,avg_i64,11,109,1,bound_dynamic,138.954899
2,65536,true,avg_i64,11,109,2,bound_static,139.061165
2,65536,true,avg_i64,11,109,3,before,156.615826
2,65536,true,avg_i64,11,109,4,after,139.189220
2,65536,true,avg_i64,11,109,5,enum_dynamic,155.981651
