process,rows,nullable,case,sample,iterations,position,variant,us_per_batch
2,8192,false,min_utf8,0,164,0,bound_dynamic,96.384396
2,8192,false,min_utf8,0,164,1,bound_static,91.493902
2,8192,false,min_utf8,0,164,2,before,94.011939
2,8192,false,min_utf8,0,164,3,after,91.634909
2,8192,false,min_utf8,0,164,4,enum_dynamic,96.502287
2,8192,false,min_utf8,0,164,5,enum_static,91.562500
2,8192,false,min_utf8,1,164,0,bound_static,91.653963
2,8192,false,min_utf8,1,164,1,before,93.945634
2,8192,false,min_utf8,1,164,2,after,91.617628
2,8192,false,min_utf8,1,164,3,enum_dynamic,96.961128
2,8192,false,min_utf8,1,164,4,enum_static,90.242884
2,8192,false,min_utf8,1,164,5,bound_dynamic,94.884652
2,8192,false,min_utf8,2,164,0,before,92.575707
2,8192,false,min_utf8,2,164,1,after,89.979165
2,8192,false,min_utf8,2,164,2,enum_dynamic,94.656506
2,8192,false,min_utf8,2,164,3,enum_static,90.361530
2,8192,false,min_utf8,2,164,4,bound_dynamic,96.074445
2,8192,false,min_utf8,2,164,5,bound_static,90.142274
2,8192,false,min_utf8,3,164,0,after,91.263976
2,8192,false,min_utf8,3,164,1,enum_dynamic,96.641768
2,8192,false,min_utf8,3,164,2,enum_static,92.738817
2,8192,false,min_utf8,3,164,3,bound_dynamic,95.687500
2,8192,false,min_utf8,3,164,4,bound_static,90.250762
2,8192,false,min_utf8,3,164,5,before,92.593750
2,8192,false,min_utf8,4,164,0,enum_dynamic,94.877030
2,8192,false,min_utf8,4,164,1,enum_static,90.041921
2,8192,false,min_utf8,4,164,2,bound_dynamic,94.667683
2,8192,false,min_utf8,4,164,3,bound_static,91.246439
2,8192,false,min_utf8,4,164,4,before,94.130841
2,8192,false,min_utf8,4,164,5,after,91.874750
2,8192,false,min_utf8,5,164,0,enum_static,91.543189
2,8192,false,min_utf8,5,164,1,bound_dynamic,94.893293
2,8192,false,min_utf8,5,164,2,bound_static,90.458841
2,8192,false,min_utf8,5,164,3,before,92.281000
2,8192,false,min_utf8,5,164,4,after,90.228402
2,8192,false,min_utf8,5,164,5,enum_dynamic,94.874744
2,8192,false,min_utf8,6,164,0,bound_dynamic,94.802848
2,8192,false,min_utf8,6,164,1,bound_static,90.060976
2,8192,false,min_utf8,6,164,2,before,92.422506
2,8192,false,min_utf8,6,164,3,after,90.158537
2,8192,false,min_utf8,6,164,4,enum_dynamic,94.760165
2,8192,false,min_utf8,6,164,5,enum_static,90.248220
2,8192,false,min_utf8,7,164,0,bound_static,90.549030
2,8192,false,min_utf8,7,164,1,before,92.428354
2,8192,false,min_utf8,7,164,2,after,90.204012
2,8192,false,min_utf8,7,164,3,enum_dynamic,95.112293
2,8192,false,min_utf8,7,164,4,enum_static,90.509146
2,8192,false,min_utf8,7,164,5,bound_dynamic,95.206299
2,8192,false,min_utf8,8,164,0,before,92.478915
2,8192,false,min_utf8,8,164,1,after,90.182165
2,8192,false,min_utf8,8,164,2,enum_dynamic,96.051323
2,8192,false,min_utf8,8,164,3,enum_static,91.737805
2,8192,false,min_utf8,8,164,4,bound_dynamic,94.858738
2,8192,false,min_utf8,8,164,5,bound_static,90.450713
2,8192,false,min_utf8,9,164,0,after,91.285061
2,8192,false,min_utf8,9,164,1,enum_dynamic,95.037091
2,8192,false,min_utf8,9,164,2,enum_static,90.099335
2,8192,false,min_utf8,9,164,3,bound_dynamic,95.842476
2,8192,false,min_utf8,9,164,4,bound_static,93.128305
2,8192,false,min_utf8,9,164,5,before,93.350098
2,8192,false,min_utf8,10,164,0,enum_dynamic,95.372207
2,8192,false,min_utf8,10,164,1,enum_static,89.962652
2,8192,false,min_utf8,10,164,2,bound_dynamic,94.670220
2,8192,false,min_utf8,10,164,3,bound_static,89.983994
2,8192,false,min_utf8,10,164,4,before,92.562500
2,8192,false,min_utf8,10,164,5,after,90.729421
2,8192,false,min_utf8,11,164,0,enum_static,91.755841
2,8192,false,min_utf8,11,164,1,bound_dynamic,96.511433
2,8192,false,min_utf8,11,164,2,bound_static,89.876268
2,8192,false,min_utf8,11,164,3,before,92.324189
2,8192,false,min_utf8,11,164,4,after,91.170732
2,8192,false,min_utf8,11,164,5,enum_dynamic,96.469512
2,8192,false,mixed_7,0,30,0,bound_dynamic,551.886100
2,8192,false,mixed_7,0,30,1,bound_static,544.020833
2,8192,false,mixed_7,0,30,2,before,509.755567
2,8192,false,mixed_7,0,30,3,after,503.455533
2,8192,false,mixed_7,0,30,4,enum_dynamic,541.694433
2,8192,false,mixed_7,0,30,5,enum_static,534.855533
2,8192,false,mixed_7,1,30,0,bound_static,537.118033
2,8192,false,mixed_7,1,30,1,before,501.645833
2,8192,false,mixed_7,1,30,2,after,497.408333
2,8192,false,mixed_7,1,30,3,enum_dynamic,542.277767
2,8192,false,mixed_7,1,30,4,enum_static,533.983333
2,8192,false,mixed_7,1,30,5,bound_dynamic,541.044433
2,8192,false,mixed_7,2,30,0,before,512.845833
2,8192,false,mixed_7,2,30,1,after,500.993033
2,8192,false,mixed_7,2,30,2,enum_dynamic,546.316667
2,8192,false,mixed_7,2,30,3,enum_static,544.998600
2,8192,false,mixed_7,2,30,4,bound_dynamic,550.844433
2,8192,false,mixed_7,2,30,5,bound_static,544.754167
2,8192,false,mixed_7,3,30,0,after,508.069467
2,8192,false,mixed_7,3,30,1,enum_dynamic,553.195833
2,8192,false,mixed_7,3,30,2,enum_static,545.440267
2,8192,false,mixed_7,3,30,3,bound_dynamic,550.281933
2,8192,false,mixed_7,3,30,4,bound_static,545.420833
2,8192,false,mixed_7,3,30,5,before,513.741667
2,8192,false,mixed_7,4,30,0,enum_dynamic,552.436100
2,8192,false,mixed_7,4,30,1,enum_static,544.768033
2,8192,false,mixed_7,4,30,2,bound_dynamic,549.579167
2,8192,false,mixed_7,4,30,3,bound_static,544.063867
2,8192,false,mixed_7,4,30,4,before,511.831933
2,8192,false,mixed_7,4,30,5,after,504.733333
2,8192,false,mixed_7,5,30,0,enum_static,545.543033
2,8192,false,mixed_7,5,30,1,bound_dynamic,545.901400
2,8192,false,mixed_7,5,30,2,bound_static,543.195833
2,8192,false,mixed_7,5,30,3,before,513.544433
2,8192,false,mixed_7,5,30,4,after,524.819433
2,8192,false,mixed_7,5,30,5,enum_dynamic,571.855533
2,8192,false,mixed_7,6,30,0,bound_dynamic,559.454167
2,8192,false,mixed_7,6,30,1,bound_static,550.572233
2,8192,false,mixed_7,6,30,2,before,516.598633
2,8192,false,mixed_7,6,30,3,after,505.351367
2,8192,false,mixed_7,6,30,4,enum_dynamic,543.193067
2,8192,false,mixed_7,6,30,5,enum_static,545.426400
2,8192,false,mixed_7,7,30,0,bound_static,544.231933
2,8192,false,mixed_7,7,30,1,before,516.026400
2,8192,false,mixed_7,7,30,2,after,505.562500
2,8192,false,mixed_7,7,30,3,enum_dynamic,550.461100
2,8192,false,mixed_7,7,30,4,enum_static,544.566667
2,8192,false,mixed_7,7,30,5,bound_dynamic,553.305533
2,8192,false,mixed_7,8,30,0,before,511.191667
2,8192,false,mixed_7,8,30,1,after,504.366667
2,8192,false,mixed_7,8,30,2,enum_dynamic,550.934733
2,8192,false,mixed_7,8,30,3,enum_static,543.961100
2,8192,false,mixed_7,8,30,4,bound_dynamic,550.366667
2,8192,false,mixed_7,8,30,5,bound_static,543.051400
2,8192,false,mixed_7,9,30,0,after,504.380533
2,8192,false,mixed_7,9,30,1,enum_dynamic,550.119433
2,8192,false,mixed_7,9,30,2,enum_static,536.608333
2,8192,false,mixed_7,9,30,3,bound_dynamic,548.155533
2,8192,false,mixed_7,9,30,4,bound_static,546.593067
2,8192,false,mixed_7,9,30,5,before,513.865267
2,8192,false,mixed_7,10,30,0,enum_dynamic,552.843067
2,8192,false,mixed_7,10,30,1,enum_static,544.845833
2,8192,false,mixed_7,10,30,2,bound_dynamic,553.794433
2,8192,false,mixed_7,10,30,3,bound_static,543.481933
2,8192,false,mixed_7,10,30,4,before,515.790267
2,8192,false,mixed_7,10,30,5,after,505.097233
2,8192,false,mixed_7,11,30,0,enum_static,544.891667
2,8192,false,mixed_7,11,30,1,bound_dynamic,551.313900
2,8192,false,mixed_7,11,30,2,bound_static,549.126367
2,8192,false,mixed_7,11,30,3,before,509.009700
2,8192,false,mixed_7,11,30,4,after,498.366667
2,8192,false,mixed_7,11,30,5,enum_dynamic,542.037500
2,128,true,count_star,0,50000,0,bound_dynamic,0.067950
2,128,true,count_star,0,50000,1,bound_static,0.068205
2,128,true,count_star,0,50000,2,before,0.070101
2,128,true,count_star,0,50000,3,after,0.067960
2,128,true,count_star,0,50000,4,enum_dynamic,0.068810
2,128,true,count_star,0,50000,5,enum_static,0.068646
2,128,true,count_star,1,50000,0,bound_static,0.068197
2,128,true,count_star,1,50000,1,before,0.069943
2,128,true,count_star,1,50000,2,after,0.069173
2,128,true,count_star,1,50000,3,enum_dynamic,0.070427
2,128,true,count_star,1,50000,4,enum_static,0.069992
2,128,true,count_star,1,50000,5,bound_dynamic,0.069964
2,128,true,count_star,2,50000,0,before,0.073873
2,128,true,count_star,2,50000,1,after,0.067911
2,128,true,count_star,2,50000,2,enum_dynamic,0.069343
2,128,true,count_star,2,50000,3,enum_static,0.071085
2,128,true,count_star,2,50000,4,bound_dynamic,0.067902
2,128,true,count_star,2,50000,5,bound_static,0.067850
2,128,true,count_star,3,50000,0,after,0.067955
2,128,true,count_star,3,50000,1,enum_dynamic,0.068738
2,128,true,count_star,3,50000,2,enum_static,0.068738
2,128,true,count_star,3,50000,3,bound_dynamic,0.068560
2,128,true,count_star,3,50000,4,bound_static,0.068005
2,128,true,count_star,3,50000,5,before,0.069817
2,128,true,count_star,4,50000,0,enum_dynamic,0.069648
2,128,true,count_star,4,50000,1,enum_static,0.070064
2,128,true,count_star,4,50000,2,bound_dynamic,0.069434
2,128,true,count_star,4,50000,3,bound_static,0.069153
2,128,true,count_star,4,50000,4,before,0.071008
2,128,true,count_star,4,50000,5,after,0.069268
2,128,true,count_star,5,50000,0,enum_static,0.070273
2,128,true,count_star,5,50000,1,bound_dynamic,0.069405
2,128,true,count_star,5,50000,2,bound_static,0.069732
2,128,true,count_star,5,50000,3,before,0.071038
2,128,true,count_star,5,50000,4,after,0.069466
2,128,true,count_star,5,50000,5,enum_dynamic,0.070222
2,128,true,count_star,6,50000,0,bound_dynamic,0.069186
2,128,true,count_star,6,50000,1,bound_static,0.069132
2,128,true,count_star,6,50000,2,before,0.071061
2,128,true,count_star,6,50000,3,after,0.069132
2,128,true,count_star,6,50000,4,enum_dynamic,0.071183
2,128,true,count_star,6,50000,5,enum_static,0.070109
2,128,true,count_star,7,50000,0,bound_static,0.069160
2,128,true,count_star,7,50000,1,before,0.071057
2,128,true,count_star,7,50000,2,after,0.069252
2,128,true,count_star,7,50000,3,enum_dynamic,0.070109
2,128,true,count_star,7,50000,4,enum_static,0.069873
2,128,true,count_star,7,50000,5,bound_dynamic,0.069253
2,128,true,count_star,8,50000,0,before,0.071021
2,128,true,count_star,8,50000,1,after,0.069217
2,128,true,count_star,8,50000,2,enum_dynamic,0.070048
2,128,true,count_star,8,50000,3,enum_static,0.069795
2,128,true,count_star,8,50000,4,bound_dynamic,0.069212
2,128,true,count_star,8,50000,5,bound_static,0.069138
2,128,true,count_star,9,50000,0,after,0.069137
2,128,true,count_star,9,50000,1,enum_dynamic,0.070150
2,128,true,count_star,9,50000,2,enum_static,0.069796
2,128,true,count_star,9,50000,3,bound_dynamic,0.069197
2,128,true,count_star,9,50000,4,bound_static,0.069241
2,128,true,count_star,9,50000,5,before,0.070988
2,128,true,count_star,10,50000,0,enum_dynamic,0.070067
2,128,true,count_star,10,50000,1,enum_static,0.073440
2,128,true,count_star,10,50000,2,bound_dynamic,0.070149
2,128,true,count_star,10,50000,3,bound_static,0.067862
2,128,true,count_star,10,50000,4,before,0.070918
2,128,true,count_star,10,50000,5,after,0.071937
2,128,true,count_star,11,50000,0,enum_static,0.070598
2,128,true,count_star,11,50000,1,bound_dynamic,0.071048
2,128,true,count_star,11,50000,2,bound_static,0.072156
2,128,true,count_star,11,50000,3,before,0.074158
2,128,true,count_star,11,50000,4,after,0.072142
2,128,true,count_star,11,50000,5,enum_dynamic,0.073858
2,65536,false,mixed_7,0,8,0,bound_dynamic,4063.401000
2,65536,false,mixed_7,0,8,1,bound_static,4036.755250
2,65536,false,mixed_7,0,8,2,before,4067.000000
2,65536,false,mixed_7,0,8,3,after,4005.843750
2,65536,false,mixed_7,0,8,4,enum_dynamic,4075.088625
2,65536,false,mixed_7,0,8,5,enum_static,4023.677125
2,65536,false,mixed_7,1,8,0,bound_static,4011.151000
2,65536,false,mixed_7,1,8,1,before,4079.666625
2,65536,false,mixed_7,1,8,2,after,4007.718750
2,65536,false,mixed_7,1,8,3,enum_dynamic,4059.484375
2,65536,false,mixed_7,1,8,4,enum_static,3971.677000
2,65536,false,mixed_7,1,8,5,bound_dynamic,4002.906250
2,65536,false,mixed_7,2,8,0,before,4063.223875
2,65536,false,mixed_7,2,8,1,after,3999.312500
2,65536,false,mixed_7,2,8,2,enum_dynamic,4076.562500
2,65536,false,mixed_7,2,8,3,enum_static,4015.453125
2,65536,false,mixed_7,2,8,4,bound_dynamic,4067.812500
2,65536,false,mixed_7,2,8,5,bound_static,3970.885375
2,65536,false,mixed_7,3,8,0,after,4055.369750
2,65536,false,mixed_7,3,8,1,enum_dynamic,4092.776000
2,65536,false,mixed_7,3,8,2,enum_static,3965.802125
2,65536,false,mixed_7,3,8,3,bound_dynamic,4005.078125
2,65536,false,mixed_7,3,8,4,bound_static,3962.619750
2,65536,false,mixed_7,3,8,5,before,4024.166750
2,65536,false,mixed_7,4,8,0,enum_dynamic,4012.619875
2,65536,false,mixed_7,4,8,1,enum_static,4014.781250
2,65536,false,mixed_7,4,8,2,bound_dynamic,4106.380125
2,65536,false,mixed_7,4,8,3,bound_static,4037.833250
2,65536,false,mixed_7,4,8,4,before,4076.046875
2,65536,false,mixed_7,4,8,5,after,4057.322875
2,65536,false,mixed_7,5,8,0,enum_static,3948.364625
2,65536,false,mixed_7,5,8,1,bound_dynamic,4053.463625
2,65536,false,mixed_7,5,8,2,bound_static,4047.921875
2,65536,false,mixed_7,5,8,3,before,4073.500000
2,65536,false,mixed_7,5,8,4,after,4024.515625
2,65536,false,mixed_7,5,8,5,enum_dynamic,3999.104125
2,65536,false,mixed_7,6,8,0,bound_dynamic,4061.781250
2,65536,false,mixed_7,6,8,1,bound_static,4025.635500
2,65536,false,mixed_7,6,8,2,before,3991.734375
2,65536,false,mixed_7,6,8,3,after,3961.661500
2,65536,false,mixed_7,6,8,4,enum_dynamic,4087.036500
2,65536,false,mixed_7,6,8,5,enum_static,4022.411500
2,65536,false,mixed_7,7,8,0,bound_static,4022.635500
2,65536,false,mixed_7,7,8,1,before,4103.473875
2,65536,false,mixed_7,7,8,2,after,4026.161500
2,65536,false,mixed_7,7,8,3,enum_dynamic,4096.520875
2,65536,false,mixed_7,7,8,4,enum_static,4028.562500
2,65536,false,mixed_7,7,8,5,bound_dynamic,4046.734375
2,65536,false,mixed_7,8,8,0,before,4036.015625
2,65536,false,mixed_7,8,8,1,after,4011.119750
2,65536,false,mixed_7,8,8,2,enum_dynamic,4090.354125
2,65536,false,mixed_7,8,8,3,enum_static,4038.567750
2,65536,false,mixed_7,8,8,4,bound_dynamic,4066.708375
2,65536,false,mixed_7,8,8,5,bound_static,4019.625000
2,65536,false,mixed_7,9,8,0,after,4023.760500
2,65536,false,mixed_7,9,8,1,enum_dynamic,4095.661375
2,65536,false,mixed_7,9,8,2,enum_static,4009.854125
2,65536,false,mixed_7,9,8,3,bound_dynamic,4089.526000
2,65536,false,mixed_7,9,8,4,bound_static,4015.599000
2,65536,false,mixed_7,9,8,5,before,4072.901000
2,65536,false,mixed_7,10,8,0,enum_dynamic,4078.380250
2,65536,false,mixed_7,10,8,1,enum_static,3972.723875
2,65536,false,mixed_7,10,8,2,bound_dynamic,4082.614625
2,65536,false,mixed_7,10,8,3,bound_static,4031.213500
2,65536,false,mixed_7,10,8,4,before,4069.255250
2,65536,false,mixed_7,10,8,5,after,4016.864500
2,65536,false,mixed_7,11,8,0,enum_static,4013.296875
2,65536,false,mixed_7,11,8,1,bound_dynamic,4072.265625
2,65536,false,mixed_7,11,8,2,bound_static,4005.598875
2,65536,false,mixed_7,11,8,3,before,4014.531250
2,65536,false,mixed_7,11,8,4,after,3969.968750
2,65536,false,mixed_7,11,8,5,enum_dynamic,4075.145875
2,65536,true,count_distinct_i64,0,8,0,bound_dynamic,3193.177000
2,65536,true,count_distinct_i64,0,8,1,bound_static,3205.281250
2,65536,true,count_distinct_i64,0,8,2,before,3145.458375
2,65536,true,count_distinct_i64,0,8,3,after,2792.026000
2,65536,true,count_distinct_i64,0,8,4,enum_dynamic,3161.328125
2,65536,true,count_distinct_i64,0,8,5,enum_static,3159.843750
2,65536,true,count_distinct_i64,1,8,0,bound_static,3145.557375
2,65536,true,count_distinct_i64,1,8,1,before,3151.026125
2,65536,true,count_distinct_i64,1,8,2,after,2784.786375
2,65536,true,count_distinct_i64,1,8,3,enum_dynamic,3146.406250
2,65536,true,count_distinct_i64,1,8,4,enum_static,3142.744875
2,65536,true,count_distinct_i64,1,8,5,bound_dynamic,3103.953125
2,65536,true,count_distinct_i64,2,8,0,before,3077.390625
2,65536,true,count_distinct_i64,2,8,1,after,2729.588500
2,65536,true,count_distinct_i64,2,8,2,enum_dynamic,3086.744750
2,65536,true,count_distinct_i64,2,8,3,enum_static,3185.067750
2,65536,true,count_distinct_i64,2,8,4,bound_dynamic,3106.208375
2,65536,true,count_distinct_i64,2,8,5,bound_static,3077.536500
2,65536,true,count_distinct_i64,3,8,0,after,3087.140625
2,65536,true,count_distinct_i64,3,8,1,enum_dynamic,3190.937500
2,65536,true,count_distinct_i64,3,8,2,enum_static,3199.432250
2,65536,true,count_distinct_i64,3,8,3,bound_dynamic,3183.770875
2,65536,true,count_distinct_i64,3,8,4,bound_static,3136.854125
2,65536,true,count_distinct_i64,3,8,5,before,2783.656250
2,65536,true,count_distinct_i64,4,8,0,enum_dynamic,3145.338500
2,65536,true,count_distinct_i64,4,8,1,enum_static,3207.036500
2,65536,true,count_distinct_i64,4,8,2,bound_dynamic,3202.416625
2,65536,true,count_distinct_i64,4,8,3,bound_static,3215.073000
2,65536,true,count_distinct_i64,4,8,4,before,2828.656250
2,65536,true,count_distinct_i64,4,8,5,after,2743.119750
2,65536,true,count_distinct_i64,5,8,0,enum_static,3248.119875
2,65536,true,count_distinct_i64,5,8,1,bound_dynamic,3179.895750
2,65536,true,count_distinct_i64,5,8,2,bound_static,3148.645875
2,65536,true,count_distinct_i64,5,8,3,before,2778.072875
2,65536,true,count_distinct_i64,5,8,4,after,2774.500000
2,65536,true,count_distinct_i64,5,8,5,enum_dynamic,3223.286500
2,65536,true,count_distinct_i64,6,8,0,bound_dynamic,3137.390625
2,65536,true,count_distinct_i64,6,8,1,bound_static,3203.921875
2,65536,true,count_distinct_i64,6,8,2,before,3189.005250
2,65536,true,count_distinct_i64,6,8,3,after,2785.734375
2,65536,true,count_distinct_i64,6,8,4,enum_dynamic,3131.520750
2,65536,true,count_distinct_i64,6,8,5,enum_static,3144.052125
2,65536,true,count_distinct_i64,7,8,0,bound_static,3162.281250
2,65536,true,count_distinct_i64,7,8,1,before,3155.833375
2,65536,true,count_distinct_i64,7,8,2,after,2788.562500
2,65536,true,count_distinct_i64,7,8,3,enum_dynamic,3147.546875
2,65536,true,count_distinct_i64,7,8,4,enum_static,3138.286375
2,65536,true,count_distinct_i64,7,8,5,bound_dynamic,3154.854250
2,65536,true,count_distinct_i64,8,8,0,before,3149.885375
2,65536,true,count_distinct_i64,8,8,1,after,2782.343750
2,65536,true,count_distinct_i64,8,8,2,enum_dynamic,3171.760375
2,65536,true,count_distinct_i64,8,8,3,enum_static,3190.010375
2,65536,true,count_distinct_i64,8,8,4,bound_dynamic,3079.135375
2,65536,true,count_distinct_i64,8,8,5,bound_static,3082.890625
2,65536,true,count_distinct_i64,9,8,0,after,3092.489625
2,65536,true,count_distinct_i64,9,8,1,enum_dynamic,3192.979250
2,65536,true,count_distinct_i64,9,8,2,enum_static,3181.474000
2,65536,true,count_distinct_i64,9,8,3,bound_dynamic,3110.906250
2,65536,true,count_distinct_i64,9,8,4,bound_static,3108.010375
2,65536,true,count_distinct_i64,9,8,5,before,2875.661500
2,65536,true,count_distinct_i64,10,8,0,enum_dynamic,3095.567750
2,65536,true,count_distinct_i64,10,8,1,enum_static,3082.218750
2,65536,true,count_distinct_i64,10,8,2,bound_dynamic,3075.448000
2,65536,true,count_distinct_i64,10,8,3,bound_static,3126.880250
2,65536,true,count_distinct_i64,10,8,4,before,2810.927000
2,65536,true,count_distinct_i64,10,8,5,after,2810.010375
2,65536,true,count_distinct_i64,11,8,0,enum_static,3259.458375
2,65536,true,count_distinct_i64,11,8,1,bound_dynamic,3177.354125
2,65536,true,count_distinct_i64,11,8,2,bound_static,3151.489625
2,65536,true,count_distinct_i64,11,8,3,before,2742.729125
2,65536,true,count_distinct_i64,11,8,4,after,2741.593750
2,65536,true,count_distinct_i64,11,8,5,enum_dynamic,3255.500000
2,65536,false,avg_i64,0,140,0,bound_dynamic,107.829464
2,65536,false,avg_i64,0,140,1,bound_static,107.806250
2,65536,false,avg_i64,0,140,2,before,126.060114
2,65536,false,avg_i64,0,140,3,after,107.835414
2,65536,false,avg_i64,0,140,4,enum_dynamic,107.807443
2,65536,false,avg_i64,0,140,5,enum_static,107.832436
2,65536,false,avg_i64,1,140,0,bound_static,107.902086
2,65536,false,avg_i64,1,140,1,before,126.520536
2,65536,false,avg_i64,1,140,2,after,108.018457
2,65536,false,avg_i64,1,140,3,enum_dynamic,109.057743
2,65536,false,avg_i64,1,140,4,enum_static,108.140479
2,65536,false,avg_i64,1,140,5,bound_dynamic,108.431543
2,65536,false,avg_i64,2,140,0,before,126.455357
2,65536,false,avg_i64,2,140,1,after,108.123514
2,65536,false,avg_i64,2,140,2,enum_dynamic,108.335414
2,65536,false,avg_i64,2,140,3,enum_static,107.988993
2,65536,false,avg_i64,2,140,4,bound_dynamic,107.982143
2,65536,false,avg_i64,2,140,5,bound_static,107.967557
2,65536,false,avg_i64,3,140,0,after,108.235121
2,65536,false,avg_i64,3,140,1,enum_dynamic,107.666664
2,65536,false,avg_i64,3,140,2,enum_static,105.066071
2,65536,false,avg_i64,3,140,3,bound_dynamic,104.236314
2,65536,false,avg_i64,3,140,4,bound_static,104.340179
2,65536,false,avg_i64,3,140,5,before,123.150593
2,65536,false,avg_i64,4,140,0,enum_dynamic,104.711907
2,65536,false,avg_i64,4,140,1,enum_static,104.412500
2,65536,false,avg_i64,4,140,2,bound_dynamic,104.717257
2,65536,false,avg_i64,4,140,3,bound_static,104.414286
2,65536,false,avg_i64,4,140,4,before,122.826186
2,65536,false,avg_i64,4,140,5,after,104.880950
2,65536,false,avg_i64,5,140,0,enum_static,104.030357
2,65536,false,avg_i64,5,140,1,bound_dynamic,104.670236
2,65536,false,avg_i64,5,140,2,bound_static,104.383036
2,65536,false,avg_i64,5,140,3,before,122.836607
2,65536,false,avg_i64,5,140,4,after,104.449107
2,65536,false,avg_i64,5,140,5,enum_dynamic,104.419936
2,65536,false,avg_i64,6,140,0,bound_dynamic,104.664879
2,65536,false,avg_i64,6,140,1,bound_static,104.506250
2,65536,false,avg_i64,6,140,2,before,122.948807
2,65536,false,avg_i64,6,140,3,after,104.599107
2,65536,false,avg_i64,6,140,4,enum_dynamic,104.751186
2,65536,false,avg_i64,6,140,5,enum_static,104.509529
2,65536,false,avg_i64,7,140,0,bound_static,104.711907
2,65536,false,avg_i64,7,140,1,before,122.797914
2,65536,false,avg_i64,7,140,2,after,104.575600
2,65536,false,avg_i64,7,140,3,enum_dynamic,104.413393
2,65536,false,avg_i64,7,140,4,enum_static,104.229464
2,65536,false,avg_i64,7,140,5,bound_dynamic,104.828271
2,65536,false,avg_i64,8,140,0,before,122.649107
2,65536,false,avg_i64,8,140,1,after,104.727386
2,65536,false,avg_i64,8,140,2,enum_dynamic,104.433629
2,65536,false,avg_i64,8,140,3,enum_static,104.723807
2,65536,false,avg_i64,8,140,4,bound_dynamic,104.596721
2,65536,false,avg_i64,8,140,5,bound_static,104.660121
2,65536,false,avg_i64,9,140,0,after,105.389886
2,65536,false,avg_i64,9,140,1,enum_dynamic,104.446429
2,65536,false,avg_i64,9,140,2,enum_static,104.767857
2,65536,false,avg_i64,9,140,3,bound_dynamic,105.161314
2,65536,false,avg_i64,9,140,4,bound_static,104.132143
2,65536,false,avg_i64,9,140,5,before,122.904764
2,65536,false,avg_i64,10,140,0,enum_dynamic,104.777086
2,65536,false,avg_i64,10,140,1,enum_static,104.458629
2,65536,false,avg_i64,10,140,2,bound_dynamic,104.999107
2,65536,false,avg_i64,10,140,3,bound_static,104.675600
2,65536,false,avg_i64,10,140,4,before,122.588686
2,65536,false,avg_i64,10,140,5,after,104.347621
2,65536,false,avg_i64,11,140,0,enum_static,104.225600
2,65536,false,avg_i64,11,140,1,bound_dynamic,104.250000
2,65536,false,avg_i64,11,140,2,bound_static,104.256843
2,65536,false,avg_i64,11,140,3,before,122.414579
2,65536,false,avg_i64,11,140,4,after,104.282436
2,65536,false,avg_i64,11,140,5,enum_dynamic,104.243157
2,8192,false,count_i64,0,3851,0,bound_dynamic,3.896445
2,8192,false,count_i64,0,3851,1,bound_static,3.900600
2,8192,false,count_i64,0,3851,2,before,3.907059
2,8192,false,count_i64,0,3851,3,after,3.908736
2,8192,false,count_i64,0,3851,4,enum_dynamic,3.824959
2,8192,false,count_i64,0,3851,5,enum_static,3.835443
2,8192,false,count_i64,1,3851,0,bound_static,3.887042
2,8192,false,count_i64,1,3851,1,before,3.903359
2,8192,false,count_i64,1,3851,2,after,3.905760
2,8192,false,count_i64,1,3851,3,enum_dynamic,3.895590
2,8192,false,count_i64,1,3851,4,enum_static,3.897267
2,8192,false,count_i64,1,3851,5,bound_dynamic,3.897299
2,8192,false,count_i64,2,3851,0,before,3.911181
2,8192,false,count_i64,2,3851,1,after,3.899972
2,8192,false,count_i64,2,3851,2,enum_dynamic,3.904776
2,8192,false,count_i64,2,3851,3,enum_static,3.897310
2,8192,false,count_i64,2,3851,4,bound_dynamic,3.889780
2,8192,false,count_i64,2,3851,5,bound_static,3.904592
2,8192,false,count_i64,3,3851,0,after,3.948304
2,8192,false,count_i64,3,3851,1,enum_dynamic,3.832792
2,8192,false,count_i64,3,3851,2,enum_static,3.825002
2,8192,false,count_i64,3,3851,3,bound_dynamic,3.825608
2,8192,false,count_i64,3,3851,4,bound_static,3.850050
2,8192,false,count_i64,3,3851,5,before,3.934920
2,8192,false,count_i64,4,3851,0,enum_dynamic,3.826723
2,8192,false,count_i64,4,3851,1,enum_static,3.824623
2,8192,false,count_i64,4,3851,2,bound_dynamic,3.830574
2,8192,false,count_i64,4,3851,3,bound_static,3.817125
2,8192,false,count_i64,4,3851,4,before,3.889390
2,8192,false,count_i64,4,3851,5,after,3.895049
2,8192,false,count_i64,5,3851,0,enum_static,3.903521
2,8192,false,count_i64,5,3851,1,bound_dynamic,3.897656
2,8192,false,count_i64,5,3851,2,bound_static,3.901097
2,8192,false,count_i64,5,3851,3,before,3.900816
2,8192,false,count_i64,5,3851,4,after,3.898479
2,8192,false,count_i64,5,3851,5,enum_dynamic,3.902753
2,8192,false,count_i64,6,3851,0,bound_dynamic,3.898197
2,8192,false,count_i64,6,3851,1,bound_static,3.896066
2,8192,false,count_i64,6,3851,2,before,3.902449
2,8192,false,count_i64,6,3851,3,after,3.896845
2,8192,false,count_i64,6,3851,4,enum_dynamic,3.891381
2,8192,false,count_i64,6,3851,5,enum_static,3.898317
2,8192,false,count_i64,7,3851,0,bound_static,3.896012
2,8192,false,count_i64,7,3851,1,before,3.900665
2,8192,false,count_i64,7,3851,2,after,3.901530
2,8192,false,count_i64,7,3851,3,enum_dynamic,3.893404
2,8192,false,count_i64,7,3851,4,enum_static,3.906280
2,8192,false,count_i64,7,3851,5,bound_dynamic,3.890440
2,8192,false,count_i64,8,3851,0,before,3.901498
2,8192,false,count_i64,8,3851,1,after,3.906237
2,8192,false,count_i64,8,3851,2,enum_dynamic,3.863185
2,8192,false,count_i64,8,3851,3,enum_static,3.845040
2,8192,false,count_i64,8,3851,4,bound_dynamic,3.884608
2,8192,false,count_i64,8,3851,5,bound_static,3.899582
2,8192,false,count_i64,9,3851,0,after,3.826171
2,8192,false,count_i64,9,3851,1,enum_dynamic,3.830250
2,8192,false,count_i64,9,3851,2,enum_static,3.818153
2,8192,false,count_i64,9,3851,3,bound_dynamic,3.828583
2,8192,false,count_i64,9,3851,4,bound_static,3.827945
2,8192,false,count_i64,9,3851,5,before,3.876807
2,8192,false,count_i64,10,3851,0,enum_dynamic,3.890623
2,8192,false,count_i64,10,3851,1,enum_static,3.910727
2,8192,false,count_i64,10,3851,2,bound_dynamic,3.891987
2,8192,false,count_i64,10,3851,3,bound_static,3.891695
2,8192,false,count_i64,10,3851,4,before,3.899333
2,8192,false,count_i64,10,3851,5,after,3.891370
2,8192,false,count_i64,11,3851,0,enum_static,3.895601
2,8192,false,count_i64,11,3851,1,bound_dynamic,3.893426
2,8192,false,count_i64,11,3851,2,bound_static,3.898706
2,8192,false,count_i64,11,3851,3,before,3.908141
2,8192,false,count_i64,11,3851,4,after,3.903120
2,8192,false,count_i64,11,3851,5,enum_dynamic,3.837520
2,8192,true,min_utf8,0,143,0,bound_dynamic,110.637238
2,8192,true,min_utf8,0,143,1,bound_static,105.625000
2,8192,true,min_utf8,0,143,2,before,110.124413
2,8192,true,min_utf8,0,143,3,after,106.140154
2,8192,true,min_utf8,0,143,4,enum_dynamic,110.839741
2,8192,true,min_utf8,0,143,5,enum_static,107.273308
2,8192,true,min_utf8,1,143,0,bound_static,106.230483
2,8192,true,min_utf8,1,143,1,before,109.801573
2,8192,true,min_utf8,1,143,2,after,106.602860
2,8192,true,min_utf8,1,143,3,enum_dynamic,110.890441
2,8192,true,min_utf8,1,143,4,enum_static,106.430944
2,8192,true,min_utf8,1,143,5,bound_dynamic,110.527098
2,8192,true,min_utf8,2,143,0,before,109.768650
2,8192,true,min_utf8,2,143,1,after,106.181531
2,8192,true,min_utf8,2,143,2,enum_dynamic,111.471154
2,8192,true,min_utf8,2,143,3,enum_static,106.476399
2,8192,true,min_utf8,2,143,4,bound_dynamic,108.669874
2,8192,true,min_utf8,2,143,5,bound_static,104.582462
2,8192,true,min_utf8,3,143,0,after,105.149476
2,8192,true,min_utf8,3,143,1,enum_dynamic,109.977273
2,8192,true,min_utf8,3,143,2,enum_static,107.077503
2,8192,true,min_utf8,3,143,3,bound_dynamic,110.307406
2,8192,true,min_utf8,3,143,4,bound_static,107.297790
2,8192,true,min_utf8,3,143,5,before,108.779140
2,8192,true,min_utf8,4,143,0,enum_dynamic,110.483392
2,8192,true,min_utf8,4,143,1,enum_static,106.030301
2,8192,true,min_utf8,4,143,2,bound_dynamic,110.057399
2,8192,true,min_utf8,4,143,3,bound_static,106.419867
2,8192,true,min_utf8,4,143,4,before,110.755538
2,8192,true,min_utf8,4,143,5,after,105.997378
2,8192,true,min_utf8,5,143,0,enum_static,107.519517
2,8192,true,min_utf8,5,143,1,bound_dynamic,109.845280
2,8192,true,min_utf8,5,143,2,bound_static,106.167252
2,8192,true,min_utf8,5,143,3,before,109.243594
2,8192,true,min_utf8,5,143,4,after,106.700762
2,8192,true,min_utf8,5,143,5,enum_dynamic,110.017776
2,8192,true,min_utf8,6,143,0,bound_dynamic,109.506993
2,8192,true,min_utf8,6,143,1,bound_static,107.062350
2,8192,true,min_utf8,6,143,2,before,110.311189
2,8192,true,min_utf8,6,143,3,after,106.956000
2,8192,true,min_utf8,6,143,4,enum_dynamic,110.014860
2,8192,true,min_utf8,6,143,5,enum_static,106.896273
2,8192,true,min_utf8,7,143,0,bound_static,106.529140
2,8192,true,min_utf8,7,143,1,before,107.951629
2,8192,true,min_utf8,7,143,2,after,105.015734
2,8192,true,min_utf8,7,143,3,enum_dynamic,108.523021
2,8192,true,min_utf8,7,143,4,enum_static,105.146559
2,8192,true,min_utf8,7,143,5,bound_dynamic,110.415797
2,8192,true,min_utf8,8,143,0,before,109.602273
2,8192,true,min_utf8,8,143,1,after,104.586538
2,8192,true,min_utf8,8,143,2,enum_dynamic,108.835084
2,8192,true,min_utf8,8,143,3,enum_static,104.465909
2,8192,true,min_utf8,8,143,4,bound_dynamic,108.334790
2,8192,true,min_utf8,8,143,5,bound_static,103.906762
2,8192,true,min_utf8,9,143,0,after,104.366839
2,8192,true,min_utf8,9,143,1,enum_dynamic,109.758455
2,8192,true,min_utf8,9,143,2,enum_static,105.830126
2,8192,true,min_utf8,9,143,3,bound_dynamic,110.381119
2,8192,true,min_utf8,9,143,4,bound_static,105.828385
2,8192,true,min_utf8,9,143,5,before,110.002622
2,8192,true,min_utf8,10,143,0,enum_dynamic,109.116846
2,8192,true,min_utf8,10,143,1,enum_static,105.834790
2,8192,true,min_utf8,10,143,2,bound_dynamic,110.664336
2,8192,true,min_utf8,10,143,3,bound_static,104.002042
2,8192,true,min_utf8,10,143,4,before,108.125000
2,8192,true,min_utf8,10,143,5,after,105.107224
2,8192,true,min_utf8,11,143,0,enum_static,104.935315
2,8192,true,min_utf8,11,143,1,bound_dynamic,107.648888
2,8192,true,min_utf8,11,143,2,bound_static,104.006706
2,8192,true,min_utf8,11,143,3,before,108.037000
2,8192,true,min_utf8,11,143,4,after,103.439685
2,8192,true,min_utf8,11,143,5,enum_dynamic,109.188517
2,8192,false,count_distinct_i64,0,38,0,bound_dynamic,394.017553
2,8192,false,count_distinct_i64,0,38,1,bound_static,396.067974
2,8192,false,count_distinct_i64,0,38,2,before,394.861842
2,8192,false,count_distinct_i64,0,38,3,after,355.900211
2,8192,false,count_distinct_i64,0,38,4,enum_dynamic,397.371711
2,8192,false,count_distinct_i64,0,38,5,enum_static,401.339895
2,8192,false,count_distinct_i64,1,38,0,bound_static,401.216000
2,8192,false,count_distinct_i64,1,38,1,before,403.123895
2,8192,false,count_distinct_i64,1,38,2,after,359.809211
2,8192,false,count_distinct_i64,1,38,3,enum_dynamic,396.019737
2,8192,false,count_distinct_i64,1,38,4,enum_static,397.918842
2,8192,false,count_distinct_i64,1,38,5,bound_dynamic,396.688605
2,8192,false,count_distinct_i64,2,38,0,before,394.412289
2,8192,false,count_distinct_i64,2,38,1,after,363.604184
2,8192,false,count_distinct_i64,2,38,2,enum_dynamic,405.192974
2,8192,false,count_distinct_i64,2,38,3,enum_static,403.504395
2,8192,false,count_distinct_i64,2,38,4,bound_dynamic,401.207237
2,8192,false,count_distinct_i64,2,38,5,bound_static,395.551553
2,8192,false,count_distinct_i64,3,38,0,after,397.655711
2,8192,false,count_distinct_i64,3,38,1,enum_dynamic,395.024132
2,8192,false,count_distinct_i64,3,38,2,enum_static,397.043842
2,8192,false,count_distinct_i64,3,38,3,bound_dynamic,393.668868
2,8192,false,count_distinct_i64,3,38,4,bound_static,396.228079
2,8192,false,count_distinct_i64,3,38,5,before,356.126079
2,8192,false,count_distinct_i64,4,38,0,enum_dynamic,396.019737
2,8192,false,count_distinct_i64,4,38,1,enum_static,397.191895
2,8192,false,count_distinct_i64,4,38,2,bound_dynamic,396.196263
2,8192,false,count_distinct_i64,4,38,3,bound_static,394.402421
2,8192,false,count_distinct_i64,4,38,4,before,354.377184
2,8192,false,count_distinct_i64,4,38,5,after,391.252211
2,8192,false,count_distinct_i64,5,38,0,enum_static,397.167763
2,8192,false,count_distinct_i64,5,38,1,bound_dynamic,396.501105
2,8192,false,count_distinct_i64,5,38,2,bound_static,397.421053
2,8192,false,count_distinct_i64,5,38,3,before,361.314684
2,8192,false,count_distinct_i64,5,38,4,after,362.582237
2,8192,false,count_distinct_i64,5,38,5,enum_dynamic,404.442974
2,8192,false,count_distinct_i64,6,38,0,bound_dynamic,402.676526
2,8192,false,count_distinct_i64,6,38,1,bound_static,403.165553
2,8192,false,count_distinct_i64,6,38,2,before,402.478079
2,8192,false,count_distinct_i64,6,38,3,after,363.905711
2,8192,false,count_distinct_i64,6,38,4,enum_dynamic,401.106368
2,8192,false,count_distinct_i64,6,38,5,enum_static,394.063579
2,8192,false,count_distinct_i64,7,38,0,bound_static,394.407895
2,8192,false,count_distinct_i64,7,38,1,before,397.039474
2,8192,false,count_distinct_i64,7,38,2,after,357.042763
2,8192,false,count_distinct_i64,7,38,3,enum_dynamic,404.135974
2,8192,false,count_distinct_i64,7,38,4,enum_static,404.244500
2,8192,false,count_distinct_i64,7,38,5,bound_dynamic,403.500000
2,8192,false,count_distinct_i64,8,38,0,before,405.596474
2,8192,false,count_distinct_i64,8,38,1,after,360.552632
2,8192,false,count_distinct_i64,8,38,2,enum_dynamic,396.966000
2,8192,false,count_distinct_i64,8,38,3,enum_static,401.751105
2,8192,false,count_distinct_i64,8,38,4,bound_dynamic,405.342105
2,8192,false,count_distinct_i64,8,38,5,bound_static,406.990132
2,8192,false,count_distinct_i64,9,38,0,after,402.766447
2,8192,false,count_distinct_i64,9,38,1,enum_dynamic,404.263158
2,8192,false,count_distinct_i64,9,38,2,enum_static,402.240132
2,8192,false,count_distinct_i64,9,38,3,bound_dynamic,404.369526
2,8192,false,count_distinct_i64,9,38,4,bound_static,405.165579
2,8192,false,count_distinct_i64,9,38,5,before,366.595395
2,8192,false,count_distinct_i64,10,38,0,enum_dynamic,401.843184
2,8192,false,count_distinct_i64,10,38,1,enum_static,403.131579
2,8192,false,count_distinct_i64,10,38,2,bound_dynamic,404.144737
2,8192,false,count_distinct_i64,10,38,3,bound_static,403.569079
2,8192,false,count_distinct_i64,10,38,4,before,363.287289
2,8192,false,count_distinct_i64,10,38,5,after,363.577842
2,8192,false,count_distinct_i64,11,38,0,enum_static,407.048237
2,8192,false,count_distinct_i64,11,38,1,bound_dynamic,406.302632
2,8192,false,count_distinct_i64,11,38,2,bound_static,397.376105
2,8192,false,count_distinct_i64,11,38,3,before,356.921053
2,8192,false,count_distinct_i64,11,38,4,after,360.746711
2,8192,false,count_distinct_i64,11,38,5,enum_dynamic,398.869500
2,128,false,max_utf8,0,8217,0,bound_dynamic,1.860295
2,128,false,max_utf8,0,8217,1,bound_static,1.812771
2,128,false,max_utf8,0,8217,2,before,1.811666
2,128,false,max_utf8,0,8217,3,after,1.815707
2,128,false,max_utf8,0,8217,4,enum_dynamic,1.861070
2,128,false,max_utf8,0,8217,5,enum_static,1.822411
2,128,false,max_utf8,1,8217,0,bound_static,1.809161
2,128,false,max_utf8,1,8217,1,before,1.812929
2,128,false,max_utf8,1,8217,2,after,1.817817
2,128,false,max_utf8,1,8217,3,enum_dynamic,1.888661
2,128,false,max_utf8,1,8217,4,enum_static,1.822386
2,128,false,max_utf8,1,8217,5,bound_dynamic,1.857440
2,128,false,max_utf8,2,8217,0,before,1.810860
2,128,false,max_utf8,2,8217,1,after,1.804115
2,128,false,max_utf8,2,8217,2,enum_dynamic,1.860487
2,128,false,max_utf8,2,8217,3,enum_static,1.853576
2,128,false,max_utf8,2,8217,4,bound_dynamic,1.893138
2,128,false,max_utf8,2,8217,5,bound_static,1.844758
2,128,false,max_utf8,3,8217,0,after,1.847587
2,128,false,max_utf8,3,8217,1,enum_dynamic,1.880558
2,128,false,max_utf8,3,8217,2,enum_static,1.866623
2,128,false,max_utf8,3,8217,3,bound_dynamic,1.894279
2,128,false,max_utf8,3,8217,4,bound_static,1.850447
2,128,false,max_utf8,3,8217,5,before,1.849793
2,128,false,max_utf8,4,8217,0,enum_dynamic,1.875578
2,128,false,max_utf8,4,8217,1,enum_static,1.845113
2,128,false,max_utf8,4,8217,2,bound_dynamic,1.868078
2,128,false,max_utf8,4,8217,3,bound_static,1.817528
2,128,false,max_utf8,4,8217,4,before,1.818151
2,128,false,max_utf8,4,8217,5,after,1.836198
2,128,false,max_utf8,5,8217,0,enum_static,1.855888
2,128,false,max_utf8,5,8217,1,bound_dynamic,1.889660
2,128,false,max_utf8,5,8217,2,bound_static,1.842922
2,128,false,max_utf8,5,8217,3,before,1.843272
2,128,false,max_utf8,5,8217,4,after,1.840006
2,128,false,max_utf8,5,8217,5,enum_dynamic,1.881790
2,128,false,max_utf8,6,8217,0,bound_dynamic,1.889832
2,128,false,max_utf8,6,8217,1,bound_static,1.843049
2,128,false,max_utf8,6,8217,2,before,1.858221
2,128,false,max_utf8,6,8217,3,after,1.809333
2,128,false,max_utf8,6,8217,4,enum_dynamic,1.851497
2,128,false,max_utf8,6,8217,5,enum_static,1.820028
2,128,false,max_utf8,7,8217,0,bound_static,1.826432
2,128,false,max_utf8,7,8217,1,before,1.811336
2,128,false,max_utf8,7,8217,2,after,1.808867
2,128,false,max_utf8,7,8217,3,enum_dynamic,1.849377
2,128,false,max_utf8,7,8217,4,enum_static,1.826762
2,128,false,max_utf8,7,8217,5,bound_dynamic,1.854621
2,128,false,max_utf8,8,8217,0,before,1.809191
2,128,false,max_utf8,8,8217,1,after,1.810905
2,128,false,max_utf8,8,8217,2,enum_dynamic,1.849088
2,128,false,max_utf8,8,8217,3,enum_static,1.819424
2,128,false,max_utf8,8,8217,4,bound_dynamic,1.854879
2,128,false,max_utf8,8,8217,5,bound_static,1.807041
2,128,false,max_utf8,9,8217,0,after,1.807249
2,128,false,max_utf8,9,8217,1,enum_dynamic,1.855949
2,128,false,max_utf8,9,8217,2,enum_static,1.824875
2,128,false,max_utf8,9,8217,3,bound_dynamic,1.855574
2,128,false,max_utf8,9,8217,4,bound_static,1.812173
2,128,false,max_utf8,9,8217,5,before,1.810337
2,128,false,max_utf8,10,8217,0,enum_dynamic,1.855270
2,128,false,max_utf8,10,8217,1,enum_static,1.848728
2,128,false,max_utf8,10,8217,2,bound_dynamic,1.858342
2,128,false,max_utf8,10,8217,3,bound_static,1.809602
2,128,false,max_utf8,10,8217,4,before,1.811377
2,128,false,max_utf8,10,8217,5,after,1.808121
2,128,false,max_utf8,11,8217,0,enum_static,1.823177
2,128,false,max_utf8,11,8217,1,bound_dynamic,1.856963
2,128,false,max_utf8,11,8217,2,bound_static,1.808334
2,128,false,max_utf8,11,8217,3,before,1.817163
2,128,false,max_utf8,11,8217,4,after,1.805337
2,128,false,max_utf8,11,8217,5,enum_dynamic,1.853556
2,128,true,mixed_7,0,1699,0,bound_dynamic,9.162964
2,128,true,mixed_7,0,1699,1,bound_static,9.005150
2,128,true,mixed_7,0,1699,2,before,9.233054
2,128,true,mixed_7,0,1699,3,after,8.830537
2,128,true,mixed_7,0,1699,4,enum_dynamic,9.002403
2,128,true,mixed_7,0,1699,5,enum_static,9.009662
2,128,true,mixed_7,1,1699,0,bound_static,9.019619
2,128,true,mixed_7,1,1699,1,before,9.226408
2,128,true,mixed_7,1,1699,2,after,8.974961
2,128,true,mixed_7,1,1699,3,enum_dynamic,9.154576
2,128,true,mixed_7,1,1699,4,enum_static,9.025849
2,128,true,mixed_7,1,1699,5,bound_dynamic,9.154306
2,128,true,mixed_7,2,1699,0,before,9.251227
2,128,true,mixed_7,2,1699,1,after,8.941240
2,128,true,mixed_7,2,1699,2,enum_dynamic,9.167868
2,128,true,mixed_7,2,1699,3,enum_static,9.009956
2,128,true,mixed_7,2,1699,4,bound_dynamic,9.208309
2,128,true,mixed_7,2,1699,5,bound_static,8.946905
2,128,true,mixed_7,3,1699,0,after,8.809275
2,128,true,mixed_7,3,1699,1,enum_dynamic,9.094712
2,128,true,mixed_7,3,1699,2,enum_static,9.046645
2,128,true,mixed_7,3,1699,3,bound_dynamic,9.218805
2,128,true,mixed_7,3,1699,4,bound_static,9.033549
2,128,true,mixed_7,3,1699,5,before,9.265156
2,128,true,mixed_7,4,1699,0,enum_dynamic,9.167500
2,128,true,mixed_7,4,1699,1,enum_static,9.042108
2,128,true,mixed_7,4,1699,2,bound_dynamic,9.202766
2,128,true,mixed_7,4,1699,3,bound_static,9.047087
2,128,true,mixed_7,4,1699,4,before,9.227364
2,128,true,mixed_7,4,1699,5,after,8.984011
2,128,true,mixed_7,5,1699,0,enum_static,9.019079
2,128,true,mixed_7,5,1699,1,bound_dynamic,9.207279
2,128,true,mixed_7,5,1699,2,bound_static,9.030680
2,128,true,mixed_7,5,1699,3,before,9.263709
2,128,true,mixed_7,5,1699,4,after,8.986806
2,128,true,mixed_7,5,1699,5,enum_dynamic,9.173803
2,128,true,mixed_7,6,1699,0,bound_dynamic,9.309447
2,128,true,mixed_7,6,1699,1,bound_static,9.038944
2,128,true,mixed_7,6,1699,2,before,9.230773
2,128,true,mixed_7,6,1699,3,after,8.985948
2,128,true,mixed_7,6,1699,4,enum_dynamic,9.162105
2,128,true,mixed_7,6,1699,5,enum_static,9.035511
2,128,true,mixed_7,7,1699,0,bound_static,9.046547
2,128,true,mixed_7,7,1699,1,before,9.238449
2,128,true,mixed_7,7,1699,2,after,8.996665
2,128,true,mixed_7,7,1699,3,enum_dynamic,9.150481
2,128,true,mixed_7,7,1699,4,enum_static,9.032446
2,128,true,mixed_7,7,1699,5,bound_dynamic,9.219860
2,128,true,mixed_7,8,1699,0,before,9.260423
2,128,true,mixed_7,8,1699,1,after,8.975918
2,128,true,mixed_7,8,1699,2,enum_dynamic,9.156220
2,128,true,mixed_7,8,1699,3,enum_static,9.018982
2,128,true,mixed_7,8,1699,4,bound_dynamic,9.219295
2,128,true,mixed_7,8,1699,5,bound_static,9.232514
2,128,true,mixed_7,9,1699,0,after,8.977511
2,128,true,mixed_7,9,1699,1,enum_dynamic,9.040171
2,128,true,mixed_7,9,1699,2,enum_static,8.906660
2,128,true,mixed_7,9,1699,3,bound_dynamic,9.176476
2,128,true,mixed_7,9,1699,4,bound_static,9.023298
2,128,true,mixed_7,9,1699,5,before,9.231950
2,128,true,mixed_7,10,1699,0,enum_dynamic,9.155974
2,128,true,mixed_7,10,1699,1,enum_static,9.010643
2,128,true,mixed_7,10,1699,2,bound_dynamic,9.198082
2,128,true,mixed_7,10,1699,3,bound_static,9.015254
2,128,true,mixed_7,10,1699,4,before,9.225868
2,128,true,mixed_7,10,1699,5,after,8.971160
2,128,true,mixed_7,11,1699,0,enum_static,9.021140
2,128,true,mixed_7,11,1699,1,bound_dynamic,9.172504
2,128,true,mixed_7,11,1699,2,bound_static,9.003482
2,128,true,mixed_7,11,1699,3,before,9.228419
2,128,true,mixed_7,11,1699,4,after,9.065406
2,128,true,mixed_7,11,1699,5,enum_dynamic,8.988180
2,65536,false,max_i64,0,45,0,bound_dynamic,361.187022
2,65536,false,max_i64,0,45,1,bound_static,337.995378
2,65536,false,max_i64,0,45,2,before,350.258333
2,65536,false,max_i64,0,45,3,after,334.762956
2,65536,false,max_i64,0,45,4,enum_dynamic,356.612044
2,65536,false,max_i64,0,45,5,enum_static,342.350000
2,65536,false,max_i64,1,45,0,bound_static,341.001844
2,65536,false,max_i64,1,45,1,before,342.348156
2,65536,false,max_i64,1,45,2,after,343.553711
2,65536,false,max_i64,1,45,3,enum_dynamic,361.885200
2,65536,false,max_i64,1,45,4,enum_static,341.025933
2,65536,false,max_i64,1,45,5,bound_dynamic,357.390733
2,65536,false,max_i64,2,45,0,before,341.558333
2,65536,false,max_i64,2,45,1,after,338.728689
2,65536,false,max_i64,2,45,2,enum_dynamic,359.928689
2,65536,false,max_i64,2,45,3,enum_static,339.325911
2,65536,false,max_i64,2,45,4,bound_dynamic,357.828689
2,65536,false,max_i64,2,45,5,bound_static,341.062022
2,65536,false,max_i64,3,45,0,after,340.797222
2,65536,false,max_i64,3,45,1,enum_dynamic,360.184244
2,65536,false,max_i64,3,45,2,enum_static,340.979644
2,65536,false,max_i64,3,45,3,bound_dynamic,358.559244
2,65536,false,max_i64,3,45,4,bound_static,333.240733
2,65536,false,max_i64,3,45,5,before,334.512044
2,65536,false,max_i64,4,45,0,enum_dynamic,353.292600
2,65536,false,max_i64,4,45,1,enum_static,339.026844
2,65536,false,max_i64,4,45,2,bound_dynamic,352.974067
2,65536,false,max_i64,4,45,3,bound_static,336.575933
2,65536,false,max_i64,4,45,4,before,334.467578
2,65536,false,max_i64,4,45,5,after,335.184267
2,65536,false,max_i64,5,45,0,enum_static,333.050911
2,65536,false,max_i64,5,45,1,bound_dynamic,350.591667
2,65536,false,max_i64,5,45,2,bound_static,335.453711
2,65536,false,max_i64,5,45,3,before,335.239822
2,65536,false,max_i64,5,45,4,after,334.545378
2,65536,false,max_i64,5,45,5,enum_dynamic,354.125000
2,65536,false,max_i64,6,45,0,bound_dynamic,353.978689
2,65536,false,max_i64,6,45,1,bound_static,336.258333
2,65536,false,max_i64,6,45,2,before,339.134267
2,65536,false,max_i64,6,45,3,after,342.768533
2,65536,false,max_i64,6,45,4,enum_dynamic,355.133333
2,65536,false,max_i64,6,45,5,enum_static,335.050000
2,65536,false,max_i64,7,45,0,bound_static,335.122222
2,65536,false,max_i64,7,45,1,before,337.050933
2,65536,false,max_i64,7,45,2,after,340.723156
2,65536,false,max_i64,7,45,3,enum_dynamic,362.771311
2,65536,false,max_i64,7,45,4,enum_static,339.512978
2,65536,false,max_i64,7,45,5,bound_dynamic,363.015733
2,65536,false,max_i64,8,45,0,before,341.874089
2,65536,false,max_i64,8,45,1,after,341.906489
2,65536,false,max_i64,8,45,2,enum_dynamic,360.513889
2,65536,false,max_i64,8,45,3,enum_static,339.775911
2,65536,false,max_i64,8,45,4,bound_dynamic,358.649067
2,65536,false,max_i64,8,45,5,bound_static,339.337956
2,65536,false,max_i64,9,45,0,after,340.282400
2,65536,false,max_i64,9,45,1,enum_dynamic,357.950911
2,65536,false,max_i64,9,45,2,enum_static,343.411111
2,65536,false,max_i64,9,45,3,bound_dynamic,362.928711
2,65536,false,max_i64,9,45,4,bound_static,339.900911
2,65536,false,max_i64,9,45,5,before,346.181489
2,65536,false,max_i64,10,45,0,enum_dynamic,354.045378
2,65536,false,max_i64,10,45,1,enum_static,335.411111
2,65536,false,max_i64,10,45,2,bound_dynamic,353.561111
2,65536,false,max_i64,10,45,3,bound_static,334.574089
2,65536,false,max_i64,10,45,4,before,337.153711
2,65536,false,max_i64,10,45,5,after,341.472222
2,65536,false,max_i64,11,45,0,enum_static,342.957400
2,65536,false,max_i64,11,45,1,bound_dynamic,358.905556
2,65536,false,max_i64,11,45,2,bound_static,336.744444
2,65536,false,max_i64,11,45,3,before,337.076867
2,65536,false,max_i64,11,45,4,after,340.564822
2,65536,false,max_i64,11,45,5,enum_dynamic,360.890733
2,8192,true,count_star,0,3853,0,bound_dynamic,3.895060
2,8192,true,count_star,0,3853,1,bound_static,3.890172
2,8192,true,count_star,0,3853,2,before,3.896985
2,8192,true,count_star,0,3853,3,after,3.894498
2,8192,true,count_star,0,3853,4,enum_dynamic,3.890313
2,8192,true,count_star,0,3853,5,enum_static,3.891308
2,8192,true,count_star,1,3853,0,bound_static,3.889815
2,8192,true,count_star,1,3853,1,before,3.900813
2,8192,true,count_star,1,3853,2,after,3.889945
2,8192,true,count_star,1,3853,3,enum_dynamic,3.870739
2,8192,true,count_star,1,3853,4,enum_static,3.833625
2,8192,true,count_star,1,3853,5,bound_dynamic,3.852842
2,8192,true,count_star,2,3853,0,before,3.830197
2,8192,true,count_star,2,3853,1,after,3.830143
2,8192,true,count_star,2,3853,2,enum_dynamic,3.865148
2,8192,true,count_star,2,3853,3,enum_static,3.866057
2,8192,true,count_star,2,3853,4,bound_dynamic,3.894768
2,8192,true,count_star,2,3853,5,bound_static,3.909281
2,8192,true,count_star,3,3853,0,after,3.896304
2,8192,true,count_star,3,3853,1,enum_dynamic,3.896023
2,8192,true,count_star,3,3853,2,enum_static,3.913887
2,8192,true,count_star,3,3853,3,bound_dynamic,3.891189
2,8192,true,count_star,3,3853,4,bound_static,3.940523
2,8192,true,count_star,3,3853,5,before,3.853588
2,8192,true,count_star,4,3853,0,enum_dynamic,3.899018
2,8192,true,count_star,4,3853,1,enum_static,3.910103
2,8192,true,count_star,4,3853,2,bound_dynamic,3.905734
2,8192,true,count_star,4,3853,3,bound_static,3.897050
2,8192,true,count_star,4,3853,4,before,3.827915
2,8192,true,count_star,4,3853,5,after,3.835204
2,8192,true,count_star,5,3853,0,enum_static,3.820292
2,8192,true,count_star,5,3853,1,bound_dynamic,3.841498
2,8192,true,count_star,5,3853,2,bound_static,3.860747
2,8192,true,count_star,5,3853,3,before,3.866706
2,8192,true,count_star,5,3853,4,after,3.824541
2,8192,true,count_star,5,3853,5,enum_dynamic,3.833214
2,8192,true,count_star,6,3853,0,bound_dynamic,3.823871
2,8192,true,count_star,6,3853,1,bound_static,3.833085
2,8192,true,count_star,6,3853,2,before,3.880645
2,8192,true,count_star,6,3853,3,after,3.893773
2,8192,true,count_star,6,3853,4,enum_dynamic,3.897072
2,8192,true,count_star,6,3853,5,enum_static,3.898575
2,8192,true,count_star,7,3853,0,bound_static,3.896942
2,8192,true,count_star,7,3853,1,before,3.899624
2,8192,true,count_star,7,3853,2,after,3.900229
2,8192,true,count_star,7,3853,3,enum_dynamic,3.900316
2,8192,true,count_star,7,3853,4,enum_static,3.903971
2,8192,true,count_star,7,3853,5,bound_dynamic,3.893752
2,8192,true,count_star,8,3853,0,before,3.893806
2,8192,true,count_star,8,3853,1,after,3.898607
2,8192,true,count_star,8,3853,2,enum_dynamic,3.867344
2,8192,true,count_star,8,3853,3,enum_static,3.833333
2,8192,true,count_star,8,3853,4,bound_dynamic,3.826748
2,8192,true,count_star,8,3853,5,bound_static,3.834696
2,8192,true,count_star,9,3853,0,after,3.822671
2,8192,true,count_star,9,3853,1,enum_dynamic,3.827829
2,8192,true,count_star,9,3853,2,enum_static,3.820389
2,8192,true,count_star,9,3853,3,bound_dynamic,3.824531
2,8192,true,count_star,9,3853,4,bound_static,3.824249
2,8192,true,count_star,9,3853,5,before,3.928681
2,8192,true,count_star,10,3853,0,enum_dynamic,3.895655
2,8192,true,count_star,10,3853,1,enum_static,3.908999
2,8192,true,count_star,10,3853,2,bound_dynamic,3.834209
2,8192,true,count_star,10,3853,3,bound_static,3.822984
2,8192,true,count_star,10,3853,4,before,3.883651
2,8192,true,count_star,10,3853,5,after,3.893233
2,8192,true,count_star,11,3853,0,enum_static,3.898596
2,8192,true,count_star,11,3853,1,bound_dynamic,3.900629
2,8192,true,count_star,11,3853,2,bound_static,3.890280
2,8192,true,count_star,11,3853,3,before,3.894152
2,8192,true,count_star,11,3853,4,after,3.896315
2,8192,true,count_star,11,3853,5,enum_dynamic,3.894984
2,8192,false,covar_i64,0,562,0,bound_dynamic,26.853870
2,8192,false,covar_i64,0,562,1,bound_static,26.767719
2,8192,false,covar_i64,0,562,2,before,27.475164
2,8192,false,covar_i64,0,562,3,after,26.767941
2,8192,false,covar_i64,0,562,4,enum_dynamic,26.775281
2,8192,false,covar_i64,0,562,5,enum_static,26.787219
2,8192,false,covar_i64,1,562,0,bound_static,26.766459
2,8192,false,covar_i64,1,562,1,before,27.519425
2,8192,false,covar_i64,1,562,2,after,26.960260
2,8192,false,covar_i64,1,562,3,enum_dynamic,26.794484
2,8192,false,covar_i64,1,562,4,enum_static,26.815317
2,8192,false,covar_i64,1,562,5,bound_dynamic,26.920819
2,8192,false,covar_i64,2,562,0,before,27.575623
2,8192,false,covar_i64,2,562,1,after,26.847568
2,8192,false,covar_i64,2,562,2,enum_dynamic,26.878484
2,8192,false,covar_i64,2,562,3,enum_static,26.741696
2,8192,false,covar_i64,2,562,4,bound_dynamic,26.820434
2,8192,false,covar_i64,2,562,5,bound_static,26.826810
2,8192,false,covar_i64,3,562,0,after,26.792557
2,8192,false,covar_i64,3,562,1,enum_dynamic,26.814132
2,8192,false,covar_i64,3,562,2,enum_static,26.810423
2,8192,false,covar_i64,3,562,3,bound_dynamic,27.178456
2,8192,false,covar_i64,3,562,4,bound_static,26.851423
2,8192,false,covar_i64,3,562,5,before,27.495256
2,8192,false,covar_i64,4,562,0,enum_dynamic,26.841489
2,8192,false,covar_i64,4,562,1,enum_static,26.841932
2,8192,false,covar_i64,4,562,2,bound_dynamic,26.662294
2,8192,false,covar_i64,4,562,3,bound_static,26.217157
2,8192,false,covar_i64,4,562,4,before,27.286552
2,8192,false,covar_i64,4,562,5,after,26.600609
2,8192,false,covar_i64,5,562,0,enum_static,26.678158
2,8192,false,covar_i64,5,562,1,bound_dynamic,26.656434
2,8192,false,covar_i64,5,562,2,bound_static,26.646870
2,8192,false,covar_i64,5,562,3,before,27.363434
2,8192,false,covar_i64,5,562,4,after,26.692543
2,8192,false,covar_i64,5,562,5,enum_dynamic,26.605872
2,8192,false,covar_i64,6,562,0,bound_dynamic,26.675562
2,8192,false,covar_i64,6,562,1,bound_static,26.686685
2,8192,false,covar_i64,6,562,2,before,27.440317
2,8192,false,covar_i64,6,562,3,after,26.476126
2,8192,false,covar_i64,6,562,4,enum_dynamic,26.434534
2,8192,false,covar_i64,6,562,5,enum_static,26.437425
2,8192,false,covar_i64,7,562,0,bound_static,26.459297
2,8192,false,covar_i64,7,562,1,before,27.150950
2,8192,false,covar_i64,7,562,2,after,26.424897
2,8192,false,covar_i64,7,562,3,enum_dynamic,26.519648
2,8192,false,covar_i64,7,562,4,enum_static,26.525208
2,8192,false,covar_i64,7,562,5,bound_dynamic,26.561018
2,8192,false,covar_i64,8,562,0,before,27.178603
2,8192,false,covar_i64,8,562,1,after,26.574733
2,8192,false,covar_i64,8,562,2,enum_dynamic,26.742957
2,8192,false,covar_i64,8,562,3,enum_static,26.758007
2,8192,false,covar_i64,8,562,4,bound_dynamic,26.690319
2,8192,false,covar_i64,8,562,5,bound_static,26.758304
2,8192,false,covar_i64,9,562,0,after,26.711151
2,8192,false,covar_i64,9,562,1,enum_dynamic,26.070135
2,8192,false,covar_i64,9,562,2,enum_static,26.284178
2,8192,false,covar_i64,9,562,3,bound_dynamic,26.329922
2,8192,false,covar_i64,9,562,4,bound_static,26.473607
2,8192,false,covar_i64,9,562,5,before,27.119069
2,8192,false,covar_i64,10,562,0,enum_dynamic,26.536847
2,8192,false,covar_i64,10,562,1,enum_static,26.495107
2,8192,false,covar_i64,10,562,2,bound_dynamic,26.379523
2,8192,false,covar_i64,10,562,3,bound_static,26.411329
2,8192,false,covar_i64,10,562,4,before,27.091192
2,8192,false,covar_i64,10,562,5,after,26.642199
2,8192,false,covar_i64,11,562,0,enum_static,26.416073
2,8192,false,covar_i64,11,562,1,bound_dynamic,26.601498
2,8192,false,covar_i64,11,562,2,bound_static,26.621144
2,8192,false,covar_i64,11,562,3,before,27.313464
2,8192,false,covar_i64,11,562,4,after,26.669559
2,8192,false,covar_i64,11,562,5,enum_dynamic,26.703737
2,8192,true,min_i64,0,348,0,bound_dynamic,47.284003
2,8192,true,min_i64,0,348,1,bound_static,43.636733
2,8192,true,min_i64,0,348,2,before,46.286279
2,8192,true,min_i64,0,348,3,after,43.405891
2,8192,true,min_i64,0,348,4,enum_dynamic,47.265922
2,8192,true,min_i64,0,348,5,enum_static,43.273825
2,8192,true,min_i64,1,348,0,bound_static,43.326747
2,8192,true,min_i64,1,348,1,before,46.796578
2,8192,true,min_i64,1,348,2,after,43.407089
2,8192,true,min_i64,1,348,3,enum_dynamic,47.293940
2,8192,true,min_i64,1,348,4,enum_static,43.221385
2,8192,true,min_i64,1,348,5,bound_dynamic,47.086684
2,8192,true,min_i64,2,348,0,before,46.888052
2,8192,true,min_i64,2,348,1,after,43.442647
2,8192,true,min_i64,2,348,2,enum_dynamic,47.193006
2,8192,true,min_i64,2,348,3,enum_static,43.196601
2,8192,true,min_i64,2,348,4,bound_dynamic,47.122247
2,8192,true,min_i64,2,348,5,bound_static,43.322440
2,8192,true,min_i64,3,348,0,after,44.174928
2,8192,true,min_i64,3,348,1,enum_dynamic,46.497244
2,8192,true,min_i64,3,348,2,enum_static,43.053759
2,8192,true,min_i64,3,348,3,bound_dynamic,47.239224
2,8192,true,min_i64,3,348,4,bound_static,43.518319
2,8192,true,min_i64,3,348,5,before,46.674928
2,8192,true,min_i64,4,348,0,enum_dynamic,47.398466
2,8192,true,min_i64,4,348,1,enum_static,44.277299
2,8192,true,min_i64,4,348,2,bound_dynamic,47.934388
2,8192,true,min_i64,4,348,3,bound_static,44.259101
2,8192,true,min_i64,4,348,4,before,47.611112
2,8192,true,min_i64,4,348,5,after,44.138649
2,8192,true,min_i64,5,348,0,enum_static,43.778494
2,8192,true,min_i64,5,348,1,bound_dynamic,48.451029
2,8192,true,min_i64,5,348,2,bound_static,43.513052
2,8192,true,min_i64,5,348,3,before,46.339080
2,8192,true,min_i64,5,348,4,after,43.247009
2,8192,true,min_i64,5,348,5,enum_dynamic,47.444445
2,8192,true,min_i64,6,348,0,bound_dynamic,47.532569
2,8192,true,min_i64,6,348,1,bound_static,43.675049
2,8192,true,min_i64,6,348,2,before,47.142003
2,8192,true,min_i64,6,348,3,after,44.155532
2,8192,true,min_i64,6,348,4,enum_dynamic,47.613267
2,8192,true,min_i64,6,348,5,enum_static,43.637333
2,8192,true,min_i64,7,348,0,bound_static,43.358239
2,8192,true,min_i64,7,348,1,before,46.736471
2,8192,true,min_i64,7,348,2,after,43.630509
2,8192,true,min_i64,7,348,3,enum_dynamic,47.208095
2,8192,true,min_i64,7,348,4,enum_static,43.071121
2,8192,true,min_i64,7,348,5,bound_dynamic,46.952586
2,8192,true,min_i64,8,348,0,before,46.667147
2,8192,true,min_i64,8,348,1,after,43.688937
2,8192,true,min_i64,8,348,2,enum_dynamic,47.137572
2,8192,true,min_i64,8,348,3,enum_static,43.339560
2,8192,true,min_i64,8,348,4,bound_dynamic,47.603925
2,8192,true,min_i64,8,348,5,bound_static,43.398945
2,8192,true,min_i64,9,348,0,after,43.399784
2,8192,true,min_i64,9,348,1,enum_dynamic,47.097460
2,8192,true,min_i64,9,348,2,enum_static,43.778138
2,8192,true,min_i64,9,348,3,bound_dynamic,46.328066
2,8192,true,min_i64,9,348,4,bound_static,43.332376
2,8192,true,min_i64,9,348,5,before,46.648589
2,8192,true,min_i64,10,348,0,enum_dynamic,47.083213
2,8192,true,min_i64,10,348,1,enum_static,43.242937
2,8192,true,min_i64,10,348,2,bound_dynamic,47.199713
2,8192,true,min_i64,10,348,3,bound_static,43.284963
2,8192,true,min_i64,10,348,4,before,46.781129
2,8192,true,min_i64,10,348,5,after,43.383500
2,8192,true,min_i64,11,348,0,enum_static,43.239103
2,8192,true,min_i64,11,348,1,bound_dynamic,47.121408
2,8192,true,min_i64,11,348,2,bound_static,43.512693
2,8192,true,min_i64,11,348,3,before,46.668704
2,8192,true,min_i64,11,348,4,after,43.511253
2,8192,true,min_i64,11,348,5,enum_dynamic,47.126437
2,128,false,min_i64,0,20211,0,bound_dynamic,0.806191
2,128,false,min_i64,0,20211,1,bound_static,0.735981
2,128,false,min_i64,0,20211,2,before,0.824221
2,128,false,min_i64,0,20211,3,after,0.744261
2,128,false,min_i64,0,20211,4,enum_dynamic,0.807157
2,128,false,min_i64,0,20211,5,enum_static,0.730755
2,128,false,min_i64,1,20211,0,bound_static,0.733788
2,128,false,min_i64,1,20211,1,before,0.824095
2,128,false,min_i64,1,20211,2,after,0.743951
2,128,false,min_i64,1,20211,3,enum_dynamic,0.807545
2,128,false,min_i64,1,20211,4,enum_static,0.730442
2,128,false,min_i64,1,20211,5,bound_dynamic,0.789145
2,128,false,min_i64,2,20211,0,before,0.826108
2,128,false,min_i64,2,20211,1,after,0.749705
2,128,false,min_i64,2,20211,2,enum_dynamic,0.810489
2,128,false,min_i64,2,20211,3,enum_static,0.729401
2,128,false,min_i64,2,20211,4,bound_dynamic,0.802946
2,128,false,min_i64,2,20211,5,bound_static,0.729028
2,128,false,min_i64,3,20211,0,after,0.747209
2,128,false,min_i64,3,20211,1,enum_dynamic,0.808116
2,128,false,min_i64,3,20211,2,enum_static,0.729904
2,128,false,min_i64,3,20211,3,bound_dynamic,0.802228
2,128,false,min_i64,3,20211,4,bound_static,0.729972
2,128,false,min_i64,3,20211,5,before,0.826415
2,128,false,min_i64,4,20211,0,enum_dynamic,0.809512
2,128,false,min_i64,4,20211,1,enum_static,0.727815
2,128,false,min_i64,4,20211,2,bound_dynamic,0.805197
2,128,false,min_i64,4,20211,3,bound_static,0.731167
2,128,false,min_i64,4,20211,4,before,0.827526
2,128,false,min_i64,4,20211,5,after,0.743962
2,128,false,min_i64,5,20211,0,enum_static,0.729586
2,128,false,min_i64,5,20211,1,bound_dynamic,0.806195
2,128,false,min_i64,5,20211,2,bound_static,0.727842
2,128,false,min_i64,5,20211,3,before,0.827544
2,128,false,min_i64,5,20211,4,after,0.743376
2,128,false,min_i64,5,20211,5,enum_dynamic,0.810343
2,128,false,min_i64,6,20211,0,bound_dynamic,0.806019
2,128,false,min_i64,6,20211,1,bound_static,0.738742
2,128,false,min_i64,6,20211,2,before,0.826631
2,128,false,min_i64,6,20211,3,after,0.744766
2,128,false,min_i64,6,20211,4,enum_dynamic,0.809233
2,128,false,min_i64,6,20211,5,enum_static,0.730770
2,128,false,min_i64,7,20211,0,bound_static,0.728510
2,128,false,min_i64,7,20211,1,before,0.826444
2,128,false,min_i64,7,20211,2,after,0.744118
2,128,false,min_i64,7,20211,3,enum_dynamic,0.807704
2,128,false,min_i64,7,20211,4,enum_static,0.727547
2,128,false,min_i64,7,20211,5,bound_dynamic,0.802570
2,128,false,min_i64,8,20211,0,before,0.826600
2,128,false,min_i64,8,20211,1,after,0.748777
2,128,false,min_i64,8,20211,2,enum_dynamic,0.808695
2,128,false,min_i64,8,20211,3,enum_static,0.727786
2,128,false,min_i64,8,20211,4,bound_dynamic,0.804844
2,128,false,min_i64,8,20211,5,bound_static,0.727446
2,128,false,min_i64,9,20211,0,after,0.745399
2,128,false,min_i64,9,20211,1,enum_dynamic,0.807687
2,128,false,min_i64,9,20211,2,enum_static,0.731749
2,128,false,min_i64,9,20211,3,bound_dynamic,0.807186
2,128,false,min_i64,9,20211,4,bound_static,0.730269
2,128,false,min_i64,9,20211,5,before,0.824761
2,128,false,min_i64,10,20211,0,enum_dynamic,0.811116
2,128,false,min_i64,10,20211,1,enum_static,0.728630
2,128,false,min_i64,10,20211,2,bound_dynamic,0.803028
2,128,false,min_i64,10,20211,3,bound_static,0.728378
2,128,false,min_i64,10,20211,4,before,0.825813
2,128,false,min_i64,10,20211,5,after,0.745933
2,128,false,min_i64,11,20211,0,enum_static,0.726908
2,128,false,min_i64,11,20211,1,bound_dynamic,0.805576
2,128,false,min_i64,11,20211,2,bound_static,0.731930
2,128,false,min_i64,11,20211,3,before,0.830789
2,128,false,min_i64,11,20211,4,after,0.743669
2,128,false,min_i64,11,20211,5,enum_dynamic,0.810942
2,128,false,max_i64,0,19394,0,bound_dynamic,0.801476
2,128,false,max_i64,0,19394,1,bound_static,0.768474
2,128,false,max_i64,0,19394,2,before,0.803805
2,128,false,max_i64,0,19394,3,after,0.773053
2,128,false,max_i64,0,19394,4,enum_dynamic,0.827350
2,128,false,max_i64,0,19394,5,enum_static,0.763355
2,128,false,max_i64,1,19394,0,bound_static,0.763043
2,128,false,max_i64,1,19394,1,before,0.811862
2,128,false,max_i64,1,19394,2,after,0.779354
2,128,false,max_i64,1,19394,3,enum_dynamic,0.825861
2,128,false,max_i64,1,19394,4,enum_static,0.766105
2,128,false,max_i64,1,19394,5,bound_dynamic,0.797699
2,128,false,max_i64,2,19394,0,before,0.800123
2,128,false,max_i64,2,19394,1,after,0.773867
2,128,false,max_i64,2,19394,2,enum_dynamic,0.835493
2,128,false,max_i64,2,19394,3,enum_static,0.763041
2,128,false,max_i64,2,19394,4,bound_dynamic,0.805262
2,128,false,max_i64,2,19394,5,bound_static,0.763086
2,128,false,max_i64,3,19394,0,after,0.784929
2,128,false,max_i64,3,19394,1,enum_dynamic,0.833142
2,128,false,max_i64,3,19394,2,enum_static,0.762205
2,128,false,max_i64,3,19394,3,bound_dynamic,0.802866
2,128,false,max_i64,3,19394,4,bound_static,0.760626
2,128,false,max_i64,3,19394,5,before,0.814578
2,128,false,max_i64,4,19394,0,enum_dynamic,0.833112
2,128,false,max_i64,4,19394,1,enum_static,0.762815
2,128,false,max_i64,4,19394,2,bound_dynamic,0.803522
2,128,false,max_i64,4,19394,3,bound_static,0.763069
2,128,false,max_i64,4,19394,4,before,0.812816
2,128,false,max_i64,4,19394,5,after,0.801930
2,128,false,max_i64,5,19394,0,enum_static,0.764626
2,128,false,max_i64,5,19394,1,bound_dynamic,0.804039
2,128,false,max_i64,5,19394,2,bound_static,0.763754
2,128,false,max_i64,5,19394,3,before,0.809806
2,128,false,max_i64,5,19394,4,after,0.785348
2,128,false,max_i64,5,19394,5,enum_dynamic,0.829962
2,128,false,max_i64,6,19394,0,bound_dynamic,0.804789
2,128,false,max_i64,6,19394,1,bound_static,0.762740
2,128,false,max_i64,6,19394,2,before,0.812889
2,128,false,max_i64,6,19394,3,after,0.784484
2,128,false,max_i64,6,19394,4,enum_dynamic,0.833976
2,128,false,max_i64,6,19394,5,enum_static,0.762119
2,128,false,max_i64,7,19394,0,bound_static,0.762366
2,128,false,max_i64,7,19394,1,before,0.812466
2,128,false,max_i64,7,19394,2,after,0.784813
2,128,false,max_i64,7,19394,3,enum_dynamic,0.841570
2,128,false,max_i64,7,19394,4,enum_static,0.764708
2,128,false,max_i64,7,19394,5,bound_dynamic,0.802854
2,128,false,max_i64,8,19394,0,before,0.815018
2,128,false,max_i64,8,19394,1,after,0.790799
2,128,false,max_i64,8,19394,2,enum_dynamic,0.830046
2,128,false,max_i64,8,19394,3,enum_static,0.762987
2,128,false,max_i64,8,19394,4,bound_dynamic,0.802903
2,128,false,max_i64,8,19394,5,bound_static,0.763282
2,128,false,max_i64,9,19394,0,after,0.786091
2,128,false,max_i64,9,19394,1,enum_dynamic,0.832534
2,128,false,max_i64,9,19394,2,enum_static,0.761180
2,128,false,max_i64,9,19394,3,bound_dynamic,0.804330
2,128,false,max_i64,9,19394,4,bound_static,0.763859
2,128,false,max_i64,9,19394,5,before,0.811778
2,128,false,max_i64,10,19394,0,enum_dynamic,0.832620
2,128,false,max_i64,10,19394,1,enum_static,0.763316
2,128,false,max_i64,10,19394,2,bound_dynamic,0.807071
2,128,false,max_i64,10,19394,3,bound_static,0.761971
2,128,false,max_i64,10,19394,4,before,0.812249
2,128,false,max_i64,10,19394,5,after,0.784972
2,128,false,max_i64,11,19394,0,enum_static,0.763713
2,128,false,max_i64,11,19394,1,bound_dynamic,0.800851
2,128,false,max_i64,11,19394,2,bound_static,0.749572
2,128,false,max_i64,11,19394,3,before,0.796533
2,128,false,max_i64,11,19394,4,after,0.764375
2,128,false,max_i64,11,19394,5,enum_dynamic,0.826394
2,128,false,sum_i64,0,43973,0,bound_dynamic,0.339474
2,128,false,sum_i64,0,43973,1,bound_static,0.339012
2,128,false,sum_i64,0,43973,2,before,0.340978
2,128,false,sum_i64,0,43973,3,after,0.362245
2,128,false,sum_i64,0,43973,4,enum_dynamic,0.346905
2,128,false,sum_i64,0,43973,5,enum_static,0.341972
2,128,false,sum_i64,1,43973,0,bound_static,0.338786
2,128,false,sum_i64,1,43973,1,before,0.341424
2,128,false,sum_i64,1,43973,2,after,0.364061
2,128,false,sum_i64,1,43973,3,enum_dynamic,0.348608
2,128,false,sum_i64,1,43973,4,enum_static,0.340635
2,128,false,sum_i64,1,43973,5,bound_dynamic,0.338297
2,128,false,sum_i64,2,43973,0,before,0.342038
2,128,false,sum_i64,2,43973,1,after,0.361619
2,128,false,sum_i64,2,43973,2,enum_dynamic,0.348048
2,128,false,sum_i64,2,43973,3,enum_static,0.340396
2,128,false,sum_i64,2,43973,4,bound_dynamic,0.338968
2,128,false,sum_i64,2,43973,5,bound_static,0.339148
2,128,false,sum_i64,3,43973,0,after,0.361450
2,128,false,sum_i64,3,43973,1,enum_dynamic,0.347085
2,128,false,sum_i64,3,43973,2,enum_static,0.341220
2,128,false,sum_i64,3,43973,3,bound_dynamic,0.338658
2,128,false,sum_i64,3,43973,4,bound_static,0.339481
2,128,false,sum_i64,3,43973,5,before,0.346419
2,128,false,sum_i64,4,43973,0,enum_dynamic,0.344298
2,128,false,sum_i64,4,43973,1,enum_static,0.342616
2,128,false,sum_i64,4,43973,2,bound_dynamic,0.338873
2,128,false,sum_i64,4,43973,3,bound_static,0.339475
2,128,false,sum_i64,4,43973,4,before,0.341054
2,128,false,sum_i64,4,43973,5,after,0.362401
2,128,false,sum_i64,5,43973,0,enum_static,0.340935
2,128,false,sum_i64,5,43973,1,bound_dynamic,0.339021
2,128,false,sum_i64,5,43973,2,bound_static,0.338587
2,128,false,sum_i64,5,43973,3,before,0.340986
2,128,false,sum_i64,5,43973,4,after,0.361337
2,128,false,sum_i64,5,43973,5,enum_dynamic,0.347764
2,128,false,sum_i64,6,43973,0,bound_dynamic,0.338659
2,128,false,sum_i64,6,43973,1,bound_static,0.338573
2,128,false,sum_i64,6,43973,2,before,0.341236
2,128,false,sum_i64,6,43973,3,after,0.361547
2,128,false,sum_i64,6,43973,4,enum_dynamic,0.348786
2,128,false,sum_i64,6,43973,5,enum_static,0.340670
2,128,false,sum_i64,7,43973,0,bound_static,0.339588
2,128,false,sum_i64,7,43973,1,before,0.344578
2,128,false,sum_i64,7,43973,2,after,0.362257
2,128,false,sum_i64,7,43973,3,enum_dynamic,0.348046
2,128,false,sum_i64,7,43973,4,enum_static,0.341161
2,128,false,sum_i64,7,43973,5,bound_dynamic,0.339389
2,128,false,sum_i64,8,43973,0,before,0.341740
2,128,false,sum_i64,8,43973,1,after,0.362850
2,128,false,sum_i64,8,43973,2,enum_dynamic,0.348160
2,128,false,sum_i64,8,43973,3,enum_static,0.341328
2,128,false,sum_i64,8,43973,4,bound_dynamic,0.339160
2,128,false,sum_i64,8,43973,5,bound_static,0.339160
2,128,false,sum_i64,9,43973,0,after,0.361340
2,128,false,sum_i64,9,43973,1,enum_dynamic,0.349368
2,128,false,sum_i64,9,43973,2,enum_static,0.340755
2,128,false,sum_i64,9,43973,3,bound_dynamic,0.338268
2,128,false,sum_i64,9,43973,4,bound_static,0.338560
2,128,false,sum_i64,9,43973,5,before,0.340585
2,128,false,sum_i64,10,43973,0,enum_dynamic,0.349661
2,128,false,sum_i64,10,43973,1,enum_static,0.335700
2,128,false,sum_i64,10,43973,2,bound_dynamic,0.339491
2,128,false,sum_i64,10,43973,3,bound_static,0.338769
2,128,false,sum_i64,10,43973,4,before,0.342060
2,128,false,sum_i64,10,43973,5,after,0.361579
2,128,false,sum_i64,11,43973,0,enum_static,0.340554
2,128,false,sum_i64,11,43973,1,bound_dynamic,0.338672
2,128,false,sum_i64,11,43973,2,bound_static,0.338885
2,128,false,sum_i64,11,43973,3,before,0.343860
2,128,false,sum_i64,11,43973,4,after,0.360827
2,128,false,sum_i64,11,43973,5,enum_dynamic,0.347442
2,8192,true,max_i64,0,336,0,bound_dynamic,47.237101
2,8192,true,max_i64,0,336,1,bound_static,44.891988
2,8192,true,max_i64,0,336,2,before,46.811259
2,8192,true,max_i64,0,336,3,after,44.013393
2,8192,true,max_i64,0,336,4,enum_dynamic,47.328372
2,8192,true,max_i64,0,336,5,enum_static,44.511905
2,8192,true,max_i64,1,336,0,bound_static,44.030012
2,8192,true,max_i64,1,336,1,before,46.622274
2,8192,true,max_i64,1,336,2,after,44.903646
2,8192,true,max_i64,1,336,3,enum_dynamic,47.349824
2,8192,true,max_i64,1,336,4,enum_static,44.782244
2,8192,true,max_i64,1,336,5,bound_dynamic,47.214286
2,8192,true,max_i64,2,336,0,before,46.858009
2,8192,true,max_i64,2,336,1,after,45.003470
2,8192,true,max_i64,2,336,2,enum_dynamic,47.298860
2,8192,true,max_i64,2,336,3,enum_static,45.096601
2,8192,true,max_i64,2,336,4,bound_dynamic,46.613714
2,8192,true,max_i64,2,336,5,bound_static,44.096726
2,8192,true,max_i64,3,336,0,after,44.108384
2,8192,true,max_i64,3,336,1,enum_dynamic,46.907116
2,8192,true,max_i64,3,336,2,enum_static,44.828744
2,8192,true,max_i64,3,336,3,bound_dynamic,47.241443
2,8192,true,max_i64,3,336,4,bound_static,44.842387
2,8192,true,max_i64,3,336,5,before,46.798982
2,8192,true,max_i64,4,336,0,enum_dynamic,47.287821
2,8192,true,max_i64,4,336,1,enum_static,44.714780
2,8192,true,max_i64,4,336,2,bound_dynamic,47.098833
2,8192,true,max_i64,4,336,3,bound_static,44.797497
2,8192,true,max_i64,4,336,4,before,46.760417
2,8192,true,max_i64,4,336,5,after,44.807664
2,8192,true,max_i64,5,336,0,enum_static,44.730283
2,8192,true,max_i64,5,336,1,bound_dynamic,47.202878
2,8192,true,max_i64,5,336,2,bound_static,44.754714
2,8192,true,max_i64,5,336,3,before,46.790179
2,8192,true,max_i64,5,336,4,after,44.872149
2,8192,true,max_i64,5,336,5,enum_dynamic,47.746405
2,8192,true,max_i64,6,336,0,bound_dynamic,46.288565
2,8192,true,max_i64,6,336,1,bound_static,44.895833
2,8192,true,max_i64,6,336,2,before,46.845363
2,8192,true,max_i64,6,336,3,after,45.560515
2,8192,true,max_i64,6,336,4,enum_dynamic,46.491568
2,8192,true,max_i64,6,336,5,enum_static,44.860863
2,8192,true,max_i64,7,336,0,bound_static,44.863217
2,8192,true,max_i64,7,336,1,before,47.035836
2,8192,true,max_i64,7,336,2,after,44.837798
2,8192,true,max_i64,7,336,3,enum_dynamic,47.367810
2,8192,true,max_i64,7,336,4,enum_static,44.884673
2,8192,true,max_i64,7,336,5,bound_dynamic,47.215280
2,8192,true,max_i64,8,336,0,before,46.715524
2,8192,true,max_i64,8,336,1,after,44.197917
2,8192,true,max_i64,8,336,2,enum_dynamic,47.417533
2,8192,true,max_i64,8,336,3,enum_static,44.760292
2,8192,true,max_i64,8,336,4,bound_dynamic,47.565601
2,8192,true,max_i64,8,336,5,bound_static,44.224455
2,8192,true,max_i64,9,336,0,after,44.932292
2,8192,true,max_i64,9,336,1,enum_dynamic,47.209696
2,8192,true,max_i64,9,336,2,enum_static,44.908854
2,8192,true,max_i64,9,336,3,bound_dynamic,47.119048
2,8192,true,max_i64,9,336,4,bound_static,44.886408
2,8192,true,max_i64,9,336,5,before,46.873512
2,8192,true,max_i64,10,336,0,enum_dynamic,47.323661
2,8192,true,max_i64,10,336,1,enum_static,44.792783
2,8192,true,max_i64,10,336,2,bound_dynamic,47.183780
2,8192,true,max_i64,10,336,3,bound_static,44.917783
2,8192,true,max_i64,10,336,4,before,46.829738
2,8192,true,max_i64,10,336,5,after,45.002482
2,8192,true,max_i64,11,336,0,enum_static,44.724330
2,8192,true,max_i64,11,336,1,bound_dynamic,47.226935
2,8192,true,max_i64,11,336,2,bound_static,44.838048
2,8192,true,max_i64,11,336,3,before,46.898685
2,8192,true,max_i64,11,336,4,after,44.928571
2,8192,true,max_i64,11,336,5,enum_dynamic,47.385167
2,65536,true,count_i64,0,291,0,bound_dynamic,51.862113
2,65536,true,count_i64,0,291,1,bound_static,50.826031
2,65536,true,count_i64,0,291,2,before,51.440151
2,65536,true,count_i64,0,291,3,after,52.319302
2,65536,true,count_i64,0,291,4,enum_dynamic,52.106100
2,65536,true,count_i64,0,291,5,enum_static,51.749282
2,65536,true,count_i64,1,291,0,bound_static,51.873856
2,65536,true,count_i64,1,291,1,before,51.394045
2,65536,true,count_i64,1,291,2,after,51.494416
2,65536,true,count_i64,1,291,3,enum_dynamic,50.977808
2,65536,true,count_i64,1,291,4,enum_static,50.969216
2,65536,true,count_i64,1,291,5,bound_dynamic,51.014890
2,65536,true,count_i64,2,291,0,before,51.690148
2,65536,true,count_i64,2,291,1,after,52.444873
2,65536,true,count_i64,2,291,2,enum_dynamic,51.928124
2,65536,true,count_i64,2,291,3,enum_static,51.949457
2,65536,true,count_i64,2,291,4,bound_dynamic,51.962055
2,65536,true,count_i64,2,291,5,bound_static,51.844216
2,65536,true,count_i64,3,291,0,after,52.371849
2,65536,true,count_i64,3,291,1,enum_dynamic,51.911227
2,65536,true,count_i64,3,291,2,enum_static,51.865979
2,65536,true,count_i64,3,291,3,bound_dynamic,51.900058
2,65536,true,count_i64,3,291,4,bound_static,51.802405
2,65536,true,count_i64,3,291,5,before,52.072165
2,65536,true,count_i64,4,291,0,enum_dynamic,51.954753
2,65536,true,count_i64,4,291,1,enum_static,51.905069
2,65536,true,count_i64,4,291,2,bound_dynamic,51.944299
2,65536,true,count_i64,4,291,3,bound_static,51.995704
2,65536,true,count_i64,4,291,4,before,51.047110
2,65536,true,count_i64,4,291,5,after,51.687141
2,65536,true,count_i64,5,291,0,enum_static,50.993986
2,65536,true,count_i64,5,291,1,bound_dynamic,50.914948
2,65536,true,count_i64,5,291,2,bound_static,50.675546
2,65536,true,count_i64,5,291,3,before,53.415948
2,65536,true,count_i64,5,291,4,after,51.334333
2,65536,true,count_i64,5,291,5,enum_dynamic,51.671107
2,65536,true,count_i64,6,291,0,bound_dynamic,50.949457
2,65536,true,count_i64,6,291,1,bound_static,50.783216
2,65536,true,count_i64,6,291,2,before,51.637172
2,65536,true,count_i64,6,291,3,after,52.506014
2,65536,true,count_i64,6,291,4,enum_dynamic,51.034220
2,65536,true,count_i64,6,291,5,enum_static,51.021622
2,65536,true,count_i64,7,291,0,bound_static,50.730526
2,65536,true,count_i64,7,291,1,before,51.651347
2,65536,true,count_i64,7,291,2,after,52.363546
2,65536,true,count_i64,7,291,3,enum_dynamic,51.396192
2,65536,true,count_i64,7,291,4,enum_static,51.030643
2,65536,true,count_i64,7,291,5,bound_dynamic,51.002148
2,65536,true,count_i64,8,291,0,before,51.597653
2,65536,true,count_i64,8,291,1,after,52.435852
2,65536,true,count_i64,8,291,2,enum_dynamic,52.108247
2,65536,true,count_i64,8,291,3,enum_static,51.964203
2,65536,true,count_i64,8,291,4,bound_dynamic,51.916808
2,65536,true,count_i64,8,291,5,bound_static,51.824168
2,65536,true,count_i64,9,291,0,after,52.205186
2,65536,true,count_i64,9,291,1,enum_dynamic,51.920103
2,65536,true,count_i64,9,291,2,enum_static,51.917811
2,65536,true,count_i64,9,291,3,bound_dynamic,51.934708
2,65536,true,count_i64,9,291,4,bound_static,51.741550
2,65536,true,count_i64,9,291,5,before,52.082045
2,65536,true,count_i64,10,291,0,enum_dynamic,52.001577
2,65536,true,count_i64,10,291,1,enum_static,51.894759
2,65536,true,count_i64,10,291,2,bound_dynamic,51.882017
2,65536,true,count_i64,10,291,3,bound_static,51.848653
2,65536,true,count_i64,10,291,4,before,52.220935
2,65536,true,count_i64,10,291,5,after,52.365691
2,65536,true,count_i64,11,291,0,enum_static,52.138890
2,65536,true,count_i64,11,291,1,bound_dynamic,51.911368
2,65536,true,count_i64,11,291,2,bound_static,50.861399
2,65536,true,count_i64,11,291,3,before,51.491694
2,65536,true,count_i64,11,291,4,after,52.430553
2,65536,true,count_i64,11,291,5,enum_dynamic,52.708474
2,128,false,mixed_7,0,1770,0,bound_dynamic,9.313441
2,128,false,mixed_7,0,1770,1,bound_static,9.029308
2,128,false,mixed_7,0,1770,2,before,8.667373
2,128,false,mixed_7,0,1770,3,after,8.640749
2,128,false,mixed_7,0,1770,4,enum_dynamic,9.297999
2,128,false,mixed_7,0,1770,5,enum_static,9.137218
2,128,false,mixed_7,1,1770,0,bound_static,9.157415
2,128,false,mixed_7,1,1770,1,before,8.827731
2,128,false,mixed_7,1,1770,2,after,8.629967
2,128,false,mixed_7,1,1770,3,enum_dynamic,9.285099
2,128,false,mixed_7,1,1770,4,enum_static,9.140301
2,128,false,mixed_7,1,1770,5,bound_dynamic,9.342185
2,128,false,mixed_7,2,1770,0,before,8.804449
2,128,false,mixed_7,2,1770,1,after,8.654332
2,128,false,mixed_7,2,1770,2,enum_dynamic,9.272740
2,128,false,mixed_7,2,1770,3,enum_static,9.138347
2,128,false,mixed_7,2,1770,4,bound_dynamic,9.316596
2,128,false,mixed_7,2,1770,5,bound_static,9.132627
2,128,false,mixed_7,3,1770,0,after,8.649246
2,128,false,mixed_7,3,1770,1,enum_dynamic,9.308451
2,128,false,mixed_7,3,1770,2,enum_static,9.195881
2,128,false,mixed_7,3,1770,3,bound_dynamic,9.370527
2,128,false,mixed_7,3,1770,4,bound_static,9.133545
2,128,false,mixed_7,3,1770,5,before,8.839807
2,128,false,mixed_7,4,1770,0,enum_dynamic,9.301766
2,128,false,mixed_7,4,1770,1,enum_static,9.146963
2,128,false,mixed_7,4,1770,2,bound_dynamic,9.317490
2,128,false,mixed_7,4,1770,3,bound_static,9.176177
2,128,false,mixed_7,4,1770,4,before,8.788889
2,128,false,mixed_7,4,1770,5,after,8.645480
2,128,false,mixed_7,5,1770,0,enum_static,9.134981
2,128,false,mixed_7,5,1770,1,bound_dynamic,9.382603
2,128,false,mixed_7,5,1770,2,bound_static,9.237147
2,128,false,mixed_7,5,1770,3,before,8.753390
2,128,false,mixed_7,5,1770,4,after,8.487194
2,128,false,mixed_7,5,1770,5,enum_dynamic,9.144774
2,128,false,mixed_7,6,1770,0,bound_dynamic,9.351672
2,128,false,mixed_7,6,1770,1,bound_static,9.167820
2,128,false,mixed_7,6,1770,2,before,8.820386
2,128,false,mixed_7,6,1770,3,after,8.655367
2,128,false,mixed_7,6,1770,4,enum_dynamic,9.334910
2,128,false,mixed_7,6,1770,5,enum_static,9.157580
2,128,false,mixed_7,7,1770,0,bound_static,9.194539
2,128,false,mixed_7,7,1770,1,before,8.800471
2,128,false,mixed_7,7,1770,2,after,8.671257
2,128,false,mixed_7,7,1770,3,enum_dynamic,9.318408
2,128,false,mixed_7,7,1770,4,enum_static,9.166431
2,128,false,mixed_7,7,1770,5,bound_dynamic,9.381403
2,128,false,mixed_7,8,1770,0,before,8.821681
2,128,false,mixed_7,8,1770,1,after,8.638136
2,128,false,mixed_7,8,1770,2,enum_dynamic,9.325494
2,128,false,mixed_7,8,1770,3,enum_static,9.180932
2,128,false,mixed_7,8,1770,4,bound_dynamic,9.359769
2,128,false,mixed_7,8,1770,5,bound_static,9.165349
2,128,false,mixed_7,9,1770,0,after,8.647481
2,128,false,mixed_7,9,1770,1,enum_dynamic,9.313912
2,128,false,mixed_7,9,1770,2,enum_static,9.165654
2,128,false,mixed_7,9,1770,3,bound_dynamic,9.376577
2,128,false,mixed_7,9,1770,4,bound_static,9.172623
2,128,false,mixed_7,9,1770,5,before,8.830838
2,128,false,mixed_7,10,1770,0,enum_dynamic,9.334934
2,128,false,mixed_7,10,1770,1,enum_static,9.178342
2,128,false,mixed_7,10,1770,2,bound_dynamic,9.496116
2,128,false,mixed_7,10,1770,3,bound_static,9.046210
2,128,false,mixed_7,10,1770,4,before,8.688112
2,128,false,mixed_7,10,1770,5,after,8.684110
2,128,false,mixed_7,11,1770,0,enum_static,9.177354
2,128,false,mixed_7,11,1770,1,bound_dynamic,9.360381
2,128,false,mixed_7,11,1770,2,bound_static,9.140466
2,128,false,mixed_7,11,1770,3,before,8.814312
2,128,false,mixed_7,11,1770,4,after,8.625377
2,128,false,mixed_7,11,1770,5,enum_dynamic,9.306921
2,65536,true,sum_f64,0,212,0,bound_dynamic,70.953024
2,65536,true,sum_f64,0,212,1,bound_static,70.922953
2,65536,true,sum_f64,0,212,2,before,70.944184
2,65536,true,sum_f64,0,212,3,after,72.054047
2,65536,true,sum_f64,0,212,4,enum_dynamic,70.978967
2,65536,true,sum_f64,0,212,5,enum_static,71.135420
2,65536,true,sum_f64,1,212,0,bound_static,71.093943
2,65536,true,sum_f64,1,212,1,before,71.192608
2,65536,true,sum_f64,1,212,2,after,72.133646
2,65536,true,sum_f64,1,212,3,enum_dynamic,71.211675
2,65536,true,sum_f64,1,212,4,enum_static,70.333920
2,65536,true,sum_f64,1,212,5,bound_dynamic,71.176099
2,65536,true,sum_f64,2,212,0,before,71.375396
2,65536,true,sum_f64,2,212,1,after,72.186910
2,65536,true,sum_f64,2,212,2,enum_dynamic,71.269066
2,65536,true,sum_f64,2,212,3,enum_static,70.959509
2,65536,true,sum_f64,2,212,4,bound_dynamic,71.181995
2,65536,true,sum_f64,2,212,5,bound_static,70.985066
2,65536,true,sum_f64,3,212,0,after,72.290684
2,65536,true,sum_f64,3,212,1,enum_dynamic,71.052080
2,65536,true,sum_f64,3,212,2,enum_static,71.021816
2,65536,true,sum_f64,3,212,3,bound_dynamic,71.545401
2,65536,true,sum_f64,3,212,4,bound_static,71.380307
2,65536,true,sum_f64,3,212,5,before,71.270241
2,65536,true,sum_f64,4,212,0,enum_dynamic,72.278495
2,65536,true,sum_f64,4,212,1,enum_static,70.995476
2,65536,true,sum_f64,4,212,2,bound_dynamic,70.666472
2,65536,true,sum_f64,4,212,3,bound_static,69.883453
2,65536,true,sum_f64,4,212,4,before,69.845123
2,65536,true,sum_f64,4,212,5,after,72.098075
2,65536,true,sum_f64,5,212,0,enum_static,71.142491
2,65536,true,sum_f64,5,212,1,bound_dynamic,71.130307
2,65536,true,sum_f64,5,212,2,bound_static,71.167255
2,65536,true,sum_f64,5,212,3,before,71.062698
2,65536,true,sum_f64,5,212,4,after,72.250198
2,65536,true,sum_f64,5,212,5,enum_dynamic,71.078226
2,65536,true,sum_f64,6,212,0,bound_dynamic,71.372840
2,65536,true,sum_f64,6,212,1,bound_static,71.098467
2,65536,true,sum_f64,6,212,2,before,71.183373
2,65536,true,sum_f64,6,212,3,after,72.209514
2,65536,true,sum_f64,6,212,4,enum_dynamic,70.201259
2,65536,true,sum_f64,6,212,5,enum_static,71.136203
2,65536,true,sum_f64,7,212,0,bound_static,71.004717
2,65536,true,sum_f64,7,212,1,before,70.960495
2,65536,true,sum_f64,7,212,2,after,72.159198
2,65536,true,sum_f64,7,212,3,enum_dynamic,71.355344
2,65536,true,sum_f64,7,212,4,enum_static,71.113208
2,65536,true,sum_f64,7,212,5,bound_dynamic,71.209123
2,65536,true,sum_f64,8,212,0,before,71.041863
2,65536,true,sum_f64,8,212,1,after,72.372443
2,65536,true,sum_f64,8,212,2,enum_dynamic,71.047368
2,65536,true,sum_f64,8,212,3,enum_static,71.232311
2,65536,true,sum_f64,8,212,4,bound_dynamic,71.183373
2,65536,true,sum_f64,8,212,5,bound_static,71.226807
2,65536,true,sum_f64,9,212,0,after,72.228184
2,65536,true,sum_f64,9,212,1,enum_dynamic,70.602396
2,65536,true,sum_f64,9,212,2,enum_static,70.651533
2,65536,true,sum_f64,9,212,3,bound_dynamic,71.788132
2,65536,true,sum_f64,9,212,4,bound_static,72.617137
2,65536,true,sum_f64,9,212,5,before,70.254127
2,65536,true,sum_f64,10,212,0,enum_dynamic,71.231920
2,65536,true,sum_f64,10,212,1,enum_static,70.963052
2,65536,true,sum_f64,10,212,2,bound_dynamic,70.922759
2,65536,true,sum_f64,10,212,3,bound_static,70.943198
2,65536,true,sum_f64,10,212,4,before,70.921778
2,65536,true,sum_f64,10,212,5,after,72.097288
2,65536,true,sum_f64,11,212,0,enum_static,70.968160
2,65536,true,sum_f64,11,212,1,bound_dynamic,71.030660
2,65536,true,sum_f64,11,212,2,bound_static,70.934358
2,65536,true,sum_f64,11,212,3,before,71.007665
2,65536,true,sum_f64,11,212,4,after,72.057193
2,65536,true,sum_f64,11,212,5,enum_dynamic,71.178656
2,65536,false,sum_i64,0,132,0,bound_dynamic,114.836803
2,65536,false,sum_i64,0,132,1,bound_static,114.791356
2,65536,false,sum_i64,0,132,2,before,114.407826
2,65536,false,sum_i64,0,132,3,after,114.725697
2,65536,false,sum_i64,0,132,4,enum_dynamic,114.736114
2,65536,false,sum_i64,0,132,5,enum_static,114.937818
2,65536,false,sum_i64,1,132,0,bound_static,114.615848
2,65536,false,sum_i64,1,132,1,before,114.718750
2,65536,false,sum_i64,1,132,2,after,114.260417
2,65536,false,sum_i64,1,132,3,enum_dynamic,114.384152
2,65536,false,sum_i64,1,132,4,enum_static,114.461174
2,65536,false,sum_i64,1,132,5,bound_dynamic,114.297348
2,65536,false,sum_i64,2,132,0,before,115.200758
2,65536,false,sum_i64,2,132,1,after,114.931500
2,65536,false,sum_i64,2,132,2,enum_dynamic,114.563129
2,65536,false,sum_i64,2,132,3,enum_static,114.427712
2,65536,false,sum_i64,2,132,4,bound_dynamic,115.107326
2,65536,false,sum_i64,2,132,5,bound_static,113.955174
2,65536,false,sum_i64,3,132,0,after,114.951705
2,65536,false,sum_i64,3,132,1,enum_dynamic,114.426136
2,65536,false,sum_i64,3,132,2,enum_static,114.252530
2,65536,false,sum_i64,3,132,3,bound_dynamic,114.275886
2,65536,false,sum_i64,3,132,4,bound_static,113.566606
2,65536,false,sum_i64,3,132,5,before,114.654674
2,65536,false,sum_i64,4,132,0,enum_dynamic,114.381000
2,65536,false,sum_i64,4,132,1,enum_static,114.756000
2,65536,false,sum_i64,4,132,2,bound_dynamic,114.449811
2,65536,false,sum_i64,4,132,3,bound_static,114.603220
2,65536,false,sum_i64,4,132,4,before,114.407826
2,65536,false,sum_i64,4,132,5,after,114.584909
2,65536,false,sum_i64,5,132,0,enum_static,114.423924
2,65536,false,sum_i64,5,132,1,bound_dynamic,114.637629
2,65536,false,sum_i64,5,132,2,bound_static,113.482636
2,65536,false,sum_i64,5,132,3,before,114.249689
2,65536,false,sum_i64,5,132,4,after,114.498106
2,65536,false,sum_i64,5,132,5,enum_dynamic,114.499053
2,65536,false,sum_i64,6,132,0,bound_dynamic,114.559659
2,65536,false,sum_i64,6,132,1,bound_static,114.443811
2,65536,false,sum_i64,6,132,2,before,115.037879
2,65536,false,sum_i64,6,132,3,after,114.136682
2,65536,false,sum_i64,6,132,4,enum_dynamic,114.467485
2,65536,false,sum_i64,6,132,5,enum_static,114.709909
2,65536,false,sum_i64,7,132,0,bound_static,114.273038
2,65536,false,sum_i64,7,132,1,before,114.528098
2,65536,false,sum_i64,7,132,2,after,114.460538
2,65536,false,sum_i64,7,132,3,enum_dynamic,116.771462
2,65536,false,sum_i64,7,132,4,enum_static,115.028409
2,65536,false,sum_i64,7,132,5,bound_dynamic,114.561871
2,65536,false,sum_i64,8,132,0,before,114.498106
2,65536,false,sum_i64,8,132,1,after,114.412250
2,65536,false,sum_i64,8,132,2,enum_dynamic,114.529674
2,65536,false,sum_i64,8,132,3,enum_static,114.336811
2,65536,false,sum_i64,8,132,4,bound_dynamic,114.347538
2,65536,false,sum_i64,8,132,5,bound_static,114.172348
2,65536,false,sum_i64,9,132,0,after,114.176447
2,65536,false,sum_i64,9,132,1,enum_dynamic,114.133523
2,65536,false,sum_i64,9,132,2,enum_static,114.183076
2,65536,false,sum_i64,9,132,3,bound_dynamic,116.012629
2,65536,false,sum_i64,9,132,4,bound_static,114.238318
2,65536,false,sum_i64,9,132,5,before,114.208015
2,65536,false,sum_i64,10,132,0,enum_dynamic,114.184023
2,65536,false,sum_i64,10,132,1,enum_static,114.165083
2,65536,false,sum_i64,10,132,2,bound_dynamic,115.855114
2,65536,false,sum_i64,10,132,3,bound_static,115.620894
2,65536,false,sum_i64,10,132,4,before,115.413826
2,65536,false,sum_i64,10,132,5,after,114.881947
2,65536,false,sum_i64,11,132,0,enum_static,115.054288
2,65536,false,sum_i64,11,132,1,bound_dynamic,114.170136
2,65536,false,sum_i64,11,132,2,bound_static,114.667614
2,65536,false,sum_i64,11,132,3,before,114.285356
2,65536,false,sum_i64,11,132,4,after,114.663508
2,65536,false,sum_i64,11,132,5,enum_dynamic,114.287250
2,65536,true,sum_i64,0,113,0,bound_dynamic,132.956858
2,65536,true,sum_i64,0,113,1,bound_static,132.781345
2,65536,true,sum_i64,0,113,2,before,132.939522
2,65536,true,sum_i64,0,113,3,after,132.766221
2,65536,true,sum_i64,0,113,4,enum_dynamic,132.853611
2,65536,true,sum_i64,0,113,5,enum_static,133.347345
2,65536,true,sum_i64,1,113,0,bound_static,133.169248
2,65536,true,sum_i64,1,113,1,before,134.171460
2,65536,true,sum_i64,1,113,2,after,133.265487
2,65536,true,sum_i64,1,113,3,enum_dynamic,133.193947
2,65536,true,sum_i64,1,113,4,enum_static,133.245575
2,65536,true,sum_i64,1,113,5,bound_dynamic,133.205018
2,65536,true,sum_i64,2,113,0,before,133.363938
2,65536,true,sum_i64,2,113,1,after,133.213133
2,65536,true,sum_i64,2,113,2,enum_dynamic,133.403389
2,65536,true,sum_i64,2,113,3,enum_static,133.077062
2,65536,true,sum_i64,2,113,4,bound_dynamic,133.966451
2,65536,true,sum_i64,2,113,5,bound_static,132.224186
2,65536,true,sum_i64,3,113,0,after,132.930310
2,65536,true,sum_i64,3,113,1,enum_dynamic,133.509956
2,65536,true,sum_i64,3,113,2,enum_static,133.028761
2,65536,true,sum_i64,3,113,3,bound_dynamic,133.433257
2,65536,true,sum_i64,3,113,4,bound_static,133.166301
2,65536,true,sum_i64,3,113,5,before,133.639752
2,65536,true,sum_i64,4,113,0,enum_dynamic,133.164451
2,65536,true,sum_i64,4,113,1,enum_static,133.414080
2,65536,true,sum_i64,4,113,2,bound_dynamic,133.193947
2,65536,true,sum_i64,4,113,3,bound_static,133.462389
2,65536,true,sum_i64,4,113,4,before,133.190265
2,65536,true,sum_i64,4,113,5,after,133.469398
2,65536,true,sum_i64,5,113,0,enum_static,133.344761
2,65536,true,sum_i64,5,113,1,bound_dynamic,133.035035
2,65536,true,sum_i64,5,113,2,bound_static,133.513274
2,65536,true,sum_i64,5,113,3,before,133.082230
2,65536,true,sum_i64,5,113,4,after,133.220876
2,65536,true,sum_i64,5,113,5,enum_dynamic,133.171088
2,65536,true,sum_i64,6,113,0,bound_dynamic,135.633115
2,65536,true,sum_i64,6,113,1,bound_static,135.696540
2,65536,true,sum_i64,6,113,2,before,133.516965
2,65536,true,sum_i64,6,113,3,after,133.117628
2,65536,true,sum_i64,6,113,4,enum_dynamic,133.615788
2,65536,true,sum_i64,6,113,5,enum_static,133.304938
2,65536,true,sum_i64,7,113,0,bound_static,133.255894
2,65536,true,sum_i64,7,113,1,before,133.835177
2,65536,true,sum_i64,7,113,2,after,132.902292
2,65536,true,sum_i64,7,113,3,enum_dynamic,132.925142
2,65536,true,sum_i64,7,113,4,enum_static,132.957602
2,65536,true,sum_i64,7,113,5,bound_dynamic,133.014381
2,65536,true,sum_i64,8,113,0,before,132.899336
2,65536,true,sum_i64,8,113,1,after,133.331124
2,65536,true,sum_i64,8,113,2,enum_dynamic,133.018434
2,65536,true,sum_i64,8,113,3,enum_static,133.071540
2,65536,true,sum_i64,8,113,4,bound_dynamic,132.869832
2,65536,true,sum_i64,8,113,5,bound_static,132.860619
2,65536,true,sum_i64,9,113,0,after,133.030973
2,65536,true,sum_i64,9,113,1,enum_dynamic,133.171088
2,65536,true,sum_i64,9,113,2,enum_static,133.373894
2,65536,true,sum_i64,9,113,3,bound_dynamic,133.213133
2,65536,true,sum_i64,9,113,4,bound_static,133.945796
2,65536,true,sum_i64,9,113,5,before,133.157080
2,65536,true,sum_i64,10,113,0,enum_dynamic,133.252947
2,65536,true,sum_i64,10,113,1,enum_static,133.505903
2,65536,true,sum_i64,10,113,2,bound_dynamic,133.300522
2,65536,true,sum_i64,10,113,3,bound_static,133.662982
2,65536,true,sum_i64,10,113,4,before,133.272867
2,65536,true,sum_i64,10,113,5,after,132.973814
2,65536,true,sum_i64,11,113,0,enum_static,133.352133
2,65536,true,sum_i64,11,113,1,bound_dynamic,133.491150
2,65536,true,sum_i64,11,113,2,bound_static,133.127584
2,65536,true,sum_i64,11,113,3,before,133.670726
2,65536,true,sum_i64,11,113,4,after,133.865416
2,65536,true,sum_i64,11,113,5,enum_dynamic,133.198381
2,8192,false,sum_f64,0,2243,0,bound_dynamic,6.710451
2,8192,false,sum_f64,0,2243,1,bound_static,6.734860
2,8192,false,sum_f64,0,2243,2,before,6.638096
2,8192,false,sum_f64,0,2243,3,after,6.740712
2,8192,false,sum_f64,0,2243,4,enum_dynamic,6.747511
2,8192,false,sum_f64,0,2243,5,enum_static,6.707479
2,8192,false,sum_f64,1,2243,0,bound_static,6.730012
2,8192,false,sum_f64,1,2243,1,before,6.714947
2,8192,false,sum_f64,1,2243,2,after,6.723231
2,8192,false,sum_f64,1,2243,3,enum_dynamic,6.710377
2,8192,false,sum_f64,1,2243,4,enum_static,6.710581
2,8192,false,sum_f64,1,2243,5,bound_dynamic,6.718811
2,8192,false,sum_f64,2,2243,0,before,6.717454
2,8192,false,sum_f64,2,2243,1,after,6.719405
2,8192,false,sum_f64,2,2243,2,enum_dynamic,6.703559
2,8192,false,sum_f64,2,2243,3,enum_static,6.715560
2,8192,false,sum_f64,2,2243,4,bound_dynamic,6.709262
2,8192,false,sum_f64,2,2243,5,bound_static,6.731535
2,8192,false,sum_f64,3,2243,0,after,6.718643
2,8192,false,sum_f64,3,2243,1,enum_dynamic,6.732167
2,8192,false,sum_f64,3,2243,2,enum_static,6.735956
2,8192,false,sum_f64,3,2243,3,bound_dynamic,6.719349
2,8192,false,sum_f64,3,2243,4,bound_static,6.705473
2,8192,false,sum_f64,3,2243,5,before,6.721727
2,8192,false,sum_f64,4,2243,0,enum_dynamic,6.734860
2,8192,false,sum_f64,4,2243,1,enum_static,6.701962
2,8192,false,sum_f64,4,2243,2,bound_dynamic,6.715076
2,8192,false,sum_f64,4,2243,3,bound_static,6.711398
2,8192,false,sum_f64,4,2243,4,before,6.730272
2,8192,false,sum_f64,4,2243,5,after,6.721782
2,8192,false,sum_f64,5,2243,0,enum_static,6.716321
2,8192,false,sum_f64,5,2243,1,bound_dynamic,6.622604
2,8192,false,sum_f64,5,2243,2,bound_static,6.734080
2,8192,false,sum_f64,5,2243,3,before,6.706829
2,8192,false,sum_f64,5,2243,4,after,6.721615
2,8192,false,sum_f64,5,2243,5,enum_dynamic,6.718160
2,8192,false,sum_f64,6,2243,0,bound_dynamic,6.695980
2,8192,false,sum_f64,6,2243,1,bound_static,6.707423
2,8192,false,sum_f64,6,2243,2,before,6.706141
2,8192,false,sum_f64,6,2243,3,after,6.716191
2,8192,false,sum_f64,6,2243,4,enum_dynamic,6.704191
2,8192,false,sum_f64,6,2243,5,enum_static,6.702407
2,8192,false,sum_f64,7,2243,0,bound_static,6.705454
2,8192,false,sum_f64,7,2243,1,before,6.705881
2,8192,false,sum_f64,7,2243,2,after,6.717324
2,8192,false,sum_f64,7,2243,3,enum_dynamic,6.704377
2,8192,false,sum_f64,7,2243,4,enum_static,6.706513
2,8192,false,sum_f64,7,2243,5,bound_dynamic,6.698191
2,8192,false,sum_f64,8,2243,0,before,6.725238
2,8192,false,sum_f64,8,2243,1,after,6.712624
2,8192,false,sum_f64,8,2243,2,enum_dynamic,6.729399
2,8192,false,sum_f64,8,2243,3,enum_static,6.723436
2,8192,false,sum_f64,8,2243,4,bound_dynamic,6.675621
2,8192,false,sum_f64,8,2243,5,bound_static,6.708575
2,8192,false,sum_f64,9,2243,0,after,6.740155
2,8192,false,sum_f64,9,2243,1,enum_dynamic,6.726259
2,8192,false,sum_f64,9,2243,2,enum_static,6.715950
2,8192,false,sum_f64,9,2243,3,bound_dynamic,6.728266
2,8192,false,sum_f64,9,2243,4,bound_static,6.712903
2,8192,false,sum_f64,9,2243,5,before,6.713107
2,8192,false,sum_f64,10,2243,0,enum_dynamic,6.719832
2,8192,false,sum_f64,10,2243,1,enum_static,6.719795
2,8192,false,sum_f64,10,2243,2,bound_dynamic,6.719832
2,8192,false,sum_f64,10,2243,3,bound_static,6.735195
2,8192,false,sum_f64,10,2243,4,before,6.728229
2,8192,false,sum_f64,10,2243,5,after,6.739671
2,8192,false,sum_f64,11,2243,0,enum_static,6.717045
2,8192,false,sum_f64,11,2243,1,bound_dynamic,6.709002
2,8192,false,sum_f64,11,2243,2,bound_static,6.699881
2,8192,false,sum_f64,11,2243,3,before,6.605737
2,8192,false,sum_f64,11,2243,4,after,6.716971
2,8192,false,sum_f64,11,2243,5,enum_dynamic,6.716655
2,128,true,avg_i64,0,31827,0,bound_dynamic,0.460996
2,128,true,avg_i64,0,31827,1,bound_static,0.459695
2,128,true,avg_i64,0,31827,2,before,0.493843
2,128,true,avg_i64,0,31827,3,after,0.462266
2,128,true,avg_i64,0,31827,4,enum_dynamic,0.462715
2,128,true,avg_i64,0,31827,5,enum_static,0.464600
2,128,true,avg_i64,1,31827,0,bound_static,0.463786
2,128,true,avg_i64,1,31827,1,before,0.493869
2,128,true,avg_i64,1,31827,2,after,0.458966
2,128,true,avg_i64,1,31827,3,enum_dynamic,0.464365
2,128,true,avg_i64,1,31827,4,enum_static,0.462252
2,128,true,avg_i64,1,31827,5,bound_dynamic,0.460294
2,128,true,avg_i64,2,31827,0,before,0.493761
2,128,true,avg_i64,2,31827,1,after,0.459866
2,128,true,avg_i64,2,31827,2,enum_dynamic,0.464829
2,128,true,avg_i64,2,31827,3,enum_static,0.463218
2,128,true,avg_i64,2,31827,4,bound_dynamic,0.461746
2,128,true,avg_i64,2,31827,5,bound_static,0.458256
2,128,true,avg_i64,3,31827,0,after,0.458803
2,128,true,avg_i64,3,31827,1,enum_dynamic,0.459262
2,128,true,avg_i64,3,31827,2,enum_static,0.461114
2,128,true,avg_i64,3,31827,3,bound_dynamic,0.464149
2,128,true,avg_i64,3,31827,4,bound_static,0.459127
2,128,true,avg_i64,3,31827,5,before,0.493889
2,128,true,avg_i64,4,31827,0,enum_dynamic,0.459256
2,128,true,avg_i64,4,31827,1,enum_static,0.461515
2,128,true,avg_i64,4,31827,2,bound_dynamic,0.458205
2,128,true,avg_i64,4,31827,3,bound_static,0.459590
2,128,true,avg_i64,4,31827,4,before,0.495167
2,128,true,avg_i64,4,31827,5,after,0.461050
2,128,true,avg_i64,5,31827,0,enum_static,0.460465
2,128,true,avg_i64,5,31827,1,bound_dynamic,0.459567
2,128,true,avg_i64,5,31827,2,bound_static,0.460466
2,128,true,avg_i64,5,31827,3,before,0.492389
2,128,true,avg_i64,5,31827,4,after,0.458650
2,128,true,avg_i64,5,31827,5,enum_dynamic,0.458429
2,128,true,avg_i64,6,31827,0,bound_dynamic,0.458459
2,128,true,avg_i64,6,31827,1,bound_static,0.459216
2,128,true,avg_i64,6,31827,2,before,0.492175
2,128,true,avg_i64,6,31827,3,after,0.458007
2,128,true,avg_i64,6,31827,4,enum_dynamic,0.459654
2,128,true,avg_i64,6,31827,5,enum_static,0.460158
2,128,true,avg_i64,7,31827,0,bound_static,0.458163
2,128,true,avg_i64,7,31827,1,before,0.493853
2,128,true,avg_i64,7,31827,2,after,0.458907
2,128,true,avg_i64,7,31827,3,enum_dynamic,0.460250
2,128,true,avg_i64,7,31827,4,enum_static,0.459794
2,128,true,avg_i64,7,31827,5,bound_dynamic,0.464158
2,128,true,avg_i64,8,31827,0,before,0.493106
2,128,true,avg_i64,8,31827,1,after,0.457113
2,128,true,avg_i64,8,31827,2,enum_dynamic,0.467039
2,128,true,avg_i64,8,31827,3,enum_static,0.452165
2,128,true,avg_i64,8,31827,4,bound_dynamic,0.459429
2,128,true,avg_i64,8,31827,5,bound_static,0.462870
2,128,true,avg_i64,9,31827,0,after,0.458598
2,128,true,avg_i64,9,31827,1,enum_dynamic,0.461261
2,128,true,avg_i64,9,31827,2,enum_static,0.464361
2,128,true,avg_i64,9,31827,3,bound_dynamic,0.460507
2,128,true,avg_i64,9,31827,4,bound_static,0.459309
2,128,true,avg_i64,9,31827,5,before,0.493385
2,128,true,avg_i64,10,31827,0,enum_dynamic,0.461690
2,128,true,avg_i64,10,31827,1,enum_static,0.458603
2,128,true,avg_i64,10,31827,2,bound_dynamic,0.458574
2,128,true,avg_i64,10,31827,3,bound_static,0.463023
2,128,true,avg_i64,10,31827,4,before,0.487369
2,128,true,avg_i64,10,31827,5,after,0.460360
2,128,true,avg_i64,11,31827,0,enum_static,0.458637
2,128,true,avg_i64,11,31827,1,bound_dynamic,0.458352
2,128,true,avg_i64,11,31827,2,bound_static,0.461177
2,128,true,avg_i64,11,31827,3,before,0.497886
2,128,true,avg_i64,11,31827,4,after,0.458293
2,128,true,avg_i64,11,31827,5,enum_dynamic,0.463439
2,65536,true,min_utf8,0,18,0,bound_dynamic,886.550944
2,65536,true,min_utf8,0,18,1,bound_static,845.085667
2,65536,true,min_utf8,0,18,2,before,906.099500
2,65536,true,min_utf8,0,18,3,after,827.611111
2,65536,true,min_utf8,0,18,4,enum_dynamic,872.898167
2,65536,true,min_utf8,0,18,5,enum_static,859.060167
2,65536,true,min_utf8,1,18,0,bound_static,844.143500
2,65536,true,min_utf8,1,18,1,before,874.833333
2,65536,true,min_utf8,1,18,2,after,850.877333
2,65536,true,min_utf8,1,18,3,enum_dynamic,874.243056
2,65536,true,min_utf8,1,18,4,enum_static,852.122722
2,65536,true,min_utf8,1,18,5,bound_dynamic,867.729167
2,65536,true,min_utf8,2,18,0,before,867.314833
2,65536,true,min_utf8,2,18,1,after,843.777778
2,65536,true,min_utf8,2,18,2,enum_dynamic,880.233778
2,65536,true,min_utf8,2,18,3,enum_static,846.101833
2,65536,true,min_utf8,2,18,4,bound_dynamic,876.099556
2,65536,true,min_utf8,2,18,5,bound_static,843.789389
2,65536,true,min_utf8,3,18,0,after,853.328667
2,65536,true,min_utf8,3,18,1,enum_dynamic,856.865722
2,65536,true,min_utf8,3,18,2,enum_static,828.386556
2,65536,true,min_utf8,3,18,3,bound_dynamic,865.018500
2,65536,true,min_utf8,3,18,4,bound_static,842.157389
2,65536,true,min_utf8,3,18,5,before,876.534722
2,65536,true,min_utf8,4,18,0,enum_dynamic,877.277778
2,65536,true,min_utf8,4,18,1,enum_static,853.921333
2,65536,true,min_utf8,4,18,2,bound_dynamic,874.175944
2,65536,true,min_utf8,4,18,3,bound_static,838.513889
2,65536,true,min_utf8,4,18,4,before,882.238389
2,65536,true,min_utf8,4,18,5,after,843.569444
2,65536,true,min_utf8,5,18,0,enum_static,842.351833
2,65536,true,min_utf8,5,18,1,bound_dynamic,892.113389
2,65536,true,min_utf8,5,18,2,bound_static,847.988444
2,65536,true,min_utf8,5,18,3,before,866.152778
2,65536,true,min_utf8,5,18,4,after,847.685222
2,65536,true,min_utf8,5,18,5,enum_dynamic,879.312500
2,65536,true,min_utf8,6,18,0,bound_dynamic,881.719944
2,65536,true,min_utf8,6,18,1,bound_static,848.493056
2,65536,true,min_utf8,6,18,2,before,869.159722
2,65536,true,min_utf8,6,18,3,after,837.115722
2,65536,true,min_utf8,6,18,4,enum_dynamic,857.627333
2,65536,true,min_utf8,6,18,5,enum_static,833.893556
2,65536,true,min_utf8,7,18,0,bound_static,845.592556
2,65536,true,min_utf8,7,18,1,before,873.518500
2,65536,true,min_utf8,7,18,2,after,850.122667
2,65536,true,min_utf8,7,18,3,enum_dynamic,883.511611
2,65536,true,min_utf8,7,18,4,enum_static,848.571722
2,65536,true,min_utf8,7,18,5,bound_dynamic,884.474556
2,65536,true,min_utf8,8,18,0,before,875.044000
2,65536,true,min_utf8,8,18,1,after,850.252278
2,65536,true,min_utf8,8,18,2,enum_dynamic,882.550944
2,65536,true,min_utf8,8,18,3,enum_static,851.094889
2,65536,true,min_utf8,8,18,4,bound_dynamic,887.979167
2,65536,true,min_utf8,8,18,5,bound_static,856.539333
2,65536,true,min_utf8,9,18,0,after,839.372722
2,65536,true,min_utf8,9,18,1,enum_dynamic,884.261611
2,65536,true,min_utf8,9,18,2,enum_static,850.233778
2,65536,true,min_utf8,9,18,3,bound_dynamic,873.620389
2,65536,true,min_utf8,9,18,4,bound_static,854.680556
2,65536,true,min_utf8,9,18,5,before,879.803222
2,65536,true,min_utf8,10,18,0,enum_dynamic,873.648167
2,65536,true,min_utf8,10,18,1,enum_static,855.858778
2,65536,true,min_utf8,10,18,2,bound_dynamic,878.960667
2,65536,true,min_utf8,10,18,3,bound_static,849.784722
2,65536,true,min_utf8,10,18,4,before,871.782444
2,65536,true,min_utf8,10,18,5,after,859.981500
2,65536,true,min_utf8,11,18,0,enum_static,873.409722
2,65536,true,min_utf8,11,18,1,bound_dynamic,859.592556
2,65536,true,min_utf8,11,18,2,bound_static,836.986111
2,65536,true,min_utf8,11,18,3,before,879.129611
2,65536,true,min_utf8,11,18,4,after,835.898167
2,65536,true,min_utf8,11,18,5,enum_dynamic,855.708333
2,128,false,count_i64,0,50000,0,bound_dynamic,0.070171
2,128,false,count_i64,0,50000,1,bound_static,0.069672
2,128,false,count_i64,0,50000,2,before,0.072303
2,128,false,count_i64,0,50000,3,after,0.069672
2,128,false,count_i64,0,50000,4,enum_dynamic,0.070330
2,128,false,count_i64,0,50000,5,enum_static,0.070711
2,128,false,count_i64,1,50000,0,bound_static,0.070303
2,128,false,count_i64,1,50000,1,before,0.072247
2,128,false,count_i64,1,50000,2,after,0.069814
2,128,false,count_i64,1,50000,3,enum_dynamic,0.071463
2,128,false,count_i64,1,50000,4,enum_static,0.070477
2,128,false,count_i64,1,50000,5,bound_dynamic,0.069647
2,128,false,count_i64,2,50000,0,before,0.072538
2,128,false,count_i64,2,50000,1,after,0.069750
2,128,false,count_i64,2,50000,2,enum_dynamic,0.070452
2,128,false,count_i64,2,50000,3,enum_static,0.070395
2,128,false,count_i64,2,50000,4,bound_dynamic,0.069743
2,128,false,count_i64,2,50000,5,bound_static,0.069663
2,128,false,count_i64,3,50000,0,after,0.069723
2,128,false,count_i64,3,50000,1,enum_dynamic,0.070399
2,128,false,count_i64,3,50000,2,enum_static,0.070347
2,128,false,count_i64,3,50000,3,bound_dynamic,0.069763
2,128,false,count_i64,3,50000,4,bound_static,0.069641
2,128,false,count_i64,3,50000,5,before,0.072298
2,128,false,count_i64,4,50000,0,enum_dynamic,0.070345
2,128,false,count_i64,4,50000,1,enum_static,0.070334
2,128,false,count_i64,4,50000,2,bound_dynamic,0.069718
2,128,false,count_i64,4,50000,3,bound_static,0.069844
2,128,false,count_i64,4,50000,4,before,0.072207
2,128,false,count_i64,4,50000,5,after,0.069713
2,128,false,count_i64,5,50000,0,enum_static,0.070362
2,128,false,count_i64,5,50000,1,bound_dynamic,0.069712
2,128,false,count_i64,5,50000,2,bound_static,0.069712
2,128,false,count_i64,5,50000,3,before,0.072315
2,128,false,count_i64,5,50000,4,after,0.069637
2,128,false,count_i64,5,50000,5,enum_dynamic,0.070462
2,128,false,count_i64,6,50000,0,bound_dynamic,0.069646
2,128,false,count_i64,6,50000,1,bound_static,0.069647
2,128,false,count_i64,6,50000,2,before,0.072301
2,128,false,count_i64,6,50000,3,after,0.069641
2,128,false,count_i64,6,50000,4,enum_dynamic,0.070451
2,128,false,count_i64,6,50000,5,enum_static,0.070349
2,128,false,count_i64,7,50000,0,bound_static,0.069640
2,128,false,count_i64,7,50000,1,before,0.073052
2,128,false,count_i64,7,50000,2,after,0.070250
2,128,false,count_i64,7,50000,3,enum_dynamic,0.070342
2,128,false,count_i64,7,50000,4,enum_static,0.070377
2,128,false,count_i64,7,50000,5,bound_dynamic,0.069818
2,128,false,count_i64,8,50000,0,before,0.072551
2,128,false,count_i64,8,50000,1,after,0.069779
2,128,false,count_i64,8,50000,2,enum_dynamic,0.070377
2,128,false,count_i64,8,50000,3,enum_static,0.070379
2,128,false,count_i64,8,50000,4,bound_dynamic,0.069728
2,128,false,count_i64,8,50000,5,bound_static,0.070433
2,128,false,count_i64,9,50000,0,after,0.069678
2,128,false,count_i64,9,50000,1,enum_dynamic,0.070484
2,128,false,count_i64,9,50000,2,enum_static,0.070499
2,128,false,count_i64,9,50000,3,bound_dynamic,0.070053
2,128,false,count_i64,9,50000,4,bound_static,0.069623
2,128,false,count_i64,9,50000,5,before,0.072296
2,128,false,count_i64,10,50000,0,enum_dynamic,0.070432
2,128,false,count_i64,10,50000,1,enum_static,0.070325
2,128,false,count_i64,10,50000,2,bound_dynamic,0.070294
2,128,false,count_i64,10,50000,3,bound_static,0.070215
2,128,false,count_i64,10,50000,4,before,0.072235
2,128,false,count_i64,10,50000,5,after,0.069812
2,128,false,count_i64,11,50000,0,enum_static,0.070632
2,128,false,count_i64,11,50000,1,bound_dynamic,0.069623
2,128,false,count_i64,11,50000,2,bound_static,0.069627
2,128,false,count_i64,11,50000,3,before,0.072465
2,128,false,count_i64,11,50000,4,after,0.069676
2,128,false,count_i64,11,50000,5,enum_dynamic,0.070366
2,128,true,covar_i64,0,17143,0,bound_dynamic,0.893071
2,128,true,covar_i64,0,17143,1,bound_static,0.897349
2,128,true,covar_i64,0,17143,2,before,0.904584
2,128,true,covar_i64,0,17143,3,after,0.910875
2,128,true,covar_i64,0,17143,4,enum_dynamic,0.915213
2,128,true,covar_i64,0,17143,5,enum_static,0.907129
2,128,true,covar_i64,1,17143,0,bound_static,0.882296
2,128,true,covar_i64,1,17143,1,before,0.918830
2,128,true,covar_i64,1,17143,2,after,0.906536
2,128,true,covar_i64,1,17143,3,enum_dynamic,0.897025
2,128,true,covar_i64,1,17143,4,enum_static,0.909902
2,128,true,covar_i64,1,17143,5,bound_dynamic,0.897978
2,128,true,covar_i64,2,17143,0,before,0.917853
2,128,true,covar_i64,2,17143,1,after,0.882756
2,128,true,covar_i64,2,17143,2,enum_dynamic,0.893732
2,128,true,covar_i64,2,17143,3,enum_static,0.896654
2,128,true,covar_i64,2,17143,4,bound_dynamic,0.898868
2,128,true,covar_i64,2,17143,5,bound_static,0.886547
2,128,true,covar_i64,3,17143,0,after,0.894580
2,128,true,covar_i64,3,17143,1,enum_dynamic,0.893856
2,128,true,covar_i64,3,17143,2,enum_static,0.913432
2,128,true,covar_i64,3,17143,3,bound_dynamic,0.913388
2,128,true,covar_i64,3,17143,4,bound_static,0.900912
2,128,true,covar_i64,3,17143,5,before,0.909638
2,128,true,covar_i64,4,17143,0,enum_dynamic,0.892043
2,128,true,covar_i64,4,17143,1,enum_static,0.908663
2,128,true,covar_i64,4,17143,2,bound_dynamic,0.905540
2,128,true,covar_i64,4,17143,3,bound_static,0.892789
2,128,true,covar_i64,4,17143,4,before,0.907151
2,128,true,covar_i64,4,17143,5,after,0.905185
2,128,true,covar_i64,5,17143,0,enum_static,0.897166
2,128,true,covar_i64,5,17143,1,bound_dynamic,0.909173
2,128,true,covar_i64,5,17143,2,bound_static,0.911745
2,128,true,covar_i64,5,17143,3,before,0.904558
2,128,true,covar_i64,5,17143,4,after,0.896119
2,128,true,covar_i64,5,17143,5,enum_dynamic,0.892505
2,128,true,covar_i64,6,17143,0,bound_dynamic,0.912615
2,128,true,covar_i64,6,17143,1,bound_static,0.916356
2,128,true,covar_i64,6,17143,2,before,0.924252
2,128,true,covar_i64,6,17143,3,after,0.899636
2,128,true,covar_i64,6,17143,4,enum_dynamic,0.895271
2,128,true,covar_i64,6,17143,5,enum_static,0.891955
2,128,true,covar_i64,7,17143,0,bound_static,0.922014
2,128,true,covar_i64,7,17143,1,before,0.921331
2,128,true,covar_i64,7,17143,2,after,0.888020
2,128,true,covar_i64,7,17143,3,enum_dynamic,0.898790
2,128,true,covar_i64,7,17143,4,enum_static,0.897351
2,128,true,covar_i64,7,17143,5,bound_dynamic,0.893866
2,128,true,covar_i64,8,17143,0,before,0.915969
2,128,true,covar_i64,8,17143,1,after,0.891965
2,128,true,covar_i64,8,17143,2,enum_dynamic,0.891814
2,128,true,covar_i64,8,17143,3,enum_static,0.892529
2,128,true,covar_i64,8,17143,4,bound_dynamic,0.892933
2,128,true,covar_i64,8,17143,5,bound_static,0.894789
2,128,true,covar_i64,9,17143,0,after,0.905158
2,128,true,covar_i64,9,17143,1,enum_dynamic,0.911818
2,128,true,covar_i64,9,17143,2,enum_static,0.896965
2,128,true,covar_i64,9,17143,3,bound_dynamic,0.896520
2,128,true,covar_i64,9,17143,4,bound_static,0.894678
2,128,true,covar_i64,9,17143,5,before,0.914871
2,128,true,covar_i64,10,17143,0,enum_dynamic,0.904723
2,128,true,covar_i64,10,17143,1,enum_static,0.896865
2,128,true,covar_i64,10,17143,2,bound_dynamic,0.898450
2,128,true,covar_i64,10,17143,3,bound_static,0.919070
2,128,true,covar_i64,10,17143,4,before,0.924187
2,128,true,covar_i64,10,17143,5,after,0.907530
2,128,true,covar_i64,11,17143,0,enum_static,0.905063
2,128,true,covar_i64,11,17143,1,bound_dynamic,0.905095
2,128,true,covar_i64,11,17143,2,bound_static,0.906415
2,128,true,covar_i64,11,17143,3,before,0.906828
2,128,true,covar_i64,11,17143,4,after,0.893258
2,128,true,covar_i64,11,17143,5,enum_dynamic,0.896564
2,128,false,covar_i64,0,20571,0,bound_dynamic,0.730322
2,128,false,covar_i64,0,20571,1,bound_static,0.732076
2,128,false,covar_i64,0,20571,2,before,0.754774
2,128,false,covar_i64,0,20571,3,after,0.743802
2,128,false,covar_i64,0,20571,4,enum_dynamic,0.746018
2,128,false,covar_i64,0,20571,5,enum_static,0.731560
2,128,false,covar_i64,1,20571,0,bound_static,0.731807
2,128,false,covar_i64,1,20571,1,before,0.745516
2,128,false,covar_i64,1,20571,2,after,0.738886
2,128,false,covar_i64,1,20571,3,enum_dynamic,0.725836
2,128,false,covar_i64,1,20571,4,enum_static,0.738888
2,128,false,covar_i64,1,20571,5,bound_dynamic,0.742852
2,128,false,covar_i64,2,20571,0,before,0.744535
2,128,false,covar_i64,2,20571,1,after,0.742767
2,128,false,covar_i64,2,20571,2,enum_dynamic,0.746443
2,128,false,covar_i64,2,20571,3,enum_static,0.746066
2,128,false,covar_i64,2,20571,4,bound_dynamic,0.730893
2,128,false,covar_i64,2,20571,5,bound_static,0.732785
2,128,false,covar_i64,3,20571,0,after,0.733650
2,128,false,covar_i64,3,20571,1,enum_dynamic,0.731477
2,128,false,covar_i64,3,20571,2,enum_static,0.730737
2,128,false,covar_i64,3,20571,3,bound_dynamic,0.744175
2,128,false,covar_i64,3,20571,4,bound_static,0.744217
2,128,false,covar_i64,3,20571,5,before,0.744428
2,128,false,covar_i64,4,20571,0,enum_dynamic,0.743113
2,128,false,covar_i64,4,20571,1,enum_static,0.744375
2,128,false,covar_i64,4,20571,2,bound_dynamic,0.733073
2,128,false,covar_i64,4,20571,3,bound_static,0.732172
2,128,false,covar_i64,4,20571,4,before,0.745222
2,128,false,covar_i64,4,20571,5,after,0.742595
2,128,false,covar_i64,5,20571,0,enum_static,0.732084
2,128,false,covar_i64,5,20571,1,bound_dynamic,0.733010
2,128,false,covar_i64,5,20571,2,bound_static,0.743385
2,128,false,covar_i64,5,20571,3,before,0.754869
2,128,false,covar_i64,5,20571,4,after,0.734254
2,128,false,covar_i64,5,20571,5,enum_dynamic,0.731849
2,128,false,covar_i64,6,20571,0,bound_dynamic,0.743759
2,128,false,covar_i64,6,20571,1,bound_static,0.727203
2,128,false,covar_i64,6,20571,2,before,0.747357
2,128,false,covar_i64,6,20571,3,after,0.732060
2,128,false,covar_i64,6,20571,4,enum_dynamic,0.720808
2,128,false,covar_i64,6,20571,5,enum_static,0.727588
2,128,false,covar_i64,7,20571,0,bound_static,0.731157
2,128,false,covar_i64,7,20571,1,before,0.758983
2,128,false,covar_i64,7,20571,2,after,0.741629
2,128,false,covar_i64,7,20571,3,enum_dynamic,0.754000
2,128,false,covar_i64,7,20571,4,enum_static,0.731809
2,128,false,covar_i64,7,20571,5,bound_dynamic,0.730981
2,128,false,covar_i64,8,20571,0,before,0.743644
2,128,false,covar_i64,8,20571,1,after,0.731124
2,128,false,covar_i64,8,20571,2,enum_dynamic,0.732289
2,128,false,covar_i64,8,20571,3,enum_static,0.731608
2,128,false,covar_i64,8,20571,4,bound_dynamic,0.743389
2,128,false,covar_i64,8,20571,5,bound_static,0.743399
2,128,false,covar_i64,9,20571,0,after,0.744590
2,128,false,covar_i64,9,20571,1,enum_dynamic,0.742317
2,128,false,covar_i64,9,20571,2,enum_static,0.748578
2,128,false,covar_i64,9,20571,3,bound_dynamic,0.731930
2,128,false,covar_i64,9,20571,4,bound_static,0.734580
2,128,false,covar_i64,9,20571,5,before,0.742597
2,128,false,covar_i64,10,20571,0,enum_dynamic,0.734021
2,128,false,covar_i64,10,20571,1,enum_static,0.731795
2,128,false,covar_i64,10,20571,2,bound_dynamic,0.743304
2,128,false,covar_i64,10,20571,3,bound_static,0.744545
2,128,false,covar_i64,10,20571,4,before,0.743587
2,128,false,covar_i64,10,20571,5,after,0.743275
2,128,false,covar_i64,11,20571,0,enum_static,0.744821
2,128,false,covar_i64,11,20571,1,bound_dynamic,0.745437
2,128,false,covar_i64,11,20571,2,bound_static,0.733918
2,128,false,covar_i64,11,20571,3,before,0.742459
2,128,false,covar_i64,11,20571,4,after,0.725439
2,128,false,covar_i64,11,20571,5,enum_dynamic,0.734762
2,65536,true,covar_i64,0,57,0,bound_dynamic,264.008053
2,65536,true,covar_i64,0,57,1,bound_static,267.896930
2,65536,true,covar_i64,0,57,2,before,270.421789
2,65536,true,covar_i64,0,57,3,after,263.620614
2,65536,true,covar_i64,0,57,4,enum_dynamic,264.344298
2,65536,true,covar_i64,0,57,5,enum_static,263.911544
2,65536,true,covar_i64,1,57,0,bound_static,265.633772
2,65536,true,covar_i64,1,57,1,before,269.624263
2,65536,true,covar_i64,1,57,2,after,264.299719
2,65536,true,covar_i64,1,57,3,enum_dynamic,264.182754
2,65536,true,covar_i64,1,57,4,enum_static,264.430544
2,65536,true,covar_i64,1,57,5,bound_dynamic,264.127930
2,65536,true,covar_i64,2,57,0,before,269.281439
2,65536,true,covar_i64,2,57,1,after,264.426895
2,65536,true,covar_i64,2,57,2,enum_dynamic,264.327491
2,65536,true,covar_i64,2,57,3,enum_static,264.698088
2,65536,true,covar_i64,2,57,4,bound_dynamic,264.073105
2,65536,true,covar_i64,2,57,5,bound_static,264.568719
2,65536,true,covar_i64,3,57,0,after,264.698105
2,65536,true,covar_i64,3,57,1,enum_dynamic,264.911544
2,65536,true,covar_i64,3,57,2,enum_static,264.174702
2,65536,true,covar_i64,3,57,3,bound_dynamic,264.464175
2,65536,true,covar_i64,3,57,4,bound_static,264.002193
2,65536,true,covar_i64,3,57,5,before,274.564333
2,65536,true,covar_i64,4,57,0,enum_dynamic,264.190070
2,65536,true,covar_i64,4,57,1,enum_static,261.849421
2,65536,true,covar_i64,4,57,2,bound_dynamic,265.648386
2,65536,true,covar_i64,4,57,3,bound_static,265.875000
2,65536,true,covar_i64,4,57,4,before,270.074561
2,65536,true,covar_i64,4,57,5,after,264.060667
2,65536,true,covar_i64,5,57,0,enum_static,264.603807
2,65536,true,covar_i64,5,57,1,bound_dynamic,263.388158
2,65536,true,covar_i64,5,57,2,bound_static,263.464912
2,65536,true,covar_i64,5,57,3,before,269.168860
2,65536,true,covar_i64,5,57,4,after,263.356737
2,65536,true,covar_i64,5,57,5,enum_dynamic,263.395474
2,65536,true,covar_i64,6,57,0,bound_dynamic,266.251456
2,65536,true,covar_i64,6,57,1,bound_static,263.691526
2,65536,true,covar_i64,6,57,2,before,268.753649
2,65536,true,covar_i64,6,57,3,after,263.741228
2,65536,true,covar_i64,6,57,4,enum_dynamic,264.997070
2,65536,true,covar_i64,6,57,5,enum_static,264.001456
2,65536,true,covar_i64,7,57,0,bound_static,264.059211
2,65536,true,covar_i64,7,57,1,before,270.122070
2,65536,true,covar_i64,7,57,2,after,265.318719
2,65536,true,covar_i64,7,57,3,enum_dynamic,263.347947
2,65536,true,covar_i64,7,57,4,enum_static,266.751474
2,65536,true,covar_i64,7,57,5,bound_dynamic,264.089912
2,65536,true,covar_i64,8,57,0,before,269.426895
2,65536,true,covar_i64,8,57,1,after,263.840632
2,65536,true,covar_i64,8,57,2,enum_dynamic,263.694456
2,65536,true,covar_i64,8,57,3,enum_static,264.407895
2,65536,true,covar_i64,8,57,4,bound_dynamic,263.546053
2,65536,true,covar_i64,8,57,5,bound_static,265.808474
2,65536,true,covar_i64,9,57,0,after,264.008035
2,65536,true,covar_i64,9,57,1,enum_dynamic,264.766807
2,65536,true,covar_i64,9,57,2,enum_static,265.037281
2,65536,true,covar_i64,9,57,3,bound_dynamic,264.265351
2,65536,true,covar_i64,9,57,4,bound_static,265.010965
2,65536,true,covar_i64,9,57,5,before,270.598684
2,65536,true,covar_i64,10,57,0,enum_dynamic,264.163018
2,65536,true,covar_i64,10,57,1,enum_static,266.032895
2,65536,true,covar_i64,10,57,2,bound_dynamic,261.174719
2,65536,true,covar_i64,10,57,3,bound_static,263.285825
2,65536,true,covar_i64,10,57,4,before,269.493421
2,65536,true,covar_i64,10,57,5,after,264.066526
2,65536,true,covar_i64,11,57,0,enum_static,264.045333
2,65536,true,covar_i64,11,57,1,bound_dynamic,264.180561
2,65536,true,covar_i64,11,57,2,bound_static,265.241965
2,65536,true,covar_i64,11,57,3,before,269.201754
2,65536,true,covar_i64,11,57,4,after,263.821632
2,65536,true,covar_i64,11,57,5,enum_dynamic,265.749263
2,65536,false,min_utf8,0,21,0,bound_dynamic,768.339286
2,65536,false,min_utf8,0,21,1,bound_static,734.236095
2,65536,false,min_utf8,0,21,2,before,755.109143
2,65536,false,min_utf8,0,21,3,after,720.777762
2,65536,false,min_utf8,0,21,4,enum_dynamic,755.269857
2,65536,false,min_utf8,0,21,5,enum_static,718.601190
2,65536,false,min_utf8,1,21,0,bound_static,725.932524
2,65536,false,min_utf8,1,21,1,before,751.109095
2,65536,false,min_utf8,1,21,2,after,730.998000
2,65536,false,min_utf8,1,21,3,enum_dynamic,767.251952
2,65536,false,min_utf8,1,21,4,enum_static,728.809524
2,65536,false,min_utf8,1,21,5,bound_dynamic,767.686524
2,65536,false,min_utf8,2,21,0,before,747.797619
2,65536,false,min_utf8,2,21,1,after,729.587333
2,65536,false,min_utf8,2,21,2,enum_dynamic,767.279762
2,65536,false,min_utf8,2,21,3,enum_static,729.067429
2,65536,false,min_utf8,2,21,4,bound_dynamic,768.430571
2,65536,false,min_utf8,2,21,5,bound_static,728.458333
2,65536,false,min_utf8,3,21,0,after,733.470238
2,65536,false,min_utf8,3,21,1,enum_dynamic,754.436524
2,65536,false,min_utf8,3,21,2,enum_static,715.607143
2,65536,false,min_utf8,3,21,3,bound_dynamic,756.595238
2,65536,false,min_utf8,3,21,4,bound_static,717.134905
2,65536,false,min_utf8,3,21,5,before,735.990048
2,65536,false,min_utf8,4,21,0,enum_dynamic,760.454381
2,65536,false,min_utf8,4,21,1,enum_static,716.789714
2,65536,false,min_utf8,4,21,2,bound_dynamic,754.521810
2,65536,false,min_utf8,4,21,3,bound_static,718.246048
2,65536,false,min_utf8,4,21,4,before,737.065476
2,65536,false,min_utf8,4,21,5,after,731.970238
2,65536,false,min_utf8,5,21,0,enum_static,729.916667
2,65536,false,min_utf8,5,21,1,bound_dynamic,771.632905
2,65536,false,min_utf8,5,21,2,bound_static,730.629000
2,65536,false,min_utf8,5,21,3,before,750.002000
2,65536,false,min_utf8,5,21,4,after,728.549619
2,65536,false,min_utf8,5,21,5,enum_dynamic,755.184524
2,65536,false,min_utf8,6,21,0,bound_dynamic,755.156714
2,65536,false,min_utf8,6,21,1,bound_static,729.775762
2,65536,false,min_utf8,6,21,2,before,739.378952
2,65536,false,min_utf8,6,21,3,after,749.827381
2,65536,false,min_utf8,6,21,4,enum_dynamic,755.815476
2,65536,false,min_utf8,6,21,5,enum_static,717.682571
2,65536,false,min_utf8,7,21,0,bound_static,717.875000
2,65536,false,min_utf8,7,21,1,before,750.279762
2,65536,false,min_utf8,7,21,2,after,731.803571
2,65536,false,min_utf8,7,21,3,enum_dynamic,768.339286
2,65536,false,min_utf8,7,21,4,enum_static,741.065476
2,65536,false,min_utf8,7,21,5,bound_dynamic,769.023810
2,65536,false,min_utf8,8,21,0,before,735.186524
2,65536,false,min_utf8,8,21,1,after,720.015857
2,65536,false,min_utf8,8,21,2,enum_dynamic,770.634905
2,65536,false,min_utf8,8,21,3,enum_static,731.863095
2,65536,false,min_utf8,8,21,4,bound_dynamic,772.746048
2,65536,false,min_utf8,8,21,5,bound_static,718.607143
2,65536,false,min_utf8,9,21,0,after,718.755952
2,65536,false,min_utf8,9,21,1,enum_dynamic,753.670619
2,65536,false,min_utf8,9,21,2,enum_static,723.634905
2,65536,false,min_utf8,9,21,3,bound_dynamic,771.539667
2,65536,false,min_utf8,9,21,4,bound_static,730.865095
2,65536,false,min_utf8,9,21,5,before,751.265905
2,65536,false,min_utf8,10,21,0,enum_dynamic,769.523810
2,65536,false,min_utf8,10,21,1,enum_static,731.880952
2,65536,false,min_utf8,10,21,2,bound_dynamic,776.446429
2,65536,false,min_utf8,10,21,3,bound_static,731.757952
2,65536,false,min_utf8,10,21,4,before,749.093286
2,65536,false,min_utf8,10,21,5,after,732.936476
2,65536,false,min_utf8,11,21,0,enum_static,734.771857
2,65536,false,min_utf8,11,21,1,bound_dynamic,763.821429
2,65536,false,min_utf8,11,21,2,bound_static,716.720238
2,65536,false,min_utf8,11,21,3,before,736.849238
2,65536,false,min_utf8,11,21,4,after,724.748000
2,65536,false,min_utf8,11,21,5,enum_dynamic,769.698429
2,65536,false,sum_u64,0,132,0,bound_dynamic,114.106379
2,65536,false,sum_u64,0,132,1,bound_static,114.197606
2,65536,false,sum_u64,0,132,2,before,114.145197
2,65536,false,sum_u64,0,132,3,after,114.197606
2,65536,false,sum_u64,0,132,4,enum_dynamic,114.112371
2,65536,false,sum_u64,0,132,5,enum_static,114.118689
2,65536,false,sum_u64,1,132,0,bound_static,114.101636
2,65536,false,sum_u64,1,132,1,before,114.181500
2,65536,false,sum_u64,1,132,2,after,114.491477
2,65536,false,sum_u64,1,132,3,enum_dynamic,114.836485
2,65536,false,sum_u64,1,132,4,enum_static,114.392682
2,65536,false,sum_u64,1,132,5,bound_dynamic,114.985795
2,65536,false,sum_u64,2,132,0,before,115.664455
2,65536,false,sum_u64,2,132,1,after,114.631947
2,65536,false,sum_u64,2,132,2,enum_dynamic,113.718432
2,65536,false,sum_u64,2,132,3,enum_static,114.023356
2,65536,false,sum_u64,2,132,4,bound_dynamic,114.503788
2,65536,false,sum_u64,2,132,5,bound_static,114.645205
2,65536,false,sum_u64,3,132,0,after,114.616477
2,65536,false,sum_u64,3,132,1,enum_dynamic,114.546083
2,65536,false,sum_u64,3,132,2,enum_static,114.360167
2,65536,false,sum_u64,3,132,3,bound_dynamic,114.623424
2,65536,false,sum_u64,3,132,4,bound_static,114.715591
2,65536,false,sum_u64,3,132,5,before,114.440970
2,65536,false,sum_u64,4,132,0,enum_dynamic,114.547985
2,65536,false,sum_u64,4,132,1,enum_static,114.830811
2,65536,false,sum_u64,4,132,2,bound_dynamic,114.486424
2,65536,false,sum_u64,4,132,3,bound_static,114.428030
2,65536,false,sum_u64,4,132,4,before,115.701705
2,65536,false,sum_u64,4,132,5,after,113.591856
2,65536,false,sum_u64,5,132,0,enum_static,114.552083
2,65536,false,sum_u64,5,132,1,bound_dynamic,114.925508
2,65536,false,sum_u64,5,132,2,bound_static,114.336492
2,65536,false,sum_u64,5,132,3,before,114.312811
2,65536,false,sum_u64,5,132,4,after,114.480742
2,65536,false,sum_u64,5,132,5,enum_dynamic,114.349432
2,65536,false,sum_u64,6,132,0,bound_dynamic,114.751265
2,65536,false,sum_u64,6,132,1,bound_static,114.355432
2,65536,false,sum_u64,6,132,2,before,114.645205
2,65536,false,sum_u64,6,132,3,after,114.385735
2,65536,false,sum_u64,6,132,4,enum_dynamic,114.560924
2,65536,false,sum_u64,6,132,5,enum_static,114.574492
2,65536,false,sum_u64,7,132,0,bound_static,114.554295
2,65536,false,sum_u64,7,132,1,before,114.458333
2,65536,false,sum_u64,7,132,2,after,114.412561
2,65536,false,sum_u64,7,132,3,enum_dynamic,114.650886
2,65536,false,sum_u64,7,132,4,enum_static,114.206121
2,65536,false,sum_u64,7,132,5,bound_dynamic,116.293879
2,65536,false,sum_u64,8,132,0,before,114.394886
2,65536,false,sum_u64,8,132,1,after,114.448227
2,65536,false,sum_u64,8,132,2,enum_dynamic,114.521470
2,65536,false,sum_u64,8,132,3,enum_static,114.710538
2,65536,false,sum_u64,8,132,4,bound_dynamic,114.408462
2,65536,false,sum_u64,8,132,5,bound_static,114.644250
2,65536,false,sum_u64,9,132,0,after,114.881318
2,65536,false,sum_u64,9,132,1,enum_dynamic,114.497795
2,65536,false,sum_u64,9,132,2,enum_static,115.340909
2,65536,false,sum_u64,9,132,3,bound_dynamic,115.056508
2,65536,false,sum_u64,9,132,4,bound_static,114.667614
2,65536,false,sum_u64,9,132,5,before,114.359848
2,65536,false,sum_u64,10,132,0,enum_dynamic,114.773674
2,65536,false,sum_u64,10,132,1,enum_static,114.435295
2,65536,false,sum_u64,10,132,2,bound_dynamic,114.171083
2,65536,false,sum_u64,10,132,3,bound_static,114.460856
2,65536,false,sum_u64,10,132,4,before,114.305871
2,65536,false,sum_u64,10,132,5,after,114.212121
2,65536,false,sum_u64,11,132,0,enum_static,114.239902
2,65536,false,sum_u64,11,132,1,bound_dynamic,114.148356
2,65536,false,sum_u64,11,132,2,bound_static,114.146780
2,65536,false,sum_u64,11,132,3,before,114.269568
2,65536,false,sum_u64,11,132,4,after,114.345015
2,65536,false,sum_u64,11,132,5,enum_dynamic,114.155932
2,8192,false,sum_i64,0,1039,0,bound_dynamic,14.488771
2,8192,false,sum_i64,0,1039,1,bound_static,14.493302
2,8192,false,sum_i64,0,1039,2,before,14.508141
2,8192,false,sum_i64,0,1039,3,after,14.476099
2,8192,false,sum_i64,0,1039,4,enum_dynamic,14.472489
2,8192,false,sum_i64,0,1039,5,enum_static,14.502967
2,8192,false,sum_i64,1,1039,0,bound_static,14.502967
2,8192,false,sum_i64,1,1039,1,before,14.515520
2,8192,false,sum_i64,1,1039,2,after,14.526829
2,8192,false,sum_i64,1,1039,3,enum_dynamic,14.469121
2,8192,false,sum_i64,1,1039,4,enum_static,14.487488
2,8192,false,sum_i64,1,1039,5,bound_dynamic,14.289983
2,8192,false,sum_i64,2,1039,0,before,14.515520
2,8192,false,sum_i64,2,1039,1,after,14.458855
2,8192,false,sum_i64,2,1039,2,enum_dynamic,14.515119
2,8192,false,sum_i64,2,1039,3,enum_static,14.481352
2,8192,false,sum_i64,2,1039,4,bound_dynamic,14.490135
2,8192,false,sum_i64,2,1039,5,bound_static,14.508542
2,8192,false,sum_i64,3,1039,0,after,14.485724
2,8192,false,sum_i64,3,1039,1,enum_dynamic,14.470323
2,8192,false,sum_i64,3,1039,2,enum_static,14.551732
2,8192,false,sum_i64,3,1039,3,bound_dynamic,14.468679
2,8192,false,sum_i64,3,1039,4,bound_static,14.601781
2,8192,false,sum_i64,3,1039,5,before,14.400465
2,8192,false,sum_i64,4,1039,0,enum_dynamic,14.466595
2,8192,false,sum_i64,4,1039,1,enum_static,14.464067
2,8192,false,sum_i64,4,1039,2,bound_dynamic,14.468118
2,8192,false,sum_i64,4,1039,3,bound_static,14.500201
2,8192,false,sum_i64,4,1039,4,before,14.525666
2,8192,false,sum_i64,4,1039,5,after,14.493102
2,8192,false,sum_i64,5,1039,0,enum_static,14.473212
2,8192,false,sum_i64,5,1039,1,bound_dynamic,14.483076
2,8192,false,sum_i64,5,1039,2,bound_static,14.502847
2,8192,false,sum_i64,5,1039,3,before,14.475498
2,8192,false,sum_i64,5,1039,4,after,14.467918
2,8192,false,sum_i64,5,1039,5,enum_dynamic,14.469281
2,8192,false,sum_i64,6,1039,0,bound_dynamic,14.486365
2,8192,false,sum_i64,6,1039,1,bound_static,14.490416
2,8192,false,sum_i64,6,1039,2,before,14.499398
2,8192,false,sum_i64,6,1039,3,after,14.462544
2,8192,false,sum_i64,6,1039,4,enum_dynamic,14.474936
2,8192,false,sum_i64,6,1039,5,enum_static,14.470203
2,8192,false,sum_i64,7,1039,0,bound_static,14.469522
2,8192,false,sum_i64,7,1039,1,before,14.483438
2,8192,false,sum_i64,7,1039,2,after,14.482996
2,8192,false,sum_i64,7,1039,3,enum_dynamic,14.584456
2,8192,false,sum_i64,7,1039,4,enum_static,14.290705
2,8192,false,sum_i64,7,1039,5,bound_dynamic,14.523541
2,8192,false,sum_i64,8,1039,0,before,14.480309
2,8192,false,sum_i64,8,1039,1,after,14.494907
2,8192,false,sum_i64,8,1039,2,enum_dynamic,14.549526
2,8192,false,sum_i64,8,1039,3,enum_static,14.525785
2,8192,false,sum_i64,8,1039,4,bound_dynamic,14.495589
2,8192,false,sum_i64,8,1039,5,bound_static,14.476540
2,8192,false,sum_i64,9,1039,0,after,14.481232
2,8192,false,sum_i64,9,1039,1,enum_dynamic,14.485443
2,8192,false,sum_i64,9,1039,2,enum_static,14.477141
2,8192,false,sum_i64,9,1039,3,bound_dynamic,14.464189
2,8192,false,sum_i64,9,1039,4,bound_static,14.465912
2,8192,false,sum_i64,9,1039,5,before,14.461141
2,8192,false,sum_i64,10,1039,0,enum_dynamic,14.555943
2,8192,false,sum_i64,10,1039,1,enum_static,14.258983
2,8192,false,sum_i64,10,1039,2,bound_dynamic,14.458855
2,8192,false,sum_i64,10,1039,3,bound_static,14.479707
2,8192,false,sum_i64,10,1039,4,before,14.453281
2,8192,false,sum_i64,10,1039,5,after,14.469481
2,8192,false,sum_i64,11,1039,0,enum_static,14.457732
2,8192,false,sum_i64,11,1039,1,bound_dynamic,14.483157
2,8192,false,sum_i64,11,1039,2,bound_static,14.471968
2,8192,false,sum_i64,11,1039,3,before,14.467959
2,8192,false,sum_i64,11,1039,4,after,14.478946
2,8192,false,sum_i64,11,1039,5,enum_dynamic,14.460097
2,65536,false,sum_f64,0,289,0,bound_dynamic,52.378173
2,65536,false,sum_f64,0,289,1,bound_static,52.133076
2,65536,false,sum_f64,0,289,2,before,52.194782
2,65536,false,sum_f64,0,289,3,after,52.135381
2,65536,false,sum_f64,0,289,4,enum_dynamic,52.103952
2,65536,false,sum_f64,0,289,5,enum_static,52.039069
2,65536,false,sum_f64,1,289,0,bound_static,52.013699
2,65536,false,sum_f64,1,289,1,before,52.608419
2,65536,false,sum_f64,1,289,2,after,52.029844
2,65536,false,sum_f64,1,289,3,enum_dynamic,52.314301
2,65536,false,sum_f64,1,289,4,enum_static,52.235869
2,65536,false,sum_f64,1,289,5,bound_dynamic,52.275519
2,65536,false,sum_f64,2,289,0,before,51.878747
2,65536,false,sum_f64,2,289,1,after,51.970010
2,65536,false,sum_f64,2,289,2,enum_dynamic,52.300747
2,65536,false,sum_f64,2,289,3,enum_static,52.299595
2,65536,false,sum_f64,2,289,4,bound_dynamic,51.916522
2,65536,false,sum_f64,2,289,5,bound_static,52.157727
2,65536,false,sum_f64,3,289,0,after,52.486592
2,65536,false,sum_f64,3,289,1,enum_dynamic,52.049886
2,65536,false,sum_f64,3,289,2,enum_static,52.186706
2,65536,false,sum_f64,3,289,3,bound_dynamic,52.111879
2,65536,false,sum_f64,3,289,4,bound_static,52.444924
2,65536,false,sum_f64,3,289,5,before,52.113176
2,65536,false,sum_f64,4,289,0,enum_dynamic,52.255768
2,65536,false,sum_f64,4,289,1,enum_static,52.188007
2,65536,false,sum_f64,4,289,2,bound_dynamic,52.171135
2,65536,false,sum_f64,4,289,3,bound_static,52.267156
2,65536,false,sum_f64,4,289,4,before,52.063872
2,65536,false,sum_f64,4,289,5,after,52.230824
2,65536,false,sum_f64,5,289,0,enum_static,52.068484
2,65536,false,sum_f64,5,289,1,bound_dynamic,52.278114
2,65536,false,sum_f64,5,289,2,bound_static,52.038927
2,65536,false,sum_f64,5,289,3,before,52.166235
2,65536,false,sum_f64,5,289,4,after,52.253893
2,65536,false,sum_f64,5,289,5,enum_dynamic,52.255045
2,65536,false,sum_f64,6,289,0,bound_dynamic,52.196945
2,65536,false,sum_f64,6,289,1,bound_static,52.170702
2,65536,false,sum_f64,6,289,2,before,52.206460
2,65536,false,sum_f64,6,289,3,after,52.039647
2,65536,false,sum_f64,6,289,4,enum_dynamic,52.292820
2,65536,false,sum_f64,6,289,5,enum_static,52.106979
2,65536,false,sum_f64,7,289,0,bound_static,52.170270
2,65536,false,sum_f64,7,289,1,before,52.887111
2,65536,false,sum_f64,7,289,2,after,51.939592
2,65536,false,sum_f64,7,289,3,enum_dynamic,52.173443
2,65536,false,sum_f64,7,289,4,enum_static,52.120533
2,65536,false,sum_f64,7,289,5,bound_dynamic,52.169692
2,65536,false,sum_f64,8,289,0,before,52.428633
2,65536,false,sum_f64,8,289,1,after,52.229384
2,65536,false,sum_f64,8,289,2,enum_dynamic,52.062138
2,65536,false,sum_f64,8,289,3,enum_static,52.034170
2,65536,false,sum_f64,8,289,4,bound_dynamic,51.711651
2,65536,false,sum_f64,8,289,5,bound_static,52.130336
2,65536,false,sum_f64,9,289,0,after,52.133360
2,65536,false,sum_f64,9,289,1,enum_dynamic,52.081602
2,65536,false,sum_f64,9,289,2,enum_static,52.073962
2,65536,false,sum_f64,9,289,3,bound_dynamic,52.075979
2,65536,false,sum_f64,9,289,4,bound_static,52.052045
2,65536,false,sum_f64,9,289,5,before,52.077422
2,65536,false,sum_f64,10,289,0,enum_dynamic,52.035612
2,65536,false,sum_f64,10,289,1,enum_static,52.032152
2,65536,false,sum_f64,10,289,2,bound_dynamic,52.118799
2,65536,false,sum_f64,10,289,3,bound_static,52.168253
2,65536,false,sum_f64,10,289,4,before,52.189592
2,65536,false,sum_f64,10,289,5,after,52.136965
2,65536,false,sum_f64,11,289,0,enum_static,52.116349
2,65536,false,sum_f64,11,289,1,bound_dynamic,52.345446
2,65536,false,sum_f64,11,289,2,bound_static,52.143311
2,65536,false,sum_f64,11,289,3,before,52.273502
2,65536,false,sum_f64,11,289,4,after,52.150519
2,65536,false,sum_f64,11,289,5,enum_dynamic,52.213955
2,128,false,count_distinct_i64,0,2770,0,bound_dynamic,5.418712
2,128,false,count_distinct_i64,0,2770,1,bound_static,5.442073
2,128,false,count_distinct_i64,0,2770,2,before,5.489801
2,128,false,count_distinct_i64,0,2770,3,after,5.484792
2,128,false,count_distinct_i64,0,2770,4,enum_dynamic,5.453640
2,128,false,count_distinct_i64,0,2770,5,enum_static,5.463718
2,128,false,count_distinct_i64,1,2770,0,bound_static,5.453144
2,128,false,count_distinct_i64,1,2770,1,before,5.482446
2,128,false,count_distinct_i64,1,2770,2,after,5.504001
2,128,false,count_distinct_i64,1,2770,3,enum_dynamic,5.710530
2,128,false,count_distinct_i64,1,2770,4,enum_static,5.486146
2,128,false,count_distinct_i64,1,2770,5,bound_dynamic,5.315899
2,128,false,count_distinct_i64,2,2770,0,before,5.469645
2,128,false,count_distinct_i64,2,2770,1,after,5.461432
2,128,false,count_distinct_i64,2,2770,2,enum_dynamic,5.462290
2,128,false,count_distinct_i64,2,2770,3,enum_static,5.431332
2,128,false,count_distinct_i64,2,2770,4,bound_dynamic,5.434958
2,128,false,count_distinct_i64,2,2770,5,bound_static,5.416546
2,128,false,count_distinct_i64,3,2770,0,after,5.482025
2,128,false,count_distinct_i64,3,2770,1,enum_dynamic,5.447774
2,128,false,count_distinct_i64,3,2770,2,enum_static,5.421751
2,128,false,count_distinct_i64,3,2770,3,bound_dynamic,5.420247
2,128,false,count_distinct_i64,3,2770,4,bound_static,5.419314
2,128,false,count_distinct_i64,3,2770,5,before,5.491245
2,128,false,count_distinct_i64,4,2770,0,enum_dynamic,5.448029
2,128,false,count_distinct_i64,4,2770,1,enum_static,5.429753
2,128,false,count_distinct_i64,4,2770,2,bound_dynamic,5.428896
2,128,false,count_distinct_i64,4,2770,3,bound_static,5.417178
2,128,false,count_distinct_i64,4,2770,4,before,5.489817
2,128,false,count_distinct_i64,4,2770,5,after,5.475331
2,128,false,count_distinct_i64,5,2770,0,enum_static,5.430656
2,128,false,count_distinct_i64,5,2770,1,bound_dynamic,5.423074
2,128,false,count_distinct_i64,5,2770,2,bound_static,5.442283
2,128,false,count_distinct_i64,5,2770,3,before,5.469976
2,128,false,count_distinct_i64,5,2770,4,after,5.486567
2,128,false,count_distinct_i64,5,2770,5,enum_dynamic,5.450361
2,128,false,count_distinct_i64,6,2770,0,bound_dynamic,5.450571
2,128,false,count_distinct_i64,6,2770,1,bound_static,5.665463
2,128,false,count_distinct_i64,6,2770,2,before,5.536838
2,128,false,count_distinct_i64,6,2770,3,after,5.433424
2,128,false,count_distinct_i64,6,2770,4,enum_dynamic,5.446630
2,128,false,count_distinct_i64,6,2770,5,enum_static,5.457100
2,128,false,count_distinct_i64,7,2770,0,bound_static,5.364696
2,128,false,count_distinct_i64,7,2770,1,before,5.484206
2,128,false,count_distinct_i64,7,2770,2,after,5.471435
2,128,false,count_distinct_i64,7,2770,3,enum_dynamic,5.448466
2,128,false,count_distinct_i64,7,2770,4,enum_static,5.425662
2,128,false,count_distinct_i64,7,2770,5,bound_dynamic,5.426926
2,128,false,count_distinct_i64,8,2770,0,before,5.477467
2,128,false,count_distinct_i64,8,2770,1,after,5.468291
2,128,false,count_distinct_i64,8,2770,2,enum_dynamic,5.462590
2,128,false,count_distinct_i64,8,2770,3,enum_static,5.430641
2,128,false,count_distinct_i64,8,2770,4,bound_dynamic,5.419976
2,128,false,count_distinct_i64,8,2770,5,bound_static,5.427347
2,128,false,count_distinct_i64,9,2770,0,after,5.486011
2,128,false,count_distinct_i64,9,2770,1,enum_dynamic,5.443412
2,128,false,count_distinct_i64,9,2770,2,enum_static,5.438327
2,128,false,count_distinct_i64,9,2770,3,bound_dynamic,5.431152
2,128,false,count_distinct_i64,9,2770,4,bound_static,5.436688
2,128,false,count_distinct_i64,9,2770,5,before,5.484326
2,128,false,count_distinct_i64,10,2770,0,enum_dynamic,5.463959
2,128,false,count_distinct_i64,10,2770,1,enum_static,5.453505
2,128,false,count_distinct_i64,10,2770,2,bound_dynamic,5.750000
2,128,false,count_distinct_i64,10,2770,3,bound_static,5.385710
2,128,false,count_distinct_i64,10,2770,4,before,5.384206
2,128,false,count_distinct_i64,10,2770,5,after,5.451579
2,128,false,count_distinct_i64,11,2770,0,enum_static,5.390478
2,128,false,count_distinct_i64,11,2770,1,bound_dynamic,5.354332
2,128,false,count_distinct_i64,11,2770,2,bound_static,5.384296
2,128,false,count_distinct_i64,11,2770,3,before,5.534311
2,128,false,count_distinct_i64,11,2770,4,after,5.930656
2,128,false,count_distinct_i64,11,2770,5,enum_dynamic,5.876910
2,128,true,max_i64,0,15610,0,bound_dynamic,0.987252
2,128,true,max_i64,0,15610,1,bound_static,0.929991
2,128,true,max_i64,0,15610,2,before,0.957250
2,128,true,max_i64,0,15610,3,after,0.864739
2,128,true,max_i64,0,15610,4,enum_dynamic,0.907920
2,128,true,max_i64,0,15610,5,enum_static,0.849955
2,128,true,max_i64,1,15610,0,bound_static,0.852536
2,128,true,max_i64,1,15610,1,before,0.905683
2,128,true,max_i64,1,15610,2,after,0.872120
2,128,true,max_i64,1,15610,3,enum_dynamic,0.922371
2,128,true,max_i64,1,15610,4,enum_static,0.852723
2,128,true,max_i64,1,15610,5,bound_dynamic,0.906895
2,128,true,max_i64,2,15610,0,before,0.906593
2,128,true,max_i64,2,15610,1,after,0.872131
2,128,true,max_i64,2,15610,2,enum_dynamic,0.918655
2,128,true,max_i64,2,15610,3,enum_static,0.853889
2,128,true,max_i64,2,15610,4,bound_dynamic,0.906289
2,128,true,max_i64,2,15610,5,bound_static,0.859986
2,128,true,max_i64,3,15610,0,after,0.863803
2,128,true,max_i64,3,15610,1,enum_dynamic,0.923505
2,128,true,max_i64,3,15610,2,enum_static,0.846399
2,128,true,max_i64,3,15610,3,bound_dynamic,0.887537
2,128,true,max_i64,3,15610,4,bound_static,0.859796
2,128,true,max_i64,3,15610,5,before,0.903990
2,128,true,max_i64,4,15610,0,enum_dynamic,0.918466
2,128,true,max_i64,4,15610,1,enum_static,0.854410
2,128,true,max_i64,4,15610,2,bound_dynamic,0.906633
2,128,true,max_i64,4,15610,3,bound_static,0.857378
2,128,true,max_i64,4,15610,4,before,0.906726
2,128,true,max_i64,4,15610,5,after,0.870767
2,128,true,max_i64,5,15610,0,enum_static,0.857036
2,128,true,max_i64,5,15610,1,bound_dynamic,0.908352
2,128,true,max_i64,5,15610,2,bound_static,0.858363
2,128,true,max_i64,5,15610,3,before,0.907106
2,128,true,max_i64,5,15610,4,after,0.873743
2,128,true,max_i64,5,15610,5,enum_dynamic,0.913661
2,128,true,max_i64,6,15610,0,bound_dynamic,0.904252
2,128,true,max_i64,6,15610,1,bound_static,0.858614
2,128,true,max_i64,6,15610,2,before,0.905341
2,128,true,max_i64,6,15610,3,after,0.870756
2,128,true,max_i64,6,15610,4,enum_dynamic,0.923278
2,128,true,max_i64,6,15610,5,enum_static,0.853232
2,128,true,max_i64,7,15610,0,bound_static,0.856697
2,128,true,max_i64,7,15610,1,before,0.909385
2,128,true,max_i64,7,15610,2,after,0.870027
2,128,true,max_i64,7,15610,3,enum_dynamic,0.918783
2,128,true,max_i64,7,15610,4,enum_static,0.852656
2,128,true,max_i64,7,15610,5,bound_dynamic,0.906014
2,128,true,max_i64,8,15610,0,before,0.904153
2,128,true,max_i64,8,15610,1,after,0.869768
2,128,true,max_i64,8,15610,2,enum_dynamic,0.919694
2,128,true,max_i64,8,15610,3,enum_static,0.852466
2,128,true,max_i64,8,15610,4,bound_dynamic,0.909310
2,128,true,max_i64,8,15610,5,bound_static,0.856660
2,128,true,max_i64,9,15610,0,after,0.872069
2,128,true,max_i64,9,15610,1,enum_dynamic,0.917980
2,128,true,max_i64,9,15610,2,enum_static,0.854420
2,128,true,max_i64,9,15610,3,bound_dynamic,0.907380
2,128,true,max_i64,9,15610,4,bound_static,0.857119
2,128,true,max_i64,9,15610,5,before,0.905285
2,128,true,max_i64,10,15610,0,enum_dynamic,0.926930
2,128,true,max_i64,10,15610,1,enum_static,0.856956
2,128,true,max_i64,10,15610,2,bound_dynamic,0.905093
2,128,true,max_i64,10,15610,3,bound_static,0.853203
2,128,true,max_i64,10,15610,4,before,0.907938
2,128,true,max_i64,10,15610,5,after,0.868103
2,128,true,max_i64,11,15610,0,enum_static,0.852667
2,128,true,max_i64,11,15610,1,bound_dynamic,0.903256
2,128,true,max_i64,11,15610,2,bound_static,0.856187
2,128,true,max_i64,11,15610,3,before,0.906860
2,128,true,max_i64,11,15610,4,after,0.871202
2,128,true,max_i64,11,15610,5,enum_dynamic,0.921613
2,8192,true,avg_i64,0,832,0,bound_dynamic,18.086788
2,8192,true,avg_i64,0,832,1,bound_static,18.098558
2,8192,true,avg_i64,0,832,2,before,20.476762
2,8192,true,avg_i64,0,832,3,after,18.144130
2,8192,true,avg_i64,0,832,4,enum_dynamic,18.127954
2,8192,true,avg_i64,0,832,5,enum_static,18.125351
2,8192,true,avg_i64,1,832,0,bound_static,18.071514
2,8192,true,avg_i64,1,832,1,before,20.388121
2,8192,true,avg_i64,1,832,2,after,18.271785
2,8192,true,avg_i64,1,832,3,enum_dynamic,18.041917
2,8192,true,avg_i64,1,832,4,enum_static,18.166767
2,8192,true,avg_i64,1,832,5,bound_dynamic,18.141427
2,8192,true,avg_i64,2,832,0,before,20.421975
2,8192,true,avg_i64,2,832,1,after,18.132311
2,8192,true,avg_i64,2,832,2,enum_dynamic,18.154297
2,8192,true,avg_i64,2,832,3,enum_static,18.131210
2,8192,true,avg_i64,2,832,4,bound_dynamic,18.122296
2,8192,true,avg_i64,2,832,5,bound_static,18.110677
2,8192,true,avg_i64,3,832,0,after,18.124450
2,8192,true,avg_i64,3,832,1,enum_dynamic,18.110427
2,8192,true,avg_i64,3,832,2,enum_static,18.153546
2,8192,true,avg_i64,3,832,3,bound_dynamic,18.117338
2,8192,true,avg_i64,3,832,4,bound_static,18.157502
2,8192,true,avg_i64,3,832,5,before,20.385867
2,8192,true,avg_i64,4,832,0,enum_dynamic,18.083032
2,8192,true,avg_i64,4,832,1,enum_static,18.122596
2,8192,true,avg_i64,4,832,2,bound_dynamic,18.043570
2,8192,true,avg_i64,4,832,3,bound_static,18.109375
2,8192,true,avg_i64,4,832,4,before,20.370343
2,8192,true,avg_i64,4,832,5,after,18.069411
2,8192,true,avg_i64,5,832,0,enum_static,18.151242
2,8192,true,avg_i64,5,832,1,bound_dynamic,17.994141
2,8192,true,avg_i64,5,832,2,bound_static,18.081630
2,8192,true,avg_i64,5,832,3,before,20.409105
2,8192,true,avg_i64,5,832,4,after,18.065005
2,8192,true,avg_i64,5,832,5,enum_dynamic,18.112579
2,8192,true,avg_i64,6,832,0,bound_dynamic,18.043570
2,8192,true,avg_i64,6,832,1,bound_static,18.065454
2,8192,true,avg_i64,6,832,2,before,20.365385
2,8192,true,avg_i64,6,832,3,after,18.049679
2,8192,true,avg_i64,6,832,4,enum_dynamic,18.074769
2,8192,true,avg_i64,6,832,5,enum_static,18.102714
2,8192,true,avg_i64,7,832,0,bound_static,18.147887
2,8192,true,avg_i64,7,832,1,before,20.439502
2,8192,true,avg_i64,7,832,2,after,18.043519
2,8192,true,avg_i64,7,832,3,enum_dynamic,18.119490
2,8192,true,avg_i64,7,832,4,enum_static,18.115736
2,8192,true,avg_i64,7,832,5,bound_dynamic,18.094701
2,8192,true,avg_i64,8,832,0,before,20.413512
2,8192,true,avg_i64,8,832,1,after,18.051332
2,8192,true,avg_i64,8,832,2,enum_dynamic,18.139173
2,8192,true,avg_i64,8,832,3,enum_static,18.120744
2,8192,true,avg_i64,8,832,4,bound_dynamic,18.092999
2,8192,true,avg_i64,8,832,5,bound_static,18.062299
2,8192,true,avg_i64,9,832,0,after,18.061850
2,8192,true,avg_i64,9,832,1,enum_dynamic,18.143780
2,8192,true,avg_i64,9,832,2,enum_static,18.143679
2,8192,true,avg_i64,9,832,3,bound_dynamic,18.094050
2,8192,true,avg_i64,9,832,4,bound_static,18.103516
2,8192,true,avg_i64,9,832,5,before,20.373347
2,8192,true,avg_i64,10,832,0,enum_dynamic,18.118138
2,8192,true,avg_i64,10,832,1,enum_static,18.157052
2,8192,true,avg_i64,10,832,2,bound_dynamic,18.060196
2,8192,true,avg_i64,10,832,3,bound_static,18.088492
2,8192,true,avg_i64,10,832,4,before,20.432642
2,8192,true,avg_i64,10,832,5,after,18.061948
2,8192,true,avg_i64,11,832,0,enum_static,18.141076
2,8192,true,avg_i64,11,832,1,bound_dynamic,18.110126
2,8192,true,avg_i64,11,832,2,bound_static,17.942858
2,8192,true,avg_i64,11,832,3,before,20.377954
2,8192,true,avg_i64,11,832,4,after,18.080480
2,8192,true,avg_i64,11,832,5,enum_dynamic,18.074769
2,128,true,sum_i64,0,37891,0,bound_dynamic,0.393100
2,128,true,sum_i64,0,37891,1,bound_static,0.398602
2,128,true,sum_i64,0,37891,2,before,0.394782
2,128,true,sum_i64,0,37891,3,after,0.411222
2,128,true,sum_i64,0,37891,4,enum_dynamic,0.404562
2,128,true,sum_i64,0,37891,5,enum_static,0.399883
2,128,true,sum_i64,1,37891,0,bound_static,0.399369
2,128,true,sum_i64,1,37891,1,before,0.393084
2,128,true,sum_i64,1,37891,2,after,0.410203
2,128,true,sum_i64,1,37891,3,enum_dynamic,0.402590
2,128,true,sum_i64,1,37891,4,enum_static,0.398664
2,128,true,sum_i64,1,37891,5,bound_dynamic,0.397664
2,128,true,sum_i64,2,37891,0,before,0.394010
2,128,true,sum_i64,2,37891,1,after,0.412475
2,128,true,sum_i64,2,37891,2,enum_dynamic,0.404330
2,128,true,sum_i64,2,37891,3,enum_static,0.400128
2,128,true,sum_i64,2,37891,4,bound_dynamic,0.399434
2,128,true,sum_i64,2,37891,5,bound_static,0.397097
2,128,true,sum_i64,3,37891,0,after,0.409730
2,128,true,sum_i64,3,37891,1,enum_dynamic,0.402877
2,128,true,sum_i64,3,37891,2,enum_static,0.399451
2,128,true,sum_i64,3,37891,3,bound_dynamic,0.399974
2,128,true,sum_i64,3,37891,4,bound_static,0.399693
2,128,true,sum_i64,3,37891,5,before,0.395737
2,128,true,sum_i64,4,37891,0,enum_dynamic,0.401834
2,128,true,sum_i64,4,37891,1,enum_static,0.398466
2,128,true,sum_i64,4,37891,2,bound_dynamic,0.396940
2,128,true,sum_i64,4,37891,3,bound_static,0.397608
2,128,true,sum_i64,4,37891,4,before,0.392217
2,128,true,sum_i64,4,37891,5,after,0.411465
2,128,true,sum_i64,5,37891,0,enum_static,0.397550
2,128,true,sum_i64,5,37891,1,bound_dynamic,0.396950
2,128,true,sum_i64,5,37891,2,bound_static,0.399232
2,128,true,sum_i64,5,37891,3,before,0.392512
2,128,true,sum_i64,5,37891,4,after,0.410493
2,128,true,sum_i64,5,37891,5,enum_dynamic,0.401819
2,128,true,sum_i64,6,37891,0,bound_dynamic,0.398648
2,128,true,sum_i64,6,37891,1,bound_static,0.400176
2,128,true,sum_i64,6,37891,2,before,0.392218
2,128,true,sum_i64,6,37891,3,after,0.408579
2,128,true,sum_i64,6,37891,4,enum_dynamic,0.404237
2,128,true,sum_i64,6,37891,5,enum_static,0.407377
2,128,true,sum_i64,7,37891,0,bound_static,0.407056
2,128,true,sum_i64,7,37891,1,before,0.400646
2,128,true,sum_i64,7,37891,2,after,0.423634
2,128,true,sum_i64,7,37891,3,enum_dynamic,0.415630
2,128,true,sum_i64,7,37891,4,enum_static,0.410702
2,128,true,sum_i64,7,37891,5,bound_dynamic,0.408113
2,128,true,sum_i64,8,37891,0,before,0.399508
2,128,true,sum_i64,8,37891,1,after,0.422395
2,128,true,sum_i64,8,37891,2,enum_dynamic,0.409870
2,128,true,sum_i64,8,37891,3,enum_static,0.408963
2,128,true,sum_i64,8,37891,4,bound_dynamic,0.407172
2,128,true,sum_i64,8,37891,5,bound_static,0.405904
2,128,true,sum_i64,9,37891,0,after,0.421383
2,128,true,sum_i64,9,37891,1,enum_dynamic,0.410214
2,128,true,sum_i64,9,37891,2,enum_static,0.404692
2,128,true,sum_i64,9,37891,3,bound_dynamic,0.403827
2,128,true,sum_i64,9,37891,4,bound_static,0.404534
2,128,true,sum_i64,9,37891,5,before,0.396372
2,128,true,sum_i64,10,37891,0,enum_dynamic,0.412879
2,128,true,sum_i64,10,37891,1,enum_static,0.406708
2,128,true,sum_i64,10,37891,2,bound_dynamic,0.408829
2,128,true,sum_i64,10,37891,3,bound_static,0.412494
2,128,true,sum_i64,10,37891,4,before,0.399123
2,128,true,sum_i64,10,37891,5,after,0.424040
2,128,true,sum_i64,11,37891,0,enum_static,0.402744
2,128,true,sum_i64,11,37891,1,bound_dynamic,0.401291
2,128,true,sum_i64,11,37891,2,bound_static,0.401190
2,128,true,sum_i64,11,37891,3,before,0.396127
2,128,true,sum_i64,11,37891,4,after,0.415111
2,128,true,sum_i64,11,37891,5,enum_dynamic,0.406727
2,128,true,min_utf8,0,7395,0,bound_dynamic,2.107285
2,128,true,min_utf8,0,7395,1,bound_static,2.036832
2,128,true,min_utf8,0,7395,2,before,2.067388
2,128,true,min_utf8,0,7395,3,after,2.044118
2,128,true,min_utf8,0,7395,4,enum_dynamic,2.120678
2,128,true,min_utf8,0,7395,5,enum_static,2.049651
2,128,true,min_utf8,1,7395,0,bound_static,2.067906
2,128,true,min_utf8,1,7395,1,before,2.048208
2,128,true,min_utf8,1,7395,2,after,2.004941
2,128,true,min_utf8,1,7395,3,enum_dynamic,2.109545
2,128,true,min_utf8,1,7395,4,enum_static,2.015765
2,128,true,min_utf8,1,7395,5,bound_dynamic,2.087711
2,128,true,min_utf8,2,7395,0,before,2.048000
2,128,true,min_utf8,2,7395,1,after,2.004356
2,128,true,min_utf8,2,7395,2,enum_dynamic,2.106976
2,128,true,min_utf8,2,7395,3,enum_static,2.013788
2,128,true,min_utf8,2,7395,4,bound_dynamic,2.105522
2,128,true,min_utf8,2,7395,5,bound_static,1.990810
2,128,true,min_utf8,3,7395,0,after,1.986939
2,128,true,min_utf8,3,7395,1,enum_dynamic,2.100682
2,128,true,min_utf8,3,7395,2,enum_static,2.021524
2,128,true,min_utf8,3,7395,3,bound_dynamic,2.053617
2,128,true,min_utf8,3,7395,4,bound_static,1.990647
2,128,true,min_utf8,3,7395,5,before,2.058074
2,128,true,min_utf8,4,7395,0,enum_dynamic,2.109928
2,128,true,min_utf8,4,7395,1,enum_static,2.021439
2,128,true,min_utf8,4,7395,2,bound_dynamic,2.091464
2,128,true,min_utf8,4,7395,3,bound_static,2.017827
2,128,true,min_utf8,4,7395,4,before,2.051454
2,128,true,min_utf8,4,7395,5,after,2.006389
2,128,true,min_utf8,5,7395,0,enum_static,2.021952
2,128,true,min_utf8,5,7395,1,bound_dynamic,2.089909
2,128,true,min_utf8,5,7395,2,bound_static,2.019078
2,128,true,min_utf8,5,7395,3,before,2.054305
2,128,true,min_utf8,5,7395,4,after,2.011624
2,128,true,min_utf8,5,7395,5,enum_dynamic,2.112317
2,128,true,min_utf8,6,7395,0,bound_dynamic,2.096783
2,128,true,min_utf8,6,7395,1,bound_static,2.018746
2,128,true,min_utf8,6,7395,2,before,2.053465
2,128,true,min_utf8,6,7395,3,after,2.019912
2,128,true,min_utf8,6,7395,4,enum_dynamic,2.069388
2,128,true,min_utf8,6,7395,5,enum_static,1.995278
2,128,true,min_utf8,7,7395,0,bound_static,1.971625
2,128,true,min_utf8,7,7395,1,before,2.038585
2,128,true,min_utf8,7,7395,2,after,2.004812
2,128,true,min_utf8,7,7395,3,enum_dynamic,2.098839
2,128,true,min_utf8,7,7395,4,enum_static,2.021276
2,128,true,min_utf8,7,7395,5,bound_dynamic,2.084562
2,128,true,min_utf8,8,7395,0,before,2.043025
2,128,true,min_utf8,8,7395,1,after,2.000828
2,128,true,min_utf8,8,7395,2,enum_dynamic,2.107730
2,128,true,min_utf8,8,7395,3,enum_static,2.022819
2,128,true,min_utf8,8,7395,4,bound_dynamic,2.083085
2,128,true,min_utf8,8,7395,5,bound_static,2.009973
2,128,true,min_utf8,9,7395,0,after,1.999211
2,128,true,min_utf8,9,7395,1,enum_dynamic,2.080020
2,128,true,min_utf8,9,7395,2,enum_static,2.016543
2,128,true,min_utf8,9,7395,3,bound_dynamic,2.083440
2,128,true,min_utf8,9,7395,4,bound_static,2.016768
2,128,true,min_utf8,9,7395,5,before,2.043813
2,128,true,min_utf8,10,7395,0,enum_dynamic,2.108677
2,128,true,min_utf8,10,7395,1,enum_static,2.015309
2,128,true,min_utf8,10,7395,2,bound_dynamic,2.087091
2,128,true,min_utf8,10,7395,3,bound_static,2.012058
2,128,true,min_utf8,10,7395,4,before,2.050659
2,128,true,min_utf8,10,7395,5,after,2.004738
2,128,true,min_utf8,11,7395,0,enum_static,2.018464
2,128,true,min_utf8,11,7395,1,bound_dynamic,2.086725
2,128,true,min_utf8,11,7395,2,bound_static,2.011280
2,128,true,min_utf8,11,7395,3,before,2.049572
2,128,true,min_utf8,11,7395,4,after,2.014131
2,128,true,min_utf8,11,7395,5,enum_dynamic,2.067670
2,8192,false,max_utf8,0,163,0,bound_dynamic,94.858129
2,8192,false,max_utf8,0,163,1,bound_static,92.429190
2,8192,false,max_utf8,0,163,2,before,93.227252
2,8192,false,max_utf8,0,163,3,after,94.303172
2,8192,false,max_utf8,0,163,4,enum_dynamic,96.851479
2,8192,false,max_utf8,0,163,5,enum_static,94.254092
2,8192,false,max_utf8,1,163,0,bound_static,94.103018
2,8192,false,max_utf8,1,163,1,before,94.093307
2,8192,false,max_utf8,1,163,2,after,94.554963
2,8192,false,max_utf8,1,163,3,enum_dynamic,96.587933
2,8192,false,max_utf8,1,163,4,enum_static,92.515337
2,8192,false,max_utf8,1,163,5,bound_dynamic,95.057006
2,8192,false,max_utf8,2,163,0,before,93.805472
2,8192,false,max_utf8,2,163,1,after,94.378319
2,8192,false,max_utf8,2,163,2,enum_dynamic,96.842534
2,8192,false,max_utf8,2,163,3,enum_static,94.175356
2,8192,false,max_utf8,2,163,4,bound_dynamic,96.502558
2,8192,false,max_utf8,2,163,5,bound_static,93.756650
2,8192,false,max_utf8,3,163,0,after,92.325663
2,8192,false,max_utf8,3,163,1,enum_dynamic,96.251282
2,8192,false,max_utf8,3,163,2,enum_static,94.010994
2,8192,false,max_utf8,3,163,3,bound_dynamic,96.571828
2,8192,false,max_utf8,3,163,4,bound_static,94.050871
2,8192,false,max_utf8,3,163,5,before,93.949896
2,8192,false,max_utf8,4,163,0,enum_dynamic,96.519687
2,8192,false,max_utf8,4,163,1,enum_static,94.366055
2,8192,false,max_utf8,4,163,2,bound_dynamic,96.888037
2,8192,false,max_utf8,4,163,3,bound_static,94.434558
2,8192,false,max_utf8,4,163,4,before,94.264822
2,8192,false,max_utf8,4,163,5,after,94.309816
2,8192,false,max_utf8,5,163,0,enum_static,93.968301
2,8192,false,max_utf8,5,163,1,bound_dynamic,95.754092
2,8192,false,max_utf8,5,163,2,bound_static,92.779656
2,8192,false,max_utf8,5,163,3,before,92.328730
2,8192,false,max_utf8,5,163,4,after,92.418963
2,8192,false,max_utf8,5,163,5,enum_dynamic,96.212933
2,8192,false,max_utf8,6,163,0,bound_dynamic,94.928681
2,8192,false,max_utf8,6,163,1,bound_static,92.162067
2,8192,false,max_utf8,6,163,2,before,92.543712
2,8192,false,max_utf8,6,163,3,after,93.966006
2,8192,false,max_utf8,6,163,4,enum_dynamic,96.721883
2,8192,false,max_utf8,6,163,5,enum_static,94.111196
2,8192,false,max_utf8,7,163,0,bound_static,94.294988
2,8192,false,max_utf8,7,163,1,before,94.011761
2,8192,false,max_utf8,7,163,2,after,94.097902
2,8192,false,max_utf8,7,163,3,enum_dynamic,96.758693
2,8192,false,max_utf8,7,163,4,enum_static,94.579755
2,8192,false,max_utf8,7,163,5,bound_dynamic,95.301380
2,8192,false,max_utf8,8,163,0,before,93.376534
2,8192,false,max_utf8,8,163,1,after,94.193767
2,8192,false,max_utf8,8,163,2,enum_dynamic,96.892896
2,8192,false,max_utf8,8,163,3,enum_static,94.184307
2,8192,false,max_utf8,8,163,4,bound_dynamic,96.714724
2,8192,false,max_utf8,8,163,5,bound_static,94.185583
2,8192,false,max_utf8,9,163,0,after,94.314675
2,8192,false,max_utf8,9,163,1,enum_dynamic,96.872951
2,8192,false,max_utf8,9,163,2,enum_static,94.152859
2,8192,false,max_utf8,9,163,3,bound_dynamic,96.942994
2,8192,false,max_utf8,9,163,4,bound_static,94.155166
2,8192,false,max_utf8,9,163,5,before,94.142123
2,8192,false,max_utf8,10,163,0,enum_dynamic,96.725209
2,8192,false,max_utf8,10,163,1,enum_static,92.388294
2,8192,false,max_utf8,10,163,2,bound_dynamic,95.321828
2,8192,false,max_utf8,10,163,3,bound_static,94.001276
2,8192,false,max_utf8,10,163,4,before,94.259202
2,8192,false,max_utf8,10,163,5,after,93.800104
2,8192,false,max_utf8,11,163,0,enum_static,93.075663
2,8192,false,max_utf8,11,163,1,bound_dynamic,96.818767
2,8192,false,max_utf8,11,163,2,bound_static,94.145448
2,8192,false,max_utf8,11,163,3,before,94.146730
2,8192,false,max_utf8,11,163,4,after,94.372190
2,8192,false,max_utf8,11,163,5,enum_dynamic,94.921270
2,128,false,sum_u64,0,44995,0,bound_dynamic,0.337875
2,128,false,sum_u64,0,44995,1,bound_static,0.341037
2,128,false,sum_u64,0,44995,2,before,0.338102
2,128,false,sum_u64,0,44995,3,after,0.341323
2,128,false,sum_u64,0,44995,4,enum_dynamic,0.353073
2,128,false,sum_u64,0,44995,5,enum_static,0.341491
2,128,false,sum_u64,1,44995,0,bound_static,0.339187
2,128,false,sum_u64,1,44995,1,before,0.342175
2,128,false,sum_u64,1,44995,2,after,0.340562
2,128,false,sum_u64,1,44995,3,enum_dynamic,0.353565
2,128,false,sum_u64,1,44995,4,enum_static,0.340974
2,128,false,sum_u64,1,44995,5,bound_dynamic,0.339001
2,128,false,sum_u64,2,44995,0,before,0.340388
2,128,false,sum_u64,2,44995,1,after,0.339581
2,128,false,sum_u64,2,44995,2,enum_dynamic,0.354011
2,128,false,sum_u64,2,44995,3,enum_static,0.341300
2,128,false,sum_u64,2,44995,4,bound_dynamic,0.338971
2,128,false,sum_u64,2,44995,5,bound_static,0.338330
2,128,false,sum_u64,3,44995,0,after,0.339757
2,128,false,sum_u64,3,44995,1,enum_dynamic,0.353491
2,128,false,sum_u64,3,44995,2,enum_static,0.341622
2,128,false,sum_u64,3,44995,3,bound_dynamic,0.339170
2,128,false,sum_u64,3,44995,4,bound_static,0.338769
2,128,false,sum_u64,3,44995,5,before,0.341163
2,128,false,sum_u64,4,44995,0,enum_dynamic,0.354666
2,128,false,sum_u64,4,44995,1,enum_static,0.344113
2,128,false,sum_u64,4,44995,2,bound_dynamic,0.339093
2,128,false,sum_u64,4,44995,3,bound_static,0.339650
2,128,false,sum_u64,4,44995,4,before,0.340916
2,128,false,sum_u64,4,44995,5,after,0.337969
2,128,false,sum_u64,5,44995,0,enum_static,0.337858
2,128,false,sum_u64,5,44995,1,bound_dynamic,0.339274
2,128,false,sum_u64,5,44995,2,bound_static,0.342541
2,128,false,sum_u64,5,44995,3,before,0.342825
2,128,false,sum_u64,5,44995,4,after,0.339932
2,128,false,sum_u64,5,44995,5,enum_dynamic,0.356986
2,128,false,sum_u64,6,44995,0,bound_dynamic,0.338669
2,128,false,sum_u64,6,44995,1,bound_static,0.339175
2,128,false,sum_u64,6,44995,2,before,0.345000
2,128,false,sum_u64,6,44995,3,after,0.341457
2,128,false,sum_u64,6,44995,4,enum_dynamic,0.349627
2,128,false,sum_u64,6,44995,5,enum_static,0.341291
2,128,false,sum_u64,7,44995,0,bound_static,0.338181
2,128,false,sum_u64,7,44995,1,before,0.340811
2,128,false,sum_u64,7,44995,2,after,0.340544
2,128,false,sum_u64,7,44995,3,enum_dynamic,0.354004
2,128,false,sum_u64,7,44995,4,enum_static,0.341307
2,128,false,sum_u64,7,44995,5,bound_dynamic,0.338718
2,128,false,sum_u64,8,44995,0,before,0.342296
2,128,false,sum_u64,8,44995,1,after,0.340102
2,128,false,sum_u64,8,44995,2,enum_dynamic,0.353728
2,128,false,sum_u64,8,44995,3,enum_static,0.340677
2,128,false,sum_u64,8,44995,4,bound_dynamic,0.339669
2,128,false,sum_u64,8,44995,5,bound_static,0.338974
2,128,false,sum_u64,9,44995,0,after,0.340122
2,128,false,sum_u64,9,44995,1,enum_dynamic,0.353948
2,128,false,sum_u64,9,44995,2,enum_static,0.340367
2,128,false,sum_u64,9,44995,3,bound_dynamic,0.340050
2,128,false,sum_u64,9,44995,4,bound_static,0.338851
2,128,false,sum_u64,9,44995,5,before,0.341499
2,128,false,sum_u64,10,44995,0,enum_dynamic,0.353850
2,128,false,sum_u64,10,44995,1,enum_static,0.342597
2,128,false,sum_u64,10,44995,2,bound_dynamic,0.339419
2,128,false,sum_u64,10,44995,3,bound_static,0.338718
2,128,false,sum_u64,10,44995,4,before,0.340840
2,128,false,sum_u64,10,44995,5,after,0.340637
2,128,false,sum_u64,11,44995,0,enum_static,0.344357
2,128,false,sum_u64,11,44995,1,bound_dynamic,0.341058
2,128,false,sum_u64,11,44995,2,bound_static,0.338978
2,128,false,sum_u64,11,44995,3,before,0.340982
2,128,false,sum_u64,11,44995,4,after,0.340344
2,128,false,sum_u64,11,44995,5,enum_dynamic,0.353650
2,128,true,min_i64,0,17403,0,bound_dynamic,0.906831
2,128,true,min_i64,0,17403,1,bound_static,0.847225
2,128,true,min_i64,0,17403,2,before,0.927240
2,128,true,min_i64,0,17403,3,after,0.853086
2,128,true,min_i64,0,17403,4,enum_dynamic,0.909324
2,128,true,min_i64,0,17403,5,enum_static,0.840866
2,128,true,min_i64,1,17403,0,bound_static,0.844543
2,128,true,min_i64,1,17403,1,before,0.927845
2,128,true,min_i64,1,17403,2,after,0.853203
2,128,true,min_i64,1,17403,3,enum_dynamic,0.907925
2,128,true,min_i64,1,17403,4,enum_static,0.842621
2,128,true,min_i64,1,17403,5,bound_dynamic,0.907679
2,128,true,min_i64,2,17403,0,before,0.927917
2,128,true,min_i64,2,17403,1,after,0.857671
2,128,true,min_i64,2,17403,2,enum_dynamic,0.907909
2,128,true,min_i64,2,17403,3,enum_static,0.843075
2,128,true,min_i64,2,17403,4,bound_dynamic,0.904142
2,128,true,min_i64,2,17403,5,bound_static,0.847167
2,128,true,min_i64,3,17403,0,after,0.860374
2,128,true,min_i64,3,17403,1,enum_dynamic,0.909043
2,128,true,min_i64,3,17403,2,enum_static,0.840571
2,128,true,min_i64,3,17403,3,bound_dynamic,0.952743
2,128,true,min_i64,3,17403,4,bound_static,0.889851
2,128,true,min_i64,3,17403,5,before,0.982115
2,128,true,min_i64,4,17403,0,enum_dynamic,0.918726
2,128,true,min_i64,4,17403,1,enum_static,0.844828
2,128,true,min_i64,4,17403,2,bound_dynamic,0.908126
2,128,true,min_i64,4,17403,3,bound_static,0.844541
2,128,true,min_i64,4,17403,4,before,0.938737
2,128,true,min_i64,4,17403,5,after,0.851467
2,128,true,min_i64,5,17403,0,enum_static,0.830819
2,128,true,min_i64,5,17403,1,bound_dynamic,0.910696
2,128,true,min_i64,5,17403,2,bound_static,0.847536
2,128,true,min_i64,5,17403,3,before,0.929789
2,128,true,min_i64,5,17403,4,after,0.856799
2,128,true,min_i64,5,17403,5,enum_dynamic,0.908459
2,128,true,min_i64,6,17403,0,bound_dynamic,0.906015
2,128,true,min_i64,6,17403,1,bound_static,0.846080
2,128,true,min_i64,6,17403,2,before,0.929653
2,128,true,min_i64,6,17403,3,after,0.854853
2,128,true,min_i64,6,17403,4,enum_dynamic,0.908251
2,128,true,min_i64,6,17403,5,enum_static,0.845958
2,128,true,min_i64,7,17403,0,bound_static,0.844763
2,128,true,min_i64,7,17403,1,before,0.927311
2,128,true,min_i64,7,17403,2,after,0.853830
2,128,true,min_i64,7,17403,3,enum_dynamic,0.912520
2,128,true,min_i64,7,17403,4,enum_static,0.842963
2,128,true,min_i64,7,17403,5,bound_dynamic,0.906862
2,128,true,min_i64,8,17403,0,before,0.927371
2,128,true,min_i64,8,17403,1,after,0.856373
2,128,true,min_i64,8,17403,2,enum_dynamic,0.910851
2,128,true,min_i64,8,17403,3,enum_static,0.844196
2,128,true,min_i64,8,17403,4,bound_dynamic,0.908299
2,128,true,min_i64,8,17403,5,bound_static,0.846906
2,128,true,min_i64,9,17403,0,after,0.855935
2,128,true,min_i64,9,17403,1,enum_dynamic,0.907990
2,128,true,min_i64,9,17403,2,enum_static,0.843202
2,128,true,min_i64,9,17403,3,bound_dynamic,0.905787
2,128,true,min_i64,9,17403,4,bound_static,0.848398
2,128,true,min_i64,9,17403,5,before,0.932090
2,128,true,min_i64,10,17403,0,enum_dynamic,0.901897
2,128,true,min_i64,10,17403,1,enum_static,0.842192
2,128,true,min_i64,10,17403,2,bound_dynamic,0.908122
2,128,true,min_i64,10,17403,3,bound_static,0.844612
2,128,true,min_i64,10,17403,4,before,0.939443
2,128,true,min_i64,10,17403,5,after,0.855621
2,128,true,min_i64,11,17403,0,enum_static,0.851917
2,128,true,min_i64,11,17403,1,bound_dynamic,0.902725
2,128,true,min_i64,11,17403,2,bound_static,0.851051
2,128,true,min_i64,11,17403,3,before,0.933297
2,128,true,min_i64,11,17403,4,after,0.860264
2,128,true,min_i64,11,17403,5,enum_dynamic,0.915881
2,128,true,max_utf8,0,7264,0,bound_dynamic,2.099756
2,128,true,max_utf8,0,7264,1,bound_static,2.058697
2,128,true,max_utf8,0,7264,2,before,2.051108
2,128,true,max_utf8,0,7264,3,after,2.047701
2,128,true,max_utf8,0,7264,4,enum_dynamic,2.092649
2,128,true,max_utf8,0,7264,5,enum_static,2.063114
2,128,true,max_utf8,1,7264,0,bound_static,2.062087
2,128,true,max_utf8,1,7264,1,before,2.055347
2,128,true,max_utf8,1,7264,2,after,2.052605
2,128,true,max_utf8,1,7264,3,enum_dynamic,2.094731
2,128,true,max_utf8,1,7264,4,enum_static,2.068706
2,128,true,max_utf8,1,7264,5,bound_dynamic,2.113344
2,128,true,max_utf8,2,7264,0,before,2.018166
2,128,true,max_utf8,2,7264,1,after,2.009499
2,128,true,max_utf8,2,7264,2,enum_dynamic,2.050466
2,128,true,max_utf8,2,7264,3,enum_static,2.056190
2,128,true,max_utf8,2,7264,4,bound_dynamic,2.091760
2,128,true,max_utf8,2,7264,5,bound_static,2.046755
2,128,true,max_utf8,3,7264,0,after,2.042498
2,128,true,max_utf8,3,7264,1,enum_dynamic,2.087893
2,128,true,max_utf8,3,7264,2,enum_static,2.062959
2,128,true,max_utf8,3,7264,3,bound_dynamic,2.093303
2,128,true,max_utf8,3,7264,4,bound_static,2.045877
2,128,true,max_utf8,3,7264,5,before,2.046789
2,128,true,max_utf8,4,7264,0,enum_dynamic,2.084905
2,128,true,max_utf8,4,7264,1,enum_static,2.062207
2,128,true,max_utf8,4,7264,2,bound_dynamic,2.068379
2,128,true,max_utf8,4,7264,3,bound_static,2.066097
2,128,true,max_utf8,4,7264,4,before,2.052978
2,128,true,max_utf8,4,7264,5,after,2.042573
2,128,true,max_utf8,5,7264,0,enum_static,2.061651
2,128,true,max_utf8,5,7264,1,bound_dynamic,2.093847
2,128,true,max_utf8,5,7264,2,bound_static,2.048722
2,128,true,max_utf8,5,7264,3,before,2.044133
2,128,true,max_utf8,5,7264,4,after,2.042458
2,128,true,max_utf8,5,7264,5,enum_dynamic,2.086305
2,128,true,max_utf8,6,7264,0,bound_dynamic,2.089075
2,128,true,max_utf8,6,7264,1,bound_static,2.058164
2,128,true,max_utf8,6,7264,2,before,2.043657
2,128,true,max_utf8,6,7264,3,after,2.046175
2,128,true,max_utf8,6,7264,4,enum_dynamic,2.086138
2,128,true,max_utf8,6,7264,5,enum_static,2.054957
2,128,true,max_utf8,7,7264,0,bound_static,2.051699
2,128,true,max_utf8,7,7264,1,before,2.051716
2,128,true,max_utf8,7,7264,2,after,2.048160
2,128,true,max_utf8,7,7264,3,enum_dynamic,2.080786
2,128,true,max_utf8,7,7264,4,enum_static,2.059328
2,128,true,max_utf8,7,7264,5,bound_dynamic,2.092844
2,128,true,max_utf8,8,7264,0,before,2.051774
2,128,true,max_utf8,8,7264,1,after,2.046852
2,128,true,max_utf8,8,7264,2,enum_dynamic,2.091513
2,128,true,max_utf8,8,7264,3,enum_static,2.054165
2,128,true,max_utf8,8,7264,4,bound_dynamic,2.095402
2,128,true,max_utf8,8,7264,5,bound_static,2.054114
2,128,true,max_utf8,9,7264,0,after,2.010807
2,128,true,max_utf8,9,7264,1,enum_dynamic,2.074448
2,128,true,max_utf8,9,7264,2,enum_static,2.055146
2,128,true,max_utf8,9,7264,3,bound_dynamic,2.096727
2,128,true,max_utf8,9,7264,4,bound_static,2.054510
2,128,true,max_utf8,9,7264,5,before,2.053064
2,128,true,max_utf8,10,7264,0,enum_dynamic,2.083741
2,128,true,max_utf8,10,7264,1,enum_static,2.056173
2,128,true,max_utf8,10,7264,2,bound_dynamic,2.100174
2,128,true,max_utf8,10,7264,3,bound_static,2.017340
2,128,true,max_utf8,10,7264,4,before,2.050288
2,128,true,max_utf8,10,7264,5,after,2.046812
2,128,true,max_utf8,11,7264,0,enum_static,2.064169
2,128,true,max_utf8,11,7264,1,bound_dynamic,2.099618
2,128,true,max_utf8,11,7264,2,bound_static,2.054676
2,128,true,max_utf8,11,7264,3,before,2.058823
2,128,true,max_utf8,11,7264,4,after,2.050489
2,128,true,max_utf8,11,7264,5,enum_dynamic,2.093607
2,8192,true,count_distinct_i64,0,38,0,bound_dynamic,388.405684
2,8192,true,count_distinct_i64,0,38,1,bound_static,393.732447
2,8192,true,count_distinct_i64,0,38,2,before,398.865132
2,8192,true,count_distinct_i64,0,38,3,after,356.189684
2,8192,true,count_distinct_i64,0,38,4,enum_dynamic,406.359658
2,8192,true,count_distinct_i64,0,38,5,enum_static,406.164474
2,8192,true,count_distinct_i64,1,38,0,bound_static,403.053737
2,8192,true,count_distinct_i64,1,38,1,before,394.139263
2,8192,true,count_distinct_i64,1,38,2,after,348.769737
2,8192,true,count_distinct_i64,1,38,3,enum_dynamic,393.281789
2,8192,true,count_distinct_i64,1,38,4,enum_static,393.422132
2,8192,true,count_distinct_i64,1,38,5,bound_dynamic,393.842105
2,8192,true,count_distinct_i64,2,38,0,before,394.277421
2,8192,true,count_distinct_i64,2,38,1,after,357.621711
2,8192,true,count_distinct_i64,2,38,2,enum_dynamic,408.137079
2,8192,true,count_distinct_i64,2,38,3,enum_static,407.739026
2,8192,true,count_distinct_i64,2,38,4,bound_dynamic,401.845395
2,8192,true,count_distinct_i64,2,38,5,bound_static,400.873895
2,8192,true,count_distinct_i64,3,38,0,after,395.865132
2,8192,true,count_distinct_i64,3,38,1,enum_dynamic,387.141447
2,8192,true,count_distinct_i64,3,38,2,enum_static,391.755474
2,8192,true,count_distinct_i64,3,38,3,bound_dynamic,394.428711
2,8192,true,count_distinct_i64,3,38,4,bound_static,387.280711
2,8192,true,count_distinct_i64,3,38,5,before,343.429842
2,8192,true,count_distinct_i64,4,38,0,enum_dynamic,387.206132
2,8192,true,count_distinct_i64,4,38,1,enum_static,389.669947
2,8192,true,count_distinct_i64,4,38,2,bound_dynamic,393.141447
2,8192,true,count_distinct_i64,4,38,3,bound_static,392.611842
2,8192,true,count_distinct_i64,4,38,4,before,356.509868
2,8192,true,count_distinct_i64,4,38,5,after,357.370605
2,8192,true,count_distinct_i64,5,38,0,enum_static,396.790579
2,8192,true,count_distinct_i64,5,38,1,bound_dynamic,392.088816
2,8192,true,count_distinct_i64,5,38,2,bound_static,394.410079
2,8192,true,count_distinct_i64,5,38,3,before,347.218211
2,8192,true,count_distinct_i64,5,38,4,after,349.031789
2,8192,true,count_distinct_i64,5,38,5,enum_dynamic,394.788395
2,8192,true,count_distinct_i64,6,38,0,bound_dynamic,397.739026
2,8192,true,count_distinct_i64,6,38,1,bound_static,403.878289
2,8192,true,count_distinct_i64,6,38,2,before,394.180921
2,8192,true,count_distinct_i64,6,38,3,after,348.214921
2,8192,true,count_distinct_i64,6,38,4,enum_dynamic,399.080026
2,8192,true,count_distinct_i64,6,38,5,enum_static,391.694079
2,8192,true,count_distinct_i64,7,38,0,bound_static,388.398026
2,8192,true,count_distinct_i64,7,38,1,before,386.541658
2,8192,true,count_distinct_i64,7,38,2,after,347.467105
2,8192,true,count_distinct_i64,7,38,3,enum_dynamic,396.682026
2,8192,true,count_distinct_i64,7,38,4,enum_static,392.316895
2,8192,true,count_distinct_i64,7,38,5,bound_dynamic,395.096500
2,8192,true,count_distinct_i64,8,38,0,before,393.211605
2,8192,true,count_distinct_i64,8,38,1,after,347.535079
2,8192,true,count_distinct_i64,8,38,2,enum_dynamic,393.099763
2,8192,true,count_distinct_i64,8,38,3,enum_static,392.495605
2,8192,true,count_distinct_i64,8,38,4,bound_dynamic,392.507684
2,8192,true,count_distinct_i64,8,38,5,bound_static,391.659000
2,8192,true,count_distinct_i64,9,38,0,after,394.029605
2,8192,true,count_distinct_i64,9,38,1,enum_dynamic,394.074553
2,8192,true,count_distinct_i64,9,38,2,enum_static,392.491237
2,8192,true,count_distinct_i64,9,38,3,bound_dynamic,392.453947
2,8192,true,count_distinct_i64,9,38,4,bound_static,394.716000
2,8192,true,count_distinct_i64,9,38,5,before,349.258763
2,8192,true,count_distinct_i64,10,38,0,enum_dynamic,393.516447
2,8192,true,count_distinct_i64,10,38,1,enum_static,392.292763
2,8192,true,count_distinct_i64,10,38,2,bound_dynamic,392.708316
2,8192,true,count_distinct_i64,10,38,3,bound_static,392.721474
2,8192,true,count_distinct_i64,10,38,4,before,348.455026
2,8192,true,count_distinct_i64,10,38,5,after,352.765342
2,8192,true,count_distinct_i64,11,38,0,enum_static,406.766447
2,8192,true,count_distinct_i64,11,38,1,bound_dynamic,393.275211
2,8192,true,count_distinct_i64,11,38,2,bound_static,391.656789
2,8192,true,count_distinct_i64,11,38,3,before,346.793868
2,8192,true,count_distinct_i64,11,38,4,after,348.963816
2,8192,true,count_distinct_i64,11,38,5,enum_dynamic,394.130500
2,8192,false,max_i64,0,352,0,bound_dynamic,45.460821
2,8192,false,max_i64,0,352,1,bound_static,43.144531
2,8192,false,max_i64,0,352,2,before,43.240767
2,8192,false,max_i64,0,352,3,after,43.151989
2,8192,false,max_i64,0,352,4,enum_dynamic,45.543679
2,8192,false,max_i64,0,352,5,enum_static,43.017520
2,8192,false,max_i64,1,352,0,bound_static,43.495503
2,8192,false,max_i64,1,352,1,before,43.175071
2,8192,false,max_i64,1,352,2,after,43.077179
2,8192,false,max_i64,1,352,3,enum_dynamic,45.520003
2,8192,false,max_i64,1,352,4,enum_static,42.969580
2,8192,false,max_i64,1,352,5,bound_dynamic,45.443182
2,8192,false,max_i64,2,352,0,before,43.384588
2,8192,false,max_i64,2,352,1,after,43.420455
2,8192,false,max_i64,2,352,2,enum_dynamic,45.129616
2,8192,false,max_i64,2,352,3,enum_static,42.642875
2,8192,false,max_i64,2,352,4,bound_dynamic,45.625116
2,8192,false,max_i64,2,352,5,bound_static,43.035866
2,8192,false,max_i64,3,352,0,after,42.864463
2,8192,false,max_i64,3,352,1,enum_dynamic,45.690460
2,8192,false,max_i64,3,352,2,enum_static,43.163827
2,8192,false,max_i64,3,352,3,bound_dynamic,45.416903
2,8192,false,max_i64,3,352,4,bound_static,42.224077
2,8192,false,max_i64,3,352,5,before,42.587594
2,8192,false,max_i64,4,352,0,enum_dynamic,45.576469
2,8192,false,max_i64,4,352,1,enum_static,42.997634
2,8192,false,max_i64,4,352,2,bound_dynamic,45.525213
2,8192,false,max_i64,4,352,3,bound_static,43.180398
2,8192,false,max_i64,4,352,4,before,43.270122
2,8192,false,max_i64,4,352,5,after,43.064159
2,8192,false,max_i64,5,352,0,enum_static,43.039656
2,8192,false,max_i64,5,352,1,bound_dynamic,45.555398
2,8192,false,max_i64,5,352,2,bound_static,43.057057
2,8192,false,max_i64,5,352,3,before,43.316881
2,8192,false,max_i64,5,352,4,after,43.186318
2,8192,false,max_i64,5,352,5,enum_dynamic,45.099668
2,8192,false,max_i64,6,352,0,bound_dynamic,45.495500
2,8192,false,max_i64,6,352,1,bound_static,43.061790
2,8192,false,max_i64,6,352,2,before,43.534091
2,8192,false,max_i64,6,352,3,after,43.130207
2,8192,false,max_i64,6,352,4,enum_dynamic,45.593631
2,8192,false,max_i64,6,352,5,enum_static,42.872159
2,8192,false,max_i64,7,352,0,bound_static,43.006747
2,8192,false,max_i64,7,352,1,before,43.184895
2,8192,false,max_i64,7,352,2,after,43.072207
2,8192,false,max_i64,7,352,3,enum_dynamic,45.498580
2,8192,false,max_i64,7,352,4,enum_static,43.015270
2,8192,false,max_i64,7,352,5,bound_dynamic,45.460111
2,8192,false,max_i64,8,352,0,before,42.940577
2,8192,false,max_i64,8,352,1,after,43.088540
2,8192,false,max_i64,8,352,2,enum_dynamic,45.468631
2,8192,false,max_i64,8,352,3,enum_static,42.943418
2,8192,false,max_i64,8,352,4,bound_dynamic,46.089963
2,8192,false,max_i64,8,352,5,bound_static,43.195312
2,8192,false,max_i64,9,352,0,after,43.024858
2,8192,false,max_i64,9,352,1,enum_dynamic,45.391690
2,8192,false,max_i64,9,352,2,enum_static,42.861980
2,8192,false,max_i64,9,352,3,bound_dynamic,45.588778
2,8192,false,max_i64,9,352,4,bound_static,42.901634
2,8192,false,max_i64,9,352,5,before,43.092920
2,8192,false,max_i64,10,352,0,enum_dynamic,45.696733
2,8192,false,max_i64,10,352,1,enum_static,43.466619
2,8192,false,max_i64,10,352,2,bound_dynamic,45.164298
2,8192,false,max_i64,10,352,3,bound_static,43.163472
2,8192,false,max_i64,10,352,4,before,43.243608
2,8192,false,max_i64,10,352,5,after,43.136599
2,8192,false,max_i64,11,352,0,enum_static,43.141571
2,8192,false,max_i64,11,352,1,bound_dynamic,45.454901
2,8192,false,max_i64,11,352,2,bound_static,42.968278
2,8192,false,max_i64,11,352,3,before,43.303503
2,8192,false,max_i64,11,352,4,after,43.267991
2,8192,false,max_i64,11,352,5,enum_dynamic,45.860202
2,128,true,sum_f64,0,50000,0,bound_dynamic,0.268194
2,128,true,sum_f64,0,50000,1,bound_static,0.268637
2,128,true,sum_f64,0,50000,2,before,0.267495
2,128,true,sum_f64,0,50000,3,after,0.266413
2,128,true,sum_f64,0,50000,4,enum_dynamic,0.268783
2,128,true,sum_f64,0,50000,5,enum_static,0.282379
2,128,true,sum_f64,1,50000,0,bound_static,0.275837
2,128,true,sum_f64,1,50000,1,before,0.271683
2,128,true,sum_f64,1,50000,2,after,0.272097
2,128,true,sum_f64,1,50000,3,enum_dynamic,0.269505
2,128,true,sum_f64,1,50000,4,enum_static,0.281871
2,128,true,sum_f64,1,50000,5,bound_dynamic,0.272647
2,128,true,sum_f64,2,50000,0,before,0.270207
2,128,true,sum_f64,2,50000,1,after,0.267518
2,128,true,sum_f64,2,50000,2,enum_dynamic,0.267603
2,128,true,sum_f64,2,50000,3,enum_static,0.279724
2,128,true,sum_f64,2,50000,4,bound_dynamic,0.275778
2,128,true,sum_f64,2,50000,5,bound_static,0.270596
2,128,true,sum_f64,3,50000,0,after,0.267539
2,128,true,sum_f64,3,50000,1,enum_dynamic,0.267479
2,128,true,sum_f64,3,50000,2,enum_static,0.280657
2,128,true,sum_f64,3,50000,3,bound_dynamic,0.270105
2,128,true,sum_f64,3,50000,4,bound_static,0.270731
2,128,true,sum_f64,3,50000,5,before,0.269939
2,128,true,sum_f64,4,50000,0,enum_dynamic,0.267397
2,128,true,sum_f64,4,50000,1,enum_static,0.282398
2,128,true,sum_f64,4,50000,2,bound_dynamic,0.271950
2,128,true,sum_f64,4,50000,3,bound_static,0.273713
2,128,true,sum_f64,4,50000,4,before,0.275981
2,128,true,sum_f64,4,50000,5,after,0.269157
2,128,true,sum_f64,5,50000,0,enum_static,0.284281
2,128,true,sum_f64,5,50000,1,bound_dynamic,0.273196
2,128,true,sum_f64,5,50000,2,bound_static,0.272164
2,128,true,sum_f64,5,50000,3,before,0.269611
2,128,true,sum_f64,5,50000,4,after,0.267450
2,128,true,sum_f64,5,50000,5,enum_dynamic,0.267457
2,128,true,sum_f64,6,50000,0,bound_dynamic,0.271413
2,128,true,sum_f64,6,50000,1,bound_static,0.271104
2,128,true,sum_f64,6,50000,2,before,0.269918
2,128,true,sum_f64,6,50000,3,after,0.267171
2,128,true,sum_f64,6,50000,4,enum_dynamic,0.267490
2,128,true,sum_f64,6,50000,5,enum_static,0.283006
2,128,true,sum_f64,7,50000,0,bound_static,0.272930
2,128,true,sum_f64,7,50000,1,before,0.270100
2,128,true,sum_f64,7,50000,2,after,0.267085
2,128,true,sum_f64,7,50000,3,enum_dynamic,0.272391
2,128,true,sum_f64,7,50000,4,enum_static,0.284074
2,128,true,sum_f64,7,50000,5,bound_dynamic,0.267920
2,128,true,sum_f64,8,50000,0,before,0.267254
2,128,true,sum_f64,8,50000,1,after,0.264332
2,128,true,sum_f64,8,50000,2,enum_dynamic,0.265892
2,128,true,sum_f64,8,50000,3,enum_static,0.276630
2,128,true,sum_f64,8,50000,4,bound_dynamic,0.267782
2,128,true,sum_f64,8,50000,5,bound_static,0.267778
2,128,true,sum_f64,9,50000,0,after,0.264464
2,128,true,sum_f64,9,50000,1,enum_dynamic,0.264923
2,128,true,sum_f64,9,50000,2,enum_static,0.279204
2,128,true,sum_f64,9,50000,3,bound_dynamic,0.267547
2,128,true,sum_f64,9,50000,4,bound_static,0.267450
2,128,true,sum_f64,9,50000,5,before,0.268051
2,128,true,sum_f64,10,50000,0,enum_dynamic,0.264902
2,128,true,sum_f64,10,50000,1,enum_static,0.276498
2,128,true,sum_f64,10,50000,2,bound_dynamic,0.267306
2,128,true,sum_f64,10,50000,3,bound_static,0.267653
2,128,true,sum_f64,10,50000,4,before,0.266647
2,128,true,sum_f64,10,50000,5,after,0.265441
2,128,true,sum_f64,11,50000,0,enum_static,0.276164
2,128,true,sum_f64,11,50000,1,bound_dynamic,0.268471
2,128,true,sum_f64,11,50000,2,bound_static,0.267765
2,128,true,sum_f64,11,50000,3,before,0.267261
2,128,true,sum_f64,11,50000,4,after,0.264412
2,128,true,sum_f64,11,50000,5,enum_dynamic,0.264688
2,65536,false,covar_i64,0,73,0,bound_dynamic,208.222027
2,65536,false,covar_i64,0,73,1,bound_static,208.383562
2,65536,false,covar_i64,0,73,2,before,214.647260
2,65536,false,covar_i64,0,73,3,after,208.303082
2,65536,false,covar_i64,0,73,4,enum_dynamic,209.309370
2,65536,false,covar_i64,0,73,5,enum_static,208.118151
2,65536,false,covar_i64,1,73,0,bound_static,209.087329
2,65536,false,covar_i64,1,73,1,before,214.066781
2,65536,false,covar_i64,1,73,2,after,208.867014
2,65536,false,covar_i64,1,73,3,enum_dynamic,208.415521
2,65536,false,covar_i64,1,73,4,enum_static,209.066781
2,65536,false,covar_i64,1,73,5,bound_dynamic,208.558219
2,65536,false,covar_i64,2,73,0,before,213.632425
2,65536,false,covar_i64,2,73,1,after,208.399548
2,65536,false,covar_i64,2,73,2,enum_dynamic,208.470315
2,65536,false,covar_i64,2,73,3,enum_static,208.793384
2,65536,false,covar_i64,2,73,4,bound_dynamic,211.323055
2,65536,false,covar_i64,2,73,5,bound_static,208.622726
2,65536,false,covar_i64,3,73,0,after,208.598753
2,65536,false,covar_i64,3,73,1,enum_dynamic,208.570205
2,65536,false,covar_i64,3,73,2,enum_static,208.054795
2,65536,false,covar_i64,3,73,3,bound_dynamic,208.075342
2,65536,false,covar_i64,3,73,4,bound_static,207.961192
2,65536,false,covar_i64,3,73,5,before,213.510274
2,65536,false,covar_i64,4,73,0,enum_dynamic,206.148973
2,65536,false,covar_i64,4,73,1,enum_static,200.876151
2,65536,false,covar_i64,4,73,2,bound_dynamic,202.063356
2,65536,false,covar_i64,4,73,3,bound_static,201.113014
2,65536,false,covar_i64,4,73,4,before,206.763123
2,65536,false,covar_i64,4,73,5,after,200.820781
2,65536,false,covar_i64,5,73,0,enum_static,200.772822
2,65536,false,covar_i64,5,73,1,bound_dynamic,200.529671
2,65536,false,covar_i64,5,73,2,bound_static,200.233452
2,65536,false,covar_i64,5,73,3,before,206.421233
2,65536,false,covar_i64,5,73,4,after,200.152397
2,65536,false,covar_i64,5,73,5,enum_dynamic,200.287096
2,65536,false,covar_i64,6,73,0,bound_dynamic,200.240301
2,65536,false,covar_i64,6,73,1,bound_static,200.638699
2,65536,false,covar_i64,6,73,2,before,206.130137
2,65536,false,covar_i64,6,73,3,after,200.288808
2,65536,false,covar_i64,6,73,4,enum_dynamic,200.183219
2,65536,false,covar_i64,6,73,5,enum_static,200.921808
2,65536,false,covar_i64,7,73,0,bound_static,200.514274
2,65536,false,covar_i64,7,73,1,before,206.922370
2,65536,false,covar_i64,7,73,2,after,201.215753
2,65536,false,covar_i64,7,73,3,enum_dynamic,200.604452
2,65536,false,covar_i64,7,73,4,enum_static,200.944630
2,65536,false,covar_i64,7,73,5,bound_dynamic,201.089041
2,65536,false,covar_i64,8,73,0,before,209.246014
2,65536,false,covar_i64,8,73,1,after,200.900685
2,65536,false,covar_i64,8,73,2,enum_dynamic,201.016562
2,65536,false,covar_i64,8,73,3,enum_static,201.224877
2,65536,false,covar_i64,8,73,4,bound_dynamic,202.612438
2,65536,false,covar_i64,8,73,5,bound_static,201.739151
2,65536,false,covar_i64,9,73,0,after,200.614726
2,65536,false,covar_i64,9,73,1,enum_dynamic,201.394397
2,65536,false,covar_i64,9,73,2,enum_static,200.834479
2,65536,false,covar_i64,9,73,3,bound_dynamic,201.578192
2,65536,false,covar_i64,9,73,4,bound_static,200.656397
2,65536,false,covar_i64,9,73,5,before,206.481164
2,65536,false,covar_i64,10,73,0,enum_dynamic,201.275685
2,65536,false,covar_i64,10,73,1,enum_static,200.626712
2,65536,false,covar_i64,10,73,2,bound_dynamic,209.824192
2,65536,false,covar_i64,10,73,3,bound_static,203.761425
2,65536,false,covar_i64,10,73,4,before,206.610164
2,65536,false,covar_i64,10,73,5,after,200.773411
2,65536,false,covar_i64,11,73,0,enum_static,200.558795
2,65536,false,covar_i64,11,73,1,bound_dynamic,201.441205
2,65536,false,covar_i64,11,73,2,bound_static,201.050233
2,65536,false,covar_i64,11,73,3,before,207.242575
2,65536,false,covar_i64,11,73,4,after,200.738014
2,65536,false,covar_i64,11,73,5,enum_dynamic,201.356740
2,65536,true,mixed_7,0,8,0,bound_dynamic,4125.276000
2,65536,true,mixed_7,0,8,1,bound_static,4063.906250
2,65536,true,mixed_7,0,8,2,before,4143.890625
2,65536,true,mixed_7,0,8,3,after,4065.947875
2,65536,true,mixed_7,0,8,4,enum_dynamic,4118.052125
2,65536,true,mixed_7,0,8,5,enum_static,4072.442750
2,65536,true,mixed_7,1,8,0,bound_static,4062.973875
2,65536,true,mixed_7,1,8,1,before,4114.796875
2,65536,true,mixed_7,1,8,2,after,4057.666625
2,65536,true,mixed_7,1,8,3,enum_dynamic,4116.072875
2,65536,true,mixed_7,1,8,4,enum_static,4070.604125
2,65536,true,mixed_7,1,8,5,bound_dynamic,4115.942625
2,65536,true,mixed_7,2,8,0,before,4114.093750
2,65536,true,mixed_7,2,8,1,after,4066.703125
2,65536,true,mixed_7,2,8,2,enum_dynamic,4127.781250
2,65536,true,mixed_7,2,8,3,enum_static,4081.833375
2,65536,true,mixed_7,2,8,4,bound_dynamic,4121.781250
2,65536,true,mixed_7,2,8,5,bound_static,4059.781250
2,65536,true,mixed_7,3,8,0,after,4091.692625
2,65536,true,mixed_7,3,8,1,enum_dynamic,4133.145875
2,65536,true,mixed_7,3,8,2,enum_static,4101.942750
2,65536,true,mixed_7,3,8,3,bound_dynamic,4121.989625
2,65536,true,mixed_7,3,8,4,bound_static,4082.713500
2,65536,true,mixed_7,3,8,5,before,4137.156250
2,65536,true,mixed_7,4,8,0,enum_dynamic,4123.656250
2,65536,true,mixed_7,4,8,1,enum_static,4086.463625
2,65536,true,mixed_7,4,8,2,bound_dynamic,4126.135500
2,65536,true,mixed_7,4,8,3,bound_static,4077.046875
2,65536,true,mixed_7,4,8,4,before,4133.567625
2,65536,true,mixed_7,4,8,5,after,4069.036375
2,65536,true,mixed_7,5,8,0,enum_static,4080.380125
2,65536,true,mixed_7,5,8,1,bound_dynamic,4091.145875
2,65536,true,mixed_7,5,8,2,bound_static,4076.729125
2,65536,true,mixed_7,5,8,3,before,4159.239625
2,65536,true,mixed_7,5,8,4,after,4064.739625
2,65536,true,mixed_7,5,8,5,enum_dynamic,4116.588500
2,65536,true,mixed_7,6,8,0,bound_dynamic,4117.723875
2,65536,true,mixed_7,6,8,1,bound_static,4068.593750
2,65536,true,mixed_7,6,8,2,before,4119.270875
2,65536,true,mixed_7,6,8,3,after,4061.656250
2,65536,true,mixed_7,6,8,4,enum_dynamic,4122.604250
2,65536,true,mixed_7,6,8,5,enum_static,4061.088500
2,65536,true,mixed_7,7,8,0,bound_static,4076.229125
2,65536,true,mixed_7,7,8,1,before,4155.437500
2,65536,true,mixed_7,7,8,2,after,4071.697875
2,65536,true,mixed_7,7,8,3,enum_dynamic,4120.770875
2,65536,true,mixed_7,7,8,4,enum_static,4077.885375
2,65536,true,mixed_7,7,8,5,bound_dynamic,4126.203125
2,65536,true,mixed_7,8,8,0,before,4109.072875
2,65536,true,mixed_7,8,8,1,after,4078.130125
2,65536,true,mixed_7,8,8,2,enum_dynamic,4126.562500
2,65536,true,mixed_7,8,8,3,enum_static,4083.130250
2,65536,true,mixed_7,8,8,4,bound_dynamic,4126.395875
2,65536,true,mixed_7,8,8,5,bound_static,4079.802000
2,65536,true,mixed_7,9,8,0,after,4065.083375
2,65536,true,mixed_7,9,8,1,enum_dynamic,4123.302125
2,65536,true,mixed_7,9,8,2,enum_static,4090.125000
2,65536,true,mixed_7,9,8,3,bound_dynamic,4112.963500
2,65536,true,mixed_7,9,8,4,bound_static,4071.583375
2,65536,true,mixed_7,9,8,5,before,4136.395875
2,65536,true,mixed_7,10,8,0,enum_dynamic,4126.000000
2,65536,true,mixed_7,10,8,1,enum_static,4112.708375
2,65536,true,mixed_7,10,8,2,bound_dynamic,4103.218750
2,65536,true,mixed_7,10,8,3,bound_static,4073.729125
2,65536,true,mixed_7,10,8,4,before,4133.171875
2,65536,true,mixed_7,10,8,5,after,4073.166625
2,65536,true,mixed_7,11,8,0,enum_static,4057.078125
2,65536,true,mixed_7,11,8,1,bound_dynamic,4121.531250
2,65536,true,mixed_7,11,8,2,bound_static,4075.515625
2,65536,true,mixed_7,11,8,3,before,4139.390625
2,65536,true,mixed_7,11,8,4,after,4076.765625
2,65536,true,mixed_7,11,8,5,enum_dynamic,4142.578125
2,128,true,sum_u64,0,38924,0,bound_dynamic,0.387752
2,128,true,sum_u64,0,38924,1,bound_static,0.388025
2,128,true,sum_u64,0,38924,2,before,0.393057
2,128,true,sum_u64,0,38924,3,after,0.392758
2,128,true,sum_u64,0,38924,4,enum_dynamic,0.391513
2,128,true,sum_u64,0,38924,5,enum_static,0.391408
2,128,true,sum_u64,1,38924,0,bound_static,0.389040
2,128,true,sum_u64,1,38924,1,before,0.392845
2,128,true,sum_u64,1,38924,2,after,0.390508
2,128,true,sum_u64,1,38924,3,enum_dynamic,0.391731
2,128,true,sum_u64,1,38924,4,enum_static,0.391554
2,128,true,sum_u64,1,38924,5,bound_dynamic,0.390052
2,128,true,sum_u64,2,38924,0,before,0.395186
2,128,true,sum_u64,2,38924,1,after,0.390220
2,128,true,sum_u64,2,38924,2,enum_dynamic,0.391481
2,128,true,sum_u64,2,38924,3,enum_static,0.394171
2,128,true,sum_u64,2,38924,4,bound_dynamic,0.390980
2,128,true,sum_u64,2,38924,5,bound_static,0.391074
2,128,true,sum_u64,3,38924,0,after,0.389958
2,128,true,sum_u64,3,38924,1,enum_dynamic,0.392939
2,128,true,sum_u64,3,38924,2,enum_static,0.392866
2,128,true,sum_u64,3,38924,3,bound_dynamic,0.394950
2,128,true,sum_u64,3,38924,4,bound_static,0.390553
2,128,true,sum_u64,3,38924,5,before,0.393647
2,128,true,sum_u64,4,38924,0,enum_dynamic,0.390597
2,128,true,sum_u64,4,38924,1,enum_static,0.392282
2,128,true,sum_u64,4,38924,2,bound_dynamic,0.390262
2,128,true,sum_u64,4,38924,3,bound_static,0.390997
2,128,true,sum_u64,4,38924,4,before,0.393689
2,128,true,sum_u64,4,38924,5,after,0.390272
2,128,true,sum_u64,5,38924,0,enum_static,0.390946
2,128,true,sum_u64,5,38924,1,bound_dynamic,0.389915
2,128,true,sum_u64,5,38924,2,bound_static,0.389718
2,128,true,sum_u64,5,38924,3,before,0.395394
2,128,true,sum_u64,5,38924,4,after,0.395326
2,128,true,sum_u64,5,38924,5,enum_dynamic,0.392783
2,128,true,sum_u64,6,38924,0,bound_dynamic,0.388260
2,128,true,sum_u64,6,38924,1,bound_static,0.392233
2,128,true,sum_u64,6,38924,2,before,0.393777
2,128,true,sum_u64,6,38924,3,after,0.386145
2,128,true,sum_u64,6,38924,4,enum_dynamic,0.392468
2,128,true,sum_u64,6,38924,5,enum_static,0.389527
2,128,true,sum_u64,7,38924,0,bound_static,0.391154
2,128,true,sum_u64,7,38924,1,before,0.399470
2,128,true,sum_u64,7,38924,2,after,0.393981
2,128,true,sum_u64,7,38924,3,enum_dynamic,0.391565
2,128,true,sum_u64,7,38924,4,enum_static,0.391815
2,128,true,sum_u64,7,38924,5,bound_dynamic,0.394898
2,128,true,sum_u64,8,38924,0,before,0.390343
2,128,true,sum_u64,8,38924,1,after,0.390342
2,128,true,sum_u64,8,38924,2,enum_dynamic,0.392241
2,128,true,sum_u64,8,38924,3,enum_static,0.390408
2,128,true,sum_u64,8,38924,4,bound_dynamic,0.393670
2,128,true,sum_u64,8,38924,5,bound_static,0.395005
2,128,true,sum_u64,9,38924,0,after,0.396118
2,128,true,sum_u64,9,38924,1,enum_dynamic,0.395153
2,128,true,sum_u64,9,38924,2,enum_static,0.393989
2,128,true,sum_u64,9,38924,3,bound_dynamic,0.391212
2,128,true,sum_u64,9,38924,4,bound_static,0.390942
2,128,true,sum_u64,9,38924,5,before,0.392481
2,128,true,sum_u64,10,38924,0,enum_dynamic,0.391463
2,128,true,sum_u64,10,38924,1,enum_static,0.392729
2,128,true,sum_u64,10,38924,2,bound_dynamic,0.390831
2,128,true,sum_u64,10,38924,3,bound_static,0.393190
2,128,true,sum_u64,10,38924,4,before,0.393670
2,128,true,sum_u64,10,38924,5,after,0.390236
2,128,true,sum_u64,11,38924,0,enum_static,0.394260
2,128,true,sum_u64,11,38924,1,bound_dynamic,0.390170
2,128,true,sum_u64,11,38924,2,bound_static,0.391558
2,128,true,sum_u64,11,38924,3,before,0.396370
2,128,true,sum_u64,11,38924,4,after,0.391008
2,128,true,sum_u64,11,38924,5,enum_dynamic,0.390440
2,128,false,count_star,0,50000,0,bound_dynamic,0.067866
2,128,false,count_star,0,50000,1,bound_static,0.068147
2,128,false,count_star,0,50000,2,before,0.069712
2,128,false,count_star,0,50000,3,after,0.068163
2,128,false,count_star,0,50000,4,enum_dynamic,0.068847
2,128,false,count_star,0,50000,5,enum_static,0.068818
2,128,false,count_star,1,50000,0,bound_static,0.067920
2,128,false,count_star,1,50000,1,before,0.069525
2,128,false,count_star,1,50000,2,after,0.067922
2,128,false,count_star,1,50000,3,enum_dynamic,0.068910
2,128,false,count_star,1,50000,4,enum_static,0.068477
2,128,false,count_star,1,50000,5,bound_dynamic,0.068617
2,128,false,count_star,2,50000,0,before,0.070140
2,128,false,count_star,2,50000,1,after,0.068638
2,128,false,count_star,2,50000,2,enum_dynamic,0.068748
2,128,false,count_star,2,50000,3,enum_static,0.068693
2,128,false,count_star,2,50000,4,bound_dynamic,0.068089
2,128,false,count_star,2,50000,5,bound_static,0.067863
2,128,false,count_star,3,50000,0,after,0.067933
2,128,false,count_star,3,50000,1,enum_dynamic,0.068796
2,128,false,count_star,3,50000,2,enum_static,0.069753
2,128,false,count_star,3,50000,3,bound_dynamic,0.069209
2,128,false,count_star,3,50000,4,bound_static,0.069133
2,128,false,count_star,3,50000,5,before,0.070871
2,128,false,count_star,4,50000,0,enum_dynamic,0.070140
2,128,false,count_star,4,50000,1,enum_static,0.069949
2,128,false,count_star,4,50000,2,bound_dynamic,0.069312
2,128,false,count_star,4,50000,3,bound_static,0.069210
2,128,false,count_star,4,50000,4,before,0.070870
2,128,false,count_star,4,50000,5,after,0.069134
2,128,false,count_star,5,50000,0,enum_static,0.069903
2,128,false,count_star,5,50000,1,bound_dynamic,0.069188
2,128,false,count_star,5,50000,2,bound_static,0.069216
2,128,false,count_star,5,50000,3,before,0.070934
2,128,false,count_star,5,50000,4,after,0.069358
2,128,false,count_star,5,50000,5,enum_dynamic,0.070327
2,128,false,count_star,6,50000,0,bound_dynamic,0.070157
2,128,false,count_star,6,50000,1,bound_static,0.071703
2,128,false,count_star,6,50000,2,before,0.070097
2,128,false,count_star,6,50000,3,after,0.068148
2,128,false,count_star,6,50000,4,enum_dynamic,0.068862
2,128,false,count_star,6,50000,5,enum_static,0.068739
2,128,false,count_star,7,50000,0,bound_static,0.068336
2,128,false,count_star,7,50000,1,before,0.070180
2,128,false,count_star,7,50000,2,after,0.068080
2,128,false,count_star,7,50000,3,enum_dynamic,0.070290
2,128,false,count_star,7,50000,4,enum_static,0.069939
2,128,false,count_star,7,50000,5,bound_dynamic,0.069418
2,128,false,count_star,8,50000,0,before,0.070898
2,128,false,count_star,8,50000,1,after,0.069214
2,128,false,count_star,8,50000,2,enum_dynamic,0.070163
2,128,false,count_star,8,50000,3,enum_static,0.070007
2,128,false,count_star,8,50000,4,bound_dynamic,0.069133
2,128,false,count_star,8,50000,5,bound_static,0.069600
2,128,false,count_star,9,50000,0,after,0.069762
2,128,false,count_star,9,50000,1,enum_dynamic,0.070039
2,128,false,count_star,9,50000,2,enum_static,0.069926
2,128,false,count_star,9,50000,3,bound_dynamic,0.069346
2,128,false,count_star,9,50000,4,bound_static,0.069188
2,128,false,count_star,9,50000,5,before,0.070966
2,128,false,count_star,10,50000,0,enum_dynamic,0.070059
2,128,false,count_star,10,50000,1,enum_static,0.069767
2,128,false,count_star,10,50000,2,bound_dynamic,0.069493
2,128,false,count_star,10,50000,3,bound_static,0.069138
2,128,false,count_star,10,50000,4,before,0.070921
2,128,false,count_star,10,50000,5,after,0.069240
2,128,false,count_star,11,50000,0,enum_static,0.069928
2,128,false,count_star,11,50000,1,bound_dynamic,0.069267
2,128,false,count_star,11,50000,2,bound_static,0.069381
2,128,false,count_star,11,50000,3,before,0.070914
2,128,false,count_star,11,50000,4,after,0.069134
2,128,false,count_star,11,50000,5,enum_dynamic,0.071009
2,8192,true,count_i64,0,2352,0,bound_dynamic,6.379429
2,8192,true,count_i64,0,2352,1,bound_static,6.372768
2,8192,true,count_i64,0,2352,2,before,6.305839
2,8192,true,count_i64,0,2352,3,after,6.595770
2,8192,true,count_i64,0,2352,4,enum_dynamic,6.400120
2,8192,true,count_i64,0,2352,5,enum_static,6.383982
2,8192,true,count_i64,1,2352,0,bound_static,6.392095
2,8192,true,count_i64,1,2352,1,before,6.324423
2,8192,true,count_i64,1,2352,2,after,6.565866
2,8192,true,count_i64,1,2352,3,enum_dynamic,6.516334
2,8192,true,count_i64,1,2352,4,enum_static,6.513659
2,8192,true,count_i64,1,2352,5,bound_dynamic,6.512720
2,8192,true,count_i64,2,2352,0,before,6.366639
2,8192,true,count_i64,2,2352,1,after,6.575999
2,8192,true,count_i64,2,2352,2,enum_dynamic,6.504925
2,8192,true,count_i64,2,2352,3,enum_static,6.502516
2,8192,true,count_i64,2,2352,4,bound_dynamic,6.395213
2,8192,true,count_i64,2,2352,5,bound_static,6.378667
2,8192,true,count_i64,3,2352,0,after,6.443293
2,8192,true,count_i64,3,2352,1,enum_dynamic,6.432008
2,8192,true,count_i64,3,2352,2,enum_static,6.530400
2,8192,true,count_i64,3,2352,3,bound_dynamic,6.502037
2,8192,true,count_i64,3,2352,4,bound_static,6.416188
2,8192,true,count_i64,3,2352,5,before,6.240557
2,8192,true,count_i64,4,2352,0,enum_dynamic,6.420156
2,8192,true,count_i64,4,2352,1,enum_static,6.390784
2,8192,true,count_i64,4,2352,2,bound_dynamic,6.390979
2,8192,true,count_i64,4,2352,3,bound_static,6.375248
2,8192,true,count_i64,4,2352,4,before,6.330924
2,8192,true,count_i64,4,2352,5,after,6.558514
2,8192,true,count_i64,5,2352,0,enum_static,6.491018
2,8192,true,count_i64,5,2352,1,bound_dynamic,6.377392
2,8192,true,count_i64,5,2352,2,bound_static,6.375284
2,8192,true,count_i64,5,2352,3,before,6.237139
2,8192,true,count_i64,5,2352,4,after,6.496032
2,8192,true,count_i64,5,2352,5,enum_dynamic,6.389279
2,8192,true,count_i64,6,2352,0,bound_dynamic,6.398579
2,8192,true,count_i64,6,2352,1,bound_static,6.375372
2,8192,true,count_i64,6,2352,2,before,6.293810
2,8192,true,count_i64,6,2352,3,after,6.614884
2,8192,true,count_i64,6,2352,4,enum_dynamic,6.508486
2,8192,true,count_i64,6,2352,5,enum_static,6.501701
2,8192,true,count_i64,7,2352,0,bound_static,6.516369
2,8192,true,count_i64,7,2352,1,before,6.346620
2,8192,true,count_i64,7,2352,2,after,6.577062
2,8192,true,count_i64,7,2352,3,enum_dynamic,6.508503
2,8192,true,count_i64,7,2352,4,enum_static,6.555804
2,8192,true,count_i64,7,2352,5,bound_dynamic,6.522729
2,8192,true,count_i64,8,2352,0,before,6.363750
2,8192,true,count_i64,8,2352,1,after,6.566823
2,8192,true,count_i64,8,2352,2,enum_dynamic,6.519540
2,8192,true,count_i64,8,2352,3,enum_static,6.518389
2,8192,true,count_i64,8,2352,4,bound_dynamic,6.532703
2,8192,true,count_i64,8,2352,5,bound_static,6.511302
2,8192,true,count_i64,9,2352,0,after,6.559311
2,8192,true,count_i64,9,2352,1,enum_dynamic,6.522818
2,8192,true,count_i64,9,2352,2,enum_static,6.514633
2,8192,true,count_i64,9,2352,3,bound_dynamic,6.544909
2,8192,true,count_i64,9,2352,4,bound_static,6.394327
2,8192,true,count_i64,9,2352,5,before,6.277423
2,8192,true,count_i64,10,2352,0,enum_dynamic,6.478440
2,8192,true,count_i64,10,2352,1,enum_static,6.393105
2,8192,true,count_i64,10,2352,2,bound_dynamic,6.386125
2,8192,true,count_i64,10,2352,3,bound_static,6.374345
2,8192,true,count_i64,10,2352,4,before,6.323802
2,8192,true,count_i64,10,2352,5,after,6.555166
2,8192,true,count_i64,11,2352,0,enum_static,6.514598
2,8192,true,count_i64,11,2352,1,bound_dynamic,6.499274
2,8192,true,count_i64,11,2352,2,bound_static,6.522676
2,8192,true,count_i64,11,2352,3,before,6.374362
2,8192,true,count_i64,11,2352,4,after,6.448537
2,8192,true,count_i64,11,2352,5,enum_dynamic,6.389969
2,128,false,sum_f64,0,50000,0,bound_dynamic,0.218072
2,128,false,sum_f64,0,50000,1,bound_static,0.222030
2,128,false,sum_f64,0,50000,2,before,0.223052
2,128,false,sum_f64,0,50000,3,after,0.221226
2,128,false,sum_f64,0,50000,4,enum_dynamic,0.221777
2,128,false,sum_f64,0,50000,5,enum_static,0.229685
2,128,false,sum_f64,1,50000,0,bound_static,0.218341
2,128,false,sum_f64,1,50000,1,before,0.222811
2,128,false,sum_f64,1,50000,2,after,0.216951
2,128,false,sum_f64,1,50000,3,enum_dynamic,0.221068
2,128,false,sum_f64,1,50000,4,enum_static,0.237673
2,128,false,sum_f64,1,50000,5,bound_dynamic,0.221084
2,128,false,sum_f64,2,50000,0,before,0.221786
2,128,false,sum_f64,2,50000,1,after,0.218963
2,128,false,sum_f64,2,50000,2,enum_dynamic,0.221951
2,128,false,sum_f64,2,50000,3,enum_static,0.237888
2,128,false,sum_f64,2,50000,4,bound_dynamic,0.221239
2,128,false,sum_f64,2,50000,5,bound_static,0.221342
2,128,false,sum_f64,3,50000,0,after,0.220129
2,128,false,sum_f64,3,50000,1,enum_dynamic,0.220149
2,128,false,sum_f64,3,50000,2,enum_static,0.229990
2,128,false,sum_f64,3,50000,3,bound_dynamic,0.221112
2,128,false,sum_f64,3,50000,4,bound_static,0.220803
2,128,false,sum_f64,3,50000,5,before,0.221593
2,128,false,sum_f64,4,50000,0,enum_dynamic,0.221966
2,128,false,sum_f64,4,50000,1,enum_static,0.234045
2,128,false,sum_f64,4,50000,2,bound_dynamic,0.221088
2,128,false,sum_f64,4,50000,3,bound_static,0.221458
2,128,false,sum_f64,4,50000,4,before,0.221452
2,128,false,sum_f64,4,50000,5,after,0.218460
2,128,false,sum_f64,5,50000,0,enum_static,0.233413
2,128,false,sum_f64,5,50000,1,bound_dynamic,0.221186
2,128,false,sum_f64,5,50000,2,bound_static,0.221186
2,128,false,sum_f64,5,50000,3,before,0.221793
2,128,false,sum_f64,5,50000,4,after,0.218647
2,128,false,sum_f64,5,50000,5,enum_dynamic,0.221736
2,128,false,sum_f64,6,50000,0,bound_dynamic,0.221034
2,128,false,sum_f64,6,50000,1,bound_static,0.220929
2,128,false,sum_f64,6,50000,2,before,0.221711
2,128,false,sum_f64,6,50000,3,after,0.218465
2,128,false,sum_f64,6,50000,4,enum_dynamic,0.221862
2,128,false,sum_f64,6,50000,5,enum_static,0.233645
2,128,false,sum_f64,7,50000,0,bound_static,0.221328
2,128,false,sum_f64,7,50000,1,before,0.221771
2,128,false,sum_f64,7,50000,2,after,0.218677
2,128,false,sum_f64,7,50000,3,enum_dynamic,0.222335
2,128,false,sum_f64,7,50000,4,enum_static,0.233973
2,128,false,sum_f64,7,50000,5,bound_dynamic,0.221027
2,128,false,sum_f64,8,50000,0,before,0.221928
2,128,false,sum_f64,8,50000,1,after,0.221612
2,128,false,sum_f64,8,50000,2,enum_dynamic,0.222290
2,128,false,sum_f64,8,50000,3,enum_static,0.234197
2,128,false,sum_f64,8,50000,4,bound_dynamic,0.221134
2,128,false,sum_f64,8,50000,5,bound_static,0.221515
2,128,false,sum_f64,9,50000,0,after,0.220697
2,128,false,sum_f64,9,50000,1,enum_dynamic,0.222424
2,128,false,sum_f64,9,50000,2,enum_static,0.234589
2,128,false,sum_f64,9,50000,3,bound_dynamic,0.221416
2,128,false,sum_f64,9,50000,4,bound_static,0.220743
2,128,false,sum_f64,9,50000,5,before,0.221828
2,128,false,sum_f64,10,50000,0,enum_dynamic,0.222732
2,128,false,sum_f64,10,50000,1,enum_static,0.234673
2,128,false,sum_f64,10,50000,2,bound_dynamic,0.221307
2,128,false,sum_f64,10,50000,3,bound_static,0.222448
2,128,false,sum_f64,10,50000,4,before,0.221605
2,128,false,sum_f64,10,50000,5,after,0.218723
2,128,false,sum_f64,11,50000,0,enum_static,0.234322
2,128,false,sum_f64,11,50000,1,bound_dynamic,0.221619
2,128,false,sum_f64,11,50000,2,bound_static,0.220807
2,128,false,sum_f64,11,50000,3,before,0.223272
2,128,false,sum_f64,11,50000,4,after,0.220475
2,128,false,sum_f64,11,50000,5,enum_dynamic,0.217956
2,8192,false,avg_i64,0,1074,0,bound_dynamic,14.108318
2,8192,false,avg_i64,0,1074,1,bound_static,13.996082
2,8192,false,avg_i64,0,1074,2,before,16.400760
2,8192,false,avg_i64,0,1074,3,after,14.152429
2,8192,false,avg_i64,0,1074,4,enum_dynamic,14.032705
2,8192,false,avg_i64,0,1074,5,enum_static,14.040503
2,8192,false,avg_i64,1,1074,0,bound_static,14.034451
2,8192,false,avg_i64,1,1074,1,before,16.360878
2,8192,false,avg_i64,1,1074,2,after,14.092722
2,8192,false,avg_i64,1,1074,3,enum_dynamic,14.043218
2,8192,false,avg_i64,1,1074,4,enum_static,14.049620
2,8192,false,avg_i64,1,1074,5,bound_dynamic,14.097261
2,8192,false,avg_i64,2,1074,0,before,16.359831
2,8192,false,avg_i64,2,1074,1,after,14.085622
2,8192,false,avg_i64,2,1074,2,enum_dynamic,14.035809
2,8192,false,avg_i64,2,1074,3,enum_static,14.057805
2,8192,false,avg_i64,2,1074,4,bound_dynamic,14.185754
2,8192,false,avg_i64,2,1074,5,bound_static,14.128414
2,8192,false,avg_i64,3,1074,0,after,14.168801
2,8192,false,avg_i64,3,1074,1,enum_dynamic,14.051055
2,8192,false,avg_i64,3,1074,2,enum_static,14.045042
2,8192,false,avg_i64,3,1074,3,bound_dynamic,14.111150
2,8192,false,avg_i64,3,1074,4,bound_static,14.138772
2,8192,false,avg_i64,3,1074,5,before,16.431681
2,8192,false,avg_i64,4,1074,0,enum_dynamic,14.017303
2,8192,false,avg_i64,4,1074,1,enum_static,14.133031
2,8192,false,avg_i64,4,1074,2,bound_dynamic,14.055089
2,8192,false,avg_i64,4,1074,3,bound_static,14.018932
2,8192,false,avg_i64,4,1074,4,before,16.398588
2,8192,false,avg_i64,4,1074,5,after,14.096756
2,8192,false,avg_i64,5,1074,0,enum_static,14.079570
2,8192,false,avg_i64,5,1074,1,bound_dynamic,14.097765
2,8192,false,avg_i64,5,1074,2,bound_static,13.991542
2,8192,false,avg_i64,5,1074,3,before,16.351645
2,8192,false,avg_i64,5,1074,4,after,14.137686
2,8192,false,avg_i64,5,1074,5,enum_dynamic,14.030726
2,8192,false,avg_i64,6,1074,0,bound_dynamic,14.099628
2,8192,false,avg_i64,6,1074,1,bound_static,13.999845
2,8192,false,avg_i64,6,1074,2,before,16.342295
2,8192,false,avg_i64,6,1074,3,after,14.087445
2,8192,false,avg_i64,6,1074,4,enum_dynamic,14.013928
2,8192,false,avg_i64,6,1074,5,enum_static,14.030183
2,8192,false,avg_i64,7,1074,0,bound_static,13.980912
2,8192,false,avg_i64,7,1074,1,before,16.398705
2,8192,false,avg_i64,7,1074,2,after,14.134234
2,8192,false,avg_i64,7,1074,3,enum_dynamic,14.068940
2,8192,false,avg_i64,7,1074,4,enum_static,14.032201
2,8192,false,avg_i64,7,1074,5,bound_dynamic,14.078291
2,8192,false,avg_i64,8,1074,0,before,16.361732
2,8192,false,avg_i64,8,1074,1,after,14.088532
2,8192,false,avg_i64,8,1074,2,enum_dynamic,14.025683
2,8192,false,avg_i64,8,1074,3,enum_static,14.337445
2,8192,false,avg_i64,8,1074,4,bound_dynamic,14.054974
2,8192,false,avg_i64,8,1074,5,bound_static,14.002831
2,8192,false,avg_i64,9,1074,0,after,14.132798
2,8192,false,avg_i64,9,1074,1,enum_dynamic,14.024597
2,8192,false,avg_i64,9,1074,2,enum_static,14.080773
2,8192,false,avg_i64,9,1074,3,bound_dynamic,14.098735
2,8192,false,avg_i64,9,1074,4,bound_static,14.046089
2,8192,false,avg_i64,9,1074,5,before,16.353468
2,8192,false,avg_i64,10,1074,0,enum_dynamic,14.005277
2,8192,false,avg_i64,10,1074,1,enum_static,14.076932
2,8192,false,avg_i64,10,1074,2,bound_dynamic,14.149791
2,8192,false,avg_i64,10,1074,3,bound_static,13.819949
2,8192,false,avg_i64,10,1074,4,before,16.447820
2,8192,false,avg_i64,10,1074,5,after,14.143777
2,8192,false,avg_i64,11,1074,0,enum_static,14.026885
2,8192,false,avg_i64,11,1074,1,bound_dynamic,14.091559
2,8192,false,avg_i64,11,1074,2,bound_static,14.015557
2,8192,false,avg_i64,11,1074,3,before,16.370190
2,8192,false,avg_i64,11,1074,4,after,14.100636
2,8192,false,avg_i64,11,1074,5,enum_dynamic,14.003569
2,8192,false,min_i64,0,369,0,bound_dynamic,45.603545
2,8192,false,min_i64,0,369,1,bound_static,40.559057
2,8192,false,min_i64,0,369,2,before,43.179653
2,8192,false,min_i64,0,369,3,after,40.686653
2,8192,false,min_i64,0,369,4,enum_dynamic,45.550136
2,8192,false,min_i64,0,369,5,enum_static,40.481935
2,8192,false,min_i64,1,369,0,bound_static,40.633696
2,8192,false,min_i64,1,369,1,before,42.817751
2,8192,false,min_i64,1,369,2,after,40.789182
2,8192,false,min_i64,1,369,3,enum_dynamic,45.387873
2,8192,false,min_i64,1,369,4,enum_static,40.680556
2,8192,false,min_i64,1,369,5,bound_dynamic,45.419263
2,8192,false,min_i64,2,369,0,before,42.927621
2,8192,false,min_i64,2,369,1,after,40.490515
2,8192,false,min_i64,2,369,2,enum_dynamic,45.053070
2,8192,false,min_i64,2,369,3,enum_static,40.532068
2,8192,false,min_i64,2,369,4,bound_dynamic,45.394986
2,8192,false,min_i64,2,369,5,bound_static,40.342366
2,8192,false,min_i64,3,369,0,after,40.065379
2,8192,false,min_i64,3,369,1,enum_dynamic,45.518179
2,8192,false,min_i64,3,369,2,enum_static,40.570913
2,8192,false,min_i64,3,369,3,bound_dynamic,45.645325
2,8192,false,min_i64,3,369,4,bound_static,40.717593
2,8192,false,min_i64,3,369,5,before,43.193767
2,8192,false,min_i64,4,369,0,enum_dynamic,45.377821
2,8192,false,min_i64,4,369,1,enum_static,40.623759
2,8192,false,min_i64,4,369,2,bound_dynamic,45.486339
2,8192,false,min_i64,4,369,3,bound_static,40.643856
2,8192,false,min_i64,4,369,4,before,43.253388
2,8192,false,min_i64,4,369,5,after,40.672764
2,8192,false,min_i64,5,369,0,enum_static,40.596206
2,8192,false,min_i64,5,369,1,bound_dynamic,45.435637
2,8192,false,min_i64,5,369,2,bound_static,40.625902
2,8192,false,min_i64,5,369,3,before,43.212285
2,8192,false,min_i64,5,369,4,after,40.648146
2,8192,false,min_i64,5,369,5,enum_dynamic,45.560862
2,8192,false,min_i64,6,369,0,bound_dynamic,45.433152
2,8192,false,min_i64,6,369,1,bound_static,40.604902
2,8192,false,min_i64,6,369,2,before,43.333333
2,8192,false,min_i64,6,369,3,after,39.891488
2,8192,false,min_i64,6,369,4,enum_dynamic,45.297989
2,8192,false,min_i64,6,369,5,enum_static,40.562444
2,8192,false,min_i64,7,369,0,bound_static,40.763664
2,8192,false,min_i64,7,369,1,before,42.268179
2,8192,false,min_i64,7,369,2,after,40.517840
2,8192,false,min_i64,7,369,3,enum_dynamic,45.404133
2,8192,false,min_i64,7,369,4,enum_static,40.631661
2,8192,false,min_i64,7,369,5,bound_dynamic,45.152778
2,8192,false,min_i64,8,369,0,before,42.902439
2,8192,false,min_i64,8,369,1,after,40.695799
2,8192,false,min_i64,8,369,2,enum_dynamic,45.471772
2,8192,false,min_i64,8,369,3,enum_static,40.575428
2,8192,false,min_i64,8,369,4,bound_dynamic,45.477753
2,8192,false,min_i64,8,369,5,bound_static,40.257000
2,8192,false,min_i64,9,369,0,after,39.907745
2,8192,false,min_i64,9,369,1,enum_dynamic,45.409664
2,8192,false,min_i64,9,369,2,enum_static,40.454946
2,8192,false,min_i64,9,369,3,bound_dynamic,45.378954
2,8192,false,min_i64,9,369,4,bound_static,40.815604
2,8192,false,min_i64,9,369,5,before,42.955623
2,8192,false,min_i64,10,369,0,enum_dynamic,45.501016
2,8192,false,min_i64,10,369,1,enum_static,40.688799
2,8192,false,min_i64,10,369,2,bound_dynamic,45.552846
2,8192,false,min_i64,10,369,3,bound_static,40.710141
2,8192,false,min_i64,10,369,4,before,43.382902
2,8192,false,min_i64,10,369,5,after,40.681797
2,8192,false,min_i64,11,369,0,enum_static,40.610772
2,8192,false,min_i64,11,369,1,bound_dynamic,45.528680
2,8192,false,min_i64,11,369,2,bound_static,40.754743
2,8192,false,min_i64,11,369,3,before,42.774390
2,8192,false,min_i64,11,369,4,after,40.742661
2,8192,false,min_i64,11,369,5,enum_dynamic,45.388439
2,65536,false,count_i64,0,483,0,bound_dynamic,31.221965
2,65536,false,count_i64,0,483,1,bound_static,31.119306
2,65536,false,count_i64,0,483,2,before,31.669687
2,65536,false,count_i64,0,483,3,after,31.189010
2,65536,false,count_i64,0,483,4,enum_dynamic,31.152520
2,65536,false,count_i64,0,483,5,enum_static,31.200915
2,65536,false,count_i64,1,483,0,bound_static,31.133627
2,65536,false,count_i64,1,483,1,before,31.370427
2,65536,false,count_i64,1,483,2,after,30.851362
2,65536,false,count_i64,1,483,3,enum_dynamic,31.062888
2,65536,false,count_i64,1,483,4,enum_static,31.158211
2,65536,false,count_i64,1,483,5,bound_dynamic,31.119737
2,65536,false,count_i64,2,483,0,before,31.605677
2,65536,false,count_i64,2,483,1,after,31.112578
2,65536,false,count_i64,2,483,2,enum_dynamic,31.161060
2,65536,false,count_i64,2,483,3,enum_static,31.115857
2,65536,false,count_i64,2,483,4,bound_dynamic,31.105503
2,65536,false,count_i64,2,483,5,bound_static,31.096186
2,65536,false,count_i64,3,483,0,after,31.103348
2,65536,false,count_i64,3,483,1,enum_dynamic,31.161145
2,65536,false,count_i64,3,483,2,enum_static,31.103089
2,65536,false,count_i64,3,483,3,bound_dynamic,31.133369
2,65536,false,count_i64,3,483,4,bound_static,31.109644
2,65536,false,count_i64,3,483,5,before,31.692029
2,65536,false,count_i64,4,483,0,enum_dynamic,31.107317
2,65536,false,count_i64,4,483,1,enum_static,31.226880
2,65536,false,count_i64,4,483,2,bound_dynamic,31.092563
2,65536,false,count_i64,4,483,3,bound_static,31.202899
2,65536,false,count_i64,4,483,4,before,31.602569
2,65536,false,count_i64,4,483,5,after,31.208851
2,65536,false,count_i64,5,483,0,enum_static,31.144064
2,65536,false,count_i64,5,483,1,bound_dynamic,31.185300
2,65536,false,count_i64,5,483,2,bound_static,31.159679
2,65536,false,count_i64,5,483,3,before,31.517770
2,65536,false,count_i64,5,483,4,after,31.031832
2,65536,false,count_i64,5,483,5,enum_dynamic,30.585921
2,65536,false,count_i64,6,483,0,bound_dynamic,31.017857
2,65536,false,count_i64,6,483,1,bound_static,31.109126
2,65536,false,count_i64,6,483,2,before,31.618702
2,65536,false,count_i64,6,483,3,after,31.179261
2,65536,false,count_i64,6,483,4,enum_dynamic,31.292271
2,65536,false,count_i64,6,483,5,enum_static,31.133282
2,65536,false,count_i64,7,483,0,bound_static,31.134230
2,65536,false,count_i64,7,483,1,before,32.003538
2,65536,false,count_i64,7,483,2,after,30.957124
2,65536,false,count_i64,7,483,3,enum_dynamic,31.361542
2,65536,false,count_i64,7,483,4,enum_static,31.088940
2,65536,false,count_i64,7,483,5,bound_dynamic,31.170981
2,65536,false,count_i64,8,483,0,before,31.589458
2,65536,false,count_i64,8,483,1,after,31.282350
2,65536,false,count_i64,8,483,2,enum_dynamic,31.123275
2,65536,false,count_i64,8,483,3,enum_static,31.150104
2,65536,false,count_i64,8,483,4,bound_dynamic,31.214201
2,65536,false,count_i64,8,483,5,bound_static,31.144756
2,65536,false,count_i64,9,483,0,after,31.156400
2,65536,false,count_i64,9,483,1,enum_dynamic,31.106108
2,65536,false,count_i64,9,483,2,enum_static,31.178400
2,65536,false,count_i64,9,483,3,bound_dynamic,31.140787
2,65536,false,count_i64,9,483,4,bound_static,31.131988
2,65536,false,count_i64,9,483,5,before,31.571170
2,65536,false,count_i64,10,483,0,enum_dynamic,31.133282
2,65536,false,count_i64,10,483,1,enum_static,31.119135
2,65536,false,count_i64,10,483,2,bound_dynamic,31.209886
2,65536,false,count_i64,10,483,3,bound_static,31.176760
2,65536,false,count_i64,10,483,4,before,31.574360
2,65536,false,count_i64,10,483,5,after,31.152865
2,65536,false,count_i64,11,483,0,enum_static,31.126638
2,65536,false,count_i64,11,483,1,bound_dynamic,31.260611
2,65536,false,count_i64,11,483,2,bound_static,31.087128
2,65536,false,count_i64,11,483,3,before,31.680211
2,65536,false,count_i64,11,483,4,after,31.179002
2,65536,false,count_i64,11,483,5,enum_dynamic,31.246807
2,65536,false,min_i64,0,48,0,bound_dynamic,360.311625
2,65536,false,min_i64,0,48,1,bound_static,322.335062
2,65536,false,min_i64,0,48,2,before,340.505208
2,65536,false,min_i64,0,48,3,after,321.977438
2,65536,false,min_i64,0,48,4,enum_dynamic,359.598083
2,65536,false,min_i64,0,48,5,enum_static,321.638896
2,65536,false,min_i64,1,48,0,bound_static,321.726562
2,65536,false,min_i64,1,48,1,before,340.342875
2,65536,false,min_i64,1,48,2,after,320.219625
2,65536,false,min_i64,1,48,3,enum_dynamic,359.177938
2,65536,false,min_i64,1,48,4,enum_static,320.044271
2,65536,false,min_i64,1,48,5,bound_dynamic,362.067708
2,65536,false,min_i64,2,48,0,before,343.282125
2,65536,false,min_i64,2,48,1,after,322.025167
2,65536,false,min_i64,2,48,2,enum_dynamic,358.951396
2,65536,false,min_i64,2,48,3,enum_static,321.281250
2,65536,false,min_i64,2,48,4,bound_dynamic,360.072917
2,65536,false,min_i64,2,48,5,bound_static,317.901896
2,65536,false,min_i64,3,48,0,after,322.879333
2,65536,false,min_i64,3,48,1,enum_dynamic,362.855042
2,65536,false,min_i64,3,48,2,enum_static,321.404521
2,65536,false,min_i64,3,48,3,bound_dynamic,362.374125
2,65536,false,min_i64,3,48,4,bound_static,321.817708
2,65536,false,min_i64,3,48,5,before,341.622396
2,65536,false,min_i64,4,48,0,enum_dynamic,360.527771
2,65536,false,min_i64,4,48,1,enum_static,322.683167
2,65536,false,min_i64,4,48,2,bound_dynamic,360.572042
2,65536,false,min_i64,4,48,3,bound_static,322.745667
2,65536,false,min_i64,4,48,4,before,342.711813
2,65536,false,min_i64,4,48,5,after,327.386271
2,65536,false,min_i64,5,48,0,enum_static,316.610250
2,65536,false,min_i64,5,48,1,bound_dynamic,358.990438
2,65536,false,min_i64,5,48,2,bound_static,323.013021
2,65536,false,min_i64,5,48,3,before,342.585938
2,65536,false,min_i64,5,48,4,after,324.026917
2,65536,false,min_i64,5,48,5,enum_dynamic,359.725687
2,65536,false,min_i64,6,48,0,bound_dynamic,361.536458
2,65536,false,min_i64,6,48,1,bound_static,321.580729
2,65536,false,min_i64,6,48,2,before,339.986979
2,65536,false,min_i64,6,48,3,after,321.211792
2,65536,false,min_i64,6,48,4,enum_dynamic,363.412333
2,65536,false,min_i64,6,48,5,enum_static,320.407125
2,65536,false,min_i64,7,48,0,bound_static,322.158854
2,65536,false,min_i64,7,48,1,before,340.567708
2,65536,false,min_i64,7,48,2,after,323.258688
2,65536,false,min_i64,7,48,3,enum_dynamic,352.012146
2,65536,false,min_i64,7,48,4,enum_static,319.703125
2,65536,false,min_i64,7,48,5,bound_dynamic,358.541667
2,65536,false,min_i64,8,48,0,before,343.030375
2,65536,false,min_i64,8,48,1,after,319.032125
2,65536,false,min_i64,8,48,2,enum_dynamic,357.889750
2,65536,false,min_i64,8,48,3,enum_static,322.324646
2,65536,false,min_i64,8,48,4,bound_dynamic,362.300354
2,65536,false,min_i64,8,48,5,bound_static,318.557292
2,65536,false,min_i64,9,48,0,after,321.769958
2,65536,false,min_i64,9,48,1,enum_dynamic,360.375000
2,65536,false,min_i64,9,48,2,enum_static,321.176229
2,65536,false,min_i64,9,48,3,bound_dynamic,355.973958
2,65536,false,min_i64,9,48,4,bound_static,321.996521
2,65536,false,min_i64,9,48,5,before,340.714396
2,65536,false,min_i64,10,48,0,enum_dynamic,359.908854
2,65536,false,min_i64,10,48,1,enum_static,319.980896
2,65536,false,min_i64,10,48,2,bound_dynamic,354.179688
2,65536,false,min_i64,10,48,3,bound_static,320.611104
2,65536,false,min_i64,10,48,4,before,341.700521
2,65536,false,min_i64,10,48,5,after,322.421875
2,65536,false,min_i64,11,48,0,enum_static,322.342000
2,65536,false,min_i64,11,48,1,bound_dynamic,360.934896
2,65536,false,min_i64,11,48,2,bound_static,323.027771
2,65536,false,min_i64,11,48,3,before,339.626750
2,65536,false,min_i64,11,48,4,after,315.657979
2,65536,false,min_i64,11,48,5,enum_dynamic,354.482646
2,8192,false,count_star,0,3853,0,bound_dynamic,3.893125
2,8192,false,count_star,0,3853,1,bound_static,3.890983
2,8192,false,count_star,0,3853,2,before,3.899732
2,8192,false,count_star,0,3853,3,after,3.897493
2,8192,false,count_star,0,3853,4,enum_dynamic,3.890280
2,8192,false,count_star,0,3853,5,enum_static,3.904382
2,8192,false,count_star,1,3853,0,bound_static,3.894227
2,8192,false,count_star,1,3853,1,before,3.903030
2,8192,false,count_star,1,3853,2,after,3.895233
2,8192,false,count_star,1,3853,3,enum_dynamic,3.898802
2,8192,false,count_star,1,3853,4,enum_static,3.899407
2,8192,false,count_star,1,3853,5,bound_dynamic,3.827797
2,8192,false,count_star,2,3853,0,before,3.893265
2,8192,false,count_star,2,3853,1,after,3.889977
2,8192,false,count_star,2,3853,2,enum_dynamic,3.887988
2,8192,false,count_star,2,3853,3,enum_static,3.832609
2,8192,false,count_star,2,3853,4,bound_dynamic,3.817123
2,8192,false,count_star,2,3853,5,bound_static,3.873324
2,8192,false,count_star,3,3853,0,after,3.896801
2,8192,false,count_star,3,3853,1,enum_dynamic,3.903700
2,8192,false,count_star,3,3853,2,enum_static,3.910178
2,8192,false,count_star,3,3853,3,bound_dynamic,3.900121
2,8192,false,count_star,3,3853,4,bound_static,3.822854
2,8192,false,count_star,3,3853,5,before,3.873324
2,8192,false,count_star,4,3853,0,enum_dynamic,3.894238
2,8192,false,count_star,4,3853,1,enum_static,3.902835
2,8192,false,count_star,4,3853,2,bound_dynamic,3.898975
2,8192,false,count_star,4,3853,3,bound_static,3.912406
2,8192,false,count_star,4,3853,4,before,3.907572
2,8192,false,count_star,4,3853,5,after,3.835453
2,8192,false,count_star,5,3853,0,enum_static,3.888691
2,8192,false,count_star,5,3853,1,bound_dynamic,3.894552
2,8192,false,count_star,5,3853,2,bound_static,3.893287
2,8192,false,count_star,5,3853,3,before,3.895925
2,8192,false,count_star,5,3853,4,after,3.902338
2,8192,false,count_star,5,3853,5,enum_dynamic,3.889923
2,8192,false,count_star,6,3853,0,bound_dynamic,3.906761
2,8192,false,count_star,6,3853,1,bound_static,3.894887
2,8192,false,count_star,6,3853,2,before,3.897201
2,8192,false,count_star,6,3853,3,after,3.901592
2,8192,false,count_star,6,3853,4,enum_dynamic,3.898499
2,8192,false,count_star,6,3853,5,enum_static,3.897104
2,8192,false,count_star,7,3853,0,bound_static,3.895330
2,8192,false,count_star,7,3853,1,before,3.900380
2,8192,false,count_star,7,3853,2,after,3.892497
2,8192,false,count_star,7,3853,3,enum_dynamic,3.905474
2,8192,false,count_star,7,3853,4,enum_static,3.902673
2,8192,false,count_star,7,3853,5,bound_dynamic,3.831787
2,8192,false,count_star,8,3853,0,before,3.839541
2,8192,false,count_star,8,3853,1,after,3.932087
2,8192,false,count_star,8,3853,2,enum_dynamic,3.838167
2,8192,false,count_star,8,3853,3,enum_static,3.828164
2,8192,false,count_star,8,3853,4,bound_dynamic,3.825590
2,8192,false,count_star,8,3853,5,bound_static,3.891784
2,8192,false,count_star,9,3853,0,after,3.909875
2,8192,false,count_star,9,3853,1,enum_dynamic,3.895244
2,8192,false,count_star,9,3853,2,enum_static,3.906577
2,8192,false,count_star,9,3853,3,bound_dynamic,3.889329
2,8192,false,count_star,9,3853,4,bound_static,3.890302
2,8192,false,count_star,9,3853,5,before,3.897861
2,8192,false,count_star,10,3853,0,enum_dynamic,3.891243
2,8192,false,count_star,10,3853,1,enum_static,3.891600
2,8192,false,count_star,10,3853,2,bound_dynamic,3.891329
2,8192,false,count_star,10,3853,3,bound_static,3.921652
2,8192,false,count_star,10,3853,4,before,3.857503
2,8192,false,count_star,10,3853,5,after,3.891405
2,8192,false,count_star,11,3853,0,enum_static,3.889869
2,8192,false,count_star,11,3853,1,bound_dynamic,3.905896
2,8192,false,count_star,11,3853,2,bound_static,3.886950
2,8192,false,count_star,11,3853,3,before,3.842882
2,8192,false,count_star,11,3853,4,after,3.893957
2,8192,false,count_star,11,3853,5,enum_dynamic,3.892130
2,65536,true,count_star,0,483,0,bound_dynamic,31.182023
2,65536,true,count_star,0,483,1,bound_static,31.127673
2,65536,true,count_star,0,483,2,before,31.600155
2,65536,true,count_star,0,483,3,after,31.207211
2,65536,true,count_star,0,483,4,enum_dynamic,30.853692
2,65536,true,count_star,0,483,5,enum_static,30.653812
2,65536,true,count_star,1,483,0,bound_static,30.950569
2,65536,true,count_star,1,483,1,before,31.641909
2,65536,true,count_star,1,483,2,after,31.152002
2,65536,true,count_star,1,483,3,enum_dynamic,31.288043
2,65536,true,count_star,1,483,4,enum_static,31.138199
2,65536,true,count_star,1,483,5,bound_dynamic,31.084110
2,65536,true,count_star,2,483,0,before,31.604124
2,65536,true,count_star,2,483,1,after,31.113613
2,65536,true,count_star,2,483,2,enum_dynamic,31.342133
2,65536,true,count_star,2,483,3,enum_static,31.112060
2,65536,true,count_star,2,483,4,bound_dynamic,31.185215
2,65536,true,count_star,2,483,5,bound_static,31.115511
2,65536,true,count_star,3,483,0,after,31.255865
2,65536,true,count_star,3,483,1,enum_dynamic,31.114820
2,65536,true,count_star,3,483,2,enum_static,31.075139
2,65536,true,count_star,3,483,3,bound_dynamic,31.305039
2,65536,true,count_star,3,483,4,bound_static,31.155884
2,65536,true,count_star,3,483,5,before,31.689354
2,65536,true,count_star,4,483,0,enum_dynamic,31.126899
2,65536,true,count_star,4,483,1,enum_static,31.196516
2,65536,true,count_star,4,483,2,bound_dynamic,31.157176
2,65536,true,count_star,4,483,3,bound_static,30.646048
2,65536,true,count_star,4,483,4,before,31.369133
2,65536,true,count_star,4,483,5,after,31.153383
2,65536,true,count_star,5,483,0,enum_static,31.164855
2,65536,true,count_star,5,483,1,bound_dynamic,31.145358
2,65536,true,count_star,5,483,2,bound_static,31.167615
2,65536,true,count_star,5,483,3,before,31.622325
2,65536,true,count_star,5,483,4,after,31.184006
2,65536,true,count_star,5,483,5,enum_dynamic,31.173137
2,65536,true,count_star,6,483,0,bound_dynamic,30.782781
2,65536,true,count_star,6,483,1,bound_static,30.531143
2,65536,true,count_star,6,483,2,before,31.452986
2,65536,true,count_star,6,483,3,after,31.202899
2,65536,true,count_star,6,483,4,enum_dynamic,31.091010
2,65536,true,count_star,6,483,5,enum_static,31.144325
2,65536,true,count_star,7,483,0,bound_static,31.158213
2,65536,true,count_star,7,483,1,before,31.781832
2,65536,true,count_star,7,483,2,after,31.170203
2,65536,true,count_star,7,483,3,enum_dynamic,31.197290
2,65536,true,count_star,7,483,4,enum_static,31.082385
2,65536,true,count_star,7,483,5,bound_dynamic,31.142857
2,65536,true,count_star,8,483,0,before,31.570996
2,65536,true,count_star,8,483,1,after,31.101623
2,65536,true,count_star,8,483,2,enum_dynamic,31.081522
2,65536,true,count_star,8,483,3,enum_static,31.098689
2,65536,true,count_star,8,483,4,bound_dynamic,31.087905
2,65536,true,count_star,8,483,5,bound_static,31.095323
2,65536,true,count_star,9,483,0,after,31.089458
2,65536,true,count_star,9,483,1,enum_dynamic,31.094720
2,65536,true,count_star,9,483,2,enum_static,31.136300
2,65536,true,count_star,9,483,3,bound_dynamic,31.071946
2,65536,true,count_star,9,483,4,bound_static,31.133453
2,65536,true,count_star,9,483,5,before,31.608352
2,65536,true,count_star,10,483,0,enum_dynamic,31.230416
2,65536,true,count_star,10,483,1,enum_static,31.305642
2,65536,true,count_star,10,483,2,bound_dynamic,30.740251
2,65536,true,count_star,10,483,3,bound_static,31.104555
2,65536,true,count_star,10,483,4,before,31.652605
2,65536,true,count_star,10,483,5,after,31.147344
2,65536,true,count_star,11,483,0,enum_static,31.140441
2,65536,true,count_star,11,483,1,bound_dynamic,31.142857
2,65536,true,count_star,11,483,2,bound_static,31.119996
2,65536,true,count_star,11,483,3,before,31.712561
2,65536,true,count_star,11,483,4,after,31.429520
2,65536,true,count_star,11,483,5,enum_dynamic,30.774153
2,128,true,count_i64,0,50000,0,bound_dynamic,0.114504
2,128,true,count_i64,0,50000,1,bound_static,0.115253
2,128,true,count_i64,0,50000,2,before,0.131634
2,128,true,count_i64,0,50000,3,after,0.114743
2,128,true,count_i64,0,50000,4,enum_dynamic,0.114696
2,128,true,count_i64,0,50000,5,enum_static,0.114329
2,128,true,count_i64,1,50000,0,bound_static,0.114292
2,128,true,count_i64,1,50000,1,before,0.132562
2,128,true,count_i64,1,50000,2,after,0.114400
2,128,true,count_i64,1,50000,3,enum_dynamic,0.115165
2,128,true,count_i64,1,50000,4,enum_static,0.116777
2,128,true,count_i64,1,50000,5,bound_dynamic,0.114398
2,128,true,count_i64,2,50000,0,before,0.131732
2,128,true,count_i64,2,50000,1,after,0.114447
2,128,true,count_i64,2,50000,2,enum_dynamic,0.114694
2,128,true,count_i64,2,50000,3,enum_static,0.115108
2,128,true,count_i64,2,50000,4,bound_dynamic,0.114377
2,128,true,count_i64,2,50000,5,bound_static,0.114663
2,128,true,count_i64,3,50000,0,after,0.114883
2,128,true,count_i64,3,50000,1,enum_dynamic,0.116068
2,128,true,count_i64,3,50000,2,enum_static,0.117301
2,128,true,count_i64,3,50000,3,bound_dynamic,0.116876
2,128,true,count_i64,3,50000,4,bound_static,0.117491
2,128,true,count_i64,3,50000,5,before,0.135682
2,128,true,count_i64,4,50000,0,enum_dynamic,0.115023
2,128,true,count_i64,4,50000,1,enum_static,0.114585
2,128,true,count_i64,4,50000,2,bound_dynamic,0.115145
2,128,true,count_i64,4,50000,3,bound_static,0.114424
2,128,true,count_i64,4,50000,4,before,0.131528
2,128,true,count_i64,4,50000,5,after,0.115490
2,128,true,count_i64,5,50000,0,enum_static,0.114266
2,128,true,count_i64,5,50000,1,bound_dynamic,0.114917
2,128,true,count_i64,5,50000,2,bound_static,0.114538
2,128,true,count_i64,5,50000,3,before,0.131839
2,128,true,count_i64,5,50000,4,after,0.114369
2,128,true,count_i64,5,50000,5,enum_dynamic,0.114990
2,128,true,count_i64,6,50000,0,bound_dynamic,0.116593
2,128,true,count_i64,6,50000,1,bound_static,0.116750
2,128,true,count_i64,6,50000,2,before,0.133961
2,128,true,count_i64,6,50000,3,after,0.116562
2,128,true,count_i64,6,50000,4,enum_dynamic,0.117070
2,128,true,count_i64,6,50000,5,enum_static,0.118405
2,128,true,count_i64,7,50000,0,bound_static,0.116457
2,128,true,count_i64,7,50000,1,before,0.134379
2,128,true,count_i64,7,50000,2,after,0.116645
2,128,true,count_i64,7,50000,3,enum_dynamic,0.116512
2,128,true,count_i64,7,50000,4,enum_static,0.117819
2,128,true,count_i64,7,50000,5,bound_dynamic,0.116691
2,128,true,count_i64,8,50000,0,before,0.134712
2,128,true,count_i64,8,50000,1,after,0.116587
2,128,true,count_i64,8,50000,2,enum_dynamic,0.116537
2,128,true,count_i64,8,50000,3,enum_static,0.116909
2,128,true,count_i64,8,50000,4,bound_dynamic,0.116816
2,128,true,count_i64,8,50000,5,bound_static,0.116858
2,128,true,count_i64,9,50000,0,after,0.116804
2,128,true,count_i64,9,50000,1,enum_dynamic,0.116620
2,128,true,count_i64,9,50000,2,enum_static,0.116618
2,128,true,count_i64,9,50000,3,bound_dynamic,0.116803
2,128,true,count_i64,9,50000,4,bound_static,0.116723
2,128,true,count_i64,9,50000,5,before,0.134532
2,128,true,count_i64,10,50000,0,enum_dynamic,0.116481
2,128,true,count_i64,10,50000,1,enum_static,0.116371
2,128,true,count_i64,10,50000,2,bound_dynamic,0.114271
2,128,true,count_i64,10,50000,3,bound_static,0.115216
2,128,true,count_i64,10,50000,4,before,0.131523
2,128,true,count_i64,10,50000,5,after,0.117964
2,128,true,count_i64,11,50000,0,enum_static,0.117154
2,128,true,count_i64,11,50000,1,bound_dynamic,0.114363
2,128,true,count_i64,11,50000,2,bound_static,0.115157
2,128,true,count_i64,11,50000,3,before,0.131842
2,128,true,count_i64,11,50000,4,after,0.115119
2,128,true,count_i64,11,50000,5,enum_dynamic,0.114808
2,128,false,min_utf8,0,8336,0,bound_dynamic,1.859765
2,128,false,min_utf8,0,8336,1,bound_static,1.781200
2,128,false,min_utf8,0,8336,2,before,1.843450
2,128,false,min_utf8,0,8336,3,after,1.811085
2,128,false,min_utf8,0,8336,4,enum_dynamic,1.905185
2,128,false,min_utf8,0,8336,5,enum_static,1.825586
2,128,false,min_utf8,1,8336,0,bound_static,1.809131
2,128,false,min_utf8,1,8336,1,before,1.861199
2,128,false,min_utf8,1,8336,2,after,1.810241
2,128,false,min_utf8,1,8336,3,enum_dynamic,1.878269
2,128,false,min_utf8,1,8336,4,enum_static,1.781845
2,128,false,min_utf8,1,8336,5,bound_dynamic,1.855756
2,128,false,min_utf8,2,8336,0,before,1.813015
2,128,false,min_utf8,2,8336,1,after,1.767449
2,128,false,min_utf8,2,8336,2,enum_dynamic,1.861729
2,128,false,min_utf8,2,8336,3,enum_static,1.778491
2,128,false,min_utf8,2,8336,4,bound_dynamic,1.853552
2,128,false,min_utf8,2,8336,5,bound_static,1.791142
2,128,false,min_utf8,3,8336,0,after,1.802258
2,128,false,min_utf8,3,8336,1,enum_dynamic,1.899317
2,128,false,min_utf8,3,8336,2,enum_static,1.810571
2,128,false,min_utf8,3,8336,3,bound_dynamic,1.883397
2,128,false,min_utf8,3,8336,4,bound_static,1.803693
2,128,false,min_utf8,3,8336,5,before,1.848339
2,128,false,min_utf8,4,8336,0,enum_dynamic,1.915682
2,128,false,min_utf8,4,8336,1,enum_static,1.823751
2,128,false,min_utf8,4,8336,2,bound_dynamic,1.887986
2,128,false,min_utf8,4,8336,3,bound_static,1.821747
2,128,false,min_utf8,4,8336,4,before,1.852347
2,128,false,min_utf8,4,8336,5,after,1.810916
2,128,false,min_utf8,5,8336,0,enum_static,1.810965
2,128,false,min_utf8,5,8336,1,bound_dynamic,1.899032
2,128,false,min_utf8,5,8336,2,bound_static,1.797660
2,128,false,min_utf8,5,8336,3,before,1.818923
2,128,false,min_utf8,5,8336,4,after,1.767000
2,128,false,min_utf8,5,8336,5,enum_dynamic,1.868672
2,128,false,min_utf8,6,8336,0,bound_dynamic,1.867078
2,128,false,min_utf8,6,8336,1,bound_static,1.796980
2,128,false,min_utf8,6,8336,2,before,1.846764
2,128,false,min_utf8,6,8336,3,after,1.796875
2,128,false,min_utf8,6,8336,4,enum_dynamic,1.905765
2,128,false,min_utf8,6,8336,5,enum_static,1.813400
2,128,false,min_utf8,7,8336,0,bound_static,1.809511
2,128,false,min_utf8,7,8336,1,before,1.846699
2,128,false,min_utf8,7,8336,2,after,1.806032
2,128,false,min_utf8,7,8336,3,enum_dynamic,1.912663
2,128,false,min_utf8,7,8336,4,enum_static,1.789107
2,128,false,min_utf8,7,8336,5,bound_dynamic,1.849798
2,128,false,min_utf8,8,8336,0,before,1.818333
2,128,false,min_utf8,8,8336,1,after,1.795795
2,128,false,min_utf8,8,8336,2,enum_dynamic,1.900147
2,128,false,min_utf8,8,8336,3,enum_static,1.812325
2,128,false,min_utf8,8,8336,4,bound_dynamic,1.883752
2,128,false,min_utf8,8,8336,5,bound_static,1.806262
2,128,false,min_utf8,9,8336,0,after,1.800434
2,128,false,min_utf8,9,8336,1,enum_dynamic,1.896273
2,128,false,min_utf8,9,8336,2,enum_static,1.811455
2,128,false,min_utf8,9,8336,3,bound_dynamic,1.885482
2,128,false,min_utf8,9,8336,4,bound_static,1.811345
2,128,false,min_utf8,9,8336,5,before,1.850743
2,128,false,min_utf8,10,8336,0,enum_dynamic,1.898393
2,128,false,min_utf8,10,8336,1,enum_static,1.813540
2,128,false,min_utf8,10,8336,2,bound_dynamic,1.883082
2,128,false,min_utf8,10,8336,3,bound_static,1.807917
2,128,false,min_utf8,10,8336,4,before,1.848563
2,128,false,min_utf8,10,8336,5,after,1.798554
2,128,false,min_utf8,11,8336,0,enum_static,1.832574
2,128,false,min_utf8,11,8336,1,bound_dynamic,1.884897
2,128,false,min_utf8,11,8336,2,bound_static,1.810466
2,128,false,min_utf8,11,8336,3,before,1.845435
2,128,false,min_utf8,11,8336,4,after,1.806552
2,128,false,min_utf8,11,8336,5,enum_dynamic,1.901446
2,65536,false,count_distinct_i64,0,8,0,bound_dynamic,3339.697875
2,65536,false,count_distinct_i64,0,8,1,bound_static,3337.270750
2,65536,false,count_distinct_i64,0,8,2,before,3310.099000
2,65536,false,count_distinct_i64,0,8,3,after,2921.937500
2,65536,false,count_distinct_i64,0,8,4,enum_dynamic,3231.437500
2,65536,false,count_distinct_i64,0,8,5,enum_static,3445.604250
2,65536,false,count_distinct_i64,1,8,0,bound_static,3332.260500
2,65536,false,count_distinct_i64,1,8,1,before,3264.140625
2,65536,false,count_distinct_i64,1,8,2,after,2914.218750
2,65536,false,count_distinct_i64,1,8,3,enum_dynamic,3270.338625
2,65536,false,count_distinct_i64,1,8,4,enum_static,3231.953125
2,65536,false,count_distinct_i64,1,8,5,bound_dynamic,3274.859375
2,65536,false,count_distinct_i64,2,8,0,before,3208.369875
2,65536,false,count_distinct_i64,2,8,1,after,2891.869875
2,65536,false,count_distinct_i64,2,8,2,enum_dynamic,3227.427000
2,65536,false,count_distinct_i64,2,8,3,enum_static,3212.833375
2,65536,false,count_distinct_i64,2,8,4,bound_dynamic,3226.572875
2,65536,false,count_distinct_i64,2,8,5,bound_static,3223.750000
2,65536,false,count_distinct_i64,3,8,0,after,3231.474000
2,65536,false,count_distinct_i64,3,8,1,enum_dynamic,3230.323000
2,65536,false,count_distinct_i64,3,8,2,enum_static,3234.458250
2,65536,false,count_distinct_i64,3,8,3,bound_dynamic,3214.739500
2,65536,false,count_distinct_i64,3,8,4,bound_static,3210.010375
2,65536,false,count_distinct_i64,3,8,5,before,2921.656250
2,65536,false,count_distinct_i64,4,8,0,enum_dynamic,3234.062500
2,65536,false,count_distinct_i64,4,8,1,enum_static,3248.380250
2,65536,false,count_distinct_i64,4,8,2,bound_dynamic,3216.546875
2,65536,false,count_distinct_i64,4,8,3,bound_static,3210.744875
2,65536,false,count_distinct_i64,4,8,4,before,2913.166750
2,65536,false,count_distinct_i64,4,8,5,after,2924.661500
2,65536,false,count_distinct_i64,5,8,0,enum_static,3222.974000
2,65536,false,count_distinct_i64,5,8,1,bound_dynamic,3242.463500
2,65536,false,count_distinct_i64,5,8,2,bound_static,3214.671875
2,65536,false,count_distinct_i64,5,8,3,before,2918.604250
2,65536,false,count_distinct_i64,5,8,4,after,2911.500000
2,65536,false,count_distinct_i64,5,8,5,enum_dynamic,3233.416625
2,65536,false,count_distinct_i64,6,8,0,bound_dynamic,3218.578125
2,65536,false,count_distinct_i64,6,8,1,bound_static,3220.291625
2,65536,false,count_distinct_i64,6,8,2,before,3211.104125
2,65536,false,count_distinct_i64,6,8,3,after,2903.859375
2,65536,false,count_distinct_i64,6,8,4,enum_dynamic,3220.250000
2,65536,false,count_distinct_i64,6,8,5,enum_static,3224.312500
2,65536,false,count_distinct_i64,7,8,0,bound_static,3229.671875
2,65536,false,count_distinct_i64,7,8,1,before,3177.567625
2,65536,false,count_distinct_i64,7,8,2,after,2978.947875
2,65536,false,count_distinct_i64,7,8,3,enum_dynamic,3219.515625
2,65536,false,count_distinct_i64,7,8,4,enum_static,3227.682250
2,65536,false,count_distinct_i64,7,8,5,bound_dynamic,3224.948000
2,65536,false,count_distinct_i64,8,8,0,before,3210.125000
2,65536,false,count_distinct_i64,8,8,1,after,2887.302125
2,65536,false,count_distinct_i64,8,8,2,enum_dynamic,3211.723875
2,65536,false,count_distinct_i64,8,8,3,enum_static,3212.567750
2,65536,false,count_distinct_i64,8,8,4,bound_dynamic,3199.453125
2,65536,false,count_distinct_i64,8,8,5,bound_static,3225.562500
2,65536,false,count_distinct_i64,9,8,0,after,3216.974000
2,65536,false,count_distinct_i64,9,8,1,enum_dynamic,3217.250000
2,65536,false,count_distinct_i64,9,8,2,enum_static,3204.291625
2,65536,false,count_distinct_i64,9,8,3,bound_dynamic,3214.843750
2,65536,false,count_distinct_i64,9,8,4,bound_static,3219.171875
2,65536,false,count_distinct_i64,9,8,5,before,2908.760375
2,65536,false,count_distinct_i64,10,8,0,enum_dynamic,3242.322875
2,65536,false,count_distinct_i64,10,8,1,enum_static,3220.635375
2,65536,false,count_distinct_i64,10,8,2,bound_dynamic,3236.328125
2,65536,false,count_distinct_i64,10,8,3,bound_static,3218.161500
2,65536,false,count_distinct_i64,10,8,4,before,2985.708375
2,65536,false,count_distinct_i64,10,8,5,after,2870.276000
2,65536,false,count_distinct_i64,11,8,0,enum_static,3225.776125
2,65536,false,count_distinct_i64,11,8,1,bound_dynamic,3236.031250
2,65536,false,count_distinct_i64,11,8,2,bound_static,3221.994750
2,65536,false,count_distinct_i64,11,8,3,before,2884.932250
2,65536,false,count_distinct_i64,11,8,4,after,2899.494750
2,65536,false,count_distinct_i64,11,8,5,enum_dynamic,3217.781250
2,8192,true,mixed_7,0,30,0,bound_dynamic,569.818067
2,8192,true,mixed_7,0,30,1,bound_static,557.000000
2,8192,true,mixed_7,0,30,2,before,520.309733
2,8192,true,mixed_7,0,30,3,after,511.623600
2,8192,true,mixed_7,0,30,4,enum_dynamic,571.198633
2,8192,true,mixed_7,0,30,5,enum_static,562.593033
2,8192,true,mixed_7,1,30,0,bound_static,562.094433
2,8192,true,mixed_7,1,30,1,before,522.543033
2,8192,true,mixed_7,1,30,2,after,510.834700
2,8192,true,mixed_7,1,30,3,enum_dynamic,567.416667
2,8192,true,mixed_7,1,30,4,enum_static,555.372233
2,8192,true,mixed_7,1,30,5,bound_dynamic,562.279167
2,8192,true,mixed_7,2,30,0,before,519.190267
2,8192,true,mixed_7,2,30,1,after,510.993067
2,8192,true,mixed_7,2,30,2,enum_dynamic,560.294433
2,8192,true,mixed_7,2,30,3,enum_static,554.791667
2,8192,true,mixed_7,2,30,4,bound_dynamic,570.177800
2,8192,true,mixed_7,2,30,5,bound_static,560.008333
2,8192,true,mixed_7,3,30,0,after,510.533333
2,8192,true,mixed_7,3,30,1,enum_dynamic,568.805533
2,8192,true,mixed_7,3,30,2,enum_static,559.111100
2,8192,true,mixed_7,3,30,3,bound_dynamic,563.854167
2,8192,true,mixed_7,3,30,4,bound_static,557.319467
2,8192,true,mixed_7,3,30,5,before,519.793033
2,8192,true,mixed_7,4,30,0,enum_dynamic,564.394433
2,8192,true,mixed_7,4,30,1,enum_static,557.830567
2,8192,true,mixed_7,4,30,2,bound_dynamic,561.598600
2,8192,true,mixed_7,4,30,3,bound_static,567.393067
2,8192,true,mixed_7,4,30,4,before,521.712500
2,8192,true,mixed_7,4,30,5,after,513.073633
2,8192,true,mixed_7,5,30,0,enum_static,563.398600
2,8192,true,mixed_7,5,30,1,bound_dynamic,569.861100
2,8192,true,mixed_7,5,30,2,bound_static,563.912500
2,8192,true,mixed_7,5,30,3,before,516.413900
2,8192,true,mixed_7,5,30,4,after,514.679167
2,8192,true,mixed_7,5,30,5,enum_dynamic,568.906967
2,8192,true,mixed_7,6,30,0,bound_dynamic,568.980533
2,8192,true,mixed_7,6,30,1,bound_static,569.911133
2,8192,true,mixed_7,6,30,2,before,526.586133
2,8192,true,mixed_7,6,30,3,after,510.127767
2,8192,true,mixed_7,6,30,4,enum_dynamic,562.531933
2,8192,true,mixed_7,6,30,5,enum_static,568.669433
2,8192,true,mixed_7,7,30,0,bound_static,564.516667
2,8192,true,mixed_7,7,30,1,before,512.322233
2,8192,true,mixed_7,7,30,2,after,511.612500
2,8192,true,mixed_7,7,30,3,enum_dynamic,562.675000
2,8192,true,mixed_7,7,30,4,enum_static,559.234733
2,8192,true,mixed_7,7,30,5,bound_dynamic,573.019467
2,8192,true,mixed_7,8,30,0,before,521.061100
2,8192,true,mixed_7,8,30,1,after,511.545833
2,8192,true,mixed_7,8,30,2,enum_dynamic,569.920833
2,8192,true,mixed_7,8,30,3,enum_static,557.954167
2,8192,true,mixed_7,8,30,4,bound_dynamic,569.430533
2,8192,true,mixed_7,8,30,5,bound_static,579.526400
2,8192,true,mixed_7,9,30,0,after,527.204167
2,8192,true,mixed_7,9,30,1,enum_dynamic,574.463900
2,8192,true,mixed_7,9,30,2,enum_static,575.502800
2,8192,true,mixed_7,9,30,3,bound_dynamic,585.025000
2,8192,true,mixed_7,9,30,4,bound_static,582.448600
2,8192,true,mixed_7,9,30,5,before,529.847200
2,8192,true,mixed_7,10,30,0,enum_dynamic,569.569467
2,8192,true,mixed_7,10,30,1,enum_static,570.797233
2,8192,true,mixed_7,10,30,2,bound_dynamic,571.777767
2,8192,true,mixed_7,10,30,3,bound_static,567.800000
2,8192,true,mixed_7,10,30,4,before,532.573633
2,8192,true,mixed_7,10,30,5,after,520.354167
2,8192,true,mixed_7,11,30,0,enum_static,565.858333
2,8192,true,mixed_7,11,30,1,bound_dynamic,571.394433
2,8192,true,mixed_7,11,30,2,bound_static,570.294467
2,8192,true,mixed_7,11,30,3,before,529.402767
2,8192,true,mixed_7,11,30,4,after,525.608333
2,8192,true,mixed_7,11,30,5,enum_dynamic,582.643067
2,65536,false,count_star,0,476,0,bound_dynamic,31.799983
2,65536,false,count_star,0,476,1,bound_static,31.901172
2,65536,false,count_star,0,476,2,before,32.425334
2,65536,false,count_star,0,476,3,after,31.514880
2,65536,false,count_star,0,476,4,enum_dynamic,31.444502
2,65536,false,count_star,0,476,5,enum_static,31.457458
2,65536,false,count_star,1,476,0,bound_static,31.468924
2,65536,false,count_star,1,476,1,before,31.877450
2,65536,false,count_star,1,476,2,after,31.453082
2,65536,false,count_star,1,476,3,enum_dynamic,31.515580
2,65536,false,count_star,1,476,4,enum_static,31.476891
2,65536,false,count_star,1,476,5,bound_dynamic,31.449317
2,65536,false,count_star,2,476,0,before,31.933124
2,65536,false,count_star,2,476,1,after,31.451244
2,65536,false,count_star,2,476,2,enum_dynamic,31.517155
2,65536,false,count_star,2,476,3,enum_static,31.976454
2,65536,false,count_star,2,476,4,bound_dynamic,31.244748
2,65536,false,count_star,2,476,5,bound_static,31.104517
2,65536,false,count_star,3,476,0,after,31.179011
2,65536,false,count_star,3,476,1,enum_dynamic,31.395658
2,65536,false,count_star,3,476,2,enum_static,31.181723
2,65536,false,count_star,3,476,3,bound_dynamic,31.112046
2,65536,false,count_star,3,476,4,bound_static,31.121498
2,65536,false,count_star,3,476,5,before,31.650559
2,65536,false,count_star,4,476,0,enum_dynamic,31.157563
2,65536,false,count_star,4,476,1,enum_static,31.205794
2,65536,false,count_star,4,476,2,bound_dynamic,31.125351
2,65536,false,count_star,4,476,3,bound_static,31.186187
2,65536,false,count_star,4,476,4,before,31.655550
2,65536,false,count_star,4,476,5,after,31.356443
2,65536,false,count_star,5,476,0,enum_static,30.540618
2,65536,false,count_star,5,476,1,bound_dynamic,30.906689
2,65536,false,count_star,5,476,2,bound_static,31.096813
2,65536,false,count_star,5,476,3,before,31.671655
2,65536,false,count_star,5,476,4,after,31.127714
2,65536,false,count_star,5,476,5,enum_dynamic,31.099704
2,65536,false,count_star,6,476,0,bound_dynamic,31.337271
2,65536,false,count_star,6,476,1,bound_static,30.946340
2,65536,false,count_star,6,476,2,before,31.629027
2,65536,false,count_star,6,476,3,after,31.124300
2,65536,false,count_star,6,476,4,enum_dynamic,31.217788
2,65536,false,count_star,6,476,5,enum_static,31.134105
2,65536,false,count_star,7,476,0,bound_static,31.202118
2,65536,false,count_star,7,476,1,before,31.754025
2,65536,false,count_star,7,476,2,after,31.098914
2,65536,false,count_star,7,476,3,enum_dynamic,31.167716
2,65536,false,count_star,7,476,4,enum_static,31.124038
2,65536,false,count_star,7,476,5,bound_dynamic,30.617034
2,65536,false,count_star,8,476,0,before,31.490284
2,65536,false,count_star,8,476,1,after,31.156775
2,65536,false,count_star,8,476,2,enum_dynamic,31.120798
2,65536,false,count_star,8,476,3,enum_static,31.132090
2,65536,false,count_star,8,476,4,bound_dynamic,31.191265
2,65536,false,count_star,8,476,5,bound_static,31.087011
2,65536,false,count_star,9,476,0,after,31.143208
2,65536,false,count_star,9,476,1,enum_dynamic,31.209821
2,65536,false,count_star,9,476,2,enum_static,31.176296
2,65536,false,count_star,9,476,3,bound_dynamic,31.349964
2,65536,false,count_star,9,476,4,bound_static,30.809263
2,65536,false,count_star,9,476,5,before,31.353380
2,65536,false,count_star,10,476,0,enum_dynamic,31.195729
2,65536,false,count_star,10,476,1,enum_static,30.871586
2,65536,false,count_star,10,476,2,bound_dynamic,30.843137
2,65536,false,count_star,10,476,3,bound_static,31.177609
2,65536,false,count_star,10,476,4,before,31.583334
2,65536,false,count_star,10,476,5,after,31.132441
2,65536,false,count_star,11,476,0,enum_static,31.087622
2,65536,false,count_star,11,476,1,bound_dynamic,31.120097
2,65536,false,count_star,11,476,2,bound_static,31.089811
2,65536,false,count_star,11,476,3,before,31.634803
2,65536,false,count_star,11,476,4,after,31.103378
2,65536,false,count_star,11,476,5,enum_dynamic,31.102679
2,65536,true,min_i64,0,45,0,bound_dynamic,370.602778
2,65536,true,min_i64,0,45,1,bound_static,342.173156
2,65536,true,min_i64,0,45,2,before,367.422222
2,65536,true,min_i64,0,45,3,after,340.832400
2,65536,true,min_i64,0,45,4,enum_dynamic,370.632400
2,65536,true,min_i64,0,45,5,enum_static,340.457400
2,65536,true,min_i64,1,45,0,bound_static,342.661111
2,65536,true,min_i64,1,45,1,before,369.055556
2,65536,true,min_i64,1,45,2,after,340.003689
2,65536,true,min_i64,1,45,3,enum_dynamic,371.170378
2,65536,true,min_i64,1,45,4,enum_static,340.617600
2,65536,true,min_i64,1,45,5,bound_dynamic,371.262956
2,65536,true,min_i64,2,45,0,before,368.559267
2,65536,true,min_i64,2,45,1,after,336.200933
2,65536,true,min_i64,2,45,2,enum_dynamic,368.619444
2,65536,true,min_i64,2,45,3,enum_static,338.876867
2,65536,true,min_i64,2,45,4,bound_dynamic,368.300000
2,65536,true,min_i64,2,45,5,bound_static,340.028711
2,65536,true,min_i64,3,45,0,after,340.841667
2,65536,true,min_i64,3,45,1,enum_dynamic,371.232422
2,65536,true,min_i64,3,45,2,enum_static,339.729622
2,65536,true,min_i64,3,45,3,bound_dynamic,370.764822
2,65536,true,min_i64,3,45,4,bound_static,341.168533
2,65536,true,min_i64,3,45,5,before,366.945356
2,65536,true,min_i64,4,45,0,enum_dynamic,371.379622
2,65536,true,min_i64,4,45,1,enum_static,339.419444
2,65536,true,min_i64,4,45,2,bound_dynamic,372.854622
2,65536,true,min_i64,4,45,3,bound_static,338.600000
2,65536,true,min_i64,4,45,4,before,367.927778
2,65536,true,min_i64,4,45,5,after,340.556489
2,65536,true,min_i64,5,45,0,enum_static,339.432400
2,65536,true,min_i64,5,45,1,bound_dynamic,369.933333
2,65536,true,min_i64,5,45,2,bound_static,340.752778
2,65536,true,min_i64,5,45,3,before,367.613889
2,65536,true,min_i64,5,45,4,after,341.563889
2,65536,true,min_i64,5,45,5,enum_dynamic,370.762956
2,65536,true,min_i64,6,45,0,bound_dynamic,371.308333
2,65536,true,min_i64,6,45,1,bound_static,340.754644
2,65536,true,min_i64,6,45,2,before,368.373156
2,65536,true,min_i64,6,45,3,after,340.758333
2,65536,true,min_i64,6,45,4,enum_dynamic,370.879644
2,65536,true,min_i64,6,45,5,enum_static,340.600000
2,65536,true,min_i64,7,45,0,bound_static,344.350000
2,65536,true,min_i64,7,45,1,before,361.950000
2,65536,true,min_i64,7,45,2,after,340.597222
2,65536,true,min_i64,7,45,3,enum_dynamic,371.804622
2,65536,true,min_i64,7,45,4,enum_static,339.922222
2,65536,true,min_i64,7,45,5,bound_dynamic,372.068511
2,65536,true,min_i64,8,45,0,before,367.694444
2,65536,true,min_i64,8,45,1,after,340.157400
2,65536,true,min_i64,8,45,2,enum_dynamic,369.975000
2,65536,true,min_i64,8,45,3,enum_static,339.286111
2,65536,true,min_i64,8,45,4,bound_dynamic,370.672222
2,65536,true,min_i64,8,45,5,bound_static,340.565733
2,65536,true,min_i64,9,45,0,after,340.298156
2,65536,true,min_i64,9,45,1,enum_dynamic,369.866667
2,65536,true,min_i64,9,45,2,enum_static,339.324067
2,65536,true,min_i64,9,45,3,bound_dynamic,370.121311
2,65536,true,min_i64,9,45,4,bound_static,341.650911
2,65536,true,min_i64,9,45,5,before,370.353711
2,65536,true,min_i64,10,45,0,enum_dynamic,371.099067
2,65536,true,min_i64,10,45,1,enum_static,340.329622
2,65536,true,min_i64,10,45,2,bound_dynamic,370.614800
2,65536,true,min_i64,10,45,3,bound_static,341.605556
2,65536,true,min_i64,10,45,4,before,368.150911
2,65536,true,min_i64,10,45,5,after,341.029644
2,65536,true,min_i64,11,45,0,enum_static,340.109267
2,65536,true,min_i64,11,45,1,bound_dynamic,371.445356
2,65536,true,min_i64,11,45,2,bound_static,340.920356
2,65536,true,min_i64,11,45,3,before,369.566667
2,65536,true,min_i64,11,45,4,after,340.562044
2,65536,true,min_i64,11,45,5,enum_dynamic,370.745356
2,8192,true,sum_f64,0,1651,0,bound_dynamic,9.151626
2,8192,true,sum_f64,0,1651,1,bound_static,9.144812
2,8192,true,sum_f64,0,1651,2,before,9.132546
2,8192,true,sum_f64,0,1651,3,after,9.276499
2,8192,true,sum_f64,0,1651,4,enum_dynamic,9.127498
2,8192,true,sum_f64,0,1651,5,enum_static,9.193822
2,8192,true,sum_f64,1,1651,0,bound_static,9.039395
2,8192,true,sum_f64,1,1651,1,before,9.056077
2,8192,true,sum_f64,1,1651,2,after,9.270215
2,8192,true,sum_f64,1,1651,3,enum_dynamic,9.112482
2,8192,true,sum_f64,1,1651,4,enum_static,9.121416
2,8192,true,sum_f64,1,1651,5,bound_dynamic,9.126313
2,8192,true,sum_f64,2,1651,0,before,9.122224
2,8192,true,sum_f64,2,1651,1,after,9.273092
2,8192,true,sum_f64,2,1651,2,enum_dynamic,9.112079
2,8192,true,sum_f64,2,1651,3,enum_static,9.118489
2,8192,true,sum_f64,2,1651,4,bound_dynamic,9.098501
2,8192,true,sum_f64,2,1651,5,bound_static,9.121896
2,8192,true,sum_f64,3,1651,0,after,9.262190
2,8192,true,sum_f64,3,1651,1,enum_dynamic,9.121921
2,8192,true,sum_f64,3,1651,2,enum_static,9.116495
2,8192,true,sum_f64,3,1651,3,bound_dynamic,9.100772
2,8192,true,sum_f64,3,1651,4,bound_static,9.225116
2,8192,true,sum_f64,3,1651,5,before,9.113138
2,8192,true,sum_f64,4,1651,0,enum_dynamic,9.129947
2,8192,true,sum_f64,4,1651,1,enum_static,9.112179
2,8192,true,sum_f64,4,1651,2,bound_dynamic,9.138830
2,8192,true,sum_f64,4,1651,3,bound_static,9.120684
2,8192,true,sum_f64,4,1651,4,before,9.139789
2,8192,true,sum_f64,4,1651,5,after,9.259414
2,8192,true,sum_f64,5,1651,0,enum_static,9.105214
2,8192,true,sum_f64,5,1651,1,bound_dynamic,9.136382
2,8192,true,sum_f64,5,1651,2,bound_static,9.123082
2,8192,true,sum_f64,5,1651,3,before,9.130931
2,8192,true,sum_f64,5,1651,4,after,9.285686
2,8192,true,sum_f64,5,1651,5,enum_dynamic,9.057491
2,8192,true,sum_f64,6,1651,0,bound_dynamic,9.131335
2,8192,true,sum_f64,6,1651,1,bound_static,9.141555
2,8192,true,sum_f64,6,1651,2,before,9.125757
2,8192,true,sum_f64,6,1651,3,after,9.271729
2,8192,true,sum_f64,6,1651,4,enum_dynamic,9.111019
2,8192,true,sum_f64,6,1651,5,enum_static,9.103750
2,8192,true,sum_f64,7,1651,0,bound_static,9.111953
2,8192,true,sum_f64,7,1651,1,before,9.104104
2,8192,true,sum_f64,7,1651,2,after,9.252019
2,8192,true,sum_f64,7,1651,3,enum_dynamic,9.119069
2,8192,true,sum_f64,7,1651,4,enum_static,9.103321
2,8192,true,sum_f64,7,1651,5,bound_dynamic,9.106526
2,8192,true,sum_f64,8,1651,0,before,9.110640
2,8192,true,sum_f64,8,1651,1,after,9.276171
2,8192,true,sum_f64,8,1651,2,enum_dynamic,9.105568
2,8192,true,sum_f64,8,1651,3,enum_static,9.114349
2,8192,true,sum_f64,8,1651,4,bound_dynamic,9.106602
2,8192,true,sum_f64,8,1651,5,bound_static,9.126842
2,8192,true,sum_f64,9,1651,0,after,9.289269
2,8192,true,sum_f64,9,1651,1,enum_dynamic,9.127498
2,8192,true,sum_f64,9,1651,2,enum_static,9.103371
2,8192,true,sum_f64,9,1651,3,bound_dynamic,9.135902
2,8192,true,sum_f64,9,1651,4,bound_static,9.212144
2,8192,true,sum_f64,9,1651,5,before,9.139435
2,8192,true,sum_f64,10,1651,0,enum_dynamic,9.109933
2,8192,true,sum_f64,10,1651,1,enum_static,9.115687
2,8192,true,sum_f64,10,1651,2,bound_dynamic,9.130376
2,8192,true,sum_f64,10,1651,3,bound_static,9.015142
2,8192,true,sum_f64,10,1651,4,before,9.060746
2,8192,true,sum_f64,10,1651,5,after,9.270568
2,8192,true,sum_f64,11,1651,0,enum_static,9.125757
2,8192,true,sum_f64,11,1651,1,bound_dynamic,9.124672
2,8192,true,sum_f64,11,1651,2,bound_static,9.138729
2,8192,true,sum_f64,11,1651,3,before,9.123990
2,8192,true,sum_f64,11,1651,4,after,9.275263
2,8192,true,sum_f64,11,1651,5,enum_dynamic,9.134767
2,65536,true,max_utf8,0,18,0,bound_dynamic,887.340278
2,65536,true,max_utf8,0,18,1,bound_static,859.041667
2,65536,true,max_utf8,0,18,2,before,870.715278
2,65536,true,max_utf8,0,18,3,after,875.011611
2,65536,true,max_utf8,0,18,4,enum_dynamic,869.963000
2,65536,true,max_utf8,0,18,5,enum_static,854.120389
2,65536,true,max_utf8,1,18,0,bound_static,854.710667
2,65536,true,max_utf8,1,18,1,before,884.386556
2,65536,true,max_utf8,1,18,2,after,866.888889
2,65536,true,max_utf8,1,18,3,enum_dynamic,872.291667
2,65536,true,max_utf8,1,18,4,enum_static,861.442167
2,65536,true,max_utf8,1,18,5,bound_dynamic,878.479167
2,65536,true,max_utf8,2,18,0,before,871.425944
2,65536,true,max_utf8,2,18,1,after,856.189833
2,65536,true,max_utf8,2,18,2,enum_dynamic,882.162000
2,65536,true,max_utf8,2,18,3,enum_static,859.914333
2,65536,true,max_utf8,2,18,4,bound_dynamic,873.544000
2,65536,true,max_utf8,2,18,5,bound_static,856.180556
2,65536,true,max_utf8,3,18,0,after,858.145833
2,65536,true,max_utf8,3,18,1,enum_dynamic,880.280111
2,65536,true,max_utf8,3,18,2,enum_static,857.682889
2,65536,true,max_utf8,3,18,3,bound_dynamic,875.703722
2,65536,true,max_utf8,3,18,4,bound_static,858.932889
2,65536,true,max_utf8,3,18,5,before,870.312500
2,65536,true,max_utf8,4,18,0,enum_dynamic,882.578667
2,65536,true,max_utf8,4,18,1,enum_static,855.319444
2,65536,true,max_utf8,4,18,2,bound_dynamic,881.671333
2,65536,true,max_utf8,4,18,3,bound_static,858.627333
2,65536,true,max_utf8,4,18,4,before,879.067111
2,65536,true,max_utf8,4,18,5,after,854.918944
2,65536,true,max_utf8,5,18,0,enum_static,862.469889
2,65536,true,max_utf8,5,18,1,bound_dynamic,879.787000
2,65536,true,max_utf8,5,18,2,bound_static,867.189833
2,65536,true,max_utf8,5,18,3,before,880.145833
2,65536,true,max_utf8,5,18,4,after,858.078667
2,65536,true,max_utf8,5,18,5,enum_dynamic,874.067111
2,65536,true,max_utf8,6,18,0,bound_dynamic,879.250000
2,65536,true,max_utf8,6,18,1,bound_static,866.865722
2,65536,true,max_utf8,6,18,2,before,867.092556
2,65536,true,max_utf8,6,18,3,after,860.631944
2,65536,true,max_utf8,6,18,4,enum_dynamic,877.145833
2,65536,true,max_utf8,6,18,5,enum_static,866.388889
2,65536,true,max_utf8,7,18,0,bound_static,856.983778
2,65536,true,max_utf8,7,18,1,before,875.217556
2,65536,true,max_utf8,7,18,2,after,864.805556
2,65536,true,max_utf8,7,18,3,enum_dynamic,882.187500
2,65536,true,max_utf8,7,18,4,enum_static,871.601833
2,65536,true,max_utf8,7,18,5,bound_dynamic,865.664333
2,65536,true,max_utf8,8,18,0,before,867.180556
2,65536,true,max_utf8,8,18,1,after,862.419000
2,65536,true,max_utf8,8,18,2,enum_dynamic,881.016222
2,65536,true,max_utf8,8,18,3,enum_static,861.081056
2,65536,true,max_utf8,8,18,4,bound_dynamic,880.594889
2,65536,true,max_utf8,8,18,5,bound_static,855.888889
2,65536,true,max_utf8,9,18,0,after,861.919000
2,65536,true,max_utf8,9,18,1,enum_dynamic,881.474556
2,65536,true,max_utf8,9,18,2,enum_static,856.101833
2,65536,true,max_utf8,9,18,3,bound_dynamic,881.407389
2,65536,true,max_utf8,9,18,4,bound_static,856.643556
2,65536,true,max_utf8,9,18,5,before,881.004611
2,65536,true,max_utf8,10,18,0,enum_dynamic,877.905056
2,65536,true,max_utf8,10,18,1,enum_static,859.483778
2,65536,true,max_utf8,10,18,2,bound_dynamic,882.460667
2,65536,true,max_utf8,10,18,3,bound_static,861.252333
2,65536,true,max_utf8,10,18,4,before,869.402778
2,65536,true,max_utf8,10,18,5,after,858.884278
2,65536,true,max_utf8,11,18,0,enum_static,857.537000
2,65536,true,max_utf8,11,18,1,bound_dynamic,885.363389
2,65536,true,max_utf8,11,18,2,bound_static,858.729167
2,65536,true,max_utf8,11,18,3,before,871.053222
2,65536,true,max_utf8,11,18,4,after,859.932833
2,65536,true,max_utf8,11,18,5,enum_dynamic,884.946778
2,8192,false,sum_u64,0,1060,0,bound_dynamic,14.465842
2,8192,false,sum_u64,0,1060,1,bound_static,14.567649
2,8192,false,sum_u64,0,1060,2,before,14.454795
2,8192,false,sum_u64,0,1060,3,after,14.495008
2,8192,false,sum_u64,0,1060,4,enum_dynamic,14.467099
2,8192,false,sum_u64,0,1060,5,enum_static,14.485377
2,8192,false,sum_u64,1,1060,0,bound_static,14.452280
2,8192,false,sum_u64,1,1060,1,before,14.517963
2,8192,false,sum_u64,1,1060,2,after,14.466431
2,8192,false,sum_u64,1,1060,3,enum_dynamic,14.470793
2,8192,false,sum_u64,1,1060,4,enum_static,14.443475
2,8192,false,sum_u64,1,1060,5,bound_dynamic,14.450825
2,8192,false,sum_u64,2,1060,0,before,14.475354
2,8192,false,sum_u64,2,1060,1,after,14.459002
2,8192,false,sum_u64,2,1060,2,enum_dynamic,14.460338
2,8192,false,sum_u64,2,1060,3,enum_static,14.437422
2,8192,false,sum_u64,2,1060,4,bound_dynamic,14.463758
2,8192,false,sum_u64,2,1060,5,bound_static,14.463443
2,8192,false,sum_u64,3,1060,0,after,14.463286
2,8192,false,sum_u64,3,1060,1,enum_dynamic,14.463679
2,8192,false,sum_u64,3,1060,2,enum_static,14.464466
2,8192,false,sum_u64,3,1060,3,bound_dynamic,14.492689
2,8192,false,sum_u64,3,1060,4,bound_static,14.509198
2,8192,false,sum_u64,3,1060,5,before,14.487696
2,8192,false,sum_u64,4,1060,0,enum_dynamic,14.489583
2,8192,false,sum_u64,4,1060,1,enum_static,14.476926
2,8192,false,sum_u64,4,1060,2,bound_dynamic,14.513128
2,8192,false,sum_u64,4,1060,3,bound_static,14.447562
2,8192,false,sum_u64,4,1060,4,before,14.477123
2,8192,false,sum_u64,4,1060,5,after,14.483451
2,8192,false,sum_u64,5,1060,0,enum_static,14.530936
2,8192,false,sum_u64,5,1060,1,bound_dynamic,14.446344
2,8192,false,sum_u64,5,1060,2,bound_static,14.438522
2,8192,false,sum_u64,5,1060,3,before,14.509080
2,8192,false,sum_u64,5,1060,4,after,14.402516
2,8192,false,sum_u64,5,1060,5,enum_dynamic,14.483255
2,8192,false,sum_u64,6,1060,0,bound_dynamic,14.499803
2,8192,false,sum_u64,6,1060,1,bound_static,14.492807
2,8192,false,sum_u64,6,1060,2,before,14.469025
2,8192,false,sum_u64,6,1060,3,after,14.429835
2,8192,false,sum_u64,6,1060,4,enum_dynamic,14.463837
2,8192,false,sum_u64,6,1060,5,enum_static,14.435731
2,8192,false,sum_u64,7,1060,0,bound_static,14.488876
2,8192,false,sum_u64,7,1060,1,before,14.469260
2,8192,false,sum_u64,7,1060,2,after,14.508726
2,8192,false,sum_u64,7,1060,3,enum_dynamic,14.455346
2,8192,false,sum_u64,7,1060,4,enum_static,14.477358
2,8192,false,sum_u64,7,1060,5,bound_dynamic,14.477162
2,8192,false,sum_u64,8,1060,0,before,14.483373
2,8192,false,sum_u64,8,1060,1,after,14.452398
2,8192,false,sum_u64,8,1060,2,enum_dynamic,14.497485
2,8192,false,sum_u64,8,1060,3,enum_static,14.455071
2,8192,false,sum_u64,8,1060,4,bound_dynamic,14.491156
2,8192,false,sum_u64,8,1060,5,bound_static,14.451258
2,8192,false,sum_u64,9,1060,0,after,14.446816
2,8192,false,sum_u64,9,1060,1,enum_dynamic,14.509080
2,8192,false,sum_u64,9,1060,2,enum_static,14.457469
2,8192,false,sum_u64,9,1060,3,bound_dynamic,14.490842
2,8192,false,sum_u64,9,1060,4,bound_static,14.452674
2,8192,false,sum_u64,9,1060,5,before,14.465212
2,8192,false,sum_u64,10,1060,0,enum_dynamic,14.488955
2,8192,false,sum_u64,10,1060,1,enum_static,14.473663
2,8192,false,sum_u64,10,1060,2,bound_dynamic,14.453931
2,8192,false,sum_u64,10,1060,3,bound_static,14.475354
2,8192,false,sum_u64,10,1060,4,before,14.489544
2,8192,false,sum_u64,10,1060,5,after,14.471856
2,8192,false,sum_u64,11,1060,0,enum_static,14.577594
2,8192,false,sum_u64,11,1060,1,bound_dynamic,14.295833
2,8192,false,sum_u64,11,1060,2,bound_static,14.621856
2,8192,false,sum_u64,11,1060,3,before,14.476769
2,8192,false,sum_u64,11,1060,4,after,14.497877
2,8192,false,sum_u64,11,1060,5,enum_dynamic,14.476140
2,8192,true,sum_i64,0,892,0,bound_dynamic,16.870563
2,8192,true,sum_i64,0,892,1,bound_static,16.859399
2,8192,true,sum_i64,0,892,2,before,16.842443
2,8192,true,sum_i64,0,892,3,after,16.841135
2,8192,true,sum_i64,0,892,4,enum_dynamic,16.839359
2,8192,true,sum_i64,0,892,5,enum_static,16.848374
2,8192,true,sum_i64,1,892,0,bound_static,16.857483
2,8192,true,sum_i64,1,892,1,before,16.837304
2,8192,true,sum_i64,1,892,2,after,16.840481
2,8192,true,sum_i64,1,892,3,enum_dynamic,16.859258
2,8192,true,sum_i64,1,892,4,enum_static,16.854633
2,8192,true,sum_i64,1,892,5,bound_dynamic,16.888080
2,8192,true,sum_i64,2,892,0,before,16.834501
2,8192,true,sum_i64,2,892,1,after,16.889154
2,8192,true,sum_i64,2,892,2,enum_dynamic,16.872711
2,8192,true,sum_i64,2,892,3,enum_static,16.857343
2,8192,true,sum_i64,2,892,4,bound_dynamic,16.838098
2,8192,true,sum_i64,2,892,5,bound_static,16.903868
2,8192,true,sum_i64,3,892,0,after,16.855754
2,8192,true,sum_i64,3,892,1,enum_dynamic,16.856969
2,8192,true,sum_i64,3,892,2,enum_static,16.861360
2,8192,true,sum_i64,3,892,3,bound_dynamic,16.831138
2,8192,true,sum_i64,3,892,4,bound_static,16.912043
2,8192,true,sum_i64,3,892,5,before,16.952635
2,8192,true,sum_i64,4,892,0,enum_dynamic,16.895413
2,8192,true,sum_i64,4,892,1,enum_static,16.851084
2,8192,true,sum_i64,4,892,2,bound_dynamic,16.892237
2,8192,true,sum_i64,4,892,3,bound_static,16.919283
2,8192,true,sum_i64,4,892,4,before,16.912743
2,8192,true,sum_i64,4,892,5,after,16.844964
2,8192,true,sum_i64,5,892,0,enum_static,16.866359
2,8192,true,sum_i64,5,892,1,bound_dynamic,16.996777
2,8192,true,sum_i64,5,892,2,bound_static,17.096599
2,8192,true,sum_i64,5,892,3,before,16.908913
2,8192,true,sum_i64,5,892,4,after,16.848420
2,8192,true,sum_i64,5,892,5,enum_dynamic,16.884622
2,8192,true,sum_i64,6,892,0,bound_dynamic,16.829410
2,8192,true,sum_i64,6,892,1,bound_static,16.895367
2,8192,true,sum_i64,6,892,2,before,16.832259
2,8192,true,sum_i64,6,892,3,after,16.877242
2,8192,true,sum_i64,6,892,4,enum_dynamic,16.846973
2,8192,true,sum_i64,6,892,5,enum_static,16.858138
2,8192,true,sum_i64,7,892,0,bound_static,16.923253
2,8192,true,sum_i64,7,892,1,before,16.824037
2,8192,true,sum_i64,7,892,2,after,16.866406
2,8192,true,sum_i64,7,892,3,enum_dynamic,16.867900
2,8192,true,sum_i64,7,892,4,enum_static,16.882287
2,8192,true,sum_i64,7,892,5,bound_dynamic,16.824271
2,8192,true,sum_i64,8,892,0,before,16.887752
2,8192,true,sum_i64,8,892,1,after,16.835389
2,8192,true,sum_i64,8,892,2,enum_dynamic,16.892470
2,8192,true,sum_i64,8,892,3,enum_static,16.834034
2,8192,true,sum_i64,8,892,4,bound_dynamic,16.870002
2,8192,true,sum_i64,8,892,5,bound_static,16.888966
2,8192,true,sum_i64,9,892,0,after,16.838004
2,8192,true,sum_i64,9,892,1,enum_dynamic,16.863882
2,8192,true,sum_i64,9,892,2,enum_static,16.858510
2,8192,true,sum_i64,9,892,3,bound_dynamic,16.874393
2,8192,true,sum_i64,9,892,4,bound_static,16.876214
2,8192,true,sum_i64,9,892,5,before,16.870889
2,8192,true,sum_i64,10,892,0,enum_dynamic,16.962117
2,8192,true,sum_i64,10,892,1,enum_static,16.871824
2,8192,true,sum_i64,10,892,2,bound_dynamic,16.860613
2,8192,true,sum_i64,10,892,3,bound_static,16.843564
2,8192,true,sum_i64,10,892,4,before,16.866685
2,8192,true,sum_i64,10,892,5,after,16.845291
2,8192,true,sum_i64,11,892,0,enum_static,16.869348
2,8192,true,sum_i64,11,892,1,bound_dynamic,16.961789
2,8192,true,sum_i64,11,892,2,bound_static,16.853139
2,8192,true,sum_i64,11,892,3,before,16.830531
2,8192,true,sum_i64,11,892,4,after,16.826420
2,8192,true,sum_i64,11,892,5,enum_dynamic,16.842769
2,65536,true,sum_u64,0,113,0,bound_dynamic,132.877212
2,65536,true,sum_u64,0,113,1,bound_static,133.341442
2,65536,true,sum_u64,0,113,2,before,133.464973
2,65536,true,sum_u64,0,113,3,after,133.258478
2,65536,true,sum_u64,0,113,4,enum_dynamic,133.377947
2,65536,true,sum_u64,0,113,5,enum_static,133.306053
2,65536,true,sum_u64,1,113,0,bound_static,133.314531
2,65536,true,sum_u64,1,113,1,before,133.135327
2,65536,true,sum_u64,1,113,2,after,133.245204
2,65536,true,sum_u64,1,113,3,enum_dynamic,133.498150
2,65536,true,sum_u64,1,113,4,enum_static,133.367257
2,65536,true,sum_u64,1,113,5,bound_dynamic,133.306044
2,65536,true,sum_u64,2,113,0,before,133.137912
2,65536,true,sum_u64,2,113,1,after,133.504796
2,65536,true,sum_u64,2,113,2,enum_dynamic,133.942850
2,65536,true,sum_u64,2,113,3,enum_static,133.807522
2,65536,true,sum_u64,2,113,4,bound_dynamic,133.201327
2,65536,true,sum_u64,2,113,5,bound_static,133.537248
2,65536,true,sum_u64,3,113,0,after,133.897124
2,65536,true,sum_u64,3,113,1,enum_dynamic,133.623894
2,65536,true,sum_u64,3,113,2,enum_static,133.292398
2,65536,true,sum_u64,3,113,3,bound_dynamic,133.359885
2,65536,true,sum_u64,3,113,4,bound_static,133.851398
2,65536,true,sum_u64,3,113,5,before,133.870575
2,65536,true,sum_u64,4,113,0,enum_dynamic,132.554204
2,65536,true,sum_u64,4,113,1,enum_static,133.067841
2,65536,true,sum_u64,4,113,2,bound_dynamic,134.515487
2,65536,true,sum_u64,4,113,3,bound_static,133.269540
2,65536,true,sum_u64,4,113,4,before,133.394912
2,65536,true,sum_u64,4,113,5,after,133.257009
2,65536,true,sum_u64,5,113,0,enum_static,133.527283
2,65536,true,sum_u64,5,113,1,bound_dynamic,133.278389
2,65536,true,sum_u64,5,113,2,bound_static,133.321903
2,65536,true,sum_u64,5,113,3,before,134.053832
2,65536,true,sum_u64,5,113,4,after,133.032080
2,65536,true,sum_u64,5,113,5,enum_dynamic,133.440628
2,65536,true,sum_u64,6,113,0,bound_dynamic,132.977133
2,65536,true,sum_u64,6,113,1,bound_static,132.776549
2,65536,true,sum_u64,6,113,2,before,132.953540
2,65536,true,sum_u64,6,113,3,after,132.998150
2,65536,true,sum_u64,6,113,4,enum_dynamic,133.407080
2,65536,true,sum_u64,6,113,5,enum_static,133.403398
2,65536,true,sum_u64,7,113,0,bound_static,133.309735
2,65536,true,sum_u64,7,113,1,before,133.306053
2,65536,true,sum_u64,7,113,2,after,133.006274
2,65536,true,sum_u64,7,113,3,enum_dynamic,133.605460
2,65536,true,sum_u64,7,113,4,enum_static,133.396018
2,65536,true,sum_u64,7,113,5,bound_dynamic,133.232673
2,65536,true,sum_u64,8,113,0,before,133.523965
2,65536,true,sum_u64,8,113,1,after,133.389381
2,65536,true,sum_u64,8,113,2,enum_dynamic,133.587018
2,65536,true,sum_u64,8,113,3,enum_static,133.310841
2,65536,true,sum_u64,8,113,4,bound_dynamic,131.481929
2,65536,true,sum_u64,8,113,5,bound_static,131.991150
2,65536,true,sum_u64,9,113,0,after,133.207221
2,65536,true,sum_u64,9,113,1,enum_dynamic,133.743363
2,65536,true,sum_u64,9,113,2,enum_static,133.166664
2,65536,true,sum_u64,9,113,3,bound_dynamic,133.616522
2,65536,true,sum_u64,9,113,4,bound_static,133.068584
2,65536,true,sum_u64,9,113,5,before,132.852133
2,65536,true,sum_u64,10,113,0,enum_dynamic,132.867257
2,65536,true,sum_u64,10,113,1,enum_static,132.995204
2,65536,true,sum_u64,10,113,2,bound_dynamic,133.519912
2,65536,true,sum_u64,10,113,3,bound_static,134.347345
2,65536,true,sum_u64,10,113,4,before,132.888274
2,65536,true,sum_u64,10,113,5,after,132.872788
2,65536,true,sum_u64,11,113,0,enum_static,133.368363
2,65536,true,sum_u64,11,113,1,bound_dynamic,131.719027
2,65536,true,sum_u64,11,113,2,bound_static,133.072637
2,65536,true,sum_u64,11,113,3,before,132.859142
2,65536,true,sum_u64,11,113,4,after,132.994469
2,65536,true,sum_u64,11,113,5,enum_dynamic,134.108407
2,65536,false,max_utf8,0,21,0,bound_dynamic,771.327381
2,65536,false,max_utf8,0,21,1,bound_static,753.190476
2,65536,false,max_utf8,0,21,2,before,744.738095
2,65536,false,max_utf8,0,21,3,after,734.944429
2,65536,false,max_utf8,0,21,4,enum_dynamic,763.696429
2,65536,false,max_utf8,0,21,5,enum_static,749.188476
2,65536,false,max_utf8,1,21,0,bound_static,750.073381
2,65536,false,max_utf8,1,21,1,before,749.593286
2,65536,false,max_utf8,1,21,2,after,749.664667
2,65536,false,max_utf8,1,21,3,enum_dynamic,770.575429
2,65536,false,max_utf8,1,21,4,enum_static,756.011905
2,65536,false,max_utf8,1,21,5,bound_dynamic,758.843238
2,65536,false,max_utf8,2,21,0,before,744.061476
2,65536,false,max_utf8,2,21,1,after,745.946429
2,65536,false,max_utf8,2,21,2,enum_dynamic,754.815476
2,65536,false,max_utf8,2,21,3,enum_static,739.488095
2,65536,false,max_utf8,2,21,4,bound_dynamic,770.898810
2,65536,false,max_utf8,2,21,5,bound_static,748.698429
2,65536,false,max_utf8,3,21,0,after,743.103190
2,65536,false,max_utf8,3,21,1,enum_dynamic,755.765857
2,65536,false,max_utf8,3,21,2,enum_static,733.670619
2,65536,false,max_utf8,3,21,3,bound_dynamic,756.164714
2,65536,false,max_utf8,3,21,4,bound_static,749.380952
2,65536,false,max_utf8,3,21,5,before,749.561524
2,65536,false,max_utf8,4,21,0,enum_dynamic,769.365095
2,65536,false,max_utf8,4,21,1,enum_static,749.686524
2,65536,false,max_utf8,4,21,2,bound_dynamic,766.950429
2,65536,false,max_utf8,4,21,3,bound_static,736.063476
2,65536,false,max_utf8,4,21,4,before,749.484143
2,65536,false,max_utf8,4,21,5,after,743.174571
2,65536,false,max_utf8,5,21,0,enum_static,738.964286
2,65536,false,max_utf8,5,21,1,bound_dynamic,760.369048
2,65536,false,max_utf8,5,21,2,bound_static,737.125000
2,65536,false,max_utf8,5,21,3,before,746.962286
2,65536,false,max_utf8,5,21,4,after,751.472238
2,65536,false,max_utf8,5,21,5,enum_dynamic,769.025762
2,65536,false,max_utf8,6,21,0,bound_dynamic,768.341286
2,65536,false,max_utf8,6,21,1,bound_static,747.079333
2,65536,false,max_utf8,6,21,2,before,747.295619
2,65536,false,max_utf8,6,21,3,after,748.910714
2,65536,false,max_utf8,6,21,4,enum_dynamic,767.819429
2,65536,false,max_utf8,6,21,5,enum_static,747.970238
2,65536,false,max_utf8,7,21,0,bound_static,747.371048
2,65536,false,max_utf8,7,21,1,before,758.821429
2,65536,false,max_utf8,7,21,2,after,740.708333
2,65536,false,max_utf8,7,21,3,enum_dynamic,770.472238
2,65536,false,max_utf8,7,21,4,enum_static,748.851190
2,65536,false,max_utf8,7,21,5,bound_dynamic,765.486143
2,65536,false,max_utf8,8,21,0,before,750.954381
2,65536,false,max_utf8,8,21,1,after,749.537714
2,65536,false,max_utf8,8,21,2,enum_dynamic,769.424619
2,65536,false,max_utf8,8,21,3,enum_static,751.783714
2,65536,false,max_utf8,8,21,4,bound_dynamic,769.418667
2,65536,false,max_utf8,8,21,5,bound_static,749.666667
2,65536,false,max_utf8,9,21,0,after,749.744048
2,65536,false,max_utf8,9,21,1,enum_dynamic,768.553571
2,65536,false,max_utf8,9,21,2,enum_static,748.071429
2,65536,false,max_utf8,9,21,3,bound_dynamic,766.182524
2,65536,false,max_utf8,9,21,4,bound_static,737.236095
2,65536,false,max_utf8,9,21,5,before,753.625000
2,65536,false,max_utf8,10,21,0,enum_dynamic,755.551571
2,65536,false,max_utf8,10,21,1,enum_static,750.345238
2,65536,false,max_utf8,10,21,2,bound_dynamic,770.547619
2,65536,false,max_utf8,10,21,3,bound_static,749.565476
2,65536,false,max_utf8,10,21,4,before,761.482143
2,65536,false,max_utf8,10,21,5,after,742.746048
2,65536,false,max_utf8,11,21,0,enum_static,735.402810
2,65536,false,max_utf8,11,21,1,bound_dynamic,770.428571
2,65536,false,max_utf8,11,21,2,bound_static,748.464286
2,65536,false,max_utf8,11,21,3,before,750.406714
2,65536,false,max_utf8,11,21,4,after,749.809524
2,65536,false,max_utf8,11,21,5,enum_dynamic,769.686524
2,128,true,count_distinct_i64,0,2861,0,bound_dynamic,5.255753
2,128,true,count_distinct_i64,0,2861,1,bound_static,5.249782
2,128,true,count_distinct_i64,0,2861,2,before,5.319687
2,128,true,count_distinct_i64,0,2861,3,after,5.304832
2,128,true,count_distinct_i64,0,2861,4,enum_dynamic,5.329241
2,128,true,count_distinct_i64,0,2861,5,enum_static,5.213431
2,128,true,count_distinct_i64,1,2861,0,bound_static,5.229407
2,128,true,count_distinct_i64,1,2861,1,before,5.320998
2,128,true,count_distinct_i64,1,2861,2,after,5.308721
2,128,true,count_distinct_i64,1,2861,3,enum_dynamic,5.292817
2,128,true,count_distinct_i64,1,2861,4,enum_static,5.268409
2,128,true,count_distinct_i64,1,2861,5,bound_dynamic,5.257209
2,128,true,count_distinct_i64,2,2861,0,before,5.306288
2,128,true,count_distinct_i64,2,2861,1,after,5.309434
2,128,true,count_distinct_i64,2,2861,2,enum_dynamic,5.284064
2,128,true,count_distinct_i64,2,2861,3,enum_static,5.282564
2,128,true,count_distinct_i64,2,2861,4,bound_dynamic,5.259932
2,128,true,count_distinct_i64,2,2861,5,bound_static,5.270374
2,128,true,count_distinct_i64,3,2861,0,after,5.302706
2,128,true,count_distinct_i64,3,2861,1,enum_dynamic,5.289817
2,128,true,count_distinct_i64,3,2861,2,enum_static,5.537400
2,128,true,count_distinct_i64,3,2861,3,bound_dynamic,5.242966
2,128,true,count_distinct_i64,3,2861,4,bound_static,5.193508
2,128,true,count_distinct_i64,3,2861,5,before,5.302939
2,128,true,count_distinct_i64,4,2861,0,enum_dynamic,5.299007
2,128,true,count_distinct_i64,4,2861,1,enum_static,5.251689
2,128,true,count_distinct_i64,4,2861,2,bound_dynamic,5.261287
2,128,true,count_distinct_i64,4,2861,3,bound_static,5.257559
2,128,true,count_distinct_i64,4,2861,4,before,5.303973
2,128,true,count_distinct_i64,4,2861,5,after,5.276273
2,128,true,count_distinct_i64,5,2861,0,enum_static,5.256044
2,128,true,count_distinct_i64,5,2861,1,bound_dynamic,5.254661
2,128,true,count_distinct_i64,5,2861,2,bound_static,5.257923
2,128,true,count_distinct_i64,5,2861,3,before,5.303172
2,128,true,count_distinct_i64,5,2861,4,after,5.300958
2,128,true,count_distinct_i64,5,2861,5,enum_dynamic,5.278778
2,128,true,count_distinct_i64,6,2861,0,bound_dynamic,5.255447
2,128,true,count_distinct_i64,6,2861,1,bound_static,5.251500
2,128,true,count_distinct_i64,6,2861,2,before,5.308575
2,128,true,count_distinct_i64,6,2861,3,after,5.281545
2,128,true,count_distinct_i64,6,2861,4,enum_dynamic,5.325003
2,128,true,count_distinct_i64,6,2861,5,enum_static,5.256335
2,128,true,count_distinct_i64,7,2861,0,bound_static,5.262262
2,128,true,count_distinct_i64,7,2861,1,before,5.311415
2,128,true,count_distinct_i64,7,2861,2,after,5.284676
2,128,true,count_distinct_i64,7,2861,3,enum_dynamic,5.278938
2,128,true,count_distinct_i64,7,2861,4,enum_static,5.280293
2,128,true,count_distinct_i64,7,2861,5,bound_dynamic,5.252403
2,128,true,count_distinct_i64,8,2861,0,before,5.318085
2,128,true,count_distinct_i64,8,2861,1,after,5.293647
2,128,true,count_distinct_i64,8,2861,2,enum_dynamic,5.330202
2,128,true,count_distinct_i64,8,2861,3,enum_static,5.253495
2,128,true,count_distinct_i64,8,2861,4,bound_dynamic,5.257107
2,128,true,count_distinct_i64,8,2861,5,bound_static,5.264185
2,128,true,count_distinct_i64,9,2861,0,after,5.289337
2,128,true,count_distinct_i64,9,2861,1,enum_dynamic,5.282171
2,128,true,count_distinct_i64,9,2861,2,enum_static,5.249009
2,128,true,count_distinct_i64,9,2861,3,bound_dynamic,5.268001
2,128,true,count_distinct_i64,9,2861,4,bound_static,5.508986
2,128,true,count_distinct_i64,9,2861,5,before,5.332561
2,128,true,count_distinct_i64,10,2861,0,enum_dynamic,5.288142
2,128,true,count_distinct_i64,10,2861,1,enum_static,5.275792
2,128,true,count_distinct_i64,10,2861,2,bound_dynamic,5.258607
2,128,true,count_distinct_i64,10,2861,3,bound_static,5.271292
2,128,true,count_distinct_i64,10,2861,4,before,5.304614
2,128,true,count_distinct_i64,10,2861,5,after,5.290225
2,128,true,count_distinct_i64,11,2861,0,enum_static,5.262073
2,128,true,count_distinct_i64,11,2861,1,bound_dynamic,5.247815
2,128,true,count_distinct_i64,11,2861,2,bound_static,5.269690
2,128,true,count_distinct_i64,11,2861,3,before,5.315027
2,128,true,count_distinct_i64,11,2861,4,after,5.292832
2,128,true,count_distinct_i64,11,2861,5,enum_dynamic,5.286016
2,128,false,avg_i64,0,39184,0,bound_dynamic,0.381919
2,128,false,avg_i64,0,39184,1,bound_static,0.381172
2,128,false,avg_i64,0,39184,2,before,0.417772
2,128,false,avg_i64,0,39184,3,after,0.381664
2,128,false,avg_i64,0,39184,4,enum_dynamic,0.384176
2,128,false,avg_i64,0,39184,5,enum_static,0.382958
2,128,false,avg_i64,1,39184,0,bound_static,0.381396
2,128,false,avg_i64,1,39184,1,before,0.419732
2,128,false,avg_i64,1,39184,2,after,0.382090
2,128,false,avg_i64,1,39184,3,enum_dynamic,0.383194
2,128,false,avg_i64,1,39184,4,enum_static,0.382265
2,128,false,avg_i64,1,39184,5,bound_dynamic,0.382492
2,128,false,avg_i64,2,39184,0,before,0.417290
2,128,false,avg_i64,2,39184,1,after,0.378519
2,128,false,avg_i64,2,39184,2,enum_dynamic,0.382784
2,128,false,avg_i64,2,39184,3,enum_static,0.377542
2,128,false,avg_i64,2,39184,4,bound_dynamic,0.381649
2,128,false,avg_i64,2,39184,5,bound_static,0.382307
2,128,false,avg_i64,3,39184,0,after,0.380342
2,128,false,avg_i64,3,39184,1,enum_dynamic,0.382013
2,128,false,avg_i64,3,39184,2,enum_static,0.382412
2,128,false,avg_i64,3,39184,3,bound_dynamic,0.381863
2,128,false,avg_i64,3,39184,4,bound_static,0.381775
2,128,false,avg_i64,3,39184,5,before,0.417215
2,128,false,avg_i64,4,39184,0,enum_dynamic,0.382562
2,128,false,avg_i64,4,39184,1,enum_static,0.381884
2,128,false,avg_i64,4,39184,2,bound_dynamic,0.381209
2,128,false,avg_i64,4,39184,3,bound_static,0.381004
2,128,false,avg_i64,4,39184,4,before,0.416861
2,128,false,avg_i64,4,39184,5,after,0.381256
2,128,false,avg_i64,5,39184,0,enum_static,0.382048
2,128,false,avg_i64,5,39184,1,bound_dynamic,0.381770
2,128,false,avg_i64,5,39184,2,bound_static,0.381949
2,128,false,avg_i64,5,39184,3,before,0.416622
2,128,false,avg_i64,5,39184,4,after,0.387266
2,128,false,avg_i64,5,39184,5,enum_dynamic,0.382836
2,128,false,avg_i64,6,39184,0,bound_dynamic,0.381289
2,128,false,avg_i64,6,39184,1,bound_static,0.381732
2,128,false,avg_i64,6,39184,2,before,0.418260
2,128,false,avg_i64,6,39184,3,after,0.381478
2,128,false,avg_i64,6,39184,4,enum_dynamic,0.382738
2,128,false,avg_i64,6,39184,5,enum_static,0.383407
2,128,false,avg_i64,7,39184,0,bound_static,0.382274
2,128,false,avg_i64,7,39184,1,before,0.417836
2,128,false,avg_i64,7,39184,2,after,0.381019
2,128,false,avg_i64,7,39184,3,enum_dynamic,0.382296
2,128,false,avg_i64,7,39184,4,enum_static,0.383313
2,128,false,avg_i64,7,39184,5,bound_dynamic,0.381149
2,128,false,avg_i64,8,39184,0,before,0.417007
2,128,false,avg_i64,8,39184,1,after,0.382057
2,128,false,avg_i64,8,39184,2,enum_dynamic,0.382051
2,128,false,avg_i64,8,39184,3,enum_static,0.394347
2,128,false,avg_i64,8,39184,4,bound_dynamic,0.381541
2,128,false,avg_i64,8,39184,5,bound_static,0.382280
2,128,false,avg_i64,9,39184,0,after,0.380877
2,128,false,avg_i64,9,39184,1,enum_dynamic,0.381970
2,128,false,avg_i64,9,39184,2,enum_static,0.381468
2,128,false,avg_i64,9,39184,3,bound_dynamic,0.382525
2,128,false,avg_i64,9,39184,4,bound_static,0.381897
2,128,false,avg_i64,9,39184,5,before,0.417821
2,128,false,avg_i64,10,39184,0,enum_dynamic,0.383037
2,128,false,avg_i64,10,39184,1,enum_static,0.382324
2,128,false,avg_i64,10,39184,2,bound_dynamic,0.381404
2,128,false,avg_i64,10,39184,3,bound_static,0.383025
2,128,false,avg_i64,10,39184,4,before,0.418690
2,128,false,avg_i64,10,39184,5,after,0.380291
2,128,false,avg_i64,11,39184,0,enum_static,0.380333
2,128,false,avg_i64,11,39184,1,bound_dynamic,0.380982
2,128,false,avg_i64,11,39184,2,bound_static,0.382008
2,128,false,avg_i64,11,39184,3,before,0.417417
2,128,false,avg_i64,11,39184,4,after,0.381450
2,128,false,avg_i64,11,39184,5,enum_dynamic,0.382509
2,65536,true,max_i64,0,43,0,bound_dynamic,374.949628
2,65536,true,max_i64,0,43,1,bound_static,350.083349
2,65536,true,max_i64,0,43,2,before,368.443814
2,65536,true,max_i64,0,43,3,after,352.198651
2,65536,true,max_i64,0,43,4,enum_dynamic,370.858535
2,65536,true,max_i64,0,43,5,enum_static,350.267442
2,65536,true,max_i64,1,43,0,bound_static,353.063953
2,65536,true,max_i64,1,43,1,before,367.649209
2,65536,true,max_i64,1,43,2,after,351.624047
2,65536,true,max_i64,1,43,3,enum_dynamic,371.248047
2,65536,true,max_i64,1,43,4,enum_static,351.712209
2,65536,true,max_i64,1,43,5,bound_dynamic,370.400209
2,65536,true,max_i64,2,43,0,before,367.693814
2,65536,true,max_i64,2,43,1,after,352.054279
2,65536,true,max_i64,2,43,2,enum_dynamic,370.852721
2,65536,true,max_i64,2,43,3,enum_static,351.619186
2,65536,true,max_i64,2,43,4,bound_dynamic,370.896326
2,65536,true,max_i64,2,43,5,bound_static,353.417651
2,65536,true,max_i64,3,43,0,after,352.298465
2,65536,true,max_i64,3,43,1,enum_dynamic,372.617256
2,65536,true,max_i64,3,43,2,enum_static,352.285837
2,65536,true,max_i64,3,43,3,bound_dynamic,370.951535
2,65536,true,max_i64,3,43,4,bound_static,353.493233
2,65536,true,max_i64,3,43,5,before,367.214140
2,65536,true,max_i64,4,43,0,enum_dynamic,372.040698
2,65536,true,max_i64,4,43,1,enum_static,352.042628
2,65536,true,max_i64,4,43,2,bound_dynamic,370.769372
2,65536,true,max_i64,4,43,3,bound_static,352.806209
2,65536,true,max_i64,4,43,4,before,372.626930
2,65536,true,max_i64,4,43,5,after,354.564907
2,65536,true,max_i64,5,43,0,enum_static,353.500000
2,65536,true,max_i64,5,43,1,bound_dynamic,370.640512
2,65536,true,max_i64,5,43,2,bound_static,353.399209
2,65536,true,max_i64,5,43,3,before,368.977721
2,65536,true,max_i64,5,43,4,after,352.398256
2,65536,true,max_i64,5,43,5,enum_dynamic,372.123047
2,65536,true,max_i64,6,43,0,bound_dynamic,372.038767
2,65536,true,max_i64,6,43,1,bound_static,346.889535
2,65536,true,max_i64,6,43,2,before,369.246116
2,65536,true,max_i64,6,43,3,after,352.192814
2,65536,true,max_i64,6,43,4,enum_dynamic,372.777116
2,65536,true,max_i64,6,43,5,enum_static,352.740302
2,65536,true,max_i64,7,43,0,bound_static,352.844000
2,65536,true,max_i64,7,43,1,before,368.767442
2,65536,true,max_i64,7,43,2,after,352.322674
2,65536,true,max_i64,7,43,3,enum_dynamic,371.868209
2,65536,true,max_i64,7,43,4,enum_static,353.011628
2,65536,true,max_i64,7,43,5,bound_dynamic,371.461256
2,65536,true,max_i64,8,43,0,before,370.125977
2,65536,true,max_i64,8,43,1,after,353.353698
2,65536,true,max_i64,8,43,2,enum_dynamic,372.469977
2,65536,true,max_i64,8,43,3,enum_static,353.505814
2,65536,true,max_i64,8,43,4,bound_dynamic,370.853698
2,65536,true,max_i64,8,43,5,bound_static,351.723837
2,65536,true,max_i64,9,43,0,after,351.909884
2,65536,true,max_i64,9,43,1,enum_dynamic,373.117233
2,65536,true,max_i64,9,43,2,enum_static,352.923442
2,65536,true,max_i64,9,43,3,bound_dynamic,370.390512
2,65536,true,max_i64,9,43,4,bound_static,353.182163
2,65536,true,max_i64,9,43,5,before,368.578488
2,65536,true,max_i64,10,43,0,enum_dynamic,372.501930
2,65536,true,max_i64,10,43,1,enum_static,352.167651
2,65536,true,max_i64,10,43,2,bound_dynamic,371.955419
2,65536,true,max_i64,10,43,3,bound_static,352.937023
2,65536,true,max_i64,10,43,4,before,364.941860
2,65536,true,max_i64,10,43,5,after,349.266465
2,65536,true,max_i64,11,43,0,enum_static,353.615326
2,65536,true,max_i64,11,43,1,bound_dynamic,370.989349
2,65536,true,max_i64,11,43,2,bound_static,353.166674
2,65536,true,max_i64,11,43,3,before,369.257744
2,65536,true,max_i64,11,43,4,after,352.861419
2,65536,true,max_i64,11,43,5,enum_dynamic,371.283930
2,8192,true,sum_u64,0,893,0,bound_dynamic,16.846538
2,8192,true,sum_u64,0,893,1,bound_static,16.838046
2,8192,true,sum_u64,0,893,2,before,16.836553
2,8192,true,sum_u64,0,893,3,after,16.835852
2,8192,true,sum_u64,0,893,4,enum_dynamic,16.823115
2,8192,true,sum_u64,0,893,5,enum_static,16.814016
2,8192,true,sum_u64,1,893,0,bound_static,16.829740
2,8192,true,sum_u64,1,893,1,before,16.835479
2,8192,true,sum_u64,1,893,2,after,16.818496
2,8192,true,sum_u64,1,893,3,enum_dynamic,16.856196
2,8192,true,sum_u64,1,893,4,enum_static,16.838046
2,8192,true,sum_u64,1,893,5,bound_dynamic,16.854190
2,8192,true,sum_u64,2,893,0,before,16.894363
2,8192,true,sum_u64,2,893,1,after,16.859697
2,8192,true,sum_u64,2,893,2,enum_dynamic,16.828714
2,8192,true,sum_u64,2,893,3,enum_static,16.873227
2,8192,true,sum_u64,2,893,4,bound_dynamic,16.844392
2,8192,true,sum_u64,2,893,5,bound_static,16.843412
2,8192,true,sum_u64,3,893,0,after,16.866601
2,8192,true,sum_u64,3,893,1,enum_dynamic,16.811123
2,8192,true,sum_u64,3,893,2,enum_static,16.875046
2,8192,true,sum_u64,3,893,3,bound_dynamic,16.837766
2,8192,true,sum_u64,3,893,4,bound_static,16.916200
2,8192,true,sum_u64,3,893,5,before,16.828433
2,8192,true,sum_u64,4,893,0,enum_dynamic,16.814670
2,8192,true,sum_u64,4,893,1,enum_static,16.939904
2,8192,true,sum_u64,4,893,2,bound_dynamic,16.841125
2,8192,true,sum_u64,4,893,3,bound_static,16.838232
2,8192,true,sum_u64,4,893,4,before,16.821015
2,8192,true,sum_u64,4,893,5,after,16.900616
2,8192,true,sum_u64,5,893,0,enum_static,16.876447
2,8192,true,sum_u64,5,893,1,bound_dynamic,16.833940
2,8192,true,sum_u64,5,893,2,bound_static,16.851251
2,8192,true,sum_u64,5,893,3,before,16.874114
2,8192,true,sum_u64,5,893,4,after,16.840705
2,8192,true,sum_u64,5,893,5,enum_dynamic,16.843971
2,8192,true,sum_u64,6,893,0,bound_dynamic,16.845045
2,8192,true,sum_u64,6,893,1,bound_static,16.842199
2,8192,true,sum_u64,6,893,2,before,16.881066
2,8192,true,sum_u64,6,893,3,after,16.847424
2,8192,true,sum_u64,6,893,4,enum_dynamic,16.892544
2,8192,true,sum_u64,6,893,5,enum_static,16.880459
2,8192,true,sum_u64,7,893,0,bound_static,16.860956
2,8192,true,sum_u64,7,893,1,before,16.845465
2,8192,true,sum_u64,7,893,2,after,16.891797
2,8192,true,sum_u64,7,893,3,enum_dynamic,16.830814
2,8192,true,sum_u64,7,893,4,enum_static,16.808745
2,8192,true,sum_u64,7,893,5,bound_dynamic,16.862682
2,8192,true,sum_u64,8,893,0,before,16.823815
2,8192,true,sum_u64,8,893,1,after,16.885358
2,8192,true,sum_u64,8,893,2,enum_dynamic,16.811030
2,8192,true,sum_u64,8,893,3,enum_static,16.873180
2,8192,true,sum_u64,8,893,4,bound_dynamic,16.866555
2,8192,true,sum_u64,8,893,5,bound_static,16.877240
2,8192,true,sum_u64,9,893,0,after,16.834314
2,8192,true,sum_u64,9,893,1,enum_dynamic,16.862356
2,8192,true,sum_u64,9,893,2,enum_static,16.839026
2,8192,true,sum_u64,9,893,3,bound_dynamic,16.819475
2,8192,true,sum_u64,9,893,4,bound_static,16.924972
2,8192,true,sum_u64,9,893,5,before,16.884006
2,8192,true,sum_u64,10,893,0,enum_dynamic,17.024962
2,8192,true,sum_u64,10,893,1,enum_static,16.728583
2,8192,true,sum_u64,10,893,2,bound_dynamic,16.884798
2,8192,true,sum_u64,10,893,3,bound_static,16.839493
2,8192,true,sum_u64,10,893,4,before,16.902856
2,8192,true,sum_u64,10,893,5,after,16.831981
2,8192,true,sum_u64,11,893,0,enum_static,16.818215
2,8192,true,sum_u64,11,893,1,bound_dynamic,16.819662
2,8192,true,sum_u64,11,893,2,bound_static,16.831561
2,8192,true,sum_u64,11,893,3,before,16.840985
2,8192,true,sum_u64,11,893,4,after,16.826008
2,8192,true,sum_u64,11,893,5,enum_dynamic,16.829087
2,8192,true,covar_i64,0,444,0,bound_dynamic,33.829673
2,8192,true,covar_i64,0,444,1,bound_static,33.821977
2,8192,true,covar_i64,0,444,2,before,34.732640
2,8192,true,covar_i64,0,444,3,after,33.853698
2,8192,true,covar_i64,0,444,4,enum_dynamic,33.870401
2,8192,true,covar_i64,0,444,5,enum_static,33.925676
2,8192,true,covar_i64,1,444,0,bound_static,33.811092
2,8192,true,covar_i64,1,444,1,before,34.650056
2,8192,true,covar_i64,1,444,2,after,33.849007
2,8192,true,covar_i64,1,444,3,enum_dynamic,33.924550
2,8192,true,covar_i64,1,444,4,enum_static,33.863270
2,8192,true,covar_i64,1,444,5,bound_dynamic,33.956455
2,8192,true,covar_i64,2,444,0,before,34.544295
2,8192,true,covar_i64,2,444,1,after,33.938532
2,8192,true,covar_i64,2,444,2,enum_dynamic,33.878097
2,8192,true,covar_i64,2,444,3,enum_static,33.882133
2,8192,true,covar_i64,2,444,4,bound_dynamic,34.171077
2,8192,true,covar_i64,2,444,5,bound_static,33.867493
2,8192,true,covar_i64,3,444,0,after,33.960867
2,8192,true,covar_i64,3,444,1,enum_dynamic,33.862331
2,8192,true,covar_i64,3,444,2,enum_static,33.935998
2,8192,true,covar_i64,3,444,3,bound_dynamic,33.922673
2,8192,true,covar_i64,3,444,4,bound_static,33.918356
2,8192,true,covar_i64,3,444,5,before,35.174736
2,8192,true,covar_i64,4,444,0,enum_dynamic,34.049831
2,8192,true,covar_i64,4,444,1,enum_static,33.866741
2,8192,true,covar_i64,4,444,2,bound_dynamic,33.850881
2,8192,true,covar_i64,4,444,3,bound_static,33.922484
2,8192,true,covar_i64,4,444,4,before,34.561561
2,8192,true,covar_i64,4,444,5,after,33.954297
2,8192,true,covar_i64,5,444,0,enum_static,33.890579
2,8192,true,covar_i64,5,444,1,bound_dynamic,33.923986
2,8192,true,covar_i64,5,444,2,bound_static,33.875658
2,8192,true,covar_i64,5,444,3,before,34.708802
2,8192,true,covar_i64,5,444,4,after,33.876221
2,8192,true,covar_i64,5,444,5,enum_dynamic,33.945196
2,8192,true,covar_i64,6,444,0,bound_dynamic,33.837556
2,8192,true,covar_i64,6,444,1,bound_static,33.831081
2,8192,true,covar_i64,6,444,2,before,34.661036
2,8192,true,covar_i64,6,444,3,after,33.801615
2,8192,true,covar_i64,6,444,4,enum_dynamic,33.841687
2,8192,true,covar_i64,6,444,5,enum_static,33.908034
2,8192,true,covar_i64,7,444,0,bound_static,33.933745
2,8192,true,covar_i64,7,444,1,before,34.607264
2,8192,true,covar_i64,7,444,2,after,33.883822
2,8192,true,covar_i64,7,444,3,enum_dynamic,33.859045
2,8192,true,covar_i64,7,444,4,enum_static,33.923047
2,8192,true,covar_i64,7,444,5,bound_dynamic,33.911975
2,8192,true,covar_i64,8,444,0,before,34.547205
2,8192,true,covar_i64,8,444,1,after,34.001313
2,8192,true,covar_i64,8,444,2,enum_dynamic,33.825074
2,8192,true,covar_i64,8,444,3,enum_static,34.216779
2,8192,true,covar_i64,8,444,4,bound_dynamic,33.847128
2,8192,true,covar_i64,8,444,5,bound_static,33.934685
2,8192,true,covar_i64,9,444,0,after,33.876408
2,8192,true,covar_i64,9,444,1,enum_dynamic,33.918919
2,8192,true,covar_i64,9,444,2,enum_static,33.895365
2,8192,true,covar_i64,9,444,3,bound_dynamic,33.876126
2,8192,true,covar_i64,9,444,4,bound_static,34.356606
2,8192,true,covar_i64,9,444,5,before,34.549360
2,8192,true,covar_i64,10,444,0,enum_dynamic,33.900714
2,8192,true,covar_i64,10,444,1,enum_static,33.859703
2,8192,true,covar_i64,10,444,2,bound_dynamic,33.869369
2,8192,true,covar_i64,10,444,3,bound_static,33.882601
2,8192,true,covar_i64,10,444,4,before,34.609890
2,8192,true,covar_i64,10,444,5,after,33.871432
2,8192,true,covar_i64,11,444,0,enum_static,33.916854
2,8192,true,covar_i64,11,444,1,bound_dynamic,33.863081
2,8192,true,covar_i64,11,444,2,bound_static,33.943507
2,8192,true,covar_i64,11,444,3,before,34.553586
2,8192,true,covar_i64,11,444,4,after,33.887011
2,8192,true,covar_i64,11,444,5,enum_dynamic,34.035660
2,8192,true,max_utf8,0,139,0,bound_dynamic,109.713734
2,8192,true,max_utf8,0,139,1,bound_static,107.419065
2,8192,true,max_utf8,0,139,2,before,108.695748
2,8192,true,max_utf8,0,139,3,after,106.084532
2,8192,true,max_utf8,0,139,4,enum_dynamic,110.796763
2,8192,true,max_utf8,0,139,5,enum_static,108.672964
2,8192,true,max_utf8,1,139,0,bound_static,107.417266
2,8192,true,max_utf8,1,139,1,before,109.726921
2,8192,true,max_utf8,1,139,2,after,107.175360
2,8192,true,max_utf8,1,139,3,enum_dynamic,108.259892
2,8192,true,max_utf8,1,139,4,enum_static,106.857612
2,8192,true,max_utf8,1,139,5,bound_dynamic,108.851014
2,8192,true,max_utf8,2,139,0,before,109.340525
2,8192,true,max_utf8,2,139,1,after,108.090827
2,8192,true,max_utf8,2,139,2,enum_dynamic,110.774583
2,8192,true,max_utf8,2,139,3,enum_static,108.716129
2,8192,true,max_utf8,2,139,4,bound_dynamic,109.247000
2,8192,true,max_utf8,2,139,5,bound_static,108.012590
2,8192,true,max_utf8,3,139,0,after,107.822842
2,8192,true,max_utf8,3,139,1,enum_dynamic,111.055158
2,8192,true,max_utf8,3,139,2,enum_static,106.879194
2,8192,true,max_utf8,3,139,3,bound_dynamic,110.747604
2,8192,true,max_utf8,3,139,4,bound_static,107.430158
2,8192,true,max_utf8,3,139,5,before,109.429554
2,8192,true,max_utf8,4,139,0,enum_dynamic,111.256295
2,8192,true,max_utf8,4,139,1,enum_static,108.419964
2,8192,true,max_utf8,4,139,2,bound_dynamic,110.119906
2,8192,true,max_utf8,4,139,3,bound_static,107.991604
2,8192,true,max_utf8,4,139,4,before,109.211935
2,8192,true,max_utf8,4,139,5,after,108.835734
2,8192,true,max_utf8,5,139,0,enum_static,107.789568
2,8192,true,max_utf8,5,139,1,bound_dynamic,109.801856
2,8192,true,max_utf8,5,139,2,bound_static,108.705036
2,8192,true,max_utf8,5,139,3,before,110.640590
2,8192,true,max_utf8,5,139,4,after,109.115712
2,8192,true,max_utf8,5,139,5,enum_dynamic,110.673863
2,8192,true,max_utf8,6,139,0,bound_dynamic,110.335137
2,8192,true,max_utf8,6,139,1,bound_static,108.562950
2,8192,true,max_utf8,6,139,2,before,108.097719
2,8192,true,max_utf8,6,139,3,after,107.665165
2,8192,true,max_utf8,6,139,4,enum_dynamic,109.757194
2,8192,true,max_utf8,6,139,5,enum_static,105.672662
2,8192,true,max_utf8,7,139,0,bound_static,105.803058
2,8192,true,max_utf8,7,139,1,before,109.217029
2,8192,true,max_utf8,7,139,2,after,104.790165
2,8192,true,max_utf8,7,139,3,enum_dynamic,110.422964
2,8192,true,max_utf8,7,139,4,enum_static,108.269784
2,8192,true,max_utf8,7,139,5,bound_dynamic,111.190345
2,8192,true,max_utf8,8,139,0,before,109.857612
2,8192,true,max_utf8,8,139,1,after,109.093827
2,8192,true,max_utf8,8,139,2,enum_dynamic,110.488309
2,8192,true,max_utf8,8,139,3,enum_static,108.045266
2,8192,true,max_utf8,8,139,4,bound_dynamic,110.540165
2,8192,true,max_utf8,8,139,5,bound_static,107.991007
2,8192,true,max_utf8,9,139,0,after,109.150180
2,8192,true,max_utf8,9,139,1,enum_dynamic,110.360014
2,8192,true,max_utf8,9,139,2,enum_static,108.044065
2,8192,true,max_utf8,9,139,3,bound_dynamic,110.351619
2,8192,true,max_utf8,9,139,4,bound_static,107.339928
2,8192,true,max_utf8,9,139,5,before,109.316245
2,8192,true,max_utf8,10,139,0,enum_dynamic,110.495209
2,8192,true,max_utf8,10,139,1,enum_static,107.610612
2,8192,true,max_utf8,10,139,2,bound_dynamic,110.767683
2,8192,true,max_utf8,10,139,3,bound_static,107.773381
2,8192,true,max_utf8,10,139,4,before,109.301259
2,8192,true,max_utf8,10,139,5,after,107.847719
2,8192,true,max_utf8,11,139,0,enum_static,108.115705
2,8192,true,max_utf8,11,139,1,bound_dynamic,111.692144
2,8192,true,max_utf8,11,139,2,bound_static,106.200842
2,8192,true,max_utf8,11,139,3,before,108.154676
2,8192,true,max_utf8,11,139,4,after,107.105511
2,8192,true,max_utf8,11,139,5,enum_dynamic,111.005094
2,65536,true,avg_i64,0,109,0,bound_dynamic,139.715220
2,65536,true,avg_i64,0,109,1,bound_static,138.803899
2,65536,true,avg_i64,0,109,2,before,156.098624
2,65536,true,avg_i64,0,109,3,after,138.936541
2,65536,true,avg_i64,0,109,4,enum_dynamic,139.283642
2,65536,true,avg_i64,0,109,5,enum_static,139.826835
2,65536,true,avg_i64,1,109,0,bound_static,139.093275
2,65536,true,avg_i64,1,109,1,before,156.077220
2,65536,true,avg_i64,1,109,2,after,139.186927
2,65536,true,avg_i64,1,109,3,enum_dynamic,138.913615
2,65536,true,avg_i64,1,109,4,enum_static,139.019495
2,65536,true,avg_i64,1,109,5,bound_dynamic,139.201835
2,65536,true,avg_i64,2,109,0,before,156.110477
2,65536,true,avg_i64,2,109,1,after,140.213688
2,65536,true,avg_i64,2,109,2,enum_dynamic,138.764523
2,65536,true,avg_i64,2,109,3,enum_static,139.250761
2,65536,true,avg_i64,2,109,4,bound_dynamic,139.060780
2,65536,true,avg_i64,2,109,5,bound_static,139.470183
2,65536,true,avg_i64,3,109,0,after,139.084477
2,65536,true,avg_i64,3,109,1,enum_dynamic,139.003055
2,65536,true,avg_i64,3,109,2,enum_static,138.508798
2,65536,true,avg_i64,3,109,3,bound_dynamic,138.540523
2,65536,true,avg_i64,3,109,4,bound_static,138.527147
2,65536,true,avg_i64,3,109,5,before,156.074541
2,65536,true,avg_i64,4,109,0,enum_dynamic,139.321862
2,65536,true,avg_i64,4,109,1,enum_static,139.020642
2,65536,true,avg_i64,4,109,2,bound_dynamic,139.163229
2,65536,true,avg_i64,4,109,3,bound_static,138.814982
2,65536,true,avg_i64,4,109,4,before,156.501532
2,65536,true,avg_i64,4,109,5,after,139.224009
2,65536,true,avg_i64,5,109,0,enum_static,139.067661
2,65536,true,avg_i64,5,109,1,bound_dynamic,138.952982
2,65536,true,avg_i64,5,109,2,bound_static,138.924697
2,65536,true,avg_i64,5,109,3,before,158.374615
2,65536,true,avg_i64,5,109,4,after,140.008404
2,65536,true,avg_i64,5,109,5,enum_dynamic,138.942661
2,65536,true,avg_i64,6,109,0,bound_dynamic,139.597477
2,65536,true,avg_i64,6,109,1,bound_static,139.219807
2,65536,true,avg_i64,6,109,2,before,156.407872
2,65536,true,avg_i64,6,109,3,after,138.957183
2,65536,true,avg_i64,6,109,4,enum_dynamic,138.528284
2,65536,true,avg_i64,6,109,5,enum_static,138.712541
2,65536,true,avg_i64,7,109,0,bound_static,138.819193
2,65536,true,avg_i64,7,109,1,before,155.811550
2,65536,true,avg_i64,7,109,2,after,138.681954
2,65536,true,avg_i64,7,109,3,enum_dynamic,138.596716
2,65536,true,avg_i64,7,109,4,enum_static,138.569569
2,65536,true,avg_i64,7,109,5,bound_dynamic,138.779046
2,65536,true,avg_i64,8,109,0,before,157.165899
2,65536,true,avg_i64,8,109,1,after,138.959101
2,65536,true,avg_i64,8,109,2,enum_dynamic,138.706037
2,65536,true,avg_i64,8,109,3,enum_static,139.200312
2,65536,true,avg_i64,8,109,4,bound_dynamic,139.373853
2,65536,true,avg_i64,8,109,5,bound_static,138.937688
2,65536,true,avg_i64,9,109,0,after,138.818422
2,65536,true,avg_i64,9,109,1,enum_dynamic,139.095954
2,65536,true,avg_i64,9,109,2,enum_static,138.723624
2,65536,true,avg_i64,9,109,3,bound_dynamic,138.881110
2,65536,true,avg_i64,9,109,4,bound_static,139.087927
2,65536,true,avg_i64,9,109,5,before,156.127294
2,65536,true,avg_i64,10,109,0,enum_dynamic,139.049697
2,65536,true,avg_i64,10,109,1,enum_static,139.040138
2,65536,true,avg_i64,10,109,2,bound_dynamic,138.915908
2,65536,true,avg_i64,10,109,3,bound_static,140.666661
2,65536,true,avg_i64,10,109,4,before,156.061550
2,65536,true,avg_i64,10,109,5,after,139.025991
2,65536,true,avg_i64,11,109,0,enum_static,139.290523
2,65536,true,avg_i64,11,109,1,bound_dynamic,139.517202
2,65536,true,avg_i64,11,109,2,bound_static,138.762239
2,65536,true,avg_i64,11,109,3,before,157.674312
2,65536,true,avg_i64,11,109,4,after,138.191514
2,65536,true,avg_i64,11,109,5,enum_dynamic,139.715982
