process,rows,nullable,case,sample,iterations,position,variant,us_per_batch
1,128,true,max_utf8,0,7481,0,enum_static,1.998986
1,128,true,max_utf8,0,7481,1,bound_dynamic,2.036247
1,128,true,max_utf8,0,7481,2,bound_static,1.987379
1,128,true,max_utf8,0,7481,3,before,2.005375
1,128,true,max_utf8,0,7481,4,after,2.003375
1,128,true,max_utf8,0,7481,5,enum_dynamic,2.042229
1,128,true,max_utf8,1,7481,0,bound_dynamic,2.029781
1,128,true,max_utf8,1,7481,1,bound_static,1.993578
1,128,true,max_utf8,1,7481,2,before,2.002044
1,128,true,max_utf8,1,7481,3,after,1.992681
1,128,true,max_utf8,1,7481,4,enum_dynamic,2.033190
1,128,true,max_utf8,1,7481,5,enum_static,1.989796
1,128,true,max_utf8,2,7481,0,bound_static,1.996252
1,128,true,max_utf8,2,7481,1,before,2.004963
1,128,true,max_utf8,2,7481,2,after,1.999410
1,128,true,max_utf8,2,7481,3,enum_dynamic,2.041082
1,128,true,max_utf8,2,7481,4,enum_static,1.994402
1,128,true,max_utf8,2,7481,5,bound_dynamic,2.031029
1,128,true,max_utf8,3,7481,0,before,2.066285
1,128,true,max_utf8,3,7481,1,after,1.996252
1,128,true,max_utf8,3,7481,2,enum_dynamic,2.057618
1,128,true,max_utf8,3,7481,3,enum_static,2.017611
1,128,true,max_utf8,3,7481,4,bound_dynamic,2.022841
1,128,true,max_utf8,3,7481,5,bound_static,1.993422
1,128,true,max_utf8,4,7481,0,after,2.005754
1,128,true,max_utf8,4,7481,1,enum_dynamic,2.050472
1,128,true,max_utf8,4,7481,2,enum_static,1.988671
1,128,true,max_utf8,4,7481,3,bound_dynamic,2.026456
1,128,true,max_utf8,4,7481,4,bound_static,1.988198
1,128,true,max_utf8,4,7481,5,before,1.999688
1,128,true,max_utf8,5,7481,0,enum_dynamic,2.068217
1,128,true,max_utf8,5,7481,1,enum_static,1.995901
1,128,true,max_utf8,5,7481,2,bound_dynamic,2.025615
1,128,true,max_utf8,5,7481,3,bound_static,1.991311
1,128,true,max_utf8,5,7481,4,before,2.008444
1,128,true,max_utf8,5,7481,5,after,1.992180
1,128,true,max_utf8,6,7481,0,enum_static,2.004495
1,128,true,max_utf8,6,7481,1,bound_dynamic,2.028934
1,128,true,max_utf8,6,7481,2,bound_static,1.995127
1,128,true,max_utf8,6,7481,3,before,2.006361
1,128,true,max_utf8,6,7481,4,after,2.001615
1,128,true,max_utf8,6,7481,5,enum_dynamic,2.042563
1,128,true,max_utf8,7,7481,0,bound_dynamic,2.039901
1,128,true,max_utf8,7,7481,1,bound_static,2.004589
1,128,true,max_utf8,7,7481,2,before,2.011423
1,128,true,max_utf8,7,7481,3,after,2.000891
1,128,true,max_utf8,7,7481,4,enum_dynamic,2.039500
1,128,true,max_utf8,7,7481,5,enum_static,1.993996
1,128,true,max_utf8,8,7481,0,bound_static,1.995477
1,128,true,max_utf8,8,7481,1,before,1.998535
1,128,true,max_utf8,8,7481,2,after,1.997404
1,128,true,max_utf8,8,7481,3,enum_dynamic,2.039929
1,128,true,max_utf8,8,7481,4,enum_static,1.995555
1,128,true,max_utf8,8,7481,5,bound_dynamic,2.029519
1,128,true,max_utf8,9,7481,0,before,2.083317
1,128,true,max_utf8,9,7481,1,after,2.043560
1,128,true,max_utf8,9,7481,2,enum_dynamic,2.041561
1,128,true,max_utf8,9,7481,3,enum_static,1.990732
1,128,true,max_utf8,9,7481,4,bound_dynamic,2.028779
1,128,true,max_utf8,9,7481,5,bound_static,1.988398
1,128,true,max_utf8,10,7481,0,after,2.002646
1,128,true,max_utf8,10,7481,1,enum_dynamic,2.037751
1,128,true,max_utf8,10,7481,2,enum_static,1.991818
1,128,true,max_utf8,10,7481,3,bound_dynamic,2.032516
1,128,true,max_utf8,10,7481,4,bound_static,1.991116
1,128,true,max_utf8,10,7481,5,before,2.009463
1,128,true,max_utf8,11,7481,0,enum_dynamic,2.078232
1,128,true,max_utf8,11,7481,1,enum_static,1.997193
1,128,true,max_utf8,11,7481,2,bound_dynamic,2.030455
1,128,true,max_utf8,11,7481,3,bound_static,1.994185
1,128,true,max_utf8,11,7481,4,before,2.020480
1,128,true,max_utf8,11,7481,5,after,2.003966
1,65536,false,min_i64,0,48,0,enum_static,315.480042
1,65536,false,min_i64,0,48,1,bound_dynamic,355.007812
1,65536,false,min_i64,0,48,2,bound_static,314.780375
1,65536,false,min_i64,0,48,3,before,338.511292
1,65536,false,min_i64,0,48,4,after,321.973958
1,65536,false,min_i64,0,48,5,enum_dynamic,356.302937
1,65536,false,min_i64,1,48,0,bound_dynamic,357.379333
1,65536,false,min_i64,1,48,1,bound_static,316.500854
1,65536,false,min_i64,1,48,2,before,334.320312
1,65536,false,min_i64,1,48,3,after,315.241312
1,65536,false,min_i64,1,48,4,enum_dynamic,353.754333
1,65536,false,min_i64,1,48,5,enum_static,314.846354
1,65536,false,min_i64,2,48,0,bound_static,315.795125
1,65536,false,min_i64,2,48,1,before,335.957479
1,65536,false,min_i64,2,48,2,after,313.205729
1,65536,false,min_i64,2,48,3,enum_dynamic,354.074646
1,65536,false,min_i64,2,48,4,enum_static,317.133667
1,65536,false,min_i64,2,48,5,bound_dynamic,352.290792
1,65536,false,min_i64,3,48,0,before,335.977438
1,65536,false,min_i64,3,48,1,after,312.482625
1,65536,false,min_i64,3,48,2,enum_dynamic,358.746542
1,65536,false,min_i64,3,48,3,enum_static,316.278646
1,65536,false,min_i64,3,48,4,bound_dynamic,361.155396
1,65536,false,min_i64,3,48,5,bound_static,315.516500
1,65536,false,min_i64,4,48,0,after,320.060771
1,65536,false,min_i64,4,48,1,enum_dynamic,376.749125
1,65536,false,min_i64,4,48,2,enum_static,314.077250
1,65536,false,min_i64,4,48,3,bound_dynamic,371.700521
1,65536,false,min_i64,4,48,4,bound_static,318.715292
1,65536,false,min_i64,4,48,5,before,337.771708
1,65536,false,min_i64,5,48,0,enum_dynamic,354.596354
1,65536,false,min_i64,5,48,1,enum_static,313.579854
1,65536,false,min_i64,5,48,2,bound_dynamic,350.338542
1,65536,false,min_i64,5,48,3,bound_static,314.598083
1,65536,false,min_i64,5,48,4,before,337.018229
1,65536,false,min_i64,5,48,5,after,314.894958
1,65536,false,min_i64,6,48,0,enum_static,314.467021
1,65536,false,min_i64,6,48,1,bound_dynamic,360.238729
1,65536,false,min_i64,6,48,2,bound_static,315.171875
1,65536,false,min_i64,6,48,3,before,335.842021
1,65536,false,min_i64,6,48,4,after,320.656250
1,65536,false,min_i64,6,48,5,enum_dynamic,352.879333
1,65536,false,min_i64,7,48,0,bound_dynamic,356.810771
1,65536,false,min_i64,7,48,1,bound_static,313.848104
1,65536,false,min_i64,7,48,2,before,336.522562
1,65536,false,min_i64,7,48,3,after,317.898438
1,65536,false,min_i64,7,48,4,enum_dynamic,352.259542
1,65536,false,min_i64,7,48,5,enum_static,316.175354
1,65536,false,min_i64,8,48,0,bound_static,317.676208
1,65536,false,min_i64,8,48,1,before,340.436625
1,65536,false,min_i64,8,48,2,after,317.568583
1,65536,false,min_i64,8,48,3,enum_dynamic,354.519104
1,65536,false,min_i64,8,48,4,enum_static,317.282979
1,65536,false,min_i64,8,48,5,bound_dynamic,357.022563
1,65536,false,min_i64,9,48,0,before,340.744792
1,65536,false,min_i64,9,48,1,after,317.251729
1,65536,false,min_i64,9,48,2,enum_dynamic,353.585062
1,65536,false,min_i64,9,48,3,enum_static,315.256937
1,65536,false,min_i64,9,48,4,bound_dynamic,356.228292
1,65536,false,min_i64,9,48,5,bound_static,318.119792
1,65536,false,min_i64,10,48,0,after,315.525167
1,65536,false,min_i64,10,48,1,enum_dynamic,353.256083
1,65536,false,min_i64,10,48,2,enum_static,314.881063
1,65536,false,min_i64,10,48,3,bound_dynamic,353.399313
1,65536,false,min_i64,10,48,4,bound_static,317.513021
1,65536,false,min_i64,10,48,5,before,336.946167
1,65536,false,min_i64,11,48,0,enum_dynamic,353.634563
1,65536,false,min_i64,11,48,1,enum_static,330.915792
1,65536,false,min_i64,11,48,2,bound_dynamic,354.705729
1,65536,false,min_i64,11,48,3,bound_static,323.000854
1,65536,false,min_i64,11,48,4,before,336.684021
1,65536,false,min_i64,11,48,5,after,314.539938
1,65536,false,min_utf8,0,21,0,enum_static,716.361143
1,65536,false,min_utf8,0,21,1,bound_dynamic,767.117048
1,65536,false,min_utf8,0,21,2,bound_static,717.367095
1,65536,false,min_utf8,0,21,3,before,736.932524
1,65536,false,min_utf8,0,21,4,after,717.244048
1,65536,false,min_utf8,0,21,5,enum_dynamic,756.168619
1,65536,false,min_utf8,1,21,0,bound_dynamic,756.547619
1,65536,false,min_utf8,1,21,1,bound_static,715.924619
1,65536,false,min_utf8,1,21,2,before,737.720238
1,65536,false,min_utf8,1,21,3,after,714.789714
1,65536,false,min_utf8,1,21,4,enum_dynamic,753.123000
1,65536,false,min_utf8,1,21,5,enum_static,714.011905
1,65536,false,min_utf8,2,21,0,bound_static,714.093238
1,65536,false,min_utf8,2,21,1,before,734.531762
1,65536,false,min_utf8,2,21,2,after,715.605143
1,65536,false,min_utf8,2,21,3,enum_dynamic,756.474190
1,65536,false,min_utf8,2,21,4,enum_static,718.035714
1,65536,false,min_utf8,2,21,5,bound_dynamic,775.311524
1,65536,false,min_utf8,3,21,0,before,737.349190
1,65536,false,min_utf8,3,21,1,after,717.803571
1,65536,false,min_utf8,3,21,2,enum_dynamic,758.049619
1,65536,false,min_utf8,3,21,3,enum_static,716.253952
1,65536,false,min_utf8,3,21,4,bound_dynamic,755.089286
1,65536,false,min_utf8,3,21,5,bound_static,718.656762
1,65536,false,min_utf8,4,21,0,after,717.611095
1,65536,false,min_utf8,4,21,1,enum_dynamic,758.331333
1,65536,false,min_utf8,4,21,2,enum_static,717.083333
1,65536,false,min_utf8,4,21,3,bound_dynamic,754.650762
1,65536,false,min_utf8,4,21,4,bound_static,717.672619
1,65536,false,min_utf8,4,21,5,before,736.698429
1,65536,false,min_utf8,5,21,0,enum_dynamic,756.875000
1,65536,false,min_utf8,5,21,1,enum_static,724.720238
1,65536,false,min_utf8,5,21,2,bound_dynamic,768.101190
1,65536,false,min_utf8,5,21,3,bound_static,715.400810
1,65536,false,min_utf8,5,21,4,before,738.571429
1,65536,false,min_utf8,5,21,5,after,725.182571
1,65536,false,min_utf8,6,21,0,enum_static,722.281714
1,65536,false,min_utf8,6,21,1,bound_dynamic,754.478190
1,65536,false,min_utf8,6,21,2,bound_static,715.853190
1,65536,false,min_utf8,6,21,3,before,740.093238
1,65536,false,min_utf8,6,21,4,after,715.351190
1,65536,false,min_utf8,6,21,5,enum_dynamic,758.007952
1,65536,false,min_utf8,7,21,0,bound_dynamic,755.498048
1,65536,false,min_utf8,7,21,1,bound_static,717.174619
1,65536,false,min_utf8,7,21,2,before,764.619048
1,65536,false,min_utf8,7,21,3,after,718.632905
1,65536,false,min_utf8,7,21,4,enum_dynamic,757.315476
1,65536,false,min_utf8,7,21,5,enum_static,724.051619
1,65536,false,min_utf8,8,21,0,bound_static,720.267857
1,65536,false,min_utf8,8,21,1,before,736.853190
1,65536,false,min_utf8,8,21,2,after,716.311524
1,65536,false,min_utf8,8,21,3,enum_dynamic,756.750000
1,65536,false,min_utf8,8,21,4,enum_static,715.958333
1,65536,false,min_utf8,8,21,5,bound_dynamic,753.601190
1,65536,false,min_utf8,9,21,0,before,735.063524
1,65536,false,min_utf8,9,21,1,after,714.615095
1,65536,false,min_utf8,9,21,2,enum_dynamic,756.371000
1,65536,false,min_utf8,9,21,3,enum_static,714.503952
1,65536,false,min_utf8,9,21,4,bound_dynamic,752.976190
1,65536,false,min_utf8,9,21,5,bound_static,714.196429
1,65536,false,min_utf8,10,21,0,after,714.311476
1,65536,false,min_utf8,10,21,1,enum_dynamic,754.198429
1,65536,false,min_utf8,10,21,2,enum_static,717.428571
1,65536,false,min_utf8,10,21,3,bound_dynamic,753.390905
1,65536,false,min_utf8,10,21,4,bound_static,716.509905
1,65536,false,min_utf8,10,21,5,before,740.702381
1,65536,false,min_utf8,11,21,0,enum_dynamic,756.710286
1,65536,false,min_utf8,11,21,1,enum_static,717.589286
1,65536,false,min_utf8,11,21,2,bound_dynamic,754.400810
1,65536,false,min_utf8,11,21,3,bound_static,717.803571
1,65536,false,min_utf8,11,21,4,before,750.569429
1,65536,false,min_utf8,11,21,5,after,719.007952
1,8192,true,covar_i64,0,453,0,enum_static,33.385947
1,8192,true,covar_i64,0,453,1,bound_dynamic,33.371044
1,8192,true,covar_i64,0,453,2,bound_static,33.922185
1,8192,true,covar_i64,0,453,3,before,34.626746
1,8192,true,covar_i64,0,453,4,after,33.903698
1,8192,true,covar_i64,0,453,5,enum_dynamic,33.347038
1,8192,true,covar_i64,1,453,0,bound_dynamic,33.233812
1,8192,true,covar_i64,1,453,1,bound_static,33.564570
1,8192,true,covar_i64,1,453,2,before,35.366631
1,8192,true,covar_i64,1,453,3,after,33.665377
1,8192,true,covar_i64,1,453,4,enum_dynamic,33.358627
1,8192,true,covar_i64,1,453,5,enum_static,33.887600
1,8192,true,covar_i64,2,453,0,bound_static,33.918506
1,8192,true,covar_i64,2,453,1,before,34.647720
1,8192,true,covar_i64,2,453,2,after,33.892384
1,8192,true,covar_i64,2,453,3,enum_dynamic,34.044609
1,8192,true,covar_i64,2,453,4,enum_static,33.872792
1,8192,true,covar_i64,2,453,5,bound_dynamic,33.905260
1,8192,true,covar_i64,3,453,0,before,34.637600
1,8192,true,covar_i64,3,453,1,after,33.886038
1,8192,true,covar_i64,3,453,2,enum_dynamic,33.939294
1,8192,true,covar_i64,3,453,3,enum_static,33.917494
1,8192,true,covar_i64,3,453,4,bound_dynamic,33.988687
1,8192,true,covar_i64,3,453,5,bound_static,33.972313
1,8192,true,covar_i64,4,453,0,after,34.117642
1,8192,true,covar_i64,4,453,1,enum_dynamic,33.921358
1,8192,true,covar_i64,4,453,2,enum_static,33.940673
1,8192,true,covar_i64,4,453,3,bound_dynamic,33.939845
1,8192,true,covar_i64,4,453,4,bound_static,33.675865
1,8192,true,covar_i64,4,453,5,before,34.200974
1,8192,true,covar_i64,5,453,0,enum_dynamic,33.972499
1,8192,true,covar_i64,5,453,1,enum_static,34.251748
1,8192,true,covar_i64,5,453,2,bound_dynamic,33.909216
1,8192,true,covar_i64,5,453,3,bound_static,33.998987
1,8192,true,covar_i64,5,453,4,before,34.647810
1,8192,true,covar_i64,5,453,5,after,34.046634
1,8192,true,covar_i64,6,453,0,enum_static,34.059879
1,8192,true,covar_i64,6,453,1,bound_dynamic,33.692698
1,8192,true,covar_i64,6,453,2,bound_static,33.283296
1,8192,true,covar_i64,6,453,3,before,34.317143
1,8192,true,covar_i64,6,453,4,after,33.957598
1,8192,true,covar_i64,6,453,5,enum_dynamic,34.062179
1,8192,true,covar_i64,7,453,0,bound_dynamic,33.916298
1,8192,true,covar_i64,7,453,1,bound_static,33.862859
1,8192,true,covar_i64,7,453,2,before,34.698583
1,8192,true,covar_i64,7,453,3,after,33.884013
1,8192,true,covar_i64,7,453,4,enum_dynamic,33.865985
1,8192,true,covar_i64,7,453,5,enum_static,33.913079
1,8192,true,covar_i64,8,453,0,bound_static,33.913724
1,8192,true,covar_i64,8,453,1,before,34.317698
1,8192,true,covar_i64,8,453,2,after,33.316870
1,8192,true,covar_i64,8,453,3,enum_dynamic,33.945364
1,8192,true,covar_i64,8,453,4,enum_static,33.913815
1,8192,true,covar_i64,8,453,5,bound_dynamic,33.988687
1,8192,true,covar_i64,9,453,0,before,34.692329
1,8192,true,covar_i64,9,453,1,after,33.922185
1,8192,true,covar_i64,9,453,2,enum_dynamic,33.964311
1,8192,true,covar_i64,9,453,3,enum_static,34.043506
1,8192,true,covar_i64,9,453,4,bound_dynamic,33.900479
1,8192,true,covar_i64,9,453,5,bound_static,34.046909
1,8192,true,covar_i64,10,453,0,after,33.921817
1,8192,true,covar_i64,10,453,1,enum_dynamic,34.073307
1,8192,true,covar_i64,10,453,2,enum_static,33.935982
1,8192,true,covar_i64,10,453,3,bound_dynamic,34.033203
1,8192,true,covar_i64,10,453,4,bound_static,33.963667
1,8192,true,covar_i64,10,453,5,before,34.659216
1,8192,true,covar_i64,11,453,0,enum_dynamic,34.263890
1,8192,true,covar_i64,11,453,1,enum_static,33.383278
1,8192,true,covar_i64,11,453,2,bound_dynamic,33.303993
1,8192,true,covar_i64,11,453,3,bound_static,33.596947
1,8192,true,covar_i64,11,453,4,before,34.368744
1,8192,true,covar_i64,11,453,5,after,33.634199
1,8192,true,sum_i64,0,892,0,enum_static,16.870656
1,8192,true,sum_i64,0,892,1,bound_dynamic,16.945814
1,8192,true,sum_i64,0,892,2,bound_static,16.584595
1,8192,true,sum_i64,0,892,3,before,16.532744
1,8192,true,sum_i64,0,892,4,after,16.774290
1,8192,true,sum_i64,0,892,5,enum_dynamic,16.841461
1,8192,true,sum_i64,1,892,0,bound_dynamic,16.925682
1,8192,true,sum_i64,1,892,1,bound_static,16.873552
1,8192,true,sum_i64,1,892,2,before,16.869021
1,8192,true,sum_i64,1,892,3,after,16.858791
1,8192,true,sum_i64,1,892,4,enum_dynamic,16.898870
1,8192,true,sum_i64,1,892,5,enum_static,16.864536
1,8192,true,sum_i64,2,892,0,bound_static,16.872385
1,8192,true,sum_i64,2,892,1,before,16.850196
1,8192,true,sum_i64,2,892,2,after,16.844077
1,8192,true,sum_i64,2,892,3,enum_dynamic,16.893265
1,8192,true,sum_i64,2,892,4,enum_static,16.877102
1,8192,true,sum_i64,2,892,5,bound_dynamic,16.897609
1,8192,true,sum_i64,3,892,0,before,16.857436
1,8192,true,sum_i64,3,892,1,after,16.878176
1,8192,true,sum_i64,3,892,2,enum_dynamic,16.858511
1,8192,true,sum_i64,3,892,3,enum_static,16.895973
1,8192,true,sum_i64,3,892,4,bound_dynamic,16.862155
1,8192,true,sum_i64,3,892,5,bound_static,16.877009
1,8192,true,sum_i64,4,892,0,after,16.889668
1,8192,true,sum_i64,4,892,1,enum_dynamic,16.836463
1,8192,true,sum_i64,4,892,2,enum_static,16.891349
1,8192,true,sum_i64,4,892,3,bound_dynamic,16.857343
1,8192,true,sum_i64,4,892,4,bound_static,16.918442
1,8192,true,sum_i64,4,892,5,before,16.949645
1,8192,true,sum_i64,5,892,0,enum_dynamic,16.567919
1,8192,true,sum_i64,5,892,1,enum_static,16.801944
1,8192,true,sum_i64,5,892,2,bound_dynamic,16.884857
1,8192,true,sum_i64,5,892,3,bound_static,16.932688
1,8192,true,sum_i64,5,892,4,before,16.914752
1,8192,true,sum_i64,5,892,5,after,16.878643
1,8192,true,sum_i64,6,892,0,enum_static,16.838004
1,8192,true,sum_i64,6,892,1,bound_dynamic,16.855615
1,8192,true,sum_i64,6,892,2,bound_static,16.850243
1,8192,true,sum_i64,6,892,3,before,16.844917
1,8192,true,sum_i64,6,892,4,after,16.849589
1,8192,true,sum_i64,6,892,5,enum_dynamic,16.847300
1,8192,true,sum_i64,7,892,0,bound_dynamic,16.852485
1,8192,true,sum_i64,7,892,1,bound_static,16.841694
1,8192,true,sum_i64,7,892,2,before,16.835762
1,8192,true,sum_i64,7,892,3,after,16.847721
1,8192,true,sum_i64,7,892,4,enum_dynamic,16.887892
1,8192,true,sum_i64,7,892,5,enum_static,16.862248
1,8192,true,sum_i64,8,892,0,bound_static,16.903962
1,8192,true,sum_i64,8,892,1,before,16.867853
1,8192,true,sum_i64,8,892,2,after,16.880933
1,8192,true,sum_i64,8,892,3,enum_dynamic,16.868601
1,8192,true,sum_i64,8,892,4,enum_static,16.852906
1,8192,true,sum_i64,8,892,5,bound_dynamic,16.861687
1,8192,true,sum_i64,9,892,0,before,16.849402
1,8192,true,sum_i64,9,892,1,after,16.937500
1,8192,true,sum_i64,9,892,2,enum_dynamic,16.945535
1,8192,true,sum_i64,9,892,3,enum_static,16.894198
1,8192,true,sum_i64,9,892,4,bound_dynamic,16.847487
1,8192,true,sum_i64,9,892,5,bound_static,16.886444
1,8192,true,sum_i64,10,892,0,after,16.859445
1,8192,true,sum_i64,10,892,1,enum_dynamic,16.895320
1,8192,true,sum_i64,10,892,2,enum_static,16.920217
1,8192,true,sum_i64,10,892,3,bound_dynamic,16.902652
1,8192,true,sum_i64,10,892,4,bound_static,16.981362
1,8192,true,sum_i64,10,892,5,before,16.893265
1,8192,true,sum_i64,11,892,0,enum_dynamic,16.561473
1,8192,true,sum_i64,11,892,1,enum_static,16.861733
1,8192,true,sum_i64,11,892,2,bound_dynamic,16.733370
1,8192,true,sum_i64,11,892,3,bound_static,16.613742
1,8192,true,sum_i64,11,892,4,before,16.909147
1,8192,true,sum_i64,11,892,5,after,16.888453
1,128,false,avg_i64,0,39184,0,enum_static,0.384460
1,128,false,avg_i64,0,39184,1,bound_dynamic,0.384042
1,128,false,avg_i64,0,39184,2,bound_static,0.384165
1,128,false,avg_i64,0,39184,3,before,0.420713
1,128,false,avg_i64,0,39184,4,after,0.384578
1,128,false,avg_i64,0,39184,5,enum_dynamic,0.384645
1,128,false,avg_i64,1,39184,0,bound_dynamic,0.382100
1,128,false,avg_i64,1,39184,1,bound_static,0.378313
1,128,false,avg_i64,1,39184,2,before,0.413088
1,128,false,avg_i64,1,39184,3,after,0.378492
1,128,false,avg_i64,1,39184,4,enum_dynamic,0.376646
1,128,false,avg_i64,1,39184,5,enum_static,0.379587
1,128,false,avg_i64,2,39184,0,bound_static,0.384493
1,128,false,avg_i64,2,39184,1,before,0.419820
1,128,false,avg_i64,2,39184,2,after,0.383877
1,128,false,avg_i64,2,39184,3,enum_dynamic,0.386243
1,128,false,avg_i64,2,39184,4,enum_static,0.384861
1,128,false,avg_i64,2,39184,5,bound_dynamic,0.383661
1,128,false,avg_i64,3,39184,0,before,0.419712
1,128,false,avg_i64,3,39184,1,after,0.384039
1,128,false,avg_i64,3,39184,2,enum_dynamic,0.384645
1,128,false,avg_i64,3,39184,3,enum_static,0.385862
1,128,false,avg_i64,3,39184,4,bound_dynamic,0.383504
1,128,false,avg_i64,3,39184,5,bound_static,0.387202
1,128,false,avg_i64,4,39184,0,after,0.381264
1,128,false,avg_i64,4,39184,1,enum_dynamic,0.378278
1,128,false,avg_i64,4,39184,2,enum_static,0.377801
1,128,false,avg_i64,4,39184,3,bound_dynamic,0.381877
1,128,false,avg_i64,4,39184,4,bound_static,0.377326
1,128,false,avg_i64,4,39184,5,before,0.414054
1,128,false,avg_i64,5,39184,0,enum_dynamic,0.377496
1,128,false,avg_i64,5,39184,1,enum_static,0.377491
1,128,false,avg_i64,5,39184,2,bound_dynamic,0.377994
1,128,false,avg_i64,5,39184,3,bound_static,0.377049
1,128,false,avg_i64,5,39184,4,before,0.411553
1,128,false,avg_i64,5,39184,5,after,0.375976
1,128,false,avg_i64,6,39184,0,enum_static,0.377366
1,128,false,avg_i64,6,39184,1,bound_dynamic,0.378175
1,128,false,avg_i64,6,39184,2,bound_static,0.378944
1,128,false,avg_i64,6,39184,3,before,0.418729
1,128,false,avg_i64,6,39184,4,after,0.383176
1,128,false,avg_i64,6,39184,5,enum_dynamic,0.382314
1,128,false,avg_i64,7,39184,0,bound_dynamic,0.376828
1,128,false,avg_i64,7,39184,1,bound_static,0.381036
1,128,false,avg_i64,7,39184,2,before,0.418792
1,128,false,avg_i64,7,39184,3,after,0.384013
1,128,false,avg_i64,7,39184,4,enum_dynamic,0.379958
1,128,false,avg_i64,7,39184,5,enum_static,0.378683
1,128,false,avg_i64,8,39184,0,bound_static,0.378247
1,128,false,avg_i64,8,39184,1,before,0.411901
1,128,false,avg_i64,8,39184,2,after,0.376026
1,128,false,avg_i64,8,39184,3,enum_dynamic,0.381515
1,128,false,avg_i64,8,39184,4,enum_static,0.377897
1,128,false,avg_i64,8,39184,5,bound_dynamic,0.376199
1,128,false,avg_i64,9,39184,0,before,0.412103
1,128,false,avg_i64,9,39184,1,after,0.375955
1,128,false,avg_i64,9,39184,2,enum_dynamic,0.378362
1,128,false,avg_i64,9,39184,3,enum_static,0.376877
1,128,false,avg_i64,9,39184,4,bound_dynamic,0.377339
1,128,false,avg_i64,9,39184,5,bound_static,0.378033
1,128,false,avg_i64,10,39184,0,after,0.377128
1,128,false,avg_i64,10,39184,1,enum_dynamic,0.380866
1,128,false,avg_i64,10,39184,2,enum_static,0.379424
1,128,false,avg_i64,10,39184,3,bound_dynamic,0.376419
1,128,false,avg_i64,10,39184,4,bound_static,0.382993
1,128,false,avg_i64,10,39184,5,before,0.412286
1,128,false,avg_i64,11,39184,0,enum_dynamic,0.376244
1,128,false,avg_i64,11,39184,1,enum_static,0.377857
1,128,false,avg_i64,11,39184,2,bound_dynamic,0.378733
1,128,false,avg_i64,11,39184,3,bound_static,0.376639
1,128,false,avg_i64,11,39184,4,before,0.411665
1,128,false,avg_i64,11,39184,5,after,0.376811
1,65536,false,mixed_7,0,8,0,enum_static,3937.385500
1,65536,false,mixed_7,0,8,1,bound_dynamic,4057.114625
1,65536,false,mixed_7,0,8,2,bound_static,3947.187500
1,65536,false,mixed_7,0,8,3,before,4016.078125
1,65536,false,mixed_7,0,8,4,after,3954.880250
1,65536,false,mixed_7,0,8,5,enum_dynamic,4000.317625
1,65536,false,mixed_7,1,8,0,bound_dynamic,3993.276125
1,65536,false,mixed_7,1,8,1,bound_static,3982.921875
1,65536,false,mixed_7,1,8,2,before,3973.140625
1,65536,false,mixed_7,1,8,3,after,3972.015625
1,65536,false,mixed_7,1,8,4,enum_dynamic,4017.145875
1,65536,false,mixed_7,1,8,5,enum_static,3956.911500
1,65536,false,mixed_7,2,8,0,bound_static,3957.161375
1,65536,false,mixed_7,2,8,1,before,4010.911500
1,65536,false,mixed_7,2,8,2,after,3970.307375
1,65536,false,mixed_7,2,8,3,enum_dynamic,4002.338625
1,65536,false,mixed_7,2,8,4,enum_static,3937.640625
1,65536,false,mixed_7,2,8,5,bound_dynamic,3999.255125
1,65536,false,mixed_7,3,8,0,before,3997.989625
1,65536,false,mixed_7,3,8,1,after,3947.197875
1,65536,false,mixed_7,3,8,2,enum_dynamic,3998.187500
1,65536,false,mixed_7,3,8,3,enum_static,3941.020875
1,65536,false,mixed_7,3,8,4,bound_dynamic,4000.625000
1,65536,false,mixed_7,3,8,5,bound_static,3943.958250
1,65536,false,mixed_7,4,8,0,after,3997.869750
1,65536,false,mixed_7,4,8,1,enum_dynamic,4000.338625
1,65536,false,mixed_7,4,8,2,enum_static,3949.671875
1,65536,false,mixed_7,4,8,3,bound_dynamic,4018.937500
1,65536,false,mixed_7,4,8,4,bound_static,3972.197875
1,65536,false,mixed_7,4,8,5,before,4010.317750
1,65536,false,mixed_7,5,8,0,enum_dynamic,4001.234375
1,65536,false,mixed_7,5,8,1,enum_static,3944.692750
1,65536,false,mixed_7,5,8,2,bound_dynamic,4045.369750
1,65536,false,mixed_7,5,8,3,bound_static,3964.541625
1,65536,false,mixed_7,5,8,4,before,4009.114625
1,65536,false,mixed_7,5,8,5,after,3957.932375
1,65536,false,mixed_7,6,8,0,enum_static,3976.661375
1,65536,false,mixed_7,6,8,1,bound_dynamic,4003.713500
1,65536,false,mixed_7,6,8,2,bound_static,3938.187500
1,65536,false,mixed_7,6,8,3,before,3969.323000
1,65536,false,mixed_7,6,8,4,after,3936.994875
1,65536,false,mixed_7,6,8,5,enum_dynamic,4037.250000
1,65536,false,mixed_7,7,8,0,bound_dynamic,4000.182375
1,65536,false,mixed_7,7,8,1,bound_static,3952.536500
1,65536,false,mixed_7,7,8,2,before,3992.229125
1,65536,false,mixed_7,7,8,3,after,4070.130250
1,65536,false,mixed_7,7,8,4,enum_dynamic,4013.286500
1,65536,false,mixed_7,7,8,5,enum_static,3949.088625
1,65536,false,mixed_7,8,8,0,bound_static,3924.078125
1,65536,false,mixed_7,8,8,1,before,3968.447875
1,65536,false,mixed_7,8,8,2,after,3952.468750
1,65536,false,mixed_7,8,8,3,enum_dynamic,3991.005125
1,65536,false,mixed_7,8,8,4,enum_static,3946.932250
1,65536,false,mixed_7,8,8,5,bound_dynamic,3993.343750
1,65536,false,mixed_7,9,8,0,before,3992.557250
1,65536,false,mixed_7,9,8,1,after,3960.546875
1,65536,false,mixed_7,9,8,2,enum_dynamic,3983.599000
1,65536,false,mixed_7,9,8,3,enum_static,3983.229250
1,65536,false,mixed_7,9,8,4,bound_dynamic,3973.458375
1,65536,false,mixed_7,9,8,5,bound_static,3953.651000
1,65536,false,mixed_7,10,8,0,after,3951.703125
1,65536,false,mixed_7,10,8,1,enum_dynamic,3988.724000
1,65536,false,mixed_7,10,8,2,enum_static,3940.385500
1,65536,false,mixed_7,10,8,3,bound_dynamic,4012.833250
1,65536,false,mixed_7,10,8,4,bound_static,3951.989500
1,65536,false,mixed_7,10,8,5,before,4023.494750
1,65536,false,mixed_7,11,8,0,enum_dynamic,4006.541625
1,65536,false,mixed_7,11,8,1,enum_static,3926.708375
1,65536,false,mixed_7,11,8,2,bound_dynamic,4000.187500
1,65536,false,mixed_7,11,8,3,bound_static,3951.348875
1,65536,false,mixed_7,11,8,4,before,4000.359375
1,65536,false,mixed_7,11,8,5,after,3953.770875
1,128,false,sum_i64,0,42988,0,enum_static,0.366726
1,128,false,sum_i64,0,42988,1,bound_dynamic,0.360812
1,128,false,sum_i64,0,42988,2,bound_static,0.350513
1,128,false,sum_i64,0,42988,3,before,0.381862
1,128,false,sum_i64,0,42988,4,after,0.363429
1,128,false,sum_i64,0,42988,5,enum_dynamic,0.351769
1,128,false,sum_i64,1,42988,0,bound_dynamic,0.349426
1,128,false,sum_i64,1,42988,1,bound_static,0.341091
1,128,false,sum_i64,1,42988,2,before,0.367101
1,128,false,sum_i64,1,42988,3,after,0.349974
1,128,false,sum_i64,1,42988,4,enum_dynamic,0.359207
1,128,false,sum_i64,1,42988,5,enum_static,0.362040
1,128,false,sum_i64,2,42988,0,bound_static,0.347888
1,128,false,sum_i64,2,42988,1,before,0.373354
1,128,false,sum_i64,2,42988,2,after,0.355177
1,128,false,sum_i64,2,42988,3,enum_dynamic,0.358833
1,128,false,sum_i64,2,42988,4,enum_static,0.361758
1,128,false,sum_i64,2,42988,5,bound_dynamic,0.357092
1,128,false,sum_i64,3,42988,0,before,0.373082
1,128,false,sum_i64,3,42988,1,after,0.355566
1,128,false,sum_i64,3,42988,2,enum_dynamic,0.358556
1,128,false,sum_i64,3,42988,3,enum_static,0.357067
1,128,false,sum_i64,3,42988,4,bound_dynamic,0.348996
1,128,false,sum_i64,3,42988,5,bound_static,0.342955
1,128,false,sum_i64,4,42988,0,after,0.351889
1,128,false,sum_i64,4,42988,1,enum_dynamic,0.358612
1,128,false,sum_i64,4,42988,2,enum_static,0.361999
1,128,false,sum_i64,4,42988,3,bound_dynamic,0.356706
1,128,false,sum_i64,4,42988,4,bound_static,0.347817
1,128,false,sum_i64,4,42988,5,before,0.373101
1,128,false,sum_i64,5,42988,0,enum_dynamic,0.359805
1,128,false,sum_i64,5,42988,1,enum_static,0.361276
1,128,false,sum_i64,5,42988,2,bound_dynamic,0.359174
1,128,false,sum_i64,5,42988,3,bound_static,0.350723
1,128,false,sum_i64,5,42988,4,before,0.378615
1,128,false,sum_i64,5,42988,5,after,0.349436
1,128,false,sum_i64,6,42988,0,enum_static,0.355455
1,128,false,sum_i64,6,42988,1,bound_dynamic,0.350559
1,128,false,sum_i64,6,42988,2,bound_static,0.342489
1,128,false,sum_i64,6,42988,3,before,0.373907
1,128,false,sum_i64,6,42988,4,after,0.353403
1,128,false,sum_i64,6,42988,5,enum_dynamic,0.356600
1,128,false,sum_i64,7,42988,0,bound_dynamic,0.356588
1,128,false,sum_i64,7,42988,1,bound_static,0.348443
1,128,false,sum_i64,7,42988,2,before,0.381373
1,128,false,sum_i64,7,42988,3,after,0.359332
1,128,false,sum_i64,7,42988,4,enum_dynamic,0.362739
1,128,false,sum_i64,7,42988,5,enum_static,0.370630
1,128,false,sum_i64,8,42988,0,bound_static,0.342425
1,128,false,sum_i64,8,42988,1,before,0.367849
1,128,false,sum_i64,8,42988,2,after,0.347504
1,128,false,sum_i64,8,42988,3,enum_dynamic,0.352376
1,128,false,sum_i64,8,42988,4,enum_static,0.360997
1,128,false,sum_i64,8,42988,5,bound_dynamic,0.351836
1,128,false,sum_i64,9,42988,0,before,0.383550
1,128,false,sum_i64,9,42988,1,after,0.357081
1,128,false,sum_i64,9,42988,2,enum_dynamic,0.357866
1,128,false,sum_i64,9,42988,3,enum_static,0.364027
1,128,false,sum_i64,9,42988,4,bound_dynamic,0.358530
1,128,false,sum_i64,9,42988,5,bound_static,0.349133
1,128,false,sum_i64,10,42988,0,after,0.357725
1,128,false,sum_i64,10,42988,1,enum_dynamic,0.359984
1,128,false,sum_i64,10,42988,2,enum_static,0.368235
1,128,false,sum_i64,10,42988,3,bound_dynamic,0.359825
1,128,false,sum_i64,10,42988,4,bound_static,0.350835
1,128,false,sum_i64,10,42988,5,before,0.380602
1,128,false,sum_i64,11,42988,0,enum_dynamic,0.352627
1,128,false,sum_i64,11,42988,1,enum_static,0.355081
1,128,false,sum_i64,11,42988,2,bound_dynamic,0.349822
1,128,false,sum_i64,11,42988,3,bound_static,0.345134
1,128,false,sum_i64,11,42988,4,before,0.373630
1,128,false,sum_i64,11,42988,5,after,0.354134
1,65536,true,covar_i64,0,57,0,enum_static,265.251456
1,65536,true,covar_i64,0,57,1,bound_dynamic,260.581140
1,65536,true,covar_i64,0,57,2,bound_static,263.238298
1,65536,true,covar_i64,0,57,3,before,270.349421
1,65536,true,covar_i64,0,57,4,after,265.678368
1,65536,true,covar_i64,0,57,5,enum_dynamic,265.221491
1,65536,true,covar_i64,1,57,0,bound_dynamic,265.956140
1,65536,true,covar_i64,1,57,1,bound_static,264.075281
1,65536,true,covar_i64,1,57,2,before,267.071649
1,65536,true,covar_i64,1,57,3,after,259.858930
1,65536,true,covar_i64,1,57,4,enum_dynamic,263.470035
1,65536,true,covar_i64,1,57,5,enum_static,264.593579
1,65536,true,covar_i64,2,57,0,bound_static,264.966368
1,65536,true,covar_i64,2,57,1,before,270.029246
1,65536,true,covar_i64,2,57,2,after,265.793123
1,65536,true,covar_i64,2,57,3,enum_dynamic,265.238298
1,65536,true,covar_i64,2,57,4,enum_static,264.641088
1,65536,true,covar_i64,2,57,5,bound_dynamic,265.524842
1,65536,true,covar_i64,3,57,0,before,270.635965
1,65536,true,covar_i64,3,57,1,after,267.627912
1,65536,true,covar_i64,3,57,2,enum_dynamic,260.426895
1,65536,true,covar_i64,3,57,3,enum_static,264.057754
1,65536,true,covar_i64,3,57,4,bound_dynamic,265.148386
1,65536,true,covar_i64,3,57,5,bound_static,265.202474
1,65536,true,covar_i64,4,57,0,after,264.481000
1,65536,true,covar_i64,4,57,1,enum_dynamic,264.670316
1,65536,true,covar_i64,4,57,2,enum_static,264.845772
1,65536,true,covar_i64,4,57,3,bound_dynamic,264.767544
1,65536,true,covar_i64,4,57,4,bound_static,265.195912
1,65536,true,covar_i64,4,57,5,before,269.929105
1,65536,true,covar_i64,5,57,0,enum_dynamic,264.326754
1,65536,true,covar_i64,5,57,1,enum_static,261.618421
1,65536,true,covar_i64,5,57,2,bound_dynamic,264.372807
1,65536,true,covar_i64,5,57,3,bound_static,264.875000
1,65536,true,covar_i64,5,57,4,before,270.700298
1,65536,true,covar_i64,5,57,5,after,265.929088
1,65536,true,covar_i64,6,57,0,enum_static,261.633053
1,65536,true,covar_i64,6,57,1,bound_dynamic,265.540193
1,65536,true,covar_i64,6,57,2,bound_static,264.984649
1,65536,true,covar_i64,6,57,3,before,272.341368
1,65536,true,covar_i64,6,57,4,after,262.660088
1,65536,true,covar_i64,6,57,5,enum_dynamic,265.744140
1,65536,true,covar_i64,7,57,0,bound_dynamic,265.046053
1,65536,true,covar_i64,7,57,1,bound_static,264.339175
1,65536,true,covar_i64,7,57,2,before,270.144018
1,65536,true,covar_i64,7,57,3,after,264.182018
1,65536,true,covar_i64,7,57,4,enum_dynamic,264.272649
1,65536,true,covar_i64,7,57,5,enum_static,264.240491
1,65536,true,covar_i64,8,57,0,bound_static,265.138877
1,65536,true,covar_i64,8,57,1,before,266.301895
1,65536,true,covar_i64,8,57,2,after,261.148404
1,65536,true,covar_i64,8,57,3,enum_dynamic,264.626456
1,65536,true,covar_i64,8,57,4,enum_static,264.363316
1,65536,true,covar_i64,8,57,5,bound_dynamic,265.780702
1,65536,true,covar_i64,9,57,0,before,265.828947
1,65536,true,covar_i64,9,57,1,after,264.587000
1,65536,true,covar_i64,9,57,2,enum_dynamic,264.552632
1,65536,true,covar_i64,9,57,3,enum_static,263.233193
1,65536,true,covar_i64,9,57,4,bound_dynamic,261.429825
1,65536,true,covar_i64,9,57,5,bound_static,265.366965
1,65536,true,covar_i64,10,57,0,after,268.103070
1,65536,true,covar_i64,10,57,1,enum_dynamic,264.998544
1,65536,true,covar_i64,10,57,2,enum_static,264.054825
1,65536,true,covar_i64,10,57,3,bound_dynamic,259.762421
1,65536,true,covar_i64,10,57,4,bound_static,260.123544
1,65536,true,covar_i64,10,57,5,before,270.075281
1,65536,true,covar_i64,11,57,0,enum_dynamic,266.377912
1,65536,true,covar_i64,11,57,1,enum_static,265.646930
1,65536,true,covar_i64,11,57,2,bound_dynamic,265.803368
1,65536,true,covar_i64,11,57,3,bound_static,264.844298
1,65536,true,covar_i64,11,57,4,before,270.277053
1,65536,true,covar_i64,11,57,5,after,263.059211
1,128,false,sum_u64,0,43637,0,enum_static,0.358468
1,128,false,sum_u64,0,43637,1,bound_dynamic,0.349439
1,128,false,sum_u64,0,43637,2,bound_static,0.340026
1,128,false,sum_u64,0,43637,3,before,0.343108
1,128,false,sum_u64,0,43637,4,after,0.373000
1,128,false,sum_u64,0,43637,5,enum_dynamic,0.357842
1,128,false,sum_u64,1,43637,0,bound_dynamic,0.350442
1,128,false,sum_u64,1,43637,1,bound_static,0.340562
1,128,false,sum_u64,1,43637,2,before,0.344149
1,128,false,sum_u64,1,43637,3,after,0.371211
1,128,false,sum_u64,1,43637,4,enum_dynamic,0.355897
1,128,false,sum_u64,1,43637,5,enum_static,0.360905
1,128,false,sum_u64,2,43637,0,bound_static,0.340309
1,128,false,sum_u64,2,43637,1,before,0.342722
1,128,false,sum_u64,2,43637,2,after,0.377964
1,128,false,sum_u64,2,43637,3,enum_dynamic,0.362483
1,128,false,sum_u64,2,43637,4,enum_static,0.362091
1,128,false,sum_u64,2,43637,5,bound_dynamic,0.353120
1,128,false,sum_u64,3,43637,0,before,0.342902
1,128,false,sum_u64,3,43637,1,after,0.377908
1,128,false,sum_u64,3,43637,2,enum_dynamic,0.361577
1,128,false,sum_u64,3,43637,3,enum_static,0.362104
1,128,false,sum_u64,3,43637,4,bound_dynamic,0.353466
1,128,false,sum_u64,3,43637,5,bound_static,0.341028
1,128,false,sum_u64,4,43637,0,after,0.377891
1,128,false,sum_u64,4,43637,1,enum_dynamic,0.361861
1,128,false,sum_u64,4,43637,2,enum_static,0.362364
1,128,false,sum_u64,4,43637,3,bound_dynamic,0.352595
1,128,false,sum_u64,4,43637,4,bound_static,0.341844
1,128,false,sum_u64,4,43637,5,before,0.347621
1,128,false,sum_u64,5,43637,0,enum_dynamic,0.362477
1,128,false,sum_u64,5,43637,1,enum_static,0.361759
1,128,false,sum_u64,5,43637,2,bound_dynamic,0.353851
1,128,false,sum_u64,5,43637,3,bound_static,0.339249
1,128,false,sum_u64,5,43637,4,before,0.336784
1,128,false,sum_u64,5,43637,5,after,0.366458
1,128,false,sum_u64,6,43637,0,enum_static,0.351323
1,128,false,sum_u64,6,43637,1,bound_dynamic,0.344055
1,128,false,sum_u64,6,43637,2,bound_static,0.334250
1,128,false,sum_u64,6,43637,3,before,0.335267
1,128,false,sum_u64,6,43637,4,after,0.365066
1,128,false,sum_u64,6,43637,5,enum_dynamic,0.350676
1,128,false,sum_u64,7,43637,0,bound_dynamic,0.343899
1,128,false,sum_u64,7,43637,1,bound_static,0.339031
1,128,false,sum_u64,7,43637,2,before,0.341873
1,128,false,sum_u64,7,43637,3,after,0.372367
1,128,false,sum_u64,7,43637,4,enum_dynamic,0.357488
1,128,false,sum_u64,7,43637,5,enum_static,0.359150
1,128,false,sum_u64,8,43637,0,bound_static,0.341058
1,128,false,sum_u64,8,43637,1,before,0.342038
1,128,false,sum_u64,8,43637,2,after,0.372313
1,128,false,sum_u64,8,43637,3,enum_dynamic,0.355032
1,128,false,sum_u64,8,43637,4,enum_static,0.355744
1,128,false,sum_u64,8,43637,5,bound_dynamic,0.352465
1,128,false,sum_u64,9,43637,0,before,0.342444
1,128,false,sum_u64,9,43637,1,after,0.378018
1,128,false,sum_u64,9,43637,2,enum_dynamic,0.362070
1,128,false,sum_u64,9,43637,3,enum_static,0.361581
1,128,false,sum_u64,9,43637,4,bound_dynamic,0.352919
1,128,false,sum_u64,9,43637,5,bound_static,0.340147
1,128,false,sum_u64,10,43637,0,after,0.378023
1,128,false,sum_u64,10,43637,1,enum_dynamic,0.361851
1,128,false,sum_u64,10,43637,2,enum_static,0.362141
1,128,false,sum_u64,10,43637,3,bound_dynamic,0.351940
1,128,false,sum_u64,10,43637,4,bound_static,0.336170
1,128,false,sum_u64,10,43637,5,before,0.342703
1,128,false,sum_u64,11,43637,0,enum_dynamic,0.350728
1,128,false,sum_u64,11,43637,1,enum_static,0.352258
1,128,false,sum_u64,11,43637,2,bound_dynamic,0.343785
1,128,false,sum_u64,11,43637,3,bound_static,0.335613
1,128,false,sum_u64,11,43637,4,before,0.341676
1,128,false,sum_u64,11,43637,5,after,0.373060
1,8192,false,avg_i64,0,1071,0,enum_static,14.108855
1,8192,false,avg_i64,0,1071,1,bound_dynamic,14.066527
1,8192,false,avg_i64,0,1071,2,bound_static,14.047424
1,8192,false,avg_i64,0,1071,3,before,16.936702
1,8192,false,avg_i64,0,1071,4,after,14.028907
1,8192,false,avg_i64,0,1071,5,enum_dynamic,14.124221
1,8192,false,avg_i64,1,1071,0,bound_dynamic,14.036181
1,8192,false,avg_i64,1,1071,1,bound_static,14.073802
1,8192,false,avg_i64,1,1071,2,before,16.903789
1,8192,false,avg_i64,1,1071,3,after,14.079988
1,8192,false,avg_i64,1,1071,4,enum_dynamic,14.086173
1,8192,false,avg_i64,1,1071,5,enum_static,14.092710
1,8192,false,avg_i64,2,1071,0,bound_static,14.045401
1,8192,false,avg_i64,2,1071,1,before,16.861695
1,8192,false,avg_i64,2,1071,2,after,14.023732
1,8192,false,avg_i64,2,1071,3,enum_dynamic,14.058357
1,8192,false,avg_i64,2,1071,4,enum_static,14.110100
1,8192,false,avg_i64,2,1071,5,bound_dynamic,14.025405
1,8192,false,avg_i64,3,1071,0,before,16.928299
1,8192,false,avg_i64,3,1071,1,after,14.013889
1,8192,false,avg_i64,3,1071,2,enum_dynamic,14.282952
1,8192,false,avg_i64,3,1071,3,enum_static,13.921569
1,8192,false,avg_i64,3,1071,4,bound_dynamic,13.867218
1,8192,false,avg_i64,3,1071,5,bound_static,14.086757
1,8192,false,avg_i64,4,1071,0,after,14.085317
1,8192,false,avg_i64,4,1071,1,enum_dynamic,14.189581
1,8192,false,avg_i64,4,1071,2,enum_static,13.982804
1,8192,false,avg_i64,4,1071,3,bound_dynamic,13.796724
1,8192,false,avg_i64,4,1071,4,bound_static,13.776338
1,8192,false,avg_i64,4,1071,5,before,16.590648
1,8192,false,avg_i64,5,1071,0,enum_dynamic,14.065165
1,8192,false,avg_i64,5,1071,1,enum_static,14.073490
1,8192,false,avg_i64,5,1071,2,bound_dynamic,14.030501
1,8192,false,avg_i64,5,1071,3,bound_static,14.043768
1,8192,false,avg_i64,5,1071,4,before,16.891340
1,8192,false,avg_i64,5,1071,5,after,14.033768
1,8192,false,avg_i64,6,1071,0,enum_static,14.081272
1,8192,false,avg_i64,6,1071,1,bound_dynamic,14.034781
1,8192,false,avg_i64,6,1071,2,bound_static,14.098856
1,8192,false,avg_i64,6,1071,3,before,16.881303
1,8192,false,avg_i64,6,1071,4,after,14.056762
1,8192,false,avg_i64,6,1071,5,enum_dynamic,14.066021
1,8192,false,avg_i64,7,1071,0,bound_dynamic,14.063880
1,8192,false,avg_i64,7,1071,1,bound_static,14.063298
1,8192,false,avg_i64,7,1071,2,before,16.902700
1,8192,false,avg_i64,7,1071,3,after,14.032913
1,8192,false,avg_i64,7,1071,4,enum_dynamic,14.099323
1,8192,false,avg_i64,7,1071,5,enum_static,14.078393
1,8192,false,avg_i64,8,1071,0,bound_static,14.072790
1,8192,false,avg_i64,8,1071,1,before,16.889901
1,8192,false,avg_i64,8,1071,2,after,14.077809
1,8192,false,avg_i64,8,1071,3,enum_dynamic,14.077264
1,8192,false,avg_i64,8,1071,4,enum_static,14.062052
1,8192,false,avg_i64,8,1071,5,bound_dynamic,14.100568
1,8192,false,avg_i64,9,1071,0,before,16.864379
1,8192,false,avg_i64,9,1071,1,after,14.094615
1,8192,false,avg_i64,9,1071,2,enum_dynamic,14.073996
1,8192,false,avg_i64,9,1071,3,enum_static,14.132626
1,8192,false,avg_i64,9,1071,4,bound_dynamic,14.128930
1,8192,false,avg_i64,9,1071,5,bound_static,14.231793
1,8192,false,avg_i64,10,1071,0,after,13.865936
1,8192,false,avg_i64,10,1071,1,enum_dynamic,13.953470
1,8192,false,avg_i64,10,1071,2,enum_static,14.108348
1,8192,false,avg_i64,10,1071,3,bound_dynamic,14.189853
1,8192,false,avg_i64,10,1071,4,bound_static,14.106014
1,8192,false,avg_i64,10,1071,5,before,16.943161
1,8192,false,avg_i64,11,1071,0,enum_dynamic,14.087885
1,8192,false,avg_i64,11,1071,1,enum_static,14.107298
1,8192,false,avg_i64,11,1071,2,bound_dynamic,14.099168
1,8192,false,avg_i64,11,1071,3,bound_static,14.053455
1,8192,false,avg_i64,11,1071,4,before,16.620760
1,8192,false,avg_i64,11,1071,5,after,13.928455
1,128,true,sum_u64,0,37164,0,enum_static,0.404068
1,128,true,sum_u64,0,37164,1,bound_dynamic,0.403294
1,128,true,sum_u64,0,37164,2,bound_static,0.391262
1,128,true,sum_u64,0,37164,3,before,0.395484
1,128,true,sum_u64,0,37164,4,after,0.406811
1,128,true,sum_u64,0,37164,5,enum_dynamic,0.401044
1,128,true,sum_u64,1,37164,0,bound_dynamic,0.390769
1,128,true,sum_u64,1,37164,1,bound_static,0.391927
1,128,true,sum_u64,1,37164,2,before,0.398437
1,128,true,sum_u64,1,37164,3,after,0.407038
1,128,true,sum_u64,1,37164,4,enum_dynamic,0.401281
1,128,true,sum_u64,1,37164,5,enum_static,0.398876
1,128,true,sum_u64,2,37164,0,bound_static,0.387982
1,128,true,sum_u64,2,37164,1,before,0.389425
1,128,true,sum_u64,2,37164,2,after,0.403705
1,128,true,sum_u64,2,37164,3,enum_dynamic,0.405593
1,128,true,sum_u64,2,37164,4,enum_static,0.404262
1,128,true,sum_u64,2,37164,5,bound_dynamic,0.392612
1,128,true,sum_u64,3,37164,0,before,0.395748
1,128,true,sum_u64,3,37164,1,after,0.408888
1,128,true,sum_u64,3,37164,2,enum_dynamic,0.403425
1,128,true,sum_u64,3,37164,3,enum_static,0.401687
1,128,true,sum_u64,3,37164,4,bound_dynamic,0.391248
1,128,true,sum_u64,3,37164,5,bound_static,0.393453
1,128,true,sum_u64,4,37164,0,after,0.408895
1,128,true,sum_u64,4,37164,1,enum_dynamic,0.402140
1,128,true,sum_u64,4,37164,2,enum_static,0.401861
1,128,true,sum_u64,4,37164,3,bound_dynamic,0.392138
1,128,true,sum_u64,4,37164,4,bound_static,0.391517
1,128,true,sum_u64,4,37164,5,before,0.392294
1,128,true,sum_u64,5,37164,0,enum_dynamic,0.403153
1,128,true,sum_u64,5,37164,1,enum_static,0.402931
1,128,true,sum_u64,5,37164,2,bound_dynamic,0.393342
1,128,true,sum_u64,5,37164,3,bound_static,0.390784
1,128,true,sum_u64,5,37164,4,before,0.396231
1,128,true,sum_u64,5,37164,5,after,0.412373
1,128,true,sum_u64,6,37164,0,enum_static,0.403265
1,128,true,sum_u64,6,37164,1,bound_dynamic,0.390687
1,128,true,sum_u64,6,37164,2,bound_static,0.391418
1,128,true,sum_u64,6,37164,3,before,0.394305
1,128,true,sum_u64,6,37164,4,after,0.410894
1,128,true,sum_u64,6,37164,5,enum_dynamic,0.403079
1,128,true,sum_u64,7,37164,0,bound_dynamic,0.391603
1,128,true,sum_u64,7,37164,1,bound_static,0.392275
1,128,true,sum_u64,7,37164,2,before,0.394823
1,128,true,sum_u64,7,37164,3,after,0.410977
1,128,true,sum_u64,7,37164,4,enum_dynamic,0.401988
1,128,true,sum_u64,7,37164,5,enum_static,0.403147
1,128,true,sum_u64,8,37164,0,bound_static,0.391237
1,128,true,sum_u64,8,37164,1,before,0.395192
1,128,true,sum_u64,8,37164,2,after,0.410582
1,128,true,sum_u64,8,37164,3,enum_dynamic,0.399279
1,128,true,sum_u64,8,37164,4,enum_static,0.397194
1,128,true,sum_u64,8,37164,5,bound_dynamic,0.386518
1,128,true,sum_u64,9,37164,0,before,0.387690
1,128,true,sum_u64,9,37164,1,after,0.402918
1,128,true,sum_u64,9,37164,2,enum_dynamic,0.394918
1,128,true,sum_u64,9,37164,3,enum_static,0.393562
1,128,true,sum_u64,9,37164,4,bound_dynamic,0.386542
1,128,true,sum_u64,9,37164,5,bound_static,0.390428
1,128,true,sum_u64,10,37164,0,after,0.398072
1,128,true,sum_u64,10,37164,1,enum_dynamic,0.394489
1,128,true,sum_u64,10,37164,2,enum_static,0.396768
1,128,true,sum_u64,10,37164,3,bound_dynamic,0.390121
1,128,true,sum_u64,10,37164,4,bound_static,0.392462
1,128,true,sum_u64,10,37164,5,before,0.397263
1,128,true,sum_u64,11,37164,0,enum_dynamic,0.402324
1,128,true,sum_u64,11,37164,1,enum_static,0.400820
1,128,true,sum_u64,11,37164,2,bound_dynamic,0.389569
1,128,true,sum_u64,11,37164,3,bound_static,0.384204
1,128,true,sum_u64,11,37164,4,before,0.389494
1,128,true,sum_u64,11,37164,5,after,0.404981
1,8192,false,max_i64,0,357,0,enum_static,42.305672
1,8192,false,max_i64,0,357,1,bound_dynamic,44.758639
1,8192,false,max_i64,0,357,2,bound_static,42.225258
1,8192,false,max_i64,0,357,3,before,42.480978
1,8192,false,max_i64,0,357,4,after,42.209269
1,8192,false,max_i64,0,357,5,enum_dynamic,44.731328
1,8192,false,max_i64,1,357,0,bound_dynamic,44.791084
1,8192,false,max_i64,1,357,1,bound_static,42.196429
1,8192,false,max_i64,1,357,2,before,43.261322
1,8192,false,max_i64,1,357,3,after,42.274860
1,8192,false,max_i64,1,357,4,enum_dynamic,44.785364
1,8192,false,max_i64,1,357,5,enum_static,42.217669
1,8192,false,max_i64,2,357,0,bound_static,42.381185
1,8192,false,max_i64,2,357,1,before,42.723504
1,8192,false,max_i64,2,357,2,after,42.380720
1,8192,false,max_i64,2,357,3,enum_dynamic,44.600605
1,8192,false,max_i64,2,357,4,enum_static,42.220938
1,8192,false,max_i64,2,357,5,bound_dynamic,44.541084
1,8192,false,max_i64,3,357,0,before,42.554854
1,8192,false,max_i64,3,357,1,after,42.189308
1,8192,false,max_i64,3,357,2,enum_dynamic,44.524160
1,8192,false,max_i64,3,357,3,enum_static,43.005370
1,8192,false,max_i64,3,357,4,bound_dynamic,44.600490
1,8192,false,max_i64,3,357,5,bound_static,42.225258
1,8192,false,max_i64,4,357,0,after,42.331115
1,8192,false,max_i64,4,357,1,enum_dynamic,44.756888
1,8192,false,max_i64,4,357,2,enum_static,42.715336
1,8192,false,max_i64,4,357,3,bound_dynamic,44.832633
1,8192,false,max_i64,4,357,4,bound_static,42.232725
1,8192,false,max_i64,4,357,5,before,42.375235
1,8192,false,max_i64,5,357,0,enum_dynamic,44.854342
1,8192,false,max_i64,5,357,1,enum_static,42.316992
1,8192,false,max_i64,5,357,2,bound_dynamic,45.570964
1,8192,false,max_i64,5,357,3,bound_static,42.552756
1,8192,false,max_i64,5,357,4,before,42.464868
1,8192,false,max_i64,5,357,5,after,42.376751
1,8192,false,max_i64,6,357,0,enum_static,42.419235
1,8192,false,max_i64,6,357,1,bound_dynamic,44.722689
1,8192,false,max_i64,6,357,2,bound_static,42.393090
1,8192,false,max_i64,6,357,3,before,42.680672
1,8192,false,max_i64,6,357,4,after,43.161300
1,8192,false,max_i64,6,357,5,enum_dynamic,45.225258
1,8192,false,max_i64,7,357,0,bound_dynamic,44.876050
1,8192,false,max_i64,7,357,1,bound_static,42.365779
1,8192,false,max_i64,7,357,2,before,42.128151
1,8192,false,max_i64,7,357,3,after,42.575630
1,8192,false,max_i64,7,357,4,enum_dynamic,44.703199
1,8192,false,max_i64,7,357,5,enum_static,42.274627
1,8192,false,max_i64,8,357,0,bound_static,42.348157
1,8192,false,max_i64,8,357,1,before,42.347457
1,8192,false,max_i64,8,357,2,after,42.219538
1,8192,false,max_i64,8,357,3,enum_dynamic,44.629552
1,8192,false,max_i64,8,357,4,enum_static,42.249182
1,8192,false,max_i64,8,357,5,bound_dynamic,44.880838
1,8192,false,max_i64,9,357,0,before,42.301353
1,8192,false,max_i64,9,357,1,after,42.303686
1,8192,false,max_i64,9,357,2,enum_dynamic,44.999300
1,8192,false,max_i64,9,357,3,enum_static,42.815944
1,8192,false,max_i64,9,357,4,bound_dynamic,45.028011
1,8192,false,max_i64,9,357,5,bound_static,42.439426
1,8192,false,max_i64,10,357,0,after,42.670751
1,8192,false,max_i64,10,357,1,enum_dynamic,44.679504
1,8192,false,max_i64,10,357,2,enum_static,42.397527
1,8192,false,max_i64,10,357,3,bound_dynamic,44.723739
1,8192,false,max_i64,10,357,4,bound_static,42.479227
1,8192,false,max_i64,10,357,5,before,42.432073
1,8192,false,max_i64,11,357,0,enum_dynamic,44.797969
1,8192,false,max_i64,11,357,1,enum_static,42.326213
1,8192,false,max_i64,11,357,2,bound_dynamic,44.798669
1,8192,false,max_i64,11,357,3,bound_static,42.566992
1,8192,false,max_i64,11,357,4,before,42.450863
1,8192,false,max_i64,11,357,5,after,42.336485
1,128,false,max_utf8,0,8229,0,enum_static,1.803652
1,128,false,max_utf8,0,8229,1,bound_dynamic,1.866964
1,128,false,max_utf8,0,8229,2,bound_static,1.816320
1,128,false,max_utf8,0,8229,3,before,1.809358
1,128,false,max_utf8,0,8229,4,after,1.805095
1,128,false,max_utf8,0,8229,5,enum_dynamic,1.853916
1,128,false,max_utf8,1,8229,0,bound_dynamic,1.861749
1,128,false,max_utf8,1,8229,1,bound_static,1.802092
1,128,false,max_utf8,1,8229,2,before,1.803409
1,128,false,max_utf8,1,8229,3,after,1.798907
1,128,false,max_utf8,1,8229,4,enum_dynamic,1.860898
1,128,false,max_utf8,1,8229,5,enum_static,1.801262
1,128,false,max_utf8,2,8229,0,bound_static,1.796077
1,128,false,max_utf8,2,8229,1,before,1.802994
1,128,false,max_utf8,2,8229,2,after,1.799171
1,128,false,max_utf8,2,8229,3,enum_dynamic,1.864073
1,128,false,max_utf8,2,8229,4,enum_static,1.801216
1,128,false,max_utf8,2,8229,5,bound_dynamic,1.837921
1,128,false,max_utf8,3,8229,0,before,1.802862
1,128,false,max_utf8,3,8229,1,after,1.835830
1,128,false,max_utf8,3,8229,2,enum_dynamic,1.854944
1,128,false,max_utf8,3,8229,3,enum_static,1.800953
1,128,false,max_utf8,3,8229,4,bound_dynamic,1.837728
1,128,false,max_utf8,3,8229,5,bound_static,1.801277
1,128,false,max_utf8,4,8229,0,after,1.803252
1,128,false,max_utf8,4,8229,1,enum_dynamic,1.859703
1,128,false,max_utf8,4,8229,2,enum_static,1.803869
1,128,false,max_utf8,4,8229,3,bound_dynamic,1.839065
1,128,false,max_utf8,4,8229,4,bound_static,1.802123
1,128,false,max_utf8,4,8229,5,before,1.805616
1,128,false,max_utf8,5,8229,0,enum_dynamic,1.851541
1,128,false,max_utf8,5,8229,1,enum_static,1.804705
1,128,false,max_utf8,5,8229,2,bound_dynamic,1.836903
1,128,false,max_utf8,5,8229,3,bound_static,1.793996
1,128,false,max_utf8,5,8229,4,before,1.808776
1,128,false,max_utf8,5,8229,5,after,1.799981
1,128,false,max_utf8,6,8229,0,enum_static,1.806376
1,128,false,max_utf8,6,8229,1,bound_dynamic,1.835085
1,128,false,max_utf8,6,8229,2,bound_static,1.802259
1,128,false,max_utf8,6,8229,3,before,1.838832
1,128,false,max_utf8,6,8229,4,after,1.803956
1,128,false,max_utf8,6,8229,5,enum_dynamic,1.850676
1,128,false,max_utf8,7,8229,0,bound_dynamic,1.845020
1,128,false,max_utf8,7,8229,1,bound_static,1.798224
1,128,false,max_utf8,7,8229,2,before,1.804609
1,128,false,max_utf8,7,8229,3,after,1.814837
1,128,false,max_utf8,7,8229,4,enum_dynamic,1.855288
1,128,false,max_utf8,7,8229,5,enum_static,1.809135
1,128,false,max_utf8,8,8229,0,bound_static,1.797647
1,128,false,max_utf8,8,8229,1,before,1.806092
1,128,false,max_utf8,8,8229,2,after,1.804123
1,128,false,max_utf8,8,8229,3,enum_dynamic,1.850675
1,128,false,max_utf8,8,8229,4,enum_static,1.798948
1,128,false,max_utf8,8,8229,5,bound_dynamic,1.836093
1,128,false,max_utf8,9,8229,0,before,1.831607
1,128,false,max_utf8,9,8229,1,after,1.796755
1,128,false,max_utf8,9,8229,2,enum_dynamic,1.855703
1,128,false,max_utf8,9,8229,3,enum_static,1.804518
1,128,false,max_utf8,9,8229,4,bound_dynamic,1.838103
1,128,false,max_utf8,9,8229,5,bound_static,1.797520
1,128,false,max_utf8,10,8229,0,after,1.801545
1,128,false,max_utf8,10,8229,1,enum_dynamic,1.855845
1,128,false,max_utf8,10,8229,2,enum_static,1.802512
1,128,false,max_utf8,10,8229,3,bound_dynamic,1.838569
1,128,false,max_utf8,10,8229,4,bound_static,1.798857
1,128,false,max_utf8,10,8229,5,before,1.808376
1,128,false,max_utf8,11,8229,0,enum_dynamic,1.851926
1,128,false,max_utf8,11,8229,1,enum_static,1.826685
1,128,false,max_utf8,11,8229,2,bound_dynamic,1.844807
1,128,false,max_utf8,11,8229,3,bound_static,1.803323
1,128,false,max_utf8,11,8229,4,before,1.804391
1,128,false,max_utf8,11,8229,5,after,1.800983
1,65536,false,count_i64,0,493,0,enum_static,30.690501
1,65536,false,count_i64,0,493,1,bound_dynamic,30.513777
1,65536,false,count_i64,0,493,2,bound_static,30.520791
1,65536,false,count_i64,0,493,3,before,31.346688
1,65536,false,count_i64,0,493,4,after,31.120775
1,65536,false,count_i64,0,493,5,enum_dynamic,31.082233
1,65536,false,count_i64,1,493,0,bound_dynamic,30.526623
1,65536,false,count_i64,1,493,1,bound_static,30.580797
1,65536,false,count_i64,1,493,2,before,31.066600
1,65536,false,count_i64,1,493,3,after,30.662609
1,65536,false,count_i64,1,493,4,enum_dynamic,30.542850
1,65536,false,count_i64,1,493,5,enum_static,30.568205
1,65536,false,count_i64,2,493,0,bound_static,30.576996
1,65536,false,count_i64,2,493,1,before,31.096602
1,65536,false,count_i64,2,493,2,after,30.569134
1,65536,false,count_i64,2,493,3,enum_dynamic,30.530765
1,65536,false,count_i64,2,493,4,enum_static,30.593560
1,65536,false,count_i64,2,493,5,bound_dynamic,31.144185
1,65536,false,count_i64,3,493,0,before,31.112323
1,65536,false,count_i64,3,493,1,after,30.543103
1,65536,false,count_i64,3,493,2,enum_dynamic,30.611562
1,65536,false,count_i64,3,493,3,enum_static,30.642834
1,65536,false,count_i64,3,493,4,bound_dynamic,30.558063
1,65536,false,count_i64,3,493,5,bound_static,30.551556
1,65536,false,count_i64,4,493,0,after,30.583335
1,65536,false,count_i64,4,493,1,enum_dynamic,30.670809
1,65536,false,count_i64,4,493,2,enum_static,30.583503
1,65536,false,count_i64,4,493,3,bound_dynamic,30.629140
1,65536,false,count_i64,4,493,4,bound_static,30.535582
1,65536,false,count_i64,4,493,5,before,31.465686
1,65536,false,count_i64,5,493,0,enum_dynamic,31.028483
1,65536,false,count_i64,5,493,1,enum_static,30.996704
1,65536,false,count_i64,5,493,2,bound_dynamic,30.552653
1,65536,false,count_i64,5,493,3,bound_static,30.639452
1,65536,false,count_i64,5,493,4,before,31.030004
1,65536,false,count_i64,5,493,5,after,30.619761
1,65536,false,count_i64,6,493,0,enum_static,30.550456
1,65536,false,count_i64,6,493,1,bound_dynamic,30.509296
1,65536,false,count_i64,6,493,2,bound_static,30.626014
1,65536,false,count_i64,6,493,3,before,31.166921
1,65536,false,count_i64,6,493,4,after,30.585531
1,65536,false,count_i64,6,493,5,enum_dynamic,30.573698
1,65536,false,count_i64,7,493,0,bound_dynamic,30.617479
1,65536,false,count_i64,7,493,1,bound_static,30.575389
1,65536,false,count_i64,7,493,2,before,31.152045
1,65536,false,count_i64,7,493,3,after,30.544456
1,65536,false,count_i64,7,493,4,enum_dynamic,30.540736
1,65536,false,count_i64,7,493,5,enum_static,30.790568
1,65536,false,count_i64,8,493,0,bound_static,30.596517
1,65536,false,count_i64,8,493,1,before,31.022483
1,65536,false,count_i64,8,493,2,after,30.516310
1,65536,false,count_i64,8,493,3,enum_dynamic,30.626268
1,65536,false,count_i64,8,493,4,enum_static,31.183824
1,65536,false,count_i64,8,493,5,bound_dynamic,30.598546
1,65536,false,count_i64,9,493,0,before,31.225152
1,65536,false,count_i64,9,493,1,after,30.918779
1,65536,false,count_i64,9,493,2,enum_dynamic,30.525018
1,65536,false,count_i64,9,493,3,enum_static,30.637763
1,65536,false,count_i64,9,493,4,bound_dynamic,30.590010
1,65536,false,count_i64,9,493,5,bound_static,30.514791
1,65536,false,count_i64,10,493,0,after,31.358773
1,65536,false,count_i64,10,493,1,enum_dynamic,30.582318
1,65536,false,count_i64,10,493,2,enum_static,30.631846
1,65536,false,count_i64,10,493,3,bound_dynamic,30.738083
1,65536,false,count_i64,10,493,4,bound_static,30.588996
1,65536,false,count_i64,10,493,5,before,31.380156
1,65536,false,count_i64,11,493,0,enum_dynamic,30.641142
1,65536,false,count_i64,11,493,1,enum_static,30.528229
1,65536,false,count_i64,11,493,2,bound_dynamic,30.540568
1,65536,false,count_i64,11,493,3,bound_static,30.676300
1,65536,false,count_i64,11,493,4,before,31.418274
1,65536,false,count_i64,11,493,5,after,31.105645
1,65536,true,sum_f64,0,216,0,enum_static,71.007912
1,65536,true,sum_f64,0,216,1,bound_dynamic,70.965856
1,65536,true,sum_f64,0,216,2,bound_static,70.947144
1,65536,true,sum_f64,0,216,3,before,71.321181
1,65536,true,sum_f64,0,216,4,after,72.213542
1,65536,true,sum_f64,0,216,5,enum_dynamic,71.262153
1,65536,true,sum_f64,1,216,0,bound_dynamic,70.950616
1,65536,true,sum_f64,1,216,1,bound_static,71.127505
1,65536,true,sum_f64,1,216,2,before,71.131171
1,65536,true,sum_f64,1,216,3,after,72.343944
1,65536,true,sum_f64,1,216,4,enum_dynamic,71.079861
1,65536,true,sum_f64,1,216,5,enum_static,71.136190
1,65536,true,sum_f64,2,216,0,bound_static,71.222606
1,65536,true,sum_f64,2,216,1,before,71.043403
1,65536,true,sum_f64,2,216,2,after,71.069056
1,65536,true,sum_f64,2,216,3,enum_dynamic,69.752315
1,65536,true,sum_f64,2,216,4,enum_static,69.847222
1,65536,true,sum_f64,2,216,5,bound_dynamic,69.894292
1,65536,true,sum_f64,3,216,0,before,69.919755
1,65536,true,sum_f64,3,216,1,after,70.941361
1,65536,true,sum_f64,3,216,2,enum_dynamic,69.843171
1,65536,true,sum_f64,3,216,3,enum_static,69.868634
1,65536,true,sum_f64,3,216,4,bound_dynamic,69.612847
1,65536,true,sum_f64,3,216,5,bound_static,70.674769
1,65536,true,sum_f64,4,216,0,after,71.184028
1,65536,true,sum_f64,4,216,1,enum_dynamic,69.851079
1,65536,true,sum_f64,4,216,2,enum_static,69.834491
1,65536,true,sum_f64,4,216,3,bound_dynamic,69.904704
1,65536,true,sum_f64,4,216,4,bound_static,69.808644
1,65536,true,sum_f64,4,216,5,before,69.932486
1,65536,true,sum_f64,5,216,0,enum_dynamic,69.796296
1,65536,true,sum_f64,5,216,1,enum_static,69.918014
1,65536,true,sum_f64,5,216,2,bound_dynamic,69.804593
1,65536,true,sum_f64,5,216,3,bound_static,69.939046
1,65536,true,sum_f64,5,216,4,before,69.900657
1,65536,true,sum_f64,5,216,5,after,71.014852
1,65536,true,sum_f64,6,216,0,enum_static,69.898148
1,65536,true,sum_f64,6,216,1,bound_dynamic,69.791282
1,65536,true,sum_f64,6,216,2,bound_static,69.945023
1,65536,true,sum_f64,6,216,3,before,69.975884
1,65536,true,sum_f64,6,216,4,after,70.788194
1,65536,true,sum_f64,6,216,5,enum_dynamic,69.833722
1,65536,true,sum_f64,7,216,0,bound_dynamic,69.924574
1,65536,true,sum_f64,7,216,1,bound_static,70.239389
1,65536,true,sum_f64,7,216,2,before,69.677472
1,65536,true,sum_f64,7,216,3,after,71.074653
1,65536,true,sum_f64,7,216,4,enum_dynamic,69.673611
1,65536,true,sum_f64,7,216,5,enum_static,69.786653
1,65536,true,sum_f64,8,216,0,bound_static,71.357833
1,65536,true,sum_f64,8,216,1,before,69.906056
1,65536,true,sum_f64,8,216,2,after,70.995949
1,65536,true,sum_f64,8,216,3,enum_dynamic,70.248069
1,65536,true,sum_f64,8,216,4,enum_static,70.261958
1,65536,true,sum_f64,8,216,5,bound_dynamic,69.940009
1,65536,true,sum_f64,9,216,0,before,69.802472
1,65536,true,sum_f64,9,216,1,after,71.171875
1,65536,true,sum_f64,9,216,2,enum_dynamic,69.918787
1,65536,true,sum_f64,9,216,3,enum_static,70.463931
1,65536,true,sum_f64,9,216,4,bound_dynamic,69.992287
1,65536,true,sum_f64,9,216,5,bound_static,69.702935
1,65536,true,sum_f64,10,216,0,after,70.751931
1,65536,true,sum_f64,10,216,1,enum_dynamic,69.701194
1,65536,true,sum_f64,10,216,2,enum_static,69.985532
1,65536,true,sum_f64,10,216,3,bound_dynamic,69.623648
1,65536,true,sum_f64,10,216,4,bound_static,69.623074
1,65536,true,sum_f64,10,216,5,before,69.858796
1,65536,true,sum_f64,11,216,0,enum_dynamic,69.620949
1,65536,true,sum_f64,11,216,1,enum_static,69.683644
1,65536,true,sum_f64,11,216,2,bound_dynamic,69.732060
1,65536,true,sum_f64,11,216,3,bound_static,69.780287
1,65536,true,sum_f64,11,216,4,before,69.997880
1,65536,true,sum_f64,11,216,5,after,71.020255
1,8192,false,count_i64,0,3927,0,enum_static,3.824580
1,8192,false,count_i64,0,3927,1,bound_dynamic,3.829768
1,8192,false,count_i64,0,3927,2,bound_static,3.834034
1,8192,false,count_i64,0,3927,3,before,3.833641
1,8192,false,count_i64,0,3927,4,after,3.828633
1,8192,false,count_i64,0,3927,5,enum_dynamic,3.824527
1,8192,false,count_i64,1,3927,0,bound_dynamic,3.846257
1,8192,false,count_i64,1,3927,1,bound_static,3.819370
1,8192,false,count_i64,1,3927,2,before,3.835519
1,8192,false,count_i64,1,3927,3,after,3.819487
1,8192,false,count_i64,1,3927,4,enum_dynamic,3.829726
1,8192,false,count_i64,1,3927,5,enum_static,3.875881
1,8192,false,count_i64,2,3927,0,bound_static,3.834543
1,8192,false,count_i64,2,3927,1,before,3.864284
1,8192,false,count_i64,2,3927,2,after,3.900412
1,8192,false,count_i64,2,3927,3,enum_dynamic,3.861610
1,8192,false,count_i64,2,3927,4,enum_static,3.830278
1,8192,false,count_i64,2,3927,5,bound_dynamic,3.850384
1,8192,false,count_i64,3,3927,0,before,3.831147
1,8192,false,count_i64,3,3927,1,after,3.828771
1,8192,false,count_i64,3,3927,2,enum_dynamic,3.837344
1,8192,false,count_i64,3,3927,3,enum_static,3.843519
1,8192,false,count_i64,3,3927,4,bound_dynamic,3.824845
1,8192,false,count_i64,3,3927,5,bound_static,3.829545
1,8192,false,count_i64,4,3927,0,after,3.828474
1,8192,false,count_i64,4,3927,1,enum_dynamic,3.833025
1,8192,false,count_i64,4,3927,2,enum_static,3.822553
1,8192,false,count_i64,4,3927,3,bound_dynamic,3.827222
1,8192,false,count_i64,4,3927,4,bound_static,3.827275
1,8192,false,count_i64,4,3927,5,before,3.832092
1,8192,false,count_i64,5,3927,0,enum_dynamic,3.840113
1,8192,false,count_i64,5,3927,1,enum_static,3.832081
1,8192,false,count_i64,5,3927,2,bound_dynamic,3.829683
1,8192,false,count_i64,5,3927,3,bound_static,3.838352
1,8192,false,count_i64,5,3927,4,before,3.823689
1,8192,false,count_i64,5,3927,5,after,3.824113
1,8192,false,count_i64,6,3927,0,enum_static,3.828750
1,8192,false,count_i64,6,3927,1,bound_dynamic,3.848687
1,8192,false,count_i64,6,3927,2,bound_static,3.824251
1,8192,false,count_i64,6,3927,3,before,3.830978
1,8192,false,count_i64,6,3927,4,after,3.821174
1,8192,false,count_i64,6,3927,5,enum_dynamic,3.850119
1,8192,false,count_i64,7,3927,0,bound_dynamic,3.826352
1,8192,false,count_i64,7,3927,1,bound_static,3.833132
1,8192,false,count_i64,7,3927,2,before,3.833673
1,8192,false,count_i64,7,3927,3,after,3.878576
1,8192,false,count_i64,7,3927,4,enum_dynamic,3.879700
1,8192,false,count_i64,7,3927,5,enum_static,3.838585
1,8192,false,count_i64,8,3927,0,bound_static,3.822776
1,8192,false,count_i64,8,3927,1,before,3.828007
1,8192,false,count_i64,8,3927,2,after,3.827912
1,8192,false,count_i64,8,3927,3,enum_dynamic,3.847116
1,8192,false,count_i64,8,3927,4,enum_static,3.830044
1,8192,false,count_i64,8,3927,5,bound_dynamic,3.821683
1,8192,false,count_i64,9,3927,0,before,3.825333
1,8192,false,count_i64,9,3927,1,after,3.837142
1,8192,false,count_i64,9,3927,2,enum_dynamic,3.824590
1,8192,false,count_i64,9,3927,3,enum_static,3.824028
1,8192,false,count_i64,9,3927,4,bound_dynamic,3.820219
1,8192,false,count_i64,9,3927,5,bound_static,3.830638
1,8192,false,count_i64,10,3927,0,after,3.822532
1,8192,false,count_i64,10,3927,1,enum_dynamic,3.822978
1,8192,false,count_i64,10,3927,2,enum_static,3.818107
1,8192,false,count_i64,10,3927,3,bound_dynamic,3.829301
1,8192,false,count_i64,10,3927,4,bound_static,3.848464
1,8192,false,count_i64,10,3927,5,before,3.838267
1,8192,false,count_i64,11,3927,0,enum_dynamic,3.825906
1,8192,false,count_i64,11,3927,1,enum_static,3.820007
1,8192,false,count_i64,11,3927,2,bound_dynamic,3.846723
1,8192,false,count_i64,11,3927,3,bound_static,3.830829
1,8192,false,count_i64,11,3927,4,before,3.828548
1,8192,false,count_i64,11,3927,5,after,3.871233
1,65536,false,sum_u64,0,132,0,enum_static,114.354167
1,65536,false,sum_u64,0,132,1,bound_dynamic,114.909720
1,65536,false,sum_u64,0,132,2,bound_static,112.530303
1,65536,false,sum_u64,0,132,3,before,114.183083
1,65536,false,sum_u64,0,132,4,after,114.326705
1,65536,false,sum_u64,0,132,5,enum_dynamic,114.413826
1,65536,false,sum_u64,1,132,0,bound_dynamic,115.341227
1,65536,false,sum_u64,1,132,1,bound_static,112.177394
1,65536,false,sum_u64,1,132,2,before,113.900258
1,65536,false,sum_u64,1,132,3,after,112.934659
1,65536,false,sum_u64,1,132,4,enum_dynamic,112.486114
1,65536,false,sum_u64,1,132,5,enum_static,114.359848
1,65536,false,sum_u64,2,132,0,bound_static,114.568182
1,65536,false,sum_u64,2,132,1,before,114.510098
1,65536,false,sum_u64,2,132,2,after,114.443811
1,65536,false,sum_u64,2,132,3,enum_dynamic,114.759780
1,65536,false,sum_u64,2,132,4,enum_static,114.516727
1,65536,false,sum_u64,2,132,5,bound_dynamic,114.215273
1,65536,false,sum_u64,3,132,0,before,114.149621
1,65536,false,sum_u64,3,132,1,after,114.564705
1,65536,false,sum_u64,3,132,2,enum_dynamic,112.613318
1,65536,false,sum_u64,3,132,3,enum_static,112.774311
1,65536,false,sum_u64,3,132,4,bound_dynamic,112.612689
1,65536,false,sum_u64,3,132,5,bound_static,114.801455
1,65536,false,sum_u64,4,132,0,after,114.884470
1,65536,false,sum_u64,4,132,1,enum_dynamic,112.054288
1,65536,false,sum_u64,4,132,2,enum_static,113.821652
1,65536,false,sum_u64,4,132,3,bound_dynamic,114.301136
1,65536,false,sum_u64,4,132,4,bound_static,114.864265
1,65536,false,sum_u64,4,132,5,before,114.142364
1,65536,false,sum_u64,5,132,0,enum_dynamic,112.916667
1,65536,false,sum_u64,5,132,1,enum_static,112.685288
1,65536,false,sum_u64,5,132,2,bound_dynamic,114.704545
1,65536,false,sum_u64,5,132,3,bound_static,114.220644
1,65536,false,sum_u64,5,132,4,before,114.536614
1,65536,false,sum_u64,5,132,5,after,114.359848
1,65536,false,sum_u64,6,132,0,enum_static,114.301773
1,65536,false,sum_u64,6,132,1,bound_dynamic,116.357318
1,65536,false,sum_u64,6,132,2,bound_static,113.145515
1,65536,false,sum_u64,6,132,3,before,113.750318
1,65536,false,sum_u64,6,132,4,after,114.396470
1,65536,false,sum_u64,6,132,5,enum_dynamic,114.907197
1,65536,false,sum_u64,7,132,0,bound_dynamic,115.491788
1,65536,false,sum_u64,7,132,1,bound_static,114.800508
1,65536,false,sum_u64,7,132,2,before,114.366795
1,65536,false,sum_u64,7,132,3,after,114.170136
1,65536,false,sum_u64,7,132,4,enum_dynamic,114.432765
1,65536,false,sum_u64,7,132,5,enum_static,114.218432
1,65536,false,sum_u64,8,132,0,bound_static,114.197917
1,65536,false,sum_u64,8,132,1,before,114.152780
1,65536,false,sum_u64,8,132,2,after,114.173295
1,65536,false,sum_u64,8,132,3,enum_dynamic,113.438447
1,65536,false,sum_u64,8,132,4,enum_static,112.312189
1,65536,false,sum_u64,8,132,5,bound_dynamic,114.276826
1,65536,false,sum_u64,9,132,0,before,114.539455
1,65536,false,sum_u64,9,132,1,after,114.500947
1,65536,false,sum_u64,9,132,2,enum_dynamic,113.677720
1,65536,false,sum_u64,9,132,3,enum_static,112.386364
1,65536,false,sum_u64,9,132,4,bound_dynamic,114.061553
1,65536,false,sum_u64,9,132,5,bound_static,114.690341
1,65536,false,sum_u64,10,132,0,after,114.517364
1,65536,false,sum_u64,10,132,1,enum_dynamic,114.584280
1,65536,false,sum_u64,10,132,2,enum_static,114.521152
1,65536,false,sum_u64,10,132,3,bound_dynamic,114.327023
1,65536,false,sum_u64,10,132,4,bound_static,114.567553
1,65536,false,sum_u64,10,132,5,before,114.404356
1,65536,false,sum_u64,11,132,0,enum_dynamic,114.457705
1,65536,false,sum_u64,11,132,1,enum_static,114.232326
1,65536,false,sum_u64,11,132,2,bound_dynamic,114.835538
1,65536,false,sum_u64,11,132,3,bound_static,114.366795
1,65536,false,sum_u64,11,132,4,before,114.747795
1,65536,false,sum_u64,11,132,5,after,114.339962
1,8192,false,count_distinct_i64,0,42,0,enum_static,356.074405
1,8192,false,count_distinct_i64,0,42,1,bound_dynamic,354.459333
1,8192,false,count_distinct_i64,0,42,2,bound_static,358.565476
1,8192,false,count_distinct_i64,0,42,3,before,356.071429
1,8192,false,count_distinct_i64,0,42,4,after,357.560524
1,8192,false,count_distinct_i64,0,42,5,enum_dynamic,363.683524
1,8192,false,count_distinct_i64,1,42,0,bound_dynamic,357.959333
1,8192,false,count_distinct_i64,1,42,1,bound_static,354.577381
1,8192,false,count_distinct_i64,1,42,2,before,395.453381
1,8192,false,count_distinct_i64,1,42,3,after,358.287690
1,8192,false,count_distinct_i64,1,42,4,enum_dynamic,355.082357
1,8192,false,count_distinct_i64,1,42,5,enum_static,358.434524
1,8192,false,count_distinct_i64,2,42,0,bound_static,356.384905
1,8192,false,count_distinct_i64,2,42,1,before,396.752976
1,8192,false,count_distinct_i64,2,42,2,after,356.647833
1,8192,false,count_distinct_i64,2,42,3,enum_dynamic,354.931548
1,8192,false,count_distinct_i64,2,42,4,enum_static,355.605167
1,8192,false,count_distinct_i64,2,42,5,bound_dynamic,358.393833
1,8192,false,count_distinct_i64,3,42,0,before,395.171619
1,8192,false,count_distinct_i64,3,42,1,after,356.500000
1,8192,false,count_distinct_i64,3,42,2,enum_dynamic,357.221238
1,8192,false,count_distinct_i64,3,42,3,enum_static,358.439500
1,8192,false,count_distinct_i64,3,42,4,bound_dynamic,357.825381
1,8192,false,count_distinct_i64,3,42,5,bound_static,360.324405
1,8192,false,count_distinct_i64,4,42,0,after,396.257929
1,8192,false,count_distinct_i64,4,42,1,enum_dynamic,354.648810
1,8192,false,count_distinct_i64,4,42,2,enum_static,357.464286
1,8192,false,count_distinct_i64,4,42,3,bound_dynamic,359.782738
1,8192,false,count_distinct_i64,4,42,4,bound_static,358.777786
1,8192,false,count_distinct_i64,4,42,5,before,362.048619
1,8192,false,count_distinct_i64,5,42,0,enum_dynamic,355.104167
1,8192,false,count_distinct_i64,5,42,1,enum_static,355.108143
1,8192,false,count_distinct_i64,5,42,2,bound_dynamic,355.307548
1,8192,false,count_distinct_i64,5,42,3,bound_static,361.450381
1,8192,false,count_distinct_i64,5,42,4,before,355.125000
1,8192,false,count_distinct_i64,5,42,5,after,358.114071
1,8192,false,count_distinct_i64,6,42,0,enum_static,356.161714
1,8192,false,count_distinct_i64,6,42,1,bound_dynamic,353.783738
1,8192,false,count_distinct_i64,6,42,2,bound_static,354.062500
1,8192,false,count_distinct_i64,6,42,3,before,356.161714
1,8192,false,count_distinct_i64,6,42,4,after,353.582333
1,8192,false,count_distinct_i64,6,42,5,enum_dynamic,356.861119
1,8192,false,count_distinct_i64,7,42,0,bound_dynamic,356.719238
1,8192,false,count_distinct_i64,7,42,1,bound_static,354.552595
1,8192,false,count_distinct_i64,7,42,2,before,394.971214
1,8192,false,count_distinct_i64,7,42,3,after,355.897833
1,8192,false,count_distinct_i64,7,42,4,enum_dynamic,356.056548
1,8192,false,count_distinct_i64,7,42,5,enum_static,354.765881
1,8192,false,count_distinct_i64,8,42,0,bound_static,354.795643
1,8192,false,count_distinct_i64,8,42,1,before,393.910714
1,8192,false,count_distinct_i64,8,42,2,after,353.952381
1,8192,false,count_distinct_i64,8,42,3,enum_dynamic,384.677571
1,8192,false,count_distinct_i64,8,42,4,enum_static,371.377976
1,8192,false,count_distinct_i64,8,42,5,bound_dynamic,369.934524
1,8192,false,count_distinct_i64,9,42,0,before,396.567452
1,8192,false,count_distinct_i64,9,42,1,after,352.561500
1,8192,false,count_distinct_i64,9,42,2,enum_dynamic,354.584333
1,8192,false,count_distinct_i64,9,42,3,enum_static,355.746024
1,8192,false,count_distinct_i64,9,42,4,bound_dynamic,360.524810
1,8192,false,count_distinct_i64,9,42,5,bound_static,360.559524
1,8192,false,count_distinct_i64,10,42,0,after,399.598214
1,8192,false,count_distinct_i64,10,42,1,enum_dynamic,381.596214
1,8192,false,count_distinct_i64,10,42,2,enum_static,357.920619
1,8192,false,count_distinct_i64,10,42,3,bound_dynamic,356.949405
1,8192,false,count_distinct_i64,10,42,4,bound_static,357.925595
1,8192,false,count_distinct_i64,10,42,5,before,356.215286
1,8192,false,count_distinct_i64,11,42,0,enum_dynamic,355.895833
1,8192,false,count_distinct_i64,11,42,1,enum_static,355.010905
1,8192,false,count_distinct_i64,11,42,2,bound_dynamic,359.529762
1,8192,false,count_distinct_i64,11,42,3,bound_static,355.013881
1,8192,false,count_distinct_i64,11,42,4,before,355.286714
1,8192,false,count_distinct_i64,11,42,5,after,360.422619
1,128,true,avg_i64,0,33104,0,enum_static,0.454262
1,128,true,avg_i64,0,33104,1,bound_dynamic,0.452828
1,128,true,avg_i64,0,33104,2,bound_static,0.454530
1,128,true,avg_i64,0,33104,3,before,0.495766
1,128,true,avg_i64,0,33104,4,after,0.460724
1,128,true,avg_i64,0,33104,5,enum_dynamic,0.462165
1,128,true,avg_i64,1,33104,0,bound_dynamic,0.462674
1,128,true,avg_i64,1,33104,1,bound_static,0.461217
1,128,true,avg_i64,1,33104,2,before,0.498311
1,128,true,avg_i64,1,33104,3,after,0.461933
1,128,true,avg_i64,1,33104,4,enum_dynamic,0.461671
1,128,true,avg_i64,1,33104,5,enum_static,0.464452
1,128,true,avg_i64,2,33104,0,bound_static,0.461022
1,128,true,avg_i64,2,33104,1,before,0.494573
1,128,true,avg_i64,2,33104,2,after,0.460439
1,128,true,avg_i64,2,33104,3,enum_dynamic,0.461139
1,128,true,avg_i64,2,33104,4,enum_static,0.463443
1,128,true,avg_i64,2,33104,5,bound_dynamic,0.468002
1,128,true,avg_i64,3,33104,0,before,0.485801
1,128,true,avg_i64,3,33104,1,after,0.453155
1,128,true,avg_i64,3,33104,2,enum_dynamic,0.453369
1,128,true,avg_i64,3,33104,3,enum_static,0.454143
1,128,true,avg_i64,3,33104,4,bound_dynamic,0.453126
1,128,true,avg_i64,3,33104,5,bound_static,0.456313
1,128,true,avg_i64,4,33104,0,after,0.451326
1,128,true,avg_i64,4,33104,1,enum_dynamic,0.454706
1,128,true,avg_i64,4,33104,2,enum_static,0.462969
1,128,true,avg_i64,4,33104,3,bound_dynamic,0.451899
1,128,true,avg_i64,4,33104,4,bound_static,0.453446
1,128,true,avg_i64,4,33104,5,before,0.489692
1,128,true,avg_i64,5,33104,0,enum_dynamic,0.460789
1,128,true,avg_i64,5,33104,1,enum_static,0.463956
1,128,true,avg_i64,5,33104,2,bound_dynamic,0.462221
1,128,true,avg_i64,5,33104,3,bound_static,0.459508
1,128,true,avg_i64,5,33104,4,before,0.494211
1,128,true,avg_i64,5,33104,5,after,0.461031
1,128,true,avg_i64,6,33104,0,enum_static,0.455876
1,128,true,avg_i64,6,33104,1,bound_dynamic,0.453024
1,128,true,avg_i64,6,33104,2,bound_static,0.452484
1,128,true,avg_i64,6,33104,3,before,0.489115
1,128,true,avg_i64,6,33104,4,after,0.456151
1,128,true,avg_i64,6,33104,5,enum_dynamic,0.452983
1,128,true,avg_i64,7,33104,0,bound_dynamic,0.450956
1,128,true,avg_i64,7,33104,1,bound_static,0.451592
1,128,true,avg_i64,7,33104,2,before,0.486019
1,128,true,avg_i64,7,33104,3,after,0.451375
1,128,true,avg_i64,7,33104,4,enum_dynamic,0.453462
1,128,true,avg_i64,7,33104,5,enum_static,0.453586
1,128,true,avg_i64,8,33104,0,bound_static,0.451520
1,128,true,avg_i64,8,33104,1,before,0.487359
1,128,true,avg_i64,8,33104,2,after,0.459831
1,128,true,avg_i64,8,33104,3,enum_dynamic,0.460111
1,128,true,avg_i64,8,33104,4,enum_static,0.463883
1,128,true,avg_i64,8,33104,5,bound_dynamic,0.454881
1,128,true,avg_i64,9,33104,0,before,0.498707
1,128,true,avg_i64,9,33104,1,after,0.452337
1,128,true,avg_i64,9,33104,2,enum_dynamic,0.453341
1,128,true,avg_i64,9,33104,3,enum_static,0.456804
1,128,true,avg_i64,9,33104,4,bound_dynamic,0.460547
1,128,true,avg_i64,9,33104,5,bound_static,0.460934
1,128,true,avg_i64,10,33104,0,after,0.460740
1,128,true,avg_i64,10,33104,1,enum_dynamic,0.464643
1,128,true,avg_i64,10,33104,2,enum_static,0.465485
1,128,true,avg_i64,10,33104,3,bound_dynamic,0.461820
1,128,true,avg_i64,10,33104,4,bound_static,0.460961
1,128,true,avg_i64,10,33104,5,before,0.499262
1,128,true,avg_i64,11,33104,0,enum_dynamic,0.453626
1,128,true,avg_i64,11,33104,1,enum_static,0.454927
1,128,true,avg_i64,11,33104,2,bound_dynamic,0.451487
1,128,true,avg_i64,11,33104,3,bound_static,0.452993
1,128,true,avg_i64,11,33104,4,before,0.487747
1,128,true,avg_i64,11,33104,5,after,0.451749
1,128,false,mixed_7,0,1764,0,enum_static,9.066256
1,128,false,mixed_7,0,1764,1,bound_dynamic,9.109174
1,128,false,mixed_7,0,1764,2,bound_static,9.068452
1,128,false,mixed_7,0,1764,3,before,8.720474
1,128,false,mixed_7,0,1764,4,after,8.461475
1,128,false,mixed_7,0,1764,5,enum_dynamic,9.187240
1,128,false,mixed_7,1,1764,0,bound_dynamic,9.081043
1,128,false,mixed_7,1,1764,1,bound_static,9.020290
1,128,false,mixed_7,1,1764,2,before,8.665462
1,128,false,mixed_7,1,1764,3,after,8.587018
1,128,false,mixed_7,1,1764,4,enum_dynamic,9.273243
1,128,false,mixed_7,1,1764,5,enum_static,9.029360
1,128,false,mixed_7,2,1764,0,bound_static,9.025298
1,128,false,mixed_7,2,1764,1,before,8.653723
1,128,false,mixed_7,2,1764,2,after,8.495536
1,128,false,mixed_7,2,1764,3,enum_dynamic,9.194562
1,128,false,mixed_7,2,1764,4,enum_static,9.067838
1,128,false,mixed_7,2,1764,5,bound_dynamic,9.045115
1,128,false,mixed_7,3,1764,0,before,8.661801
1,128,false,mixed_7,3,1764,1,after,8.483891
1,128,false,mixed_7,3,1764,2,enum_dynamic,9.163690
1,128,false,mixed_7,3,1764,3,enum_static,9.024825
1,128,false,mixed_7,3,1764,4,bound_dynamic,9.061366
1,128,false,mixed_7,3,1764,5,bound_static,9.023833
1,128,false,mixed_7,4,1764,0,after,8.462207
1,128,false,mixed_7,4,1764,1,enum_dynamic,9.176563
1,128,false,mixed_7,4,1764,2,enum_static,9.041218
1,128,false,mixed_7,4,1764,3,bound_dynamic,9.072988
1,128,false,mixed_7,4,1764,4,bound_static,9.193027
1,128,false,mixed_7,4,1764,5,before,8.663667
1,128,false,mixed_7,5,1764,0,enum_dynamic,9.184571
1,128,false,mixed_7,5,1764,1,enum_static,9.058272
1,128,false,mixed_7,5,1764,2,bound_dynamic,9.072940
1,128,false,mixed_7,5,1764,3,bound_static,9.027825
1,128,false,mixed_7,5,1764,4,before,8.674650
1,128,false,mixed_7,5,1764,5,after,8.493575
1,128,false,mixed_7,6,1764,0,enum_static,9.043036
1,128,false,mixed_7,6,1764,1,bound_dynamic,9.074688
1,128,false,mixed_7,6,1764,2,bound_static,9.017810
1,128,false,mixed_7,6,1764,3,before,8.660171
1,128,false,mixed_7,6,1764,4,after,8.470309
1,128,false,mixed_7,6,1764,5,enum_dynamic,9.258763
1,128,false,mixed_7,7,1764,0,bound_dynamic,9.101002
1,128,false,mixed_7,7,1764,1,bound_static,9.046981
1,128,false,mixed_7,7,1764,2,before,8.702074
1,128,false,mixed_7,7,1764,3,after,8.630669
1,128,false,mixed_7,7,1764,4,enum_dynamic,9.351120
1,128,false,mixed_7,7,1764,5,enum_static,9.034580
1,128,false,mixed_7,8,1764,0,bound_static,9.038761
1,128,false,mixed_7,8,1764,1,before,8.656628
1,128,false,mixed_7,8,1764,2,after,8.482261
1,128,false,mixed_7,8,1764,3,enum_dynamic,9.205357
1,128,false,mixed_7,8,1764,4,enum_static,9.055438
1,128,false,mixed_7,8,1764,5,bound_dynamic,9.095545
1,128,false,mixed_7,9,1764,0,before,8.676682
1,128,false,mixed_7,9,1764,1,after,8.462443
1,128,false,mixed_7,9,1764,2,enum_dynamic,9.185280
1,128,false,mixed_7,9,1764,3,enum_static,9.036376
1,128,false,mixed_7,9,1764,4,bound_dynamic,9.092333
1,128,false,mixed_7,9,1764,5,bound_static,9.042493
1,128,false,mixed_7,10,1764,0,after,8.461782
1,128,false,mixed_7,10,1764,1,enum_dynamic,9.345049
1,128,false,mixed_7,10,1764,2,enum_static,9.067625
1,128,false,mixed_7,10,1764,3,bound_dynamic,9.061413
1,128,false,mixed_7,10,1764,4,bound_static,9.008409
1,128,false,mixed_7,10,1764,5,before,8.701200
1,128,false,mixed_7,11,1764,0,enum_dynamic,9.171863
1,128,false,mixed_7,11,1764,1,enum_static,9.041855
1,128,false,mixed_7,11,1764,2,bound_dynamic,9.065807
1,128,false,mixed_7,11,1764,3,bound_static,9.034344
1,128,false,mixed_7,11,1764,4,before,8.664470
1,128,false,mixed_7,11,1764,5,after,8.495134
1,65536,true,count_distinct_i64,0,8,0,enum_static,2730.265625
1,65536,true,count_distinct_i64,0,8,1,bound_dynamic,2785.072875
1,65536,true,count_distinct_i64,0,8,2,bound_static,2732.656250
1,65536,true,count_distinct_i64,0,8,3,before,2734.291750
1,65536,true,count_distinct_i64,0,8,4,after,2736.312500
1,65536,true,count_distinct_i64,0,8,5,enum_dynamic,2742.661375
1,65536,true,count_distinct_i64,1,8,0,bound_dynamic,2735.489500
1,65536,true,count_distinct_i64,1,8,1,bound_static,2763.880250
1,65536,true,count_distinct_i64,1,8,2,before,3101.416625
1,65536,true,count_distinct_i64,1,8,3,after,2743.380250
1,65536,true,count_distinct_i64,1,8,4,enum_dynamic,2742.385375
1,65536,true,count_distinct_i64,1,8,5,enum_static,2770.630250
1,65536,true,count_distinct_i64,2,8,0,bound_static,2721.677125
1,65536,true,count_distinct_i64,2,8,1,before,3165.359375
1,65536,true,count_distinct_i64,2,8,2,after,2766.546875
1,65536,true,count_distinct_i64,2,8,3,enum_dynamic,2791.869875
1,65536,true,count_distinct_i64,2,8,4,enum_static,2723.505250
1,65536,true,count_distinct_i64,2,8,5,bound_dynamic,2938.364500
1,65536,true,count_distinct_i64,3,8,0,before,3085.562500
1,65536,true,count_distinct_i64,3,8,1,after,2727.130125
1,65536,true,count_distinct_i64,3,8,2,enum_dynamic,2724.031250
1,65536,true,count_distinct_i64,3,8,3,enum_static,2727.604125
1,65536,true,count_distinct_i64,3,8,4,bound_dynamic,2719.875000
1,65536,true,count_distinct_i64,3,8,5,bound_static,2764.442750
1,65536,true,count_distinct_i64,4,8,0,after,3089.953125
1,65536,true,count_distinct_i64,4,8,1,enum_dynamic,2731.197875
1,65536,true,count_distinct_i64,4,8,2,enum_static,2729.036375
1,65536,true,count_distinct_i64,4,8,3,bound_dynamic,2737.640625
1,65536,true,count_distinct_i64,4,8,4,bound_static,2728.463625
1,65536,true,count_distinct_i64,4,8,5,before,2745.062500
1,65536,true,count_distinct_i64,5,8,0,enum_dynamic,2719.760500
1,65536,true,count_distinct_i64,5,8,1,enum_static,2724.281250
1,65536,true,count_distinct_i64,5,8,2,bound_dynamic,2738.744750
1,65536,true,count_distinct_i64,5,8,3,bound_static,2728.041750
1,65536,true,count_distinct_i64,5,8,4,before,2734.348875
1,65536,true,count_distinct_i64,5,8,5,after,2729.869875
1,65536,true,count_distinct_i64,6,8,0,enum_static,2736.869750
1,65536,true,count_distinct_i64,6,8,1,bound_dynamic,2735.067750
1,65536,true,count_distinct_i64,6,8,2,bound_static,2730.109375
1,65536,true,count_distinct_i64,6,8,3,before,2728.885375
1,65536,true,count_distinct_i64,6,8,4,after,2729.156250
1,65536,true,count_distinct_i64,6,8,5,enum_dynamic,2734.073000
1,65536,true,count_distinct_i64,7,8,0,bound_dynamic,2726.073000
1,65536,true,count_distinct_i64,7,8,1,bound_static,2728.312500
1,65536,true,count_distinct_i64,7,8,2,before,3074.223875
1,65536,true,count_distinct_i64,7,8,3,after,2721.109375
1,65536,true,count_distinct_i64,7,8,4,enum_dynamic,2727.823000
1,65536,true,count_distinct_i64,7,8,5,enum_static,2727.255250
1,65536,true,count_distinct_i64,8,8,0,bound_static,2716.536500
1,65536,true,count_distinct_i64,8,8,1,before,3106.713500
1,65536,true,count_distinct_i64,8,8,2,after,2720.390625
1,65536,true,count_distinct_i64,8,8,3,enum_dynamic,2786.083375
1,65536,true,count_distinct_i64,8,8,4,enum_static,2752.062500
1,65536,true,count_distinct_i64,8,8,5,bound_dynamic,2736.156250
1,65536,true,count_distinct_i64,9,8,0,before,3160.531250
1,65536,true,count_distinct_i64,9,8,1,after,2773.989625
1,65536,true,count_distinct_i64,9,8,2,enum_dynamic,2739.057375
1,65536,true,count_distinct_i64,9,8,3,enum_static,2724.229250
1,65536,true,count_distinct_i64,9,8,4,bound_dynamic,2723.281250
1,65536,true,count_distinct_i64,9,8,5,bound_static,2725.765625
1,65536,true,count_distinct_i64,10,8,0,after,3115.036500
1,65536,true,count_distinct_i64,10,8,1,enum_dynamic,2718.979125
1,65536,true,count_distinct_i64,10,8,2,enum_static,2719.729125
1,65536,true,count_distinct_i64,10,8,3,bound_dynamic,2771.921875
1,65536,true,count_distinct_i64,10,8,4,bound_static,2742.250000
1,65536,true,count_distinct_i64,10,8,5,before,2727.354125
1,65536,true,count_distinct_i64,11,8,0,enum_dynamic,2721.052125
1,65536,true,count_distinct_i64,11,8,1,enum_static,2726.531250
1,65536,true,count_distinct_i64,11,8,2,bound_dynamic,2721.718750
1,65536,true,count_distinct_i64,11,8,3,bound_static,2713.723875
1,65536,true,count_distinct_i64,11,8,4,before,2724.817750
1,65536,true,count_distinct_i64,11,8,5,after,2720.109375
1,128,true,mixed_7,0,1703,0,enum_static,8.825357
1,128,true,mixed_7,0,1703,1,bound_dynamic,8.905217
1,128,true,mixed_7,0,1703,2,bound_static,9.143301
1,128,true,mixed_7,0,1703,3,before,9.132267
1,128,true,mixed_7,0,1703,4,after,8.806346
1,128,true,mixed_7,0,1703,5,enum_dynamic,8.933133
1,128,true,mixed_7,1,1703,0,bound_dynamic,8.905069
1,128,true,mixed_7,1,1703,1,bound_static,8.863085
1,128,true,mixed_7,1,1703,2,before,9.075993
1,128,true,mixed_7,1,1703,3,after,8.809943
1,128,true,mixed_7,1,1703,4,enum_dynamic,8.974653
1,128,true,mixed_7,1,1703,5,enum_static,8.862792
1,128,true,mixed_7,2,1703,0,bound_static,8.868614
1,128,true,mixed_7,2,1703,1,before,8.977270
1,128,true,mixed_7,2,1703,2,after,8.870425
1,128,true,mixed_7,2,1703,3,enum_dynamic,8.974237
1,128,true,mixed_7,2,1703,4,enum_static,8.884713
1,128,true,mixed_7,2,1703,5,bound_dynamic,8.904115
1,128,true,mixed_7,3,1703,0,before,9.054879
1,128,true,mixed_7,3,1703,1,after,9.007340
1,128,true,mixed_7,3,1703,2,enum_dynamic,9.125000
1,128,true,mixed_7,3,1703,3,enum_static,9.047783
1,128,true,mixed_7,3,1703,4,bound_dynamic,9.073595
1,128,true,mixed_7,3,1703,5,bound_static,9.047221
1,128,true,mixed_7,4,1703,0,after,9.005040
1,128,true,mixed_7,4,1703,1,enum_dynamic,9.133392
1,128,true,mixed_7,4,1703,2,enum_static,9.017812
1,128,true,mixed_7,4,1703,3,bound_dynamic,9.076434
1,128,true,mixed_7,4,1703,4,bound_static,9.043477
1,128,true,mixed_7,4,1703,5,before,9.173004
1,128,true,mixed_7,5,1703,0,enum_dynamic,9.118639
1,128,true,mixed_7,5,1703,1,enum_static,9.052530
1,128,true,mixed_7,5,1703,2,bound_dynamic,9.101928
1,128,true,mixed_7,5,1703,3,bound_static,9.030241
1,128,true,mixed_7,5,1703,4,before,9.160379
1,128,true,mixed_7,5,1703,5,after,9.179952
1,128,true,mixed_7,6,1703,0,enum_static,9.256484
1,128,true,mixed_7,6,1703,1,bound_dynamic,8.909792
1,128,true,mixed_7,6,1703,2,bound_static,8.834752
1,128,true,mixed_7,6,1703,3,before,9.064787
1,128,true,mixed_7,6,1703,4,after,8.810775
1,128,true,mixed_7,6,1703,5,enum_dynamic,8.987204
1,128,true,mixed_7,7,1703,0,bound_dynamic,8.985173
1,128,true,mixed_7,7,1703,1,bound_static,8.847573
1,128,true,mixed_7,7,1703,2,before,9.012038
1,128,true,mixed_7,7,1703,3,after,8.843830
1,128,true,mixed_7,7,1703,4,enum_dynamic,8.964891
1,128,true,mixed_7,7,1703,5,enum_static,8.858436
1,128,true,mixed_7,8,1703,0,bound_static,8.846349
1,128,true,mixed_7,8,1703,1,before,9.006581
1,128,true,mixed_7,8,1703,2,after,8.904605
1,128,true,mixed_7,8,1703,3,enum_dynamic,9.142934
1,128,true,mixed_7,8,1703,4,enum_static,9.055319
1,128,true,mixed_7,8,1703,5,bound_dynamic,9.089352
1,128,true,mixed_7,9,1703,0,before,9.175352
1,128,true,mixed_7,9,1703,1,after,9.016613
1,128,true,mixed_7,9,1703,2,enum_dynamic,9.105672
1,128,true,mixed_7,9,1703,3,enum_static,9.036504
1,128,true,mixed_7,9,1703,4,bound_dynamic,9.100484
1,128,true,mixed_7,9,1703,5,bound_static,9.065252
1,128,true,mixed_7,10,1703,0,after,9.011230
1,128,true,mixed_7,10,1703,1,enum_dynamic,9.102637
1,128,true,mixed_7,10,1703,2,enum_static,9.064861
1,128,true,mixed_7,10,1703,3,bound_dynamic,9.075064
1,128,true,mixed_7,10,1703,4,bound_static,9.021188
1,128,true,mixed_7,10,1703,5,before,9.151767
1,128,true,mixed_7,11,1703,0,enum_dynamic,9.149050
1,128,true,mixed_7,11,1703,1,enum_static,9.036406
1,128,true,mixed_7,11,1703,2,bound_dynamic,9.124169
1,128,true,mixed_7,11,1703,3,bound_static,9.004282
1,128,true,mixed_7,11,1703,4,before,9.172710
1,128,true,mixed_7,11,1703,5,after,8.979938
1,65536,true,mixed_7,0,8,0,enum_static,4457.354125
1,65536,true,mixed_7,0,8,1,bound_dynamic,4472.619750
1,65536,true,mixed_7,0,8,2,bound_static,4410.510375
1,65536,true,mixed_7,0,8,3,before,4139.921875
1,65536,true,mixed_7,0,8,4,after,4162.218750
1,65536,true,mixed_7,0,8,5,enum_dynamic,4404.119875
1,65536,true,mixed_7,1,8,0,bound_dynamic,4412.302000
1,65536,true,mixed_7,1,8,1,bound_static,4356.890625
1,65536,true,mixed_7,1,8,2,before,4076.583375
1,65536,true,mixed_7,1,8,3,after,4001.562500
1,65536,true,mixed_7,1,8,4,enum_dynamic,4433.349000
1,65536,true,mixed_7,1,8,5,enum_static,4441.770875
1,65536,true,mixed_7,2,8,0,bound_static,4408.463500
1,65536,true,mixed_7,2,8,1,before,4057.682375
1,65536,true,mixed_7,2,8,2,after,3978.625000
1,65536,true,mixed_7,2,8,3,enum_dynamic,4398.333375
1,65536,true,mixed_7,2,8,4,enum_static,4339.671875
1,65536,true,mixed_7,2,8,5,bound_dynamic,4382.625000
1,65536,true,mixed_7,3,8,0,before,4058.062500
1,65536,true,mixed_7,3,8,1,after,3977.645875
1,65536,true,mixed_7,3,8,2,enum_dynamic,4409.958375
1,65536,true,mixed_7,3,8,3,enum_static,4373.849000
1,65536,true,mixed_7,3,8,4,bound_dynamic,4438.588500
1,65536,true,mixed_7,3,8,5,bound_static,4338.750000
1,65536,true,mixed_7,4,8,0,after,4039.307375
1,65536,true,mixed_7,4,8,1,enum_dynamic,4443.536500
1,65536,true,mixed_7,4,8,2,enum_static,4382.588500
1,65536,true,mixed_7,4,8,3,bound_dynamic,4410.213500
1,65536,true,mixed_7,4,8,4,bound_static,4344.130250
1,65536,true,mixed_7,4,8,5,before,4139.453125
1,65536,true,mixed_7,5,8,0,enum_dynamic,4443.015625
1,65536,true,mixed_7,5,8,1,enum_static,4357.921875
1,65536,true,mixed_7,5,8,2,bound_dynamic,4386.552125
1,65536,true,mixed_7,5,8,3,bound_static,4375.093750
1,65536,true,mixed_7,5,8,4,before,4065.776000
1,65536,true,mixed_7,5,8,5,after,3997.125000
1,65536,true,mixed_7,6,8,0,enum_static,4370.619875
1,65536,true,mixed_7,6,8,1,bound_dynamic,4437.750000
1,65536,true,mixed_7,6,8,2,bound_static,4353.010375
1,65536,true,mixed_7,6,8,3,before,4051.484375
1,65536,true,mixed_7,6,8,4,after,4032.244750
1,65536,true,mixed_7,6,8,5,enum_dynamic,4430.854125
1,65536,true,mixed_7,7,8,0,bound_dynamic,4416.849000
1,65536,true,mixed_7,7,8,1,bound_static,4343.052125
1,65536,true,mixed_7,7,8,2,before,4061.125000
1,65536,true,mixed_7,7,8,3,after,3980.692750
1,65536,true,mixed_7,7,8,4,enum_dynamic,4389.401000
1,65536,true,mixed_7,7,8,5,enum_static,4336.359375
1,65536,true,mixed_7,8,8,0,bound_static,4326.260375
1,65536,true,mixed_7,8,8,1,before,4059.786500
1,65536,true,mixed_7,8,8,2,after,4020.406250
1,65536,true,mixed_7,8,8,3,enum_dynamic,4435.552125
1,65536,true,mixed_7,8,8,4,enum_static,4382.052125
1,65536,true,mixed_7,8,8,5,bound_dynamic,4415.948000
1,65536,true,mixed_7,9,8,0,before,4081.718750
1,65536,true,mixed_7,9,8,1,after,4072.109375
1,65536,true,mixed_7,9,8,2,enum_dynamic,4426.197875
1,65536,true,mixed_7,9,8,3,enum_static,4359.119750
1,65536,true,mixed_7,9,8,4,bound_dynamic,4403.203125
1,65536,true,mixed_7,9,8,5,bound_static,4338.791750
1,65536,true,mixed_7,10,8,0,after,3989.218750
1,65536,true,mixed_7,10,8,1,enum_dynamic,4425.406250
1,65536,true,mixed_7,10,8,2,enum_static,4380.494750
1,65536,true,mixed_7,10,8,3,bound_dynamic,4426.817625
1,65536,true,mixed_7,10,8,4,bound_static,4343.593750
1,65536,true,mixed_7,10,8,5,before,4057.869875
1,65536,true,mixed_7,11,8,0,enum_dynamic,4401.755250
1,65536,true,mixed_7,11,8,1,enum_static,4357.937500
1,65536,true,mixed_7,11,8,2,bound_dynamic,4403.406250
1,65536,true,mixed_7,11,8,3,bound_static,4360.848875
1,65536,true,mixed_7,11,8,4,before,4057.729125
1,65536,true,mixed_7,11,8,5,after,4023.328125
1,128,true,count_star,0,50000,0,enum_static,0.068945
1,128,true,count_star,0,50000,1,bound_dynamic,0.067902
1,128,true,count_star,0,50000,2,bound_static,0.067900
1,128,true,count_star,0,50000,3,before,0.069921
1,128,true,count_star,0,50000,4,after,0.067901
1,128,true,count_star,0,50000,5,enum_dynamic,0.068806
1,128,true,count_star,1,50000,0,bound_dynamic,0.068021
1,128,true,count_star,1,50000,1,bound_static,0.067900
1,128,true,count_star,1,50000,2,before,0.070189
1,128,true,count_star,1,50000,3,after,0.068086
1,128,true,count_star,1,50000,4,enum_dynamic,0.068756
1,128,true,count_star,1,50000,5,enum_static,0.068990
1,128,true,count_star,2,50000,0,bound_static,0.068613
1,128,true,count_star,2,50000,1,before,0.070102
1,128,true,count_star,2,50000,2,after,0.067908
1,128,true,count_star,2,50000,3,enum_dynamic,0.068913
1,128,true,count_star,2,50000,4,enum_static,0.068797
1,128,true,count_star,2,50000,5,bound_dynamic,0.067848
1,128,true,count_star,3,50000,0,before,0.070308
1,128,true,count_star,3,50000,1,after,0.068132
1,128,true,count_star,3,50000,2,enum_dynamic,0.068905
1,128,true,count_star,3,50000,3,enum_static,0.068846
1,128,true,count_star,3,50000,4,bound_dynamic,0.068114
1,128,true,count_star,3,50000,5,bound_static,0.067899
1,128,true,count_star,4,50000,0,after,0.068007
1,128,true,count_star,4,50000,1,enum_dynamic,0.068793
1,128,true,count_star,4,50000,2,enum_static,0.068758
1,128,true,count_star,4,50000,3,bound_dynamic,0.067890
1,128,true,count_star,4,50000,4,bound_static,0.068055
1,128,true,count_star,4,50000,5,before,0.071267
1,128,true,count_star,5,50000,0,enum_dynamic,0.069242
1,128,true,count_star,5,50000,1,enum_static,0.069063
1,128,true,count_star,5,50000,2,bound_dynamic,0.069080
1,128,true,count_star,5,50000,3,bound_static,0.069623
1,128,true,count_star,5,50000,4,before,0.070432
1,128,true,count_star,5,50000,5,after,0.068318
1,128,true,count_star,6,50000,0,enum_static,0.069477
1,128,true,count_star,6,50000,1,bound_dynamic,0.070557
1,128,true,count_star,6,50000,2,bound_static,0.068702
1,128,true,count_star,6,50000,3,before,0.070638
1,128,true,count_star,6,50000,4,after,0.068417
1,128,true,count_star,6,50000,5,enum_dynamic,0.069605
1,128,true,count_star,7,50000,0,bound_dynamic,0.068185
1,128,true,count_star,7,50000,1,bound_static,0.068353
1,128,true,count_star,7,50000,2,before,0.069911
1,128,true,count_star,7,50000,3,after,0.068248
1,128,true,count_star,7,50000,4,enum_dynamic,0.069020
1,128,true,count_star,7,50000,5,enum_static,0.069492
1,128,true,count_star,8,50000,0,bound_static,0.068036
1,128,true,count_star,8,50000,1,before,0.069736
1,128,true,count_star,8,50000,2,after,0.067849
1,128,true,count_star,8,50000,3,enum_dynamic,0.069107
1,128,true,count_star,8,50000,4,enum_static,0.068878
1,128,true,count_star,8,50000,5,bound_dynamic,0.067854
1,128,true,count_star,9,50000,0,before,0.069767
1,128,true,count_star,9,50000,1,after,0.070782
1,128,true,count_star,9,50000,2,enum_dynamic,0.069078
1,128,true,count_star,9,50000,3,enum_static,0.069503
1,128,true,count_star,9,50000,4,bound_dynamic,0.068865
1,128,true,count_star,9,50000,5,bound_static,0.067848
1,128,true,count_star,10,50000,0,after,0.068017
1,128,true,count_star,10,50000,1,enum_dynamic,0.068997
1,128,true,count_star,10,50000,2,enum_static,0.068757
1,128,true,count_star,10,50000,3,bound_dynamic,0.067891
1,128,true,count_star,10,50000,4,bound_static,0.067848
1,128,true,count_star,10,50000,5,before,0.069715
1,128,true,count_star,11,50000,0,enum_dynamic,0.069560
1,128,true,count_star,11,50000,1,enum_static,0.068757
1,128,true,count_star,11,50000,2,bound_dynamic,0.067973
1,128,true,count_star,11,50000,3,bound_static,0.068350
1,128,true,count_star,11,50000,4,before,0.070125
1,128,true,count_star,11,50000,5,after,0.067905
1,8192,true,min_i64,0,355,0,enum_static,42.459155
1,8192,true,min_i64,0,355,1,bound_dynamic,46.353992
1,8192,true,min_i64,0,355,2,bound_static,42.524530
1,8192,true,min_i64,0,355,3,before,46.072301
1,8192,true,min_i64,0,355,4,after,42.519952
1,8192,true,min_i64,0,355,5,enum_dynamic,46.267138
1,8192,true,min_i64,1,355,0,bound_dynamic,46.514904
1,8192,true,min_i64,1,355,1,bound_static,42.515025
1,8192,true,min_i64,1,355,2,before,46.006454
1,8192,true,min_i64,1,355,3,after,42.422769
1,8192,true,min_i64,1,355,4,enum_dynamic,46.281690
1,8192,true,min_i64,1,355,5,enum_static,42.737913
1,8192,true,min_i64,2,355,0,bound_static,42.571946
1,8192,true,min_i64,2,355,1,before,45.957276
1,8192,true,min_i64,2,355,2,after,42.443073
1,8192,true,min_i64,2,355,3,enum_dynamic,46.610915
1,8192,true,min_i64,2,355,4,enum_static,43.134039
1,8192,true,min_i64,2,355,5,bound_dynamic,46.518310
1,8192,true,min_i64,3,355,0,before,46.016197
1,8192,true,min_i64,3,355,1,after,43.086149
1,8192,true,min_i64,3,355,2,enum_dynamic,46.936149
1,8192,true,min_i64,3,355,3,enum_static,42.997301
1,8192,true,min_i64,3,355,4,bound_dynamic,46.770304
1,8192,true,min_i64,3,355,5,bound_static,42.912439
1,8192,true,min_i64,4,355,0,after,43.707862
1,8192,true,min_i64,4,355,1,enum_dynamic,46.517839
1,8192,true,min_i64,4,355,2,enum_static,43.840377
1,8192,true,min_i64,4,355,3,bound_dynamic,46.868192
1,8192,true,min_i64,4,355,4,bound_static,42.576408
1,8192,true,min_i64,4,355,5,before,46.041197
1,8192,true,min_i64,5,355,0,enum_dynamic,46.239673
1,8192,true,min_i64,5,355,1,enum_static,42.450586
1,8192,true,min_i64,5,355,2,bound_dynamic,46.941549
1,8192,true,min_i64,5,355,3,bound_static,43.049414
1,8192,true,min_i64,5,355,4,before,45.954107
1,8192,true,min_i64,5,355,5,after,42.617372
1,8192,true,min_i64,6,355,0,enum_static,42.748710
1,8192,true,min_i64,6,355,1,bound_dynamic,46.656806
1,8192,true,min_i64,6,355,2,bound_static,42.439321
1,8192,true,min_i64,6,355,3,before,46.018662
1,8192,true,min_i64,6,355,4,after,42.662324
1,8192,true,min_i64,6,355,5,enum_dynamic,46.345541
1,8192,true,min_i64,7,355,0,bound_dynamic,46.372769
1,8192,true,min_i64,7,355,1,bound_static,43.034744
1,8192,true,min_i64,7,355,2,before,46.832161
1,8192,true,min_i64,7,355,3,after,43.388969
1,8192,true,min_i64,7,355,4,enum_dynamic,47.370775
1,8192,true,min_i64,7,355,5,enum_static,42.581690
1,8192,true,min_i64,8,355,0,bound_static,42.520775
1,8192,true,min_i64,8,355,1,before,46.748825
1,8192,true,min_i64,8,355,2,after,42.513732
1,8192,true,min_i64,8,355,3,enum_dynamic,46.236738
1,8192,true,min_i64,8,355,4,enum_static,42.567020
1,8192,true,min_i64,8,355,5,bound_dynamic,46.577113
1,8192,true,min_i64,9,355,0,before,45.984625
1,8192,true,min_i64,9,355,1,after,42.511149
1,8192,true,min_i64,9,355,2,enum_dynamic,46.323710
1,8192,true,min_i64,9,355,3,enum_static,43.438262
1,8192,true,min_i64,9,355,4,bound_dynamic,46.705749
1,8192,true,min_i64,9,355,5,bound_static,42.951408
1,8192,true,min_i64,10,355,0,after,43.340259
1,8192,true,min_i64,10,355,1,enum_dynamic,47.774763
1,8192,true,min_i64,10,355,2,enum_static,43.255045
1,8192,true,min_i64,10,355,3,bound_dynamic,46.498825
1,8192,true,min_i64,10,355,4,bound_static,42.534741
1,8192,true,min_i64,10,355,5,before,46.098707
1,8192,true,min_i64,11,355,0,enum_dynamic,46.414907
1,8192,true,min_i64,11,355,1,enum_static,42.523476
1,8192,true,min_i64,11,355,2,bound_dynamic,46.336620
1,8192,true,min_i64,11,355,3,bound_static,42.555163
1,8192,true,min_i64,11,355,4,before,45.924530
1,8192,true,min_i64,11,355,5,after,42.504696
1,128,true,sum_f64,0,50000,0,enum_static,0.274264
1,128,true,sum_f64,0,50000,1,bound_dynamic,0.272009
1,128,true,sum_f64,0,50000,2,bound_static,0.271406
1,128,true,sum_f64,0,50000,3,before,0.263012
1,128,true,sum_f64,0,50000,4,after,0.270186
1,128,true,sum_f64,0,50000,5,enum_dynamic,0.281986
1,128,true,sum_f64,1,50000,0,bound_dynamic,0.271952
1,128,true,sum_f64,1,50000,1,bound_static,0.271527
1,128,true,sum_f64,1,50000,2,before,0.263709
1,128,true,sum_f64,1,50000,3,after,0.270464
1,128,true,sum_f64,1,50000,4,enum_dynamic,0.282170
1,128,true,sum_f64,1,50000,5,enum_static,0.276183
1,128,true,sum_f64,2,50000,0,bound_static,0.278320
1,128,true,sum_f64,2,50000,1,before,0.264493
1,128,true,sum_f64,2,50000,2,after,0.271294
1,128,true,sum_f64,2,50000,3,enum_dynamic,0.285805
1,128,true,sum_f64,2,50000,4,enum_static,0.279438
1,128,true,sum_f64,2,50000,5,bound_dynamic,0.276675
1,128,true,sum_f64,3,50000,0,before,0.264051
1,128,true,sum_f64,3,50000,1,after,0.271678
1,128,true,sum_f64,3,50000,2,enum_dynamic,0.289561
1,128,true,sum_f64,3,50000,3,enum_static,0.280805
1,128,true,sum_f64,3,50000,4,bound_dynamic,0.280870
1,128,true,sum_f64,3,50000,5,bound_static,0.280552
1,128,true,sum_f64,4,50000,0,after,0.273757
1,128,true,sum_f64,4,50000,1,enum_dynamic,0.292227
1,128,true,sum_f64,4,50000,2,enum_static,0.283824
1,128,true,sum_f64,4,50000,3,bound_dynamic,0.280559
1,128,true,sum_f64,4,50000,4,bound_static,0.280407
1,128,true,sum_f64,4,50000,5,before,0.263068
1,128,true,sum_f64,5,50000,0,enum_dynamic,0.282411
1,128,true,sum_f64,5,50000,1,enum_static,0.274188
1,128,true,sum_f64,5,50000,2,bound_dynamic,0.275178
1,128,true,sum_f64,5,50000,3,bound_static,0.274521
1,128,true,sum_f64,5,50000,4,before,0.264238
1,128,true,sum_f64,5,50000,5,after,0.271583
1,128,true,sum_f64,6,50000,0,enum_static,0.278257
1,128,true,sum_f64,6,50000,1,bound_dynamic,0.274417
1,128,true,sum_f64,6,50000,2,bound_static,0.279000
1,128,true,sum_f64,6,50000,3,before,0.268387
1,128,true,sum_f64,6,50000,4,after,0.276860
1,128,true,sum_f64,6,50000,5,enum_dynamic,0.284047
1,128,true,sum_f64,7,50000,0,bound_dynamic,0.271681
1,128,true,sum_f64,7,50000,1,bound_static,0.271101
1,128,true,sum_f64,7,50000,2,before,0.263544
1,128,true,sum_f64,7,50000,3,after,0.270170
1,128,true,sum_f64,7,50000,4,enum_dynamic,0.282859
1,128,true,sum_f64,7,50000,5,enum_static,0.275066
1,128,true,sum_f64,8,50000,0,bound_static,0.271685
1,128,true,sum_f64,8,50000,1,before,0.263071
1,128,true,sum_f64,8,50000,2,after,0.269370
1,128,true,sum_f64,8,50000,3,enum_dynamic,0.290461
1,128,true,sum_f64,8,50000,4,enum_static,0.278464
1,128,true,sum_f64,8,50000,5,bound_dynamic,0.274914
1,128,true,sum_f64,9,50000,0,before,0.267892
1,128,true,sum_f64,9,50000,1,after,0.277530
1,128,true,sum_f64,9,50000,2,enum_dynamic,0.291073
1,128,true,sum_f64,9,50000,3,enum_static,0.284399
1,128,true,sum_f64,9,50000,4,bound_dynamic,0.279868
1,128,true,sum_f64,9,50000,5,bound_static,0.280298
1,128,true,sum_f64,10,50000,0,after,0.273651
1,128,true,sum_f64,10,50000,1,enum_dynamic,0.294048
1,128,true,sum_f64,10,50000,2,enum_static,0.275926
1,128,true,sum_f64,10,50000,3,bound_dynamic,0.271361
1,128,true,sum_f64,10,50000,4,bound_static,0.272089
1,128,true,sum_f64,10,50000,5,before,0.263723
1,128,true,sum_f64,11,50000,0,enum_dynamic,0.282932
1,128,true,sum_f64,11,50000,1,enum_static,0.274983
1,128,true,sum_f64,11,50000,2,bound_dynamic,0.271203
1,128,true,sum_f64,11,50000,3,bound_static,0.271723
1,128,true,sum_f64,11,50000,4,before,0.266762
1,128,true,sum_f64,11,50000,5,after,0.276176
1,65536,true,avg_i64,0,109,0,enum_static,138.842119
1,65536,true,avg_i64,0,109,1,bound_dynamic,139.092890
1,65536,true,avg_i64,0,109,2,bound_static,138.978211
1,65536,true,avg_i64,0,109,3,before,156.094037
1,65536,true,avg_i64,0,109,4,after,139.054661
1,65536,true,avg_i64,0,109,5,enum_dynamic,138.910165
1,65536,true,avg_i64,1,109,0,bound_dynamic,139.001523
1,65536,true,avg_i64,1,109,1,bound_static,139.142963
1,65536,true,avg_i64,1,109,2,before,156.512615
1,65536,true,avg_i64,1,109,3,after,139.359330
1,65536,true,avg_i64,1,109,4,enum_dynamic,138.922404
1,65536,true,avg_i64,1,109,5,enum_static,140.090982
1,65536,true,avg_i64,2,109,0,bound_static,138.066890
1,65536,true,avg_i64,2,109,1,before,154.878064
1,65536,true,avg_i64,2,109,2,after,140.178128
1,65536,true,avg_i64,2,109,3,enum_dynamic,137.942661
1,65536,true,avg_i64,2,109,4,enum_static,137.814982
1,65536,true,avg_i64,2,109,5,bound_dynamic,136.869266
1,65536,true,avg_i64,3,109,0,before,156.311927
1,65536,true,avg_i64,3,109,1,after,139.181963
1,65536,true,avg_i64,3,109,2,enum_dynamic,139.562312
1,65536,true,avg_i64,3,109,3,enum_static,139.949927
1,65536,true,avg_i64,3,109,4,bound_dynamic,139.639908
1,65536,true,avg_i64,3,109,5,bound_static,139.739303
1,65536,true,avg_i64,4,109,0,after,141.686550
1,65536,true,avg_i64,4,109,1,enum_dynamic,140.382642
1,65536,true,avg_i64,4,109,2,enum_static,138.842890
1,65536,true,avg_i64,4,109,3,bound_dynamic,139.149844
1,65536,true,avg_i64,4,109,4,bound_static,138.676220
1,65536,true,avg_i64,4,109,5,before,156.233183
1,65536,true,avg_i64,5,109,0,enum_dynamic,138.889908
1,65536,true,avg_i64,5,109,1,enum_static,138.836780
1,65536,true,avg_i64,5,109,2,bound_dynamic,138.769881
1,65536,true,avg_i64,5,109,3,bound_static,138.960624
1,65536,true,avg_i64,5,109,4,before,156.293578
1,65536,true,avg_i64,5,109,5,after,139.188835
1,65536,true,avg_i64,6,109,0,enum_static,138.754211
1,65536,true,avg_i64,6,109,1,bound_dynamic,139.245798
1,65536,true,avg_i64,6,109,2,bound_static,138.548550
1,65536,true,avg_i64,6,109,3,before,154.199927
1,65536,true,avg_i64,6,109,4,after,138.657110
1,65536,true,avg_i64,6,109,5,enum_dynamic,139.649844
1,65536,true,avg_i64,7,109,0,bound_dynamic,138.994266
1,65536,true,avg_i64,7,109,1,bound_static,137.834092
1,65536,true,avg_i64,7,109,2,before,154.062303
1,65536,true,avg_i64,7,109,3,after,139.336394
1,65536,true,avg_i64,7,109,4,enum_dynamic,140.250761
1,65536,true,avg_i64,7,109,5,enum_static,136.411697
1,65536,true,avg_i64,8,109,0,bound_static,136.844037
1,65536,true,avg_i64,8,109,1,before,155.282495
1,65536,true,avg_i64,8,109,2,after,139.280578
1,65536,true,avg_i64,8,109,3,enum_dynamic,139.987385
1,65536,true,avg_i64,8,109,4,enum_static,137.205661
1,65536,true,avg_i64,8,109,5,bound_dynamic,136.405578
1,65536,true,avg_i64,9,109,0,before,156.220569
1,65536,true,avg_i64,9,109,1,after,139.322624
1,65536,true,avg_i64,9,109,2,enum_dynamic,139.145266
1,65536,true,avg_i64,9,109,3,enum_static,138.933101
1,65536,true,avg_i64,9,109,4,bound_dynamic,139.286312
1,65536,true,avg_i64,9,109,5,bound_static,136.717890
1,65536,true,avg_i64,10,109,0,after,138.489679
1,65536,true,avg_i64,10,109,1,enum_dynamic,139.167817
1,65536,true,avg_i64,10,109,2,enum_static,139.084862
1,65536,true,avg_i64,10,109,3,bound_dynamic,139.422018
1,65536,true,avg_i64,10,109,4,bound_static,138.831037
1,65536,true,avg_i64,10,109,5,before,153.597862
1,65536,true,avg_i64,11,109,0,enum_dynamic,137.957193
1,65536,true,avg_i64,11,109,1,enum_static,139.203367
1,65536,true,avg_i64,11,109,2,bound_dynamic,138.966743
1,65536,true,avg_i64,11,109,3,bound_static,139.254963
1,65536,true,avg_i64,11,109,4,before,156.249615
1,65536,true,avg_i64,11,109,5,after,139.185780
1,65536,true,min_i64,0,45,0,enum_static,336.607400
1,65536,true,min_i64,0,45,1,bound_dynamic,366.883333
1,65536,true,min_i64,0,45,2,bound_static,338.691667
1,65536,true,min_i64,0,45,3,before,362.892600
1,65536,true,min_i64,0,45,4,after,333.917600
1,65536,true,min_i64,0,45,5,enum_dynamic,364.786111
1,65536,true,min_i64,1,45,0,bound_dynamic,365.262956
1,65536,true,min_i64,1,45,1,bound_static,333.551867
1,65536,true,min_i64,1,45,2,before,362.388889
1,65536,true,min_i64,1,45,3,after,337.913889
1,65536,true,min_i64,1,45,4,enum_dynamic,372.807400
1,65536,true,min_i64,1,45,5,enum_static,333.290733
1,65536,true,min_i64,2,45,0,bound_static,335.789822
1,65536,true,min_i64,2,45,1,before,367.750000
1,65536,true,min_i64,2,45,2,after,339.104622
1,65536,true,min_i64,2,45,3,enum_dynamic,370.875911
1,65536,true,min_i64,2,45,4,enum_static,339.859244
1,65536,true,min_i64,2,45,5,bound_dynamic,372.759244
1,65536,true,min_i64,3,45,0,before,368.767600
1,65536,true,min_i64,3,45,1,after,340.139822
1,65536,true,min_i64,3,45,2,enum_dynamic,370.434267
1,65536,true,min_i64,3,45,3,enum_static,339.878711
1,65536,true,min_i64,3,45,4,bound_dynamic,372.811111
1,65536,true,min_i64,3,45,5,bound_static,336.245378
1,65536,true,min_i64,4,45,0,after,333.741667
1,65536,true,min_i64,4,45,1,enum_dynamic,366.664800
1,65536,true,min_i64,4,45,2,enum_static,339.325911
1,65536,true,min_i64,4,45,3,bound_dynamic,368.176844
1,65536,true,min_i64,4,45,4,bound_static,333.096289
1,65536,true,min_i64,4,45,5,before,361.177778
1,65536,true,min_i64,5,45,0,enum_dynamic,364.356489
1,65536,true,min_i64,5,45,1,enum_static,334.084267
1,65536,true,min_i64,5,45,2,bound_dynamic,366.659267
1,65536,true,min_i64,5,45,3,bound_static,339.336111
1,65536,true,min_i64,5,45,4,before,368.200933
1,65536,true,min_i64,5,45,5,after,343.444444
1,65536,true,min_i64,6,45,0,enum_static,343.016667
1,65536,true,min_i64,6,45,1,bound_dynamic,366.737022
1,65536,true,min_i64,6,45,2,bound_static,334.543511
1,65536,true,min_i64,6,45,3,before,362.587956
1,65536,true,min_i64,6,45,4,after,339.676844
1,65536,true,min_i64,6,45,5,enum_dynamic,370.836111
1,65536,true,min_i64,7,45,0,bound_dynamic,373.892600
1,65536,true,min_i64,7,45,1,bound_static,335.072222
1,65536,true,min_i64,7,45,2,before,361.976867
1,65536,true,min_i64,7,45,3,after,333.705556
1,65536,true,min_i64,7,45,4,enum_dynamic,364.981489
1,65536,true,min_i64,7,45,5,enum_static,333.891667
1,65536,true,min_i64,8,45,0,bound_static,334.050933
1,65536,true,min_i64,8,45,1,before,362.862956
1,65536,true,min_i64,8,45,2,after,333.879622
1,65536,true,min_i64,8,45,3,enum_dynamic,370.650000
1,65536,true,min_i64,8,45,4,enum_static,338.280556
1,65536,true,min_i64,8,45,5,bound_dynamic,371.100000
1,65536,true,min_i64,9,45,0,before,361.729622
1,65536,true,min_i64,9,45,1,after,340.376844
1,65536,true,min_i64,9,45,2,enum_dynamic,370.992578
1,65536,true,min_i64,9,45,3,enum_static,341.016667
1,65536,true,min_i64,9,45,4,bound_dynamic,372.356489
1,65536,true,min_i64,9,45,5,bound_static,334.621289
1,65536,true,min_i64,10,45,0,after,333.523156
1,65536,true,min_i64,10,45,1,enum_dynamic,364.753711
1,65536,true,min_i64,10,45,2,enum_static,339.197222
1,65536,true,min_i64,10,45,3,bound_dynamic,366.913889
1,65536,true,min_i64,10,45,4,bound_static,334.693533
1,65536,true,min_i64,10,45,5,before,362.200933
1,65536,true,min_i64,11,45,0,enum_dynamic,364.912022
1,65536,true,min_i64,11,45,1,enum_static,335.236111
1,65536,true,min_i64,11,45,2,bound_dynamic,373.883333
1,65536,true,min_i64,11,45,3,bound_static,333.983333
1,65536,true,min_i64,11,45,4,before,361.532400
1,65536,true,min_i64,11,45,5,after,337.375933
1,128,false,min_i64,0,19726,0,enum_static,0.749398
1,128,false,min_i64,0,19726,1,bound_dynamic,0.799664
1,128,false,min_i64,0,19726,2,bound_static,0.741684
1,128,false,min_i64,0,19726,3,before,0.817198
1,128,false,min_i64,0,19726,4,after,0.742275
1,128,false,min_i64,0,19726,5,enum_dynamic,0.812086
1,128,false,min_i64,1,19726,0,bound_dynamic,0.801206
1,128,false,min_i64,1,19726,1,bound_static,0.741363
1,128,false,min_i64,1,19726,2,before,0.812426
1,128,false,min_i64,1,19726,3,after,0.734120
1,128,false,min_i64,1,19726,4,enum_dynamic,0.812751
1,128,false,min_i64,1,19726,5,enum_static,0.749079
1,128,false,min_i64,2,19726,0,bound_static,0.742795
1,128,false,min_i64,2,19726,1,before,0.815066
1,128,false,min_i64,2,19726,2,after,0.734614
1,128,false,min_i64,2,19726,3,enum_dynamic,0.813389
1,128,false,min_i64,2,19726,4,enum_static,0.752157
1,128,false,min_i64,2,19726,5,bound_dynamic,0.801058
1,128,false,min_i64,3,19726,0,before,0.813873
1,128,false,min_i64,3,19726,1,after,0.741519
1,128,false,min_i64,3,19726,2,enum_dynamic,0.812232
1,128,false,min_i64,3,19726,3,enum_static,0.747873
1,128,false,min_i64,3,19726,4,bound_dynamic,0.802036
1,128,false,min_i64,3,19726,5,bound_static,0.744250
1,128,false,min_i64,4,19726,0,after,0.743737
1,128,false,min_i64,4,19726,1,enum_dynamic,0.812124
1,128,false,min_i64,4,19726,2,enum_static,0.749998
1,128,false,min_i64,4,19726,3,bound_dynamic,0.796020
1,128,false,min_i64,4,19726,4,bound_static,0.723611
1,128,false,min_i64,4,19726,5,before,0.795672
1,128,false,min_i64,5,19726,0,enum_dynamic,0.795021
1,128,false,min_i64,5,19726,1,enum_static,0.749561
1,128,false,min_i64,5,19726,2,bound_dynamic,0.787620
1,128,false,min_i64,5,19726,3,bound_static,0.721799
1,128,false,min_i64,5,19726,4,before,0.793713
1,128,false,min_i64,5,19726,5,after,0.720394
1,128,false,min_i64,6,19726,0,enum_static,0.738313
1,128,false,min_i64,6,19726,1,bound_dynamic,0.786342
1,128,false,min_i64,6,19726,2,bound_static,0.722367
1,128,false,min_i64,6,19726,3,before,0.794738
1,128,false,min_i64,6,19726,4,after,0.718320
1,128,false,min_i64,6,19726,5,enum_dynamic,0.795596
1,128,false,min_i64,7,19726,0,bound_dynamic,0.784732
1,128,false,min_i64,7,19726,1,bound_static,0.729701
1,128,false,min_i64,7,19726,2,before,0.808958
1,128,false,min_i64,7,19726,3,after,0.732098
1,128,false,min_i64,7,19726,4,enum_dynamic,0.799837
1,128,false,min_i64,7,19726,5,enum_static,0.734014
1,128,false,min_i64,8,19726,0,bound_static,0.723768
1,128,false,min_i64,8,19726,1,before,0.793304
1,128,false,min_i64,8,19726,2,after,0.722821
1,128,false,min_i64,8,19726,3,enum_dynamic,0.793369
1,128,false,min_i64,8,19726,4,enum_static,0.734821
1,128,false,min_i64,8,19726,5,bound_dynamic,0.786116
1,128,false,min_i64,9,19726,0,before,0.797108
1,128,false,min_i64,9,19726,1,after,0.727956
1,128,false,min_i64,9,19726,2,enum_dynamic,0.810770
1,128,false,min_i64,9,19726,3,enum_static,0.746975
1,128,false,min_i64,9,19726,4,bound_dynamic,0.800597
1,128,false,min_i64,9,19726,5,bound_static,0.736762
1,128,false,min_i64,10,19726,0,after,0.736929
1,128,false,min_i64,10,19726,1,enum_dynamic,0.808117
1,128,false,min_i64,10,19726,2,enum_static,0.747917
1,128,false,min_i64,10,19726,3,bound_dynamic,0.800266
1,128,false,min_i64,10,19726,4,bound_static,0.740507
1,128,false,min_i64,10,19726,5,before,0.812428
1,128,false,min_i64,11,19726,0,enum_dynamic,0.816735
1,128,false,min_i64,11,19726,1,enum_static,0.752391
1,128,false,min_i64,11,19726,2,bound_dynamic,0.802691
1,128,false,min_i64,11,19726,3,bound_static,0.736099
1,128,false,min_i64,11,19726,4,before,0.808899
1,128,false,min_i64,11,19726,5,after,0.733514
1,8192,false,max_utf8,0,163,0,enum_static,92.416669
1,8192,false,max_utf8,0,163,1,bound_dynamic,94.772239
1,8192,false,max_utf8,0,163,2,bound_static,92.502558
1,8192,false,max_utf8,0,163,3,before,92.472135
1,8192,false,max_utf8,0,163,4,after,92.406951
1,8192,false,max_utf8,0,163,5,enum_dynamic,94.903883
1,8192,false,max_utf8,1,163,0,bound_dynamic,94.756650
1,8192,false,max_utf8,1,163,1,bound_static,92.349951
1,8192,false,max_utf8,1,163,2,before,92.228785
1,8192,false,max_utf8,1,163,3,after,92.282209
1,8192,false,max_utf8,1,163,4,enum_dynamic,95.279650
1,8192,false,max_utf8,1,163,5,enum_static,92.232620
1,8192,false,max_utf8,2,163,0,bound_static,92.193000
1,8192,false,max_utf8,2,163,1,before,92.359411
1,8192,false,max_utf8,2,163,2,after,92.229037
1,8192,false,max_utf8,2,163,3,enum_dynamic,95.090742
1,8192,false,max_utf8,2,163,4,enum_static,92.776583
1,8192,false,max_utf8,2,163,5,bound_dynamic,94.872957
1,8192,false,max_utf8,3,163,0,before,92.576178
1,8192,false,max_utf8,3,163,1,after,94.093558
1,8192,false,max_utf8,3,163,2,enum_dynamic,95.272491
1,8192,false,max_utf8,3,163,3,enum_static,92.489773
1,8192,false,max_utf8,3,163,4,bound_dynamic,94.880368
1,8192,false,max_utf8,3,163,5,bound_static,92.483896
1,8192,false,max_utf8,4,163,0,after,92.412577
1,8192,false,max_utf8,4,163,1,enum_dynamic,94.918969
1,8192,false,max_utf8,4,163,2,enum_static,92.380368
1,8192,false,max_utf8,4,163,3,bound_dynamic,94.962675
1,8192,false,max_utf8,4,163,4,bound_static,94.097650
1,8192,false,max_utf8,4,163,5,before,92.694528
1,8192,false,max_utf8,5,163,0,enum_dynamic,94.942485
1,8192,false,max_utf8,5,163,1,enum_static,92.560325
1,8192,false,max_utf8,5,163,2,bound_dynamic,94.964472
1,8192,false,max_utf8,5,163,3,bound_static,92.515847
1,8192,false,max_utf8,5,163,4,before,92.510479
1,8192,false,max_utf8,5,163,5,after,92.370399
1,8192,false,max_utf8,6,163,0,enum_static,92.404393
1,8192,false,max_utf8,6,163,1,bound_dynamic,95.591258
1,8192,false,max_utf8,6,163,2,bound_static,92.282209
1,8192,false,max_utf8,6,163,3,before,92.588190
1,8192,false,max_utf8,6,163,4,after,92.461405
1,8192,false,max_utf8,6,163,5,enum_dynamic,95.530675
1,8192,false,max_utf8,7,163,0,bound_dynamic,95.139828
1,8192,false,max_utf8,7,163,1,bound_static,92.492074
1,8192,false,max_utf8,7,163,2,before,92.604552
1,8192,false,max_utf8,7,163,3,after,92.758945
1,8192,false,max_utf8,7,163,4,enum_dynamic,94.831798
1,8192,false,max_utf8,7,163,5,enum_static,93.827196
1,8192,false,max_utf8,8,163,0,bound_static,92.860429
1,8192,false,max_utf8,8,163,1,before,92.679963
1,8192,false,max_utf8,8,163,2,after,92.500000
1,8192,false,max_utf8,8,163,3,enum_dynamic,94.795761
1,8192,false,max_utf8,8,163,4,enum_static,92.551890
1,8192,false,max_utf8,8,163,5,bound_dynamic,94.976736
1,8192,false,max_utf8,9,163,0,before,92.317736
1,8192,false,max_utf8,9,163,1,after,92.529650
1,8192,false,max_utf8,9,163,2,enum_dynamic,95.913859
1,8192,false,max_utf8,9,163,3,enum_static,93.064933
1,8192,false,max_utf8,9,163,4,bound_dynamic,95.220092
1,8192,false,max_utf8,9,163,5,bound_static,92.985681
1,8192,false,max_utf8,10,163,0,after,96.476994
1,8192,false,max_utf8,10,163,1,enum_dynamic,98.894939
1,8192,false,max_utf8,10,163,2,enum_static,96.332055
1,8192,false,max_utf8,10,163,3,bound_dynamic,96.360945
1,8192,false,max_utf8,10,163,4,bound_static,92.523264
1,8192,false,max_utf8,10,163,5,before,92.470092
1,8192,false,max_utf8,11,163,0,enum_dynamic,94.957055
1,8192,false,max_utf8,11,163,1,enum_static,92.901583
1,8192,false,max_utf8,11,163,2,bound_dynamic,94.981595
1,8192,false,max_utf8,11,163,3,bound_static,92.616307
1,8192,false,max_utf8,11,163,4,before,92.567994
1,8192,false,max_utf8,11,163,5,after,92.492583
1,65536,false,max_utf8,0,21,0,enum_static,736.710333
1,65536,false,max_utf8,0,21,1,bound_dynamic,754.976190
1,65536,false,max_utf8,0,21,2,bound_static,736.466286
1,65536,false,max_utf8,0,21,3,before,736.265857
1,65536,false,max_utf8,0,21,4,after,735.458333
1,65536,false,max_utf8,0,21,5,enum_dynamic,757.509905
1,65536,false,max_utf8,1,21,0,bound_dynamic,758.515857
1,65536,false,max_utf8,1,21,1,bound_static,736.898810
1,65536,false,max_utf8,1,21,2,before,735.438524
1,65536,false,max_utf8,1,21,3,after,740.831333
1,65536,false,max_utf8,1,21,4,enum_dynamic,767.769857
1,65536,false,max_utf8,1,21,5,enum_static,739.293619
1,65536,false,max_utf8,2,21,0,bound_static,735.896810
1,65536,false,max_utf8,2,21,1,before,735.136905
1,65536,false,max_utf8,2,21,2,after,737.418667
1,65536,false,max_utf8,2,21,3,enum_dynamic,757.539714
1,65536,false,max_utf8,2,21,4,enum_static,736.123048
1,65536,false,max_utf8,2,21,5,bound_dynamic,755.337286
1,65536,false,max_utf8,3,21,0,before,741.269857
1,65536,false,max_utf8,3,21,1,after,735.716238
1,65536,false,max_utf8,3,21,2,enum_dynamic,757.244048
1,65536,false,max_utf8,3,21,3,enum_static,735.001952
1,65536,false,max_utf8,3,21,4,bound_dynamic,757.011905
1,65536,false,max_utf8,3,21,5,bound_static,739.373000
1,65536,false,max_utf8,4,21,0,after,736.523810
1,65536,false,max_utf8,4,21,1,enum_dynamic,791.886905
1,65536,false,max_utf8,4,21,2,enum_static,756.390905
1,65536,false,max_utf8,4,21,3,bound_dynamic,760.559524
1,65536,false,max_utf8,4,21,4,bound_static,738.246048
1,65536,false,max_utf8,4,21,5,before,738.757905
1,65536,false,max_utf8,5,21,0,enum_dynamic,755.420667
1,65536,false,max_utf8,5,21,1,enum_static,739.319429
1,65536,false,max_utf8,5,21,2,bound_dynamic,754.037667
1,65536,false,max_utf8,5,21,3,bound_static,742.170619
1,65536,false,max_utf8,5,21,4,before,736.938524
1,65536,false,max_utf8,5,21,5,after,741.601190
1,65536,false,max_utf8,6,21,0,enum_static,736.644857
1,65536,false,max_utf8,6,21,1,bound_dynamic,752.964286
1,65536,false,max_utf8,6,21,2,bound_static,734.365095
1,65536,false,max_utf8,6,21,3,before,752.228190
1,65536,false,max_utf8,6,21,4,after,738.206333
1,65536,false,max_utf8,6,21,5,enum_dynamic,752.783714
1,65536,false,max_utf8,7,21,0,bound_dynamic,753.273810
1,65536,false,max_utf8,7,21,1,bound_static,736.541667
1,65536,false,max_utf8,7,21,2,before,744.113095
1,65536,false,max_utf8,7,21,3,after,734.003952
1,65536,false,max_utf8,7,21,4,enum_dynamic,752.841238
1,65536,false,max_utf8,7,21,5,enum_static,737.817476
1,65536,false,max_utf8,8,21,0,bound_static,736.571429
1,65536,false,max_utf8,8,21,1,before,736.454381
1,65536,false,max_utf8,8,21,2,after,736.547619
1,65536,false,max_utf8,8,21,3,enum_dynamic,752.896810
1,65536,false,max_utf8,8,21,4,enum_static,751.321429
1,65536,false,max_utf8,8,21,5,bound_dynamic,757.914667
1,65536,false,max_utf8,9,21,0,before,735.980143
1,65536,false,max_utf8,9,21,1,after,736.434524
1,65536,false,max_utf8,9,21,2,enum_dynamic,759.978143
1,65536,false,max_utf8,9,21,3,enum_static,736.105190
1,65536,false,max_utf8,9,21,4,bound_dynamic,755.996048
1,65536,false,max_utf8,9,21,5,bound_static,735.418667
1,65536,false,max_utf8,10,21,0,after,736.613095
1,65536,false,max_utf8,10,21,1,enum_dynamic,769.857143
1,65536,false,max_utf8,10,21,2,enum_static,742.825381
1,65536,false,max_utf8,10,21,3,bound_dynamic,754.926571
1,65536,false,max_utf8,10,21,4,bound_static,735.811476
1,65536,false,max_utf8,10,21,5,before,735.408714
1,65536,false,max_utf8,11,21,0,enum_dynamic,756.202381
1,65536,false,max_utf8,11,21,1,enum_static,734.966286
1,65536,false,max_utf8,11,21,2,bound_dynamic,753.706333
1,65536,false,max_utf8,11,21,3,bound_static,733.736095
1,65536,false,max_utf8,11,21,4,before,739.053571
1,65536,false,max_utf8,11,21,5,after,736.988095
1,65536,true,max_utf8,0,18,0,enum_static,841.254611
1,65536,true,max_utf8,0,18,1,bound_dynamic,863.136556
1,65536,true,max_utf8,0,18,2,bound_static,846.148167
1,65536,true,max_utf8,0,18,3,before,860.789333
1,65536,true,max_utf8,0,18,4,after,843.884222
1,65536,true,max_utf8,0,18,5,enum_dynamic,857.138889
1,65536,true,max_utf8,1,18,0,bound_dynamic,859.780056
1,65536,true,max_utf8,1,18,1,bound_static,842.780111
1,65536,true,max_utf8,1,18,2,before,857.152778
1,65536,true,max_utf8,1,18,3,after,844.856500
1,65536,true,max_utf8,1,18,4,enum_dynamic,863.245389
1,65536,true,max_utf8,1,18,5,enum_static,843.708333
1,65536,true,max_utf8,2,18,0,bound_static,849.493056
1,65536,true,max_utf8,2,18,1,before,884.932889
1,65536,true,max_utf8,2,18,2,after,885.125000
1,65536,true,max_utf8,2,18,3,enum_dynamic,907.444444
1,65536,true,max_utf8,2,18,4,enum_static,928.287056
1,65536,true,max_utf8,2,18,5,bound_dynamic,872.902778
1,65536,true,max_utf8,3,18,0,before,876.710667
1,65536,true,max_utf8,3,18,1,after,868.189833
1,65536,true,max_utf8,3,18,2,enum_dynamic,869.972222
1,65536,true,max_utf8,3,18,3,enum_static,860.902778
1,65536,true,max_utf8,3,18,4,bound_dynamic,862.657389
1,65536,true,max_utf8,3,18,5,bound_static,860.125000
1,65536,true,max_utf8,4,18,0,after,850.724500
1,65536,true,max_utf8,4,18,1,enum_dynamic,865.368056
1,65536,true,max_utf8,4,18,2,enum_static,849.567167
1,65536,true,max_utf8,4,18,3,bound_dynamic,862.884222
1,65536,true,max_utf8,4,18,4,bound_static,844.750000
1,65536,true,max_utf8,4,18,5,before,857.673611
1,65536,true,max_utf8,5,18,0,enum_dynamic,858.078722
1,65536,true,max_utf8,5,18,1,enum_static,846.537056
1,65536,true,max_utf8,5,18,2,bound_dynamic,871.361111
1,65536,true,max_utf8,5,18,3,bound_static,836.136556
1,65536,true,max_utf8,5,18,4,before,854.884278
1,65536,true,max_utf8,5,18,5,after,842.196778
1,65536,true,max_utf8,6,18,0,enum_static,857.680556
1,65536,true,max_utf8,6,18,1,bound_dynamic,864.986111
1,65536,true,max_utf8,6,18,2,bound_static,850.782444
1,65536,true,max_utf8,6,18,3,before,856.495389
1,65536,true,max_utf8,6,18,4,after,848.875000
1,65536,true,max_utf8,6,18,5,enum_dynamic,862.263889
1,65536,true,max_utf8,7,18,0,bound_dynamic,859.138889
1,65536,true,max_utf8,7,18,1,bound_static,842.432833
1,65536,true,max_utf8,7,18,2,before,869.150444
1,65536,true,max_utf8,7,18,3,after,847.006944
1,65536,true,max_utf8,7,18,4,enum_dynamic,861.340278
1,65536,true,max_utf8,7,18,5,enum_static,847.451389
1,65536,true,max_utf8,8,18,0,bound_static,844.928278
1,65536,true,max_utf8,8,18,1,before,857.342611
1,65536,true,max_utf8,8,18,2,after,842.127333
1,65536,true,max_utf8,8,18,3,enum_dynamic,863.780111
1,65536,true,max_utf8,8,18,4,enum_static,848.395833
1,65536,true,max_utf8,8,18,5,bound_dynamic,866.662056
1,65536,true,max_utf8,9,18,0,before,865.256944
1,65536,true,max_utf8,9,18,1,after,845.314833
1,65536,true,max_utf8,9,18,2,enum_dynamic,859.319444
1,65536,true,max_utf8,9,18,3,enum_static,859.504611
1,65536,true,max_utf8,9,18,4,bound_dynamic,869.636556
1,65536,true,max_utf8,9,18,5,bound_static,838.717611
1,65536,true,max_utf8,10,18,0,after,840.912056
1,65536,true,max_utf8,10,18,1,enum_dynamic,868.354167
1,65536,true,max_utf8,10,18,2,enum_static,842.657444
1,65536,true,max_utf8,10,18,3,bound_dynamic,855.187500
1,65536,true,max_utf8,10,18,4,bound_static,857.713000
1,65536,true,max_utf8,10,18,5,before,861.863444
1,65536,true,max_utf8,11,18,0,enum_dynamic,863.317111
1,65536,true,max_utf8,11,18,1,enum_static,850.458333
1,65536,true,max_utf8,11,18,2,bound_dynamic,860.300944
1,65536,true,max_utf8,11,18,3,bound_static,840.796333
1,65536,true,max_utf8,11,18,4,before,856.018500
1,65536,true,max_utf8,11,18,5,after,852.958333
1,128,false,min_utf8,0,8434,0,enum_static,1.761921
1,128,false,min_utf8,0,8434,1,bound_dynamic,1.851193
1,128,false,min_utf8,0,8434,2,bound_static,1.756279
1,128,false,min_utf8,0,8434,3,before,1.808548
1,128,false,min_utf8,0,8434,4,after,1.778881
1,128,false,min_utf8,0,8434,5,enum_dynamic,1.848930
1,128,false,min_utf8,1,8434,0,bound_dynamic,1.839370
1,128,false,min_utf8,1,8434,1,bound_static,1.774084
1,128,false,min_utf8,1,8434,2,before,1.860925
1,128,false,min_utf8,1,8434,3,after,1.825587
1,128,false,min_utf8,1,8434,4,enum_dynamic,1.931334
1,128,false,min_utf8,1,8434,5,enum_static,1.830438
1,128,false,min_utf8,2,8434,0,bound_static,1.798633
1,128,false,min_utf8,2,8434,1,before,1.826743
1,128,false,min_utf8,2,8434,2,after,1.765404
1,128,false,min_utf8,2,8434,3,enum_dynamic,1.849172
1,128,false,min_utf8,2,8434,4,enum_static,1.772804
1,128,false,min_utf8,2,8434,5,bound_dynamic,1.842142
1,128,false,min_utf8,3,8434,0,before,1.803642
1,128,false,min_utf8,3,8434,1,after,1.772982
1,128,false,min_utf8,3,8434,2,enum_dynamic,1.872871
1,128,false,min_utf8,3,8434,3,enum_static,1.760538
1,128,false,min_utf8,3,8434,4,bound_dynamic,1.847408
1,128,false,min_utf8,3,8434,5,bound_static,1.756501
1,128,false,min_utf8,4,8434,0,after,1.769282
1,128,false,min_utf8,4,8434,1,enum_dynamic,1.853500
1,128,false,min_utf8,4,8434,2,enum_static,1.761788
1,128,false,min_utf8,4,8434,3,bound_dynamic,1.835136
1,128,false,min_utf8,4,8434,4,bound_static,1.759416
1,128,false,min_utf8,4,8434,5,before,1.825320
1,128,false,min_utf8,5,8434,0,enum_dynamic,1.852576
1,128,false,min_utf8,5,8434,1,enum_static,1.764144
1,128,false,min_utf8,5,8434,2,bound_dynamic,1.841875
1,128,false,min_utf8,5,8434,3,bound_static,1.756343
1,128,false,min_utf8,5,8434,4,before,1.805939
1,128,false,min_utf8,5,8434,5,after,1.767548
1,128,false,min_utf8,6,8434,0,enum_static,1.758898
1,128,false,min_utf8,6,8434,1,bound_dynamic,1.838545
1,128,false,min_utf8,6,8434,2,bound_static,1.758991
1,128,false,min_utf8,6,8434,3,before,1.808350
1,128,false,min_utf8,6,8434,4,after,1.766110
1,128,false,min_utf8,6,8434,5,enum_dynamic,1.852946
1,128,false,min_utf8,7,8434,0,bound_dynamic,1.840225
1,128,false,min_utf8,7,8434,1,bound_static,1.756926
1,128,false,min_utf8,7,8434,2,before,1.803242
1,128,false,min_utf8,7,8434,3,after,1.769322
1,128,false,min_utf8,7,8434,4,enum_dynamic,1.858687
1,128,false,min_utf8,7,8434,5,enum_static,1.762919
1,128,false,min_utf8,8,8434,0,bound_static,1.758878
1,128,false,min_utf8,8,8434,1,before,1.804472
1,128,false,min_utf8,8,8434,2,after,1.772320
1,128,false,min_utf8,8,8434,3,enum_dynamic,1.858603
1,128,false,min_utf8,8,8434,4,enum_static,1.766837
1,128,false,min_utf8,8,8434,5,bound_dynamic,1.836337
1,128,false,min_utf8,9,8434,0,before,1.804704
1,128,false,min_utf8,9,8434,1,after,1.767607
1,128,false,min_utf8,9,8434,2,enum_dynamic,1.883957
1,128,false,min_utf8,9,8434,3,enum_static,1.811038
1,128,false,min_utf8,9,8434,4,bound_dynamic,1.840195
1,128,false,min_utf8,9,8434,5,bound_static,1.774089
1,128,false,min_utf8,10,8434,0,after,1.775033
1,128,false,min_utf8,10,8434,1,enum_dynamic,1.853376
1,128,false,min_utf8,10,8434,2,enum_static,1.762371
1,128,false,min_utf8,10,8434,3,bound_dynamic,1.841011
1,128,false,min_utf8,10,8434,4,bound_static,1.761279
1,128,false,min_utf8,10,8434,5,before,1.803267
1,128,false,min_utf8,11,8434,0,enum_dynamic,1.847957
1,128,false,min_utf8,11,8434,1,enum_static,1.774894
1,128,false,min_utf8,11,8434,2,bound_dynamic,1.836930
1,128,false,min_utf8,11,8434,3,bound_static,1.762341
1,128,false,min_utf8,11,8434,4,before,1.802466
1,128,false,min_utf8,11,8434,5,after,1.770517
1,65536,true,sum_u64,0,113,0,enum_static,132.995575
1,65536,true,sum_u64,0,113,1,bound_dynamic,133.567478
1,65536,true,sum_u64,0,113,2,bound_static,133.196168
1,65536,true,sum_u64,0,113,3,before,133.162611
1,65536,true,sum_u64,0,113,4,after,133.036876
1,65536,true,sum_u64,0,113,5,enum_dynamic,133.344398
1,65536,true,sum_u64,1,113,0,bound_dynamic,133.099186
1,65536,true,sum_u64,1,113,1,bound_static,133.204274
1,65536,true,sum_u64,1,113,2,before,133.160398
1,65536,true,sum_u64,1,113,3,after,132.830389
1,65536,true,sum_u64,1,113,4,enum_dynamic,133.556044
1,65536,true,sum_u64,1,113,5,enum_static,133.349558
1,65536,true,sum_u64,2,113,0,bound_static,133.403398
1,65536,true,sum_u64,2,113,1,before,133.168885
1,65536,true,sum_u64,2,113,2,after,133.887903
1,65536,true,sum_u64,2,113,3,enum_dynamic,133.362469
1,65536,true,sum_u64,2,113,4,enum_static,131.067850
1,65536,true,sum_u64,2,113,5,bound_dynamic,130.873894
1,65536,true,sum_u64,3,113,0,before,131.997053
1,65536,true,sum_u64,3,113,1,after,133.476398
1,65536,true,sum_u64,3,113,2,enum_dynamic,132.014752
1,65536,true,sum_u64,3,113,3,enum_static,131.338496
1,65536,true,sum_u64,3,113,4,bound_dynamic,132.040566
1,65536,true,sum_u64,3,113,5,bound_static,133.645283
1,65536,true,sum_u64,4,113,0,after,131.755903
1,65536,true,sum_u64,4,113,1,enum_dynamic,130.964602
1,65536,true,sum_u64,4,113,2,enum_static,133.576327
1,65536,true,sum_u64,4,113,3,bound_dynamic,133.417770
1,65536,true,sum_u64,4,113,4,bound_static,133.204646
1,65536,true,sum_u64,4,113,5,before,133.044619
1,65536,true,sum_u64,5,113,0,enum_dynamic,133.938796
1,65536,true,sum_u64,5,113,1,enum_static,133.162973
1,65536,true,sum_u64,5,113,2,bound_dynamic,133.722717
1,65536,true,sum_u64,5,113,3,bound_static,133.172938
1,65536,true,sum_u64,5,113,4,before,132.162611
1,65536,true,sum_u64,5,113,5,after,130.639743
1,65536,true,sum_u64,6,113,0,enum_static,132.758850
1,65536,true,sum_u64,6,113,1,bound_dynamic,132.965336
1,65536,true,sum_u64,6,113,2,bound_static,131.303460
1,65536,true,sum_u64,6,113,3,before,133.203912
1,65536,true,sum_u64,6,113,4,after,132.845133
1,65536,true,sum_u64,6,113,5,enum_dynamic,133.139743
1,65536,true,sum_u64,7,113,0,bound_dynamic,133.770655
1,65536,true,sum_u64,7,113,1,bound_static,130.837761
1,65536,true,sum_u64,7,113,2,before,131.658929
1,65536,true,sum_u64,7,113,3,after,133.509221
1,65536,true,sum_u64,7,113,4,enum_dynamic,133.359876
1,65536,true,sum_u64,7,113,5,enum_static,133.207965
1,65536,true,sum_u64,8,113,0,bound_static,134.436575
1,65536,true,sum_u64,8,113,1,before,132.299407
1,65536,true,sum_u64,8,113,2,after,130.803097
1,65536,true,sum_u64,8,113,3,enum_dynamic,134.271752
1,65536,true,sum_u64,8,113,4,enum_static,133.412982
1,65536,true,sum_u64,8,113,5,bound_dynamic,133.404133
1,65536,true,sum_u64,9,113,0,before,133.373531
1,65536,true,sum_u64,9,113,1,after,130.984876
1,65536,true,sum_u64,9,113,2,enum_dynamic,130.376850
1,65536,true,sum_u64,9,113,3,enum_static,132.535027
1,65536,true,sum_u64,9,113,4,bound_dynamic,133.648602
1,65536,true,sum_u64,9,113,5,bound_static,130.680681
1,65536,true,sum_u64,10,113,0,after,130.653027
1,65536,true,sum_u64,10,113,1,enum_dynamic,132.895646
1,65536,true,sum_u64,10,113,2,enum_static,133.069690
1,65536,true,sum_u64,10,113,3,bound_dynamic,133.055310
1,65536,true,sum_u64,10,113,4,bound_static,132.919982
1,65536,true,sum_u64,10,113,5,before,133.196168
1,65536,true,sum_u64,11,113,0,enum_dynamic,133.068212
1,65536,true,sum_u64,11,113,1,enum_static,133.210540
1,65536,true,sum_u64,11,113,2,bound_dynamic,133.184363
1,65536,true,sum_u64,11,113,3,bound_static,133.142699
1,65536,true,sum_u64,11,113,4,before,133.336655
1,65536,true,sum_u64,11,113,5,after,133.516230
1,8192,true,mixed_7,0,30,0,enum_static,556.465300
1,8192,true,mixed_7,0,30,1,bound_dynamic,562.747233
1,8192,true,mixed_7,0,30,2,bound_static,566.686133
1,8192,true,mixed_7,0,30,3,before,523.145833
1,8192,true,mixed_7,0,30,4,after,502.752800
1,8192,true,mixed_7,0,30,5,enum_dynamic,550.801367
1,8192,true,mixed_7,1,30,0,bound_dynamic,558.445833
1,8192,true,mixed_7,1,30,1,bound_static,548.318067
1,8192,true,mixed_7,1,30,2,before,514.205533
1,8192,true,mixed_7,1,30,3,after,502.404167
1,8192,true,mixed_7,1,30,4,enum_dynamic,556.815267
1,8192,true,mixed_7,1,30,5,enum_static,553.893067
1,8192,true,mixed_7,2,30,0,bound_static,560.176400
1,8192,true,mixed_7,2,30,1,before,522.118067
1,8192,true,mixed_7,2,30,2,after,515.640300
1,8192,true,mixed_7,2,30,3,enum_dynamic,568.904167
1,8192,true,mixed_7,2,30,4,enum_static,556.326400
1,8192,true,mixed_7,2,30,5,bound_dynamic,553.166667
1,8192,true,mixed_7,3,30,0,before,509.270833
1,8192,true,mixed_7,3,30,1,after,500.802800
1,8192,true,mixed_7,3,30,2,enum_dynamic,563.111100
1,8192,true,mixed_7,3,30,3,enum_static,545.576367
1,8192,true,mixed_7,3,30,4,bound_dynamic,551.252800
1,8192,true,mixed_7,3,30,5,bound_static,546.029167
1,8192,true,mixed_7,4,30,0,after,501.359733
1,8192,true,mixed_7,4,30,1,enum_dynamic,555.131933
1,8192,true,mixed_7,4,30,2,enum_static,545.401367
1,8192,true,mixed_7,4,30,3,bound_dynamic,557.951400
1,8192,true,mixed_7,4,30,4,bound_static,553.458333
1,8192,true,mixed_7,4,30,5,before,517.594467
1,8192,true,mixed_7,5,30,0,enum_dynamic,553.925000
1,8192,true,mixed_7,5,30,1,enum_static,549.072233
1,8192,true,mixed_7,5,30,2,bound_dynamic,557.056933
1,8192,true,mixed_7,5,30,3,bound_static,547.295833
1,8192,true,mixed_7,5,30,4,before,510.291667
1,8192,true,mixed_7,5,30,5,after,511.023600
1,8192,true,mixed_7,6,30,0,enum_static,548.622233
1,8192,true,mixed_7,6,30,1,bound_dynamic,552.365267
1,8192,true,mixed_7,6,30,2,bound_static,560.838900
1,8192,true,mixed_7,6,30,3,before,510.656933
1,8192,true,mixed_7,6,30,4,after,503.306933
1,8192,true,mixed_7,6,30,5,enum_dynamic,552.898600
1,8192,true,mixed_7,7,30,0,bound_dynamic,556.931933
1,8192,true,mixed_7,7,30,1,bound_static,552.688900
1,8192,true,mixed_7,7,30,2,before,523.015267
1,8192,true,mixed_7,7,30,3,after,517.508333
1,8192,true,mixed_7,7,30,4,enum_dynamic,564.741667
1,8192,true,mixed_7,7,30,5,enum_static,565.569433
1,8192,true,mixed_7,8,30,0,bound_static,561.911133
1,8192,true,mixed_7,8,30,1,before,520.763900
1,8192,true,mixed_7,8,30,2,after,513.897233
1,8192,true,mixed_7,8,30,3,enum_dynamic,567.930567
1,8192,true,mixed_7,8,30,4,enum_static,559.431967
1,8192,true,mixed_7,8,30,5,bound_dynamic,571.745833
1,8192,true,mixed_7,9,30,0,before,523.693067
1,8192,true,mixed_7,9,30,1,after,512.001400
1,8192,true,mixed_7,9,30,2,enum_dynamic,565.575000
1,8192,true,mixed_7,9,30,3,enum_static,561.709733
1,8192,true,mixed_7,9,30,4,bound_dynamic,562.666667
1,8192,true,mixed_7,9,30,5,bound_static,561.315267
1,8192,true,mixed_7,10,30,0,after,511.591667
1,8192,true,mixed_7,10,30,1,enum_dynamic,566.743067
1,8192,true,mixed_7,10,30,2,enum_static,556.087500
1,8192,true,mixed_7,10,30,3,bound_dynamic,563.041667
1,8192,true,mixed_7,10,30,4,bound_static,556.834700
1,8192,true,mixed_7,10,30,5,before,511.311133
1,8192,true,mixed_7,11,30,0,enum_dynamic,551.272233
1,8192,true,mixed_7,11,30,1,enum_static,549.130567
1,8192,true,mixed_7,11,30,2,bound_dynamic,564.629167
1,8192,true,mixed_7,11,30,3,bound_static,556.637500
1,8192,true,mixed_7,11,30,4,before,510.545833
1,8192,true,mixed_7,11,30,5,after,502.563867
1,8192,false,sum_i64,0,1059,0,enum_static,14.308310
1,8192,false,sum_i64,0,1059,1,bound_dynamic,14.425834
1,8192,false,sum_i64,0,1059,2,bound_static,14.483947
1,8192,false,sum_i64,0,1059,3,before,14.537220
1,8192,false,sum_i64,0,1059,4,after,14.495594
1,8192,false,sum_i64,0,1059,5,enum_dynamic,14.277896
1,8192,false,sum_i64,1,1059,0,bound_dynamic,14.327550
1,8192,false,sum_i64,1,1059,1,bound_static,14.511252
1,8192,false,sum_i64,1,1059,2,before,14.488196
1,8192,false,sum_i64,1,1059,3,after,14.308348
1,8192,false,sum_i64,1,1059,4,enum_dynamic,14.496263
1,8192,false,sum_i64,1,1059,5,enum_static,14.488353
1,8192,false,sum_i64,2,1059,0,bound_static,14.529941
1,8192,false,sum_i64,2,1059,1,before,14.484931
1,8192,false,sum_i64,2,1059,2,after,14.513456
1,8192,false,sum_i64,2,1059,3,enum_dynamic,14.487409
1,8192,false,sum_i64,2,1059,4,enum_static,14.520538
1,8192,false,sum_i64,2,1059,5,bound_dynamic,14.497324
1,8192,false,sum_i64,3,1059,0,before,14.529351
1,8192,false,sum_i64,3,1059,1,after,14.441493
1,8192,false,sum_i64,3,1059,2,enum_dynamic,14.313346
1,8192,false,sum_i64,3,1059,3,enum_static,14.414739
1,8192,false,sum_i64,3,1059,4,bound_dynamic,14.523843
1,8192,false,sum_i64,3,1059,5,bound_static,14.480682
1,8192,false,sum_i64,4,1059,0,after,14.451645
1,8192,false,sum_i64,4,1059,1,enum_dynamic,14.638849
1,8192,false,sum_i64,4,1059,2,enum_static,14.499842
1,8192,false,sum_i64,4,1059,3,bound_dynamic,14.484341
1,8192,false,sum_i64,4,1059,4,bound_static,14.463959
1,8192,false,sum_i64,4,1059,5,before,14.466950
1,8192,false,sum_i64,5,1059,0,enum_dynamic,14.439409
1,8192,false,sum_i64,5,1059,1,enum_static,14.501062
1,8192,false,sum_i64,5,1059,2,bound_dynamic,14.547175
1,8192,false,sum_i64,5,1059,3,bound_static,14.315706
1,8192,false,sum_i64,5,1059,4,before,14.534348
1,8192,false,sum_i64,5,1059,5,after,14.494295
1,8192,false,sum_i64,6,1059,0,enum_static,14.533010
1,8192,false,sum_i64,6,1059,1,bound_dynamic,14.482492
1,8192,false,sum_i64,6,1059,2,bound_static,14.527030
1,8192,false,sum_i64,6,1059,3,before,14.619728
1,8192,false,sum_i64,6,1059,4,after,14.379760
1,8192,false,sum_i64,6,1059,5,enum_dynamic,14.496223
1,8192,false,sum_i64,7,1059,0,bound_dynamic,14.500196
1,8192,false,sum_i64,7,1059,1,bound_static,14.513062
1,8192,false,sum_i64,7,1059,2,before,14.503187
1,8192,false,sum_i64,7,1059,3,after,14.501889
1,8192,false,sum_i64,7,1059,4,enum_dynamic,14.488118
1,8192,false,sum_i64,7,1059,5,enum_static,14.492092
1,8192,false,sum_i64,8,1059,0,bound_static,14.467540
1,8192,false,sum_i64,8,1059,1,before,14.534977
1,8192,false,sum_i64,8,1059,2,after,14.491698
1,8192,false,sum_i64,8,1059,3,enum_dynamic,14.549063
1,8192,false,sum_i64,8,1059,4,enum_static,14.506768
1,8192,false,sum_i64,8,1059,5,bound_dynamic,14.516761
1,8192,false,sum_i64,9,1059,0,before,14.529824
1,8192,false,sum_i64,9,1059,1,after,14.466872
1,8192,false,sum_i64,9,1059,2,enum_dynamic,14.610914
1,8192,false,sum_i64,9,1059,3,enum_static,14.321215
1,8192,false,sum_i64,9,1059,4,bound_dynamic,14.323811
1,8192,false,sum_i64,9,1059,5,bound_static,14.467108
1,8192,false,sum_i64,10,1059,0,after,14.495908
1,8192,false,sum_i64,10,1059,1,enum_dynamic,14.467462
1,8192,false,sum_i64,10,1059,2,enum_static,14.501574
1,8192,false,sum_i64,10,1059,3,bound_dynamic,14.515345
1,8192,false,sum_i64,10,1059,4,bound_static,14.510780
1,8192,false,sum_i64,10,1059,5,before,14.452628
1,8192,false,sum_i64,11,1059,0,enum_dynamic,14.456012
1,8192,false,sum_i64,11,1059,1,enum_static,14.527738
1,8192,false,sum_i64,11,1059,2,bound_dynamic,14.497285
1,8192,false,sum_i64,11,1059,3,bound_static,14.504367
1,8192,false,sum_i64,11,1059,4,before,14.489967
1,8192,false,sum_i64,11,1059,5,after,14.522033
1,8192,false,sum_u64,0,1039,0,enum_static,14.498998
1,8192,false,sum_u64,0,1039,1,bound_dynamic,14.503248
1,8192,false,sum_u64,0,1039,2,bound_static,14.497032
1,8192,false,sum_u64,0,1039,3,before,14.508742
1,8192,false,sum_u64,0,1039,4,after,14.380574
1,8192,false,sum_u64,0,1039,5,enum_dynamic,14.456528
1,8192,false,sum_u64,1,1039,0,bound_dynamic,14.473331
1,8192,false,sum_u64,1,1039,1,bound_static,14.478465
1,8192,false,sum_u64,1,1039,2,before,14.489052
1,8192,false,sum_u64,1,1039,3,after,14.484721
1,8192,false,sum_u64,1,1039,4,enum_dynamic,14.524823
1,8192,false,sum_u64,1,1039,5,enum_static,14.269811
1,8192,false,sum_u64,2,1039,0,bound_static,14.434593
1,8192,false,sum_u64,2,1039,1,before,14.306986
1,8192,false,sum_u64,2,1039,2,after,14.452478
1,8192,false,sum_u64,2,1039,3,enum_dynamic,14.474334
1,8192,false,sum_u64,2,1039,4,enum_static,14.523860
1,8192,false,sum_u64,2,1039,5,bound_dynamic,14.475778
1,8192,false,sum_u64,3,1039,0,before,14.475778
1,8192,false,sum_u64,3,1039,1,after,14.464750
1,8192,false,sum_u64,3,1039,2,enum_dynamic,14.467236
1,8192,false,sum_u64,3,1039,3,enum_static,14.477101
1,8192,false,sum_u64,3,1039,4,bound_dynamic,14.538980
1,8192,false,sum_u64,3,1039,5,bound_static,14.259063
1,8192,false,sum_u64,4,1039,0,after,14.511029
1,8192,false,sum_u64,4,1039,1,enum_dynamic,14.477262
1,8192,false,sum_u64,4,1039,2,enum_static,14.487488
1,8192,false,sum_u64,4,1039,3,bound_dynamic,14.510306
1,8192,false,sum_u64,4,1039,4,bound_static,14.672161
1,8192,false,sum_u64,4,1039,5,before,14.523460
1,8192,false,sum_u64,5,1039,0,enum_dynamic,14.485683
1,8192,false,sum_u64,5,1039,1,enum_static,14.480189
1,8192,false,sum_u64,5,1039,2,bound_dynamic,14.541867
1,8192,false,sum_u64,5,1039,3,bound_static,14.518407
1,8192,false,sum_u64,5,1039,4,before,14.499038
1,8192,false,sum_u64,5,1039,5,after,14.481633
1,8192,false,sum_u64,6,1039,0,enum_static,14.534328
1,8192,false,sum_u64,6,1039,1,bound_dynamic,14.467798
1,8192,false,sum_u64,6,1039,2,bound_static,14.368463
1,8192,false,sum_u64,6,1039,3,before,14.462504
1,8192,false,sum_u64,6,1039,4,after,14.490295
1,8192,false,sum_u64,6,1039,5,enum_dynamic,14.494266
1,8192,false,sum_u64,7,1039,0,bound_dynamic,14.479989
1,8192,false,sum_u64,7,1039,1,bound_static,14.495989
1,8192,false,sum_u64,7,1039,2,before,14.464429
1,8192,false,sum_u64,7,1039,3,after,14.481713
1,8192,false,sum_u64,7,1039,4,enum_dynamic,14.471367
1,8192,false,sum_u64,7,1039,5,enum_static,14.497033
1,8192,false,sum_u64,8,1039,0,bound_static,14.484160
1,8192,false,sum_u64,8,1039,1,before,14.500802
1,8192,false,sum_u64,8,1039,2,after,14.496631
1,8192,false,sum_u64,8,1039,3,enum_dynamic,14.293753
1,8192,false,sum_u64,8,1039,4,enum_static,14.508061
1,8192,false,sum_u64,8,1039,5,bound_dynamic,14.481071
1,8192,false,sum_u64,9,1039,0,before,14.504251
1,8192,false,sum_u64,9,1039,1,after,14.338707
1,8192,false,sum_u64,9,1039,2,enum_dynamic,14.488971
1,8192,false,sum_u64,9,1039,3,enum_static,14.487929
1,8192,false,sum_u64,9,1039,4,bound_dynamic,14.509865
1,8192,false,sum_u64,9,1039,5,bound_static,14.500481
1,8192,false,sum_u64,10,1039,0,after,14.509183
1,8192,false,sum_u64,10,1039,1,enum_dynamic,14.552654
1,8192,false,sum_u64,10,1039,2,enum_static,14.464068
1,8192,false,sum_u64,10,1039,3,bound_dynamic,14.632058
1,8192,false,sum_u64,10,1039,4,bound_static,14.490616
1,8192,false,sum_u64,10,1039,5,before,14.493664
1,8192,false,sum_u64,11,1039,0,enum_dynamic,14.467598
1,8192,false,sum_u64,11,1039,1,enum_static,14.506697
1,8192,false,sum_u64,11,1039,2,bound_dynamic,14.471045
1,8192,false,sum_u64,11,1039,3,bound_static,14.499960
1,8192,false,sum_u64,11,1039,4,before,14.458013
1,8192,false,sum_u64,11,1039,5,after,14.479427
1,65536,false,max_i64,0,45,0,enum_static,332.444444
1,65536,false,max_i64,0,45,1,bound_dynamic,354.003689
1,65536,false,max_i64,0,45,2,bound_static,336.384267
1,65536,false,max_i64,0,45,3,before,334.675911
1,65536,false,max_i64,0,45,4,after,332.906467
1,65536,false,max_i64,0,45,5,enum_dynamic,357.783333
1,65536,false,max_i64,1,45,0,bound_dynamic,358.883333
1,65536,false,max_i64,1,45,1,bound_static,341.978711
1,65536,false,max_i64,1,45,2,before,341.413889
1,65536,false,max_i64,1,45,3,after,340.021311
1,65536,false,max_i64,1,45,4,enum_dynamic,353.175000
1,65536,false,max_i64,1,45,5,enum_static,333.657400
1,65536,false,max_i64,2,45,0,bound_static,334.009267
1,65536,false,max_i64,2,45,1,before,333.401844
1,65536,false,max_i64,2,45,2,after,337.684244
1,65536,false,max_i64,2,45,3,enum_dynamic,352.981467
1,65536,false,max_i64,2,45,4,enum_static,334.858333
1,65536,false,max_i64,2,45,5,bound_dynamic,351.921289
1,65536,false,max_i64,3,45,0,before,334.582400
1,65536,false,max_i64,3,45,1,after,341.617578
1,65536,false,max_i64,3,45,2,enum_dynamic,355.604622
1,65536,false,max_i64,3,45,3,enum_static,334.161111
1,65536,false,max_i64,3,45,4,bound_dynamic,352.202778
1,65536,false,max_i64,3,45,5,bound_static,334.234244
1,65536,false,max_i64,4,45,0,after,339.439822
1,65536,false,max_i64,4,45,1,enum_dynamic,359.842600
1,65536,false,max_i64,4,45,2,enum_static,340.442600
1,65536,false,max_i64,4,45,3,bound_dynamic,360.794444
1,65536,false,max_i64,4,45,4,bound_static,341.402778
1,65536,false,max_i64,4,45,5,before,341.068511
1,65536,false,max_i64,5,45,0,enum_dynamic,359.874089
1,65536,false,max_i64,5,45,1,enum_static,339.189800
1,65536,false,max_i64,5,45,2,bound_dynamic,359.067600
1,65536,false,max_i64,5,45,3,bound_static,337.003711
1,65536,false,max_i64,5,45,4,before,334.125933
1,65536,false,max_i64,5,45,5,after,337.141667
1,65536,false,max_i64,6,45,0,enum_static,344.525000
1,65536,false,max_i64,6,45,1,bound_dynamic,354.656489
1,65536,false,max_i64,6,45,2,bound_static,336.700000
1,65536,false,max_i64,6,45,3,before,334.485178
1,65536,false,max_i64,6,45,4,after,337.812956
1,65536,false,max_i64,6,45,5,enum_dynamic,352.581489
1,65536,false,max_i64,7,45,0,bound_dynamic,353.925911
1,65536,false,max_i64,7,45,1,bound_static,341.615733
1,65536,false,max_i64,7,45,2,before,340.995378
1,65536,false,max_i64,7,45,3,after,341.865733
1,65536,false,max_i64,7,45,4,enum_dynamic,360.211111
1,65536,false,max_i64,7,45,5,enum_static,343.562978
1,65536,false,max_i64,8,45,0,bound_static,341.166667
1,65536,false,max_i64,8,45,1,before,341.780556
1,65536,false,max_i64,8,45,2,after,342.053689
1,65536,false,max_i64,8,45,3,enum_dynamic,359.610178
1,65536,false,max_i64,8,45,4,enum_static,341.306467
1,65536,false,max_i64,8,45,5,bound_dynamic,364.636111
1,65536,false,max_i64,9,45,0,before,334.763889
1,65536,false,max_i64,9,45,1,after,335.685178
1,65536,false,max_i64,9,45,2,enum_dynamic,354.089822
1,65536,false,max_i64,9,45,3,enum_static,340.689800
1,65536,false,max_i64,9,45,4,bound_dynamic,358.175911
1,65536,false,max_i64,9,45,5,bound_static,334.975000
1,65536,false,max_i64,10,45,0,after,334.278711
1,65536,false,max_i64,10,45,1,enum_dynamic,353.392578
1,65536,false,max_i64,10,45,2,enum_static,335.510178
1,65536,false,max_i64,10,45,3,bound_dynamic,363.695378
1,65536,false,max_i64,10,45,4,bound_static,336.650000
1,65536,false,max_i64,10,45,5,before,336.186111
1,65536,false,max_i64,11,45,0,enum_dynamic,360.542600
1,65536,false,max_i64,11,45,1,enum_static,349.319444
1,65536,false,max_i64,11,45,2,bound_dynamic,355.538889
1,65536,false,max_i64,11,45,3,bound_static,334.892600
1,65536,false,max_i64,11,45,4,before,335.571289
1,65536,false,max_i64,11,45,5,after,331.813889
1,128,true,covar_i64,0,17194,0,enum_static,0.887034
1,128,true,covar_i64,0,17194,1,bound_dynamic,0.910863
1,128,true,covar_i64,0,17194,2,bound_static,0.893660
1,128,true,covar_i64,0,17194,3,before,0.912414
1,128,true,covar_i64,0,17194,4,after,0.898201
1,128,true,covar_i64,0,17194,5,enum_dynamic,0.889935
1,128,true,covar_i64,1,17194,0,bound_dynamic,0.898441
1,128,true,covar_i64,1,17194,1,bound_static,0.901746
1,128,true,covar_i64,1,17194,2,before,0.896548
1,128,true,covar_i64,1,17194,3,after,0.899156
1,128,true,covar_i64,1,17194,4,enum_dynamic,0.891496
1,128,true,covar_i64,1,17194,5,enum_static,0.892269
1,128,true,covar_i64,2,17194,0,bound_static,0.904964
1,128,true,covar_i64,2,17194,1,before,0.915862
1,128,true,covar_i64,2,17194,2,after,0.919899
1,128,true,covar_i64,2,17194,3,enum_dynamic,0.924584
1,128,true,covar_i64,2,17194,4,enum_static,0.883537
1,128,true,covar_i64,2,17194,5,bound_dynamic,0.886545
1,128,true,covar_i64,3,17194,0,before,0.925022
1,128,true,covar_i64,3,17194,1,after,0.905086
1,128,true,covar_i64,3,17194,2,enum_dynamic,0.884749
1,128,true,covar_i64,3,17194,3,enum_static,0.877598
1,128,true,covar_i64,3,17194,4,bound_dynamic,0.890289
1,128,true,covar_i64,3,17194,5,bound_static,0.896735
1,128,true,covar_i64,4,17194,0,after,0.896892
1,128,true,covar_i64,4,17194,1,enum_dynamic,0.887029
1,128,true,covar_i64,4,17194,2,enum_static,0.895802
1,128,true,covar_i64,4,17194,3,bound_dynamic,0.891476
1,128,true,covar_i64,4,17194,4,bound_static,0.904880
1,128,true,covar_i64,4,17194,5,before,0.887810
1,128,true,covar_i64,5,17194,0,enum_dynamic,0.885747
1,128,true,covar_i64,5,17194,1,enum_static,0.887318
1,128,true,covar_i64,5,17194,2,bound_dynamic,0.909273
1,128,true,covar_i64,5,17194,3,bound_static,0.884235
1,128,true,covar_i64,5,17194,4,before,0.912460
1,128,true,covar_i64,5,17194,5,after,0.907540
1,128,true,covar_i64,6,17194,0,enum_static,0.900615
1,128,true,covar_i64,6,17194,1,bound_dynamic,0.910475
1,128,true,covar_i64,6,17194,2,bound_static,0.894285
1,128,true,covar_i64,6,17194,3,before,0.905418
1,128,true,covar_i64,6,17194,4,after,0.891990
1,128,true,covar_i64,6,17194,5,enum_dynamic,0.897392
1,128,true,covar_i64,7,17194,0,bound_dynamic,0.894881
1,128,true,covar_i64,7,17194,1,bound_static,0.906845
1,128,true,covar_i64,7,17194,2,before,0.905582
1,128,true,covar_i64,7,17194,3,after,0.911534
1,128,true,covar_i64,7,17194,4,enum_dynamic,0.908483
1,128,true,covar_i64,7,17194,5,enum_static,0.893412
1,128,true,covar_i64,8,17194,0,bound_static,0.910623
1,128,true,covar_i64,8,17194,1,before,0.911735
1,128,true,covar_i64,8,17194,2,after,0.904429
1,128,true,covar_i64,8,17194,3,enum_dynamic,0.899056
1,128,true,covar_i64,8,17194,4,enum_static,0.910153
1,128,true,covar_i64,8,17194,5,bound_dynamic,0.907865
1,128,true,covar_i64,9,17194,0,before,0.921947
1,128,true,covar_i64,9,17194,1,after,0.903503
1,128,true,covar_i64,9,17194,2,enum_dynamic,0.919606
1,128,true,covar_i64,9,17194,3,enum_static,0.886852
1,128,true,covar_i64,9,17194,4,bound_dynamic,0.880101
1,128,true,covar_i64,9,17194,5,bound_static,0.884805
1,128,true,covar_i64,10,17194,0,after,0.878039
1,128,true,covar_i64,10,17194,1,enum_dynamic,0.890926
1,128,true,covar_i64,10,17194,2,enum_static,0.895431
1,128,true,covar_i64,10,17194,3,bound_dynamic,0.907424
1,128,true,covar_i64,10,17194,4,bound_static,0.900748
1,128,true,covar_i64,10,17194,5,before,0.919861
1,128,true,covar_i64,11,17194,0,enum_dynamic,0.898933
1,128,true,covar_i64,11,17194,1,enum_static,0.910347
1,128,true,covar_i64,11,17194,2,bound_dynamic,0.895799
1,128,true,covar_i64,11,17194,3,bound_static,0.893701
1,128,true,covar_i64,11,17194,4,before,0.902837
1,128,true,covar_i64,11,17194,5,after,0.906566
1,8192,true,avg_i64,0,825,0,enum_static,18.086617
1,8192,true,avg_i64,0,825,1,bound_dynamic,18.195455
1,8192,true,avg_i64,0,825,2,bound_static,18.327475
1,8192,true,avg_i64,0,825,3,before,20.731314
1,8192,true,avg_i64,0,825,4,after,18.102072
1,8192,true,avg_i64,0,825,5,enum_dynamic,18.030455
1,8192,true,avg_i64,1,825,0,bound_dynamic,18.133081
1,8192,true,avg_i64,1,825,1,bound_static,18.165051
1,8192,true,avg_i64,1,825,2,before,20.392475
1,8192,true,avg_i64,1,825,3,after,18.297171
1,8192,true,avg_i64,1,825,4,enum_dynamic,18.549495
1,8192,true,avg_i64,1,825,5,enum_static,18.237322
1,8192,true,avg_i64,2,825,0,bound_static,18.634899
1,8192,true,avg_i64,2,825,1,before,20.264697
1,8192,true,avg_i64,2,825,2,after,18.265051
1,8192,true,avg_i64,2,825,3,enum_dynamic,18.487727
1,8192,true,avg_i64,2,825,4,enum_static,18.305051
1,8192,true,avg_i64,2,825,5,bound_dynamic,18.285101
1,8192,true,avg_i64,3,825,0,before,20.524848
1,8192,true,avg_i64,3,825,1,after,18.312625
1,8192,true,avg_i64,3,825,2,enum_dynamic,18.319697
1,8192,true,avg_i64,3,825,3,enum_static,17.923990
1,8192,true,avg_i64,3,825,4,bound_dynamic,17.900960
1,8192,true,avg_i64,3,825,5,bound_static,18.167070
1,8192,true,avg_i64,4,825,0,after,18.259899
1,8192,true,avg_i64,4,825,1,enum_dynamic,18.343737
1,8192,true,avg_i64,4,825,2,enum_static,18.342979
1,8192,true,avg_i64,4,825,3,bound_dynamic,18.207829
1,8192,true,avg_i64,4,825,4,bound_static,18.145405
1,8192,true,avg_i64,4,825,5,before,20.592019
1,8192,true,avg_i64,5,825,0,enum_dynamic,18.337172
1,8192,true,avg_i64,5,825,1,enum_static,18.253435
1,8192,true,avg_i64,5,825,2,bound_dynamic,18.255354
1,8192,true,avg_i64,5,825,3,bound_static,18.318888
1,8192,true,avg_i64,5,825,4,before,20.515909
1,8192,true,avg_i64,5,825,5,after,17.988737
1,8192,true,avg_i64,6,825,0,enum_static,18.346919
1,8192,true,avg_i64,6,825,1,bound_dynamic,18.173587
1,8192,true,avg_i64,6,825,2,bound_static,18.141061
1,8192,true,avg_i64,6,825,3,before,20.396970
1,8192,true,avg_i64,6,825,4,after,18.105152
1,8192,true,avg_i64,6,825,5,enum_dynamic,18.146970
1,8192,true,avg_i64,7,825,0,bound_dynamic,18.153989
1,8192,true,avg_i64,7,825,1,bound_static,18.135101
1,8192,true,avg_i64,7,825,2,before,20.396212
1,8192,true,avg_i64,7,825,3,after,18.095050
1,8192,true,avg_i64,7,825,4,enum_dynamic,18.164697
1,8192,true,avg_i64,7,825,5,enum_static,17.834040
1,8192,true,avg_i64,8,825,0,bound_static,18.139496
1,8192,true,avg_i64,8,825,1,before,20.388131
1,8192,true,avg_i64,8,825,2,after,18.141212
1,8192,true,avg_i64,8,825,3,enum_dynamic,18.138081
1,8192,true,avg_i64,8,825,4,enum_static,18.115303
1,8192,true,avg_i64,8,825,5,bound_dynamic,18.110657
1,8192,true,avg_i64,9,825,0,before,20.370657
1,8192,true,avg_i64,9,825,1,after,18.113435
1,8192,true,avg_i64,9,825,2,enum_dynamic,18.117375
1,8192,true,avg_i64,9,825,3,enum_static,18.071364
1,8192,true,avg_i64,9,825,4,bound_dynamic,18.116010
1,8192,true,avg_i64,9,825,5,bound_static,18.063687
1,8192,true,avg_i64,10,825,0,after,17.772223
1,8192,true,avg_i64,10,825,1,enum_dynamic,18.127727
1,8192,true,avg_i64,10,825,2,enum_static,18.081617
1,8192,true,avg_i64,10,825,3,bound_dynamic,18.145960
1,8192,true,avg_i64,10,825,4,bound_static,18.330303
1,8192,true,avg_i64,10,825,5,before,20.070606
1,8192,true,avg_i64,11,825,0,enum_dynamic,18.137930
1,8192,true,avg_i64,11,825,1,enum_static,18.094040
1,8192,true,avg_i64,11,825,2,bound_dynamic,18.118788
1,8192,true,avg_i64,11,825,3,bound_static,18.140758
1,8192,true,avg_i64,11,825,4,before,20.372424
1,8192,true,avg_i64,11,825,5,after,18.092070
1,8192,false,min_utf8,0,165,0,enum_static,89.891158
1,8192,false,min_utf8,0,165,1,bound_dynamic,94.687370
1,8192,false,min_utf8,0,165,2,bound_static,89.978533
1,8192,false,min_utf8,0,165,3,before,93.252776
1,8192,false,min_utf8,0,165,4,after,89.860352
1,8192,false,min_utf8,0,165,5,enum_dynamic,95.547727
1,8192,false,min_utf8,1,165,0,bound_dynamic,95.388891
1,8192,false,min_utf8,1,165,1,bound_static,90.804545
1,8192,false,min_utf8,1,165,2,before,93.843182
1,8192,false,min_utf8,1,165,3,after,89.948994
1,8192,false,min_utf8,1,165,4,enum_dynamic,95.226012
1,8192,false,min_utf8,1,165,5,enum_static,89.835103
1,8192,false,min_utf8,2,165,0,bound_static,91.758582
1,8192,false,min_utf8,2,165,1,before,92.590152
1,8192,false,min_utf8,2,165,2,after,90.711612
1,8192,false,min_utf8,2,165,3,enum_dynamic,97.619697
1,8192,false,min_utf8,2,165,4,enum_static,89.923739
1,8192,false,min_utf8,2,165,5,bound_dynamic,94.899242
1,8192,false,min_utf8,3,165,0,before,92.475000
1,8192,false,min_utf8,3,165,1,after,90.162879
1,8192,false,min_utf8,3,165,2,enum_dynamic,95.204794
1,8192,false,min_utf8,3,165,3,enum_static,89.932576
1,8192,false,min_utf8,3,165,4,bound_dynamic,95.217673
1,8192,false,min_utf8,3,165,5,bound_static,90.763636
1,8192,false,min_utf8,4,165,0,after,92.080055
1,8192,false,min_utf8,4,165,1,enum_dynamic,96.730048
1,8192,false,min_utf8,4,165,2,enum_static,91.812624
1,8192,false,min_utf8,4,165,3,bound_dynamic,95.951770
1,8192,false,min_utf8,4,165,4,bound_static,89.915661
1,8192,false,min_utf8,4,165,5,before,93.145200
1,8192,false,min_utf8,5,165,0,enum_dynamic,96.680055
1,8192,false,min_utf8,5,165,1,enum_static,92.005552
1,8192,false,min_utf8,5,165,2,bound_dynamic,96.712624
1,8192,false,min_utf8,5,165,3,bound_static,91.844194
1,8192,false,min_utf8,5,165,4,before,94.468182
1,8192,false,min_utf8,5,165,5,after,91.817176
1,8192,false,min_utf8,6,165,0,enum_static,91.916418
1,8192,false,min_utf8,6,165,1,bound_dynamic,96.574242
1,8192,false,min_utf8,6,165,2,bound_static,91.890661
1,8192,false,min_utf8,6,165,3,before,94.212376
1,8192,false,min_utf8,6,165,4,after,92.007830
1,8192,false,min_utf8,6,165,5,enum_dynamic,95.772224
1,8192,false,min_utf8,7,165,0,bound_dynamic,94.665655
1,8192,false,min_utf8,7,165,1,bound_static,91.707321
1,8192,false,min_utf8,7,165,2,before,92.946715
1,8192,false,min_utf8,7,165,3,after,89.848739
1,8192,false,min_utf8,7,165,4,enum_dynamic,94.924242
1,8192,false,min_utf8,7,165,5,enum_static,90.028030
1,8192,false,min_utf8,8,165,0,bound_static,89.811109
1,8192,false,min_utf8,8,165,1,before,93.300758
1,8192,false,min_utf8,8,165,2,after,92.341667
1,8192,false,min_utf8,8,165,3,enum_dynamic,96.554291
1,8192,false,min_utf8,8,165,4,enum_static,91.678285
1,8192,false,min_utf8,8,165,5,bound_dynamic,96.534345
1,8192,false,min_utf8,9,165,0,before,94.141915
1,8192,false,min_utf8,9,165,1,after,92.648485
1,8192,false,min_utf8,9,165,2,enum_dynamic,95.332576
1,8192,false,min_utf8,9,165,3,enum_static,90.269697
1,8192,false,min_utf8,9,165,4,bound_dynamic,94.758333
1,8192,false,min_utf8,9,165,5,bound_static,90.242933
1,8192,false,min_utf8,10,165,0,after,90.508842
1,8192,false,min_utf8,10,165,1,enum_dynamic,94.744194
1,8192,false,min_utf8,10,165,2,enum_static,89.885606
1,8192,false,min_utf8,10,165,3,bound_dynamic,94.872982
1,8192,false,min_utf8,10,165,4,bound_static,90.031564
1,8192,false,min_utf8,10,165,5,before,93.548739
1,8192,false,min_utf8,11,165,0,enum_dynamic,94.841667
1,8192,false,min_utf8,11,165,1,enum_static,90.036364
1,8192,false,min_utf8,11,165,2,bound_dynamic,95.002273
1,8192,false,min_utf8,11,165,3,bound_static,89.882073
1,8192,false,min_utf8,11,165,4,before,92.627776
1,8192,false,min_utf8,11,165,5,after,91.768939
1,8192,true,sum_f64,0,1643,0,enum_static,9.148712
1,8192,true,sum_f64,0,1643,1,bound_dynamic,9.157638
1,8192,true,sum_f64,0,1643,2,bound_static,9.163471
1,8192,true,sum_f64,0,1643,3,before,9.150436
1,8192,true,sum_f64,0,1643,4,after,9.333156
1,8192,true,sum_f64,0,1643,5,enum_dynamic,9.124670
1,8192,true,sum_f64,1,1643,0,bound_dynamic,9.000786
1,8192,true,sum_f64,1,1643,1,bound_static,8.976516
1,8192,true,sum_f64,1,1643,2,before,9.004844
1,8192,true,sum_f64,1,1643,3,after,9.122920
1,8192,true,sum_f64,1,1643,4,enum_dynamic,9.139379
1,8192,true,sum_f64,1,1643,5,enum_static,9.151907
1,8192,true,sum_f64,2,1643,0,bound_static,9.138365
1,8192,true,sum_f64,2,1643,1,before,9.129615
1,8192,true,sum_f64,2,1643,2,after,9.316038
1,8192,true,sum_f64,2,1643,3,enum_dynamic,9.176278
1,8192,true,sum_f64,2,1643,4,enum_static,9.122514
1,8192,true,sum_f64,2,1643,5,bound_dynamic,9.156218
1,8192,true,sum_f64,3,1643,0,before,9.145820
1,8192,true,sum_f64,3,1643,1,after,9.289866
1,8192,true,sum_f64,3,1643,2,enum_dynamic,9.142651
1,8192,true,sum_f64,3,1643,3,enum_static,9.122083
1,8192,true,sum_f64,3,1643,4,bound_dynamic,9.158349
1,8192,true,sum_f64,3,1643,5,bound_static,9.148559
1,8192,true,sum_f64,4,1643,0,after,9.288928
1,8192,true,sum_f64,4,1643,1,enum_dynamic,9.131213
1,8192,true,sum_f64,4,1643,2,enum_static,9.139886
1,8192,true,sum_f64,4,1643,3,bound_dynamic,9.157613
1,8192,true,sum_f64,4,1643,4,bound_static,9.149929
1,8192,true,sum_f64,4,1643,5,before,9.141256
1,8192,true,sum_f64,5,1643,0,enum_dynamic,9.135727
1,8192,true,sum_f64,5,1643,1,enum_static,9.156548
1,8192,true,sum_f64,5,1643,2,bound_dynamic,9.135423
1,8192,true,sum_f64,5,1643,3,bound_static,9.159160
1,8192,true,sum_f64,5,1643,4,before,9.040018
1,8192,true,sum_f64,5,1643,5,after,9.116758
1,8192,true,sum_f64,6,1643,0,enum_static,9.012705
1,8192,true,sum_f64,6,1643,1,bound_dynamic,9.016332
1,8192,true,sum_f64,6,1643,2,bound_static,8.977632
1,8192,true,sum_f64,6,1643,3,before,8.994395
1,8192,true,sum_f64,6,1643,4,after,9.277161
1,8192,true,sum_f64,6,1643,5,enum_dynamic,9.143183
1,8192,true,sum_f64,7,1643,0,bound_dynamic,8.980194
1,8192,true,sum_f64,7,1643,1,bound_static,8.970582
1,8192,true,sum_f64,7,1643,2,before,9.039638
1,8192,true,sum_f64,7,1643,3,after,9.106056
1,8192,true,sum_f64,7,1643,4,enum_dynamic,8.960540
1,8192,true,sum_f64,7,1643,5,enum_static,8.950954
1,8192,true,sum_f64,8,1643,0,bound_static,8.962086
1,8192,true,sum_f64,8,1643,1,before,9.012173
1,8192,true,sum_f64,8,1643,2,after,9.115388
1,8192,true,sum_f64,8,1643,3,enum_dynamic,8.993279
1,8192,true,sum_f64,8,1643,4,enum_static,8.963355
1,8192,true,sum_f64,8,1643,5,bound_dynamic,8.995942
1,8192,true,sum_f64,9,1643,0,before,9.062538
1,8192,true,sum_f64,9,1643,1,after,9.295750
1,8192,true,sum_f64,9,1643,2,enum_dynamic,9.141763
1,8192,true,sum_f64,9,1643,3,enum_static,9.136767
1,8192,true,sum_f64,9,1643,4,bound_dynamic,9.094086
1,8192,true,sum_f64,9,1643,5,bound_static,8.968503
1,8192,true,sum_f64,10,1643,0,after,9.113106
1,8192,true,sum_f64,10,1643,1,enum_dynamic,8.968478
1,8192,true,sum_f64,10,1643,2,enum_static,8.989755
1,8192,true,sum_f64,10,1643,3,bound_dynamic,8.976872
1,8192,true,sum_f64,10,1643,4,bound_static,8.986001
1,8192,true,sum_f64,10,1643,5,before,9.021505
1,8192,true,sum_f64,11,1643,0,enum_dynamic,9.154265
1,8192,true,sum_f64,11,1643,1,enum_static,9.136869
1,8192,true,sum_f64,11,1643,2,bound_dynamic,9.146784
1,8192,true,sum_f64,11,1643,3,bound_static,9.176988
1,8192,true,sum_f64,11,1643,4,before,9.138213
1,8192,true,sum_f64,11,1643,5,after,9.302267
1,65536,false,sum_f64,0,295,0,enum_static,52.013278
1,65536,false,sum_f64,0,295,1,bound_dynamic,52.174010
1,65536,false,sum_f64,0,295,2,bound_static,52.584607
1,65536,false,sum_f64,0,295,3,before,51.618925
1,65536,false,sum_f64,0,295,4,after,51.697597
1,65536,false,sum_f64,0,295,5,enum_dynamic,51.565817
1,65536,false,sum_f64,1,295,0,bound_dynamic,52.206780
1,65536,false,sum_f64,1,295,1,bound_static,52.197176
1,65536,false,sum_f64,1,295,2,before,51.467797
1,65536,false,sum_f64,1,295,3,after,51.968220
1,65536,false,sum_f64,1,295,4,enum_dynamic,52.288136
1,65536,false,sum_f64,1,295,5,enum_static,52.104380
1,65536,false,sum_f64,2,295,0,bound_static,52.283756
1,65536,false,sum_f64,2,295,1,before,52.230508
1,65536,false,sum_f64,2,295,2,after,52.073729
1,65536,false,sum_f64,2,295,3,enum_dynamic,52.058617
1,65536,false,sum_f64,2,295,4,enum_static,52.166668
1,65536,false,sum_f64,2,295,5,bound_dynamic,52.237851
1,65536,false,sum_f64,3,295,0,before,52.148020
1,65536,false,sum_f64,3,295,1,after,52.205369
1,65536,false,sum_f64,3,295,2,enum_dynamic,52.300424
1,65536,false,sum_f64,3,295,3,enum_static,52.270905
1,65536,false,sum_f64,3,295,4,bound_dynamic,52.126695
1,65536,false,sum_f64,3,295,5,bound_static,52.203532
1,65536,false,sum_f64,4,295,0,after,51.889407
1,65536,false,sum_f64,4,295,1,enum_dynamic,51.299576
1,65536,false,sum_f64,4,295,2,enum_static,51.994915
1,65536,false,sum_f64,4,295,3,bound_dynamic,51.518078
1,65536,false,sum_f64,4,295,4,bound_static,52.137854
1,65536,false,sum_f64,4,295,5,before,52.327119
1,65536,false,sum_f64,5,295,0,enum_dynamic,52.501834
1,65536,false,sum_f64,5,295,1,enum_static,52.318220
1,65536,false,sum_f64,5,295,2,bound_dynamic,52.427824
1,65536,false,sum_f64,5,295,3,bound_static,52.260736
1,65536,false,sum_f64,5,295,4,before,51.215959
1,65536,false,sum_f64,5,295,5,after,52.069634
1,65536,false,sum_f64,6,295,0,enum_static,52.034603
1,65536,false,sum_f64,6,295,1,bound_dynamic,52.642797
1,65536,false,sum_f64,6,295,2,bound_static,51.746044
1,65536,false,sum_f64,6,295,3,before,52.102400
1,65536,false,sum_f64,6,295,4,after,52.014831
1,65536,false,sum_f64,6,295,5,enum_dynamic,52.010312
1,65536,false,sum_f64,7,295,0,bound_dynamic,51.764546
1,65536,false,sum_f64,7,295,1,bound_static,51.194068
1,65536,false,sum_f64,7,295,2,before,52.012431
1,65536,false,sum_f64,7,295,3,after,51.864831
1,65536,false,sum_f64,7,295,4,enum_dynamic,51.341241
1,65536,false,sum_f64,7,295,5,enum_static,52.282627
1,65536,false,sum_f64,8,295,0,bound_static,52.283898
1,65536,false,sum_f64,8,295,1,before,52.185027
1,65536,false,sum_f64,8,295,2,after,52.175563
1,65536,false,sum_f64,8,295,3,enum_dynamic,52.153532
1,65536,false,sum_f64,8,295,4,enum_static,52.108756
1,65536,false,sum_f64,8,295,5,bound_dynamic,52.022597
1,65536,false,sum_f64,9,295,0,before,52.227400
1,65536,false,sum_f64,9,295,1,after,52.212712
1,65536,false,sum_f64,9,295,2,enum_dynamic,52.269776
1,65536,false,sum_f64,9,295,3,enum_static,52.046753
1,65536,false,sum_f64,9,295,4,bound_dynamic,52.187573
1,65536,false,sum_f64,9,295,5,bound_static,52.098024
1,65536,false,sum_f64,10,295,0,after,52.248305
1,65536,false,sum_f64,10,295,1,enum_dynamic,52.175847
1,65536,false,sum_f64,10,295,2,enum_static,52.235169
1,65536,false,sum_f64,10,295,3,bound_dynamic,52.448586
1,65536,false,sum_f64,10,295,4,bound_static,51.070902
1,65536,false,sum_f64,10,295,5,before,51.388136
1,65536,false,sum_f64,11,295,0,enum_dynamic,52.149292
1,65536,false,sum_f64,11,295,1,enum_static,52.240112
1,65536,false,sum_f64,11,295,2,bound_dynamic,52.276834
1,65536,false,sum_f64,11,295,3,bound_static,51.423305
1,65536,false,sum_f64,11,295,4,before,52.088417
1,65536,false,sum_f64,11,295,5,after,52.096047
1,65536,true,max_i64,0,43,0,enum_static,351.719000
1,65536,true,max_i64,0,43,1,bound_dynamic,369.924419
1,65536,true,max_i64,0,43,2,bound_static,352.763581
1,65536,true,max_i64,0,43,3,before,367.929256
1,65536,true,max_i64,0,43,4,after,352.754837
1,65536,true,max_i64,0,43,5,enum_dynamic,371.640488
1,65536,true,max_i64,1,43,0,bound_dynamic,370.983535
1,65536,true,max_i64,1,43,1,bound_static,360.036814
1,65536,true,max_i64,1,43,2,before,366.113372
1,65536,true,max_i64,1,43,3,after,348.186047
1,65536,true,max_i64,1,43,4,enum_dynamic,364.601744
1,65536,true,max_i64,1,43,5,enum_static,353.447674
1,65536,true,max_i64,2,43,0,bound_static,346.687977
1,65536,true,max_i64,2,43,1,before,362.633721
1,65536,true,max_i64,2,43,2,after,353.526163
1,65536,true,max_i64,2,43,3,enum_dynamic,371.242233
1,65536,true,max_i64,2,43,4,enum_static,351.786837
1,65536,true,max_i64,2,43,5,bound_dynamic,369.997093
1,65536,true,max_i64,3,43,0,before,366.610465
1,65536,true,max_i64,3,43,1,after,352.239326
1,65536,true,max_i64,3,43,2,enum_dynamic,370.337209
1,65536,true,max_i64,3,43,3,enum_static,351.378860
1,65536,true,max_i64,3,43,4,bound_dynamic,373.111419
1,65536,true,max_i64,3,43,5,bound_static,349.678302
1,65536,true,max_i64,4,43,0,after,347.437977
1,65536,true,max_i64,4,43,1,enum_dynamic,368.552326
1,65536,true,max_i64,4,43,2,enum_static,352.106581
1,65536,true,max_i64,4,43,3,bound_dynamic,375.065884
1,65536,true,max_i64,4,43,4,bound_static,349.832349
1,65536,true,max_i64,4,43,5,before,360.665698
1,65536,true,max_i64,5,43,0,enum_dynamic,366.023256
1,65536,true,max_i64,5,43,1,enum_static,350.825581
1,65536,true,max_i64,5,43,2,bound_dynamic,363.456395
1,65536,true,max_i64,5,43,3,bound_static,351.285860
1,65536,true,max_i64,5,43,4,before,367.188000
1,65536,true,max_i64,5,43,5,after,354.351744
1,65536,true,max_i64,6,43,0,enum_static,350.164744
1,65536,true,max_i64,6,43,1,bound_dynamic,364.022302
1,65536,true,max_i64,6,43,2,bound_static,346.844977
1,65536,true,max_i64,6,43,3,before,362.839163
1,65536,true,max_i64,6,43,4,after,353.836233
1,65536,true,max_i64,6,43,5,enum_dynamic,366.401163
1,65536,true,max_i64,7,43,0,bound_dynamic,364.375953
1,65536,true,max_i64,7,43,1,bound_static,347.071698
1,65536,true,max_i64,7,43,2,before,365.764535
1,65536,true,max_i64,7,43,3,after,346.116279
1,65536,true,max_i64,7,43,4,enum_dynamic,364.799419
1,65536,true,max_i64,7,43,5,enum_static,346.128860
1,65536,true,max_i64,8,43,0,bound_static,354.218023
1,65536,true,max_i64,8,43,1,before,363.034884
1,65536,true,max_i64,8,43,2,after,348.343023
1,65536,true,max_i64,8,43,3,enum_dynamic,363.491279
1,65536,true,max_i64,8,43,4,enum_static,352.988372
1,65536,true,max_i64,8,43,5,bound_dynamic,364.033930
1,65536,true,max_i64,9,43,0,before,364.337209
1,65536,true,max_i64,9,43,1,after,353.634674
1,65536,true,max_i64,9,43,2,enum_dynamic,372.409884
1,65536,true,max_i64,9,43,3,enum_static,352.675395
1,65536,true,max_i64,9,43,4,bound_dynamic,370.866279
1,65536,true,max_i64,9,43,5,bound_static,353.563953
1,65536,true,max_i64,10,43,0,after,354.016465
1,65536,true,max_i64,10,43,1,enum_dynamic,374.417628
1,65536,true,max_i64,10,43,2,enum_static,351.512581
1,65536,true,max_i64,10,43,3,bound_dynamic,368.331395
1,65536,true,max_i64,10,43,4,bound_static,353.082349
1,65536,true,max_i64,10,43,5,before,368.813000
1,65536,true,max_i64,11,43,0,enum_dynamic,370.832372
1,65536,true,max_i64,11,43,1,enum_static,352.807163
1,65536,true,max_i64,11,43,2,bound_dynamic,371.847860
1,65536,true,max_i64,11,43,3,bound_static,354.269372
1,65536,true,max_i64,11,43,4,before,367.453488
1,65536,true,max_i64,11,43,5,after,354.276163
1,128,false,sum_f64,0,50000,0,enum_static,0.234825
1,128,false,sum_f64,0,50000,1,bound_dynamic,0.228006
1,128,false,sum_f64,0,50000,2,bound_static,0.231048
1,128,false,sum_f64,0,50000,3,before,0.225962
1,128,false,sum_f64,0,50000,4,after,0.230082
1,128,false,sum_f64,0,50000,5,enum_dynamic,0.247171
1,128,false,sum_f64,1,50000,0,bound_dynamic,0.227593
1,128,false,sum_f64,1,50000,1,bound_static,0.230809
1,128,false,sum_f64,1,50000,2,before,0.224474
1,128,false,sum_f64,1,50000,3,after,0.232318
1,128,false,sum_f64,1,50000,4,enum_dynamic,0.248078
1,128,false,sum_f64,1,50000,5,enum_static,0.238250
1,128,false,sum_f64,2,50000,0,bound_static,0.229049
1,128,false,sum_f64,2,50000,1,before,0.224258
1,128,false,sum_f64,2,50000,2,after,0.231848
1,128,false,sum_f64,2,50000,3,enum_dynamic,0.247792
1,128,false,sum_f64,2,50000,4,enum_static,0.237195
1,128,false,sum_f64,2,50000,5,bound_dynamic,0.235448
1,128,false,sum_f64,3,50000,0,before,0.223915
1,128,false,sum_f64,3,50000,1,after,0.233035
1,128,false,sum_f64,3,50000,2,enum_dynamic,0.247693
1,128,false,sum_f64,3,50000,3,enum_static,0.237210
1,128,false,sum_f64,3,50000,4,bound_dynamic,0.234621
1,128,false,sum_f64,3,50000,5,bound_static,0.235948
1,128,false,sum_f64,4,50000,0,after,0.230502
1,128,false,sum_f64,4,50000,1,enum_dynamic,0.247947
1,128,false,sum_f64,4,50000,2,enum_static,0.236989
1,128,false,sum_f64,4,50000,3,bound_dynamic,0.226197
1,128,false,sum_f64,4,50000,4,bound_static,0.226485
1,128,false,sum_f64,4,50000,5,before,0.224136
1,128,false,sum_f64,5,50000,0,enum_dynamic,0.248927
1,128,false,sum_f64,5,50000,1,enum_static,0.240618
1,128,false,sum_f64,5,50000,2,bound_dynamic,0.223990
1,128,false,sum_f64,5,50000,3,bound_static,0.225659
1,128,false,sum_f64,5,50000,4,before,0.220110
1,128,false,sum_f64,5,50000,5,after,0.226163
1,128,false,sum_f64,6,50000,0,enum_static,0.232756
1,128,false,sum_f64,6,50000,1,bound_dynamic,0.225070
1,128,false,sum_f64,6,50000,2,bound_static,0.233198
1,128,false,sum_f64,6,50000,3,before,0.225079
1,128,false,sum_f64,6,50000,4,after,0.229515
1,128,false,sum_f64,6,50000,5,enum_dynamic,0.243502
1,128,false,sum_f64,7,50000,0,bound_dynamic,0.231349
1,128,false,sum_f64,7,50000,1,bound_static,0.231213
1,128,false,sum_f64,7,50000,2,before,0.224070
1,128,false,sum_f64,7,50000,3,after,0.230385
1,128,false,sum_f64,7,50000,4,enum_dynamic,0.243060
1,128,false,sum_f64,7,50000,5,enum_static,0.234868
1,128,false,sum_f64,8,50000,0,bound_static,0.228642
1,128,false,sum_f64,8,50000,1,before,0.226328
1,128,false,sum_f64,8,50000,2,after,0.228174
1,128,false,sum_f64,8,50000,3,enum_dynamic,0.244072
1,128,false,sum_f64,8,50000,4,enum_static,0.235329
1,128,false,sum_f64,8,50000,5,bound_dynamic,0.226788
1,128,false,sum_f64,9,50000,0,before,0.226378
1,128,false,sum_f64,9,50000,1,after,0.230122
1,128,false,sum_f64,9,50000,2,enum_dynamic,0.243837
1,128,false,sum_f64,9,50000,3,enum_static,0.234678
1,128,false,sum_f64,9,50000,4,bound_dynamic,0.228299
1,128,false,sum_f64,9,50000,5,bound_static,0.225373
1,128,false,sum_f64,10,50000,0,after,0.227704
1,128,false,sum_f64,10,50000,1,enum_dynamic,0.244686
1,128,false,sum_f64,10,50000,2,enum_static,0.233359
1,128,false,sum_f64,10,50000,3,bound_dynamic,0.222684
1,128,false,sum_f64,10,50000,4,bound_static,0.231403
1,128,false,sum_f64,10,50000,5,before,0.222354
1,128,false,sum_f64,11,50000,0,enum_dynamic,0.248496
1,128,false,sum_f64,11,50000,1,enum_static,0.237239
1,128,false,sum_f64,11,50000,2,bound_dynamic,0.232584
1,128,false,sum_f64,11,50000,3,bound_static,0.230712
1,128,false,sum_f64,11,50000,4,before,0.223886
1,128,false,sum_f64,11,50000,5,after,0.232713
1,65536,false,count_star,0,483,0,enum_static,30.676501
1,65536,false,count_star,0,483,1,bound_dynamic,30.574190
1,65536,false,count_star,0,483,2,bound_static,30.541582
1,65536,false,count_star,0,483,3,before,31.293304
1,65536,false,count_star,0,483,4,after,31.360248
1,65536,false,count_star,0,483,5,enum_dynamic,31.147600
1,65536,false,count_star,1,483,0,bound_dynamic,31.107402
1,65536,false,count_star,1,483,1,bound_static,31.178571
1,65536,false,count_star,1,483,2,before,31.240166
1,65536,false,count_star,1,483,3,after,31.151226
1,65536,false,count_star,1,483,4,enum_dynamic,31.142944
1,65536,false,count_star,1,483,5,enum_static,31.121464
1,65536,false,count_star,2,483,0,bound_static,31.246292
1,65536,false,count_star,2,483,1,before,31.242323
1,65536,false,count_star,2,483,2,after,31.034679
1,65536,false,count_star,2,483,3,enum_dynamic,30.589286
1,65536,false,count_star,2,483,4,enum_static,30.623621
1,65536,false,count_star,2,483,5,bound_dynamic,30.564528
1,65536,false,count_star,3,483,0,before,31.482832
1,65536,false,count_star,3,483,1,after,31.125085
1,65536,false,count_star,3,483,2,enum_dynamic,31.101104
1,65536,false,count_star,3,483,3,enum_static,31.088942
1,65536,false,count_star,3,483,4,bound_dynamic,30.739820
1,65536,false,count_star,3,483,5,bound_static,30.518634
1,65536,false,count_star,4,483,0,after,30.534161
1,65536,false,count_star,4,483,1,enum_dynamic,30.892598
1,65536,false,count_star,4,483,2,enum_static,30.542961
1,65536,false,count_star,4,483,3,bound_dynamic,30.523810
1,65536,false,count_star,4,483,4,bound_static,30.531917
1,65536,false,count_star,4,483,5,before,31.423482
1,65536,false,count_star,5,483,0,enum_dynamic,31.102830
1,65536,false,count_star,5,483,1,enum_static,30.671497
1,65536,false,count_star,5,483,2,bound_dynamic,30.645789
1,65536,false,count_star,5,483,3,bound_static,30.552795
1,65536,false,count_star,5,483,4,before,31.327468
1,65536,false,count_star,5,483,5,after,31.176414
1,65536,false,count_star,6,483,0,enum_static,30.806331
1,65536,false,count_star,6,483,1,bound_dynamic,30.547445
1,65536,false,count_star,6,483,2,bound_static,30.559783
1,65536,false,count_star,6,483,3,before,31.818928
1,65536,false,count_star,6,483,4,after,30.623273
1,65536,false,count_star,6,483,5,enum_dynamic,30.623188
1,65536,false,count_star,7,483,0,bound_dynamic,30.510698
1,65536,false,count_star,7,483,1,bound_static,30.591615
1,65536,false,count_star,7,483,2,before,31.404157
1,65536,false,count_star,7,483,3,after,30.600932
1,65536,false,count_star,7,483,4,enum_dynamic,30.592046
1,65536,false,count_star,7,483,5,enum_static,30.720410
1,65536,false,count_star,8,483,0,bound_static,30.899586
1,65536,false,count_star,8,483,1,before,31.021652
1,65536,false,count_star,8,483,2,after,31.140184
1,65536,false,count_star,8,483,3,enum_dynamic,31.154416
1,65536,false,count_star,8,483,4,enum_static,31.398810
1,65536,false,count_star,8,483,5,bound_dynamic,30.555642
1,65536,false,count_star,9,483,0,before,31.198758
1,65536,false,count_star,9,483,1,after,31.116805
1,65536,false,count_star,9,483,2,enum_dynamic,31.123017
1,65536,false,count_star,9,483,3,enum_static,31.133799
1,65536,false,count_star,9,483,4,bound_dynamic,30.917184
1,65536,false,count_star,9,483,5,bound_static,30.555211
1,65536,false,count_star,10,483,0,after,30.507075
1,65536,false,count_star,10,483,1,enum_dynamic,30.653209
1,65536,false,count_star,10,483,2,enum_static,30.517685
1,65536,false,count_star,10,483,3,bound_dynamic,30.618445
1,65536,false,count_star,10,483,4,bound_static,30.558230
1,65536,false,count_star,10,483,5,before,30.956867
1,65536,false,count_star,11,483,0,enum_dynamic,31.215580
1,65536,false,count_star,11,483,1,enum_static,30.587387
1,65536,false,count_star,11,483,2,bound_dynamic,30.552623
1,65536,false,count_star,11,483,3,bound_static,30.510352
1,65536,false,count_star,11,483,4,before,31.594377
1,65536,false,count_star,11,483,5,after,30.655106
1,8192,false,count_star,0,3927,0,enum_static,3.827317
1,8192,false,count_star,0,3927,1,bound_dynamic,3.827296
1,8192,false,count_star,0,3927,2,bound_static,3.831084
1,8192,false,count_star,0,3927,3,before,3.888114
1,8192,false,count_star,0,3927,4,after,3.832675
1,8192,false,count_star,0,3927,5,enum_dynamic,3.824400
1,8192,false,count_star,1,3927,0,bound_dynamic,3.834511
1,8192,false,count_star,1,3927,1,bound_static,3.821821
1,8192,false,count_star,1,3927,2,before,3.909462
1,8192,false,count_star,1,3927,3,after,3.844835
1,8192,false,count_star,1,3927,4,enum_dynamic,3.843201
1,8192,false,count_star,1,3927,5,enum_static,3.839891
1,8192,false,count_star,2,3927,0,bound_static,3.825630
1,8192,false,count_star,2,3927,1,before,3.881197
1,8192,false,count_star,2,3927,2,after,3.894905
1,8192,false,count_star,2,3927,3,enum_dynamic,3.906799
1,8192,false,count_star,2,3927,4,enum_static,3.894576
1,8192,false,count_star,2,3927,5,bound_dynamic,3.844941
1,8192,false,count_star,3,3927,0,before,3.822723
1,8192,false,count_star,3,3927,1,after,3.823190
1,8192,false,count_star,3,3927,2,enum_dynamic,3.862522
1,8192,false,count_star,3,3927,3,enum_static,3.836516
1,8192,false,count_star,3,3927,4,bound_dynamic,3.834607
1,8192,false,count_star,3,3927,5,bound_static,3.817503
1,8192,false,count_star,4,3927,0,after,3.822776
1,8192,false,count_star,4,3927,1,enum_dynamic,3.824251
1,8192,false,count_star,4,3927,2,enum_static,3.837397
1,8192,false,count_star,4,3927,3,bound_dynamic,3.895531
1,8192,false,count_star,4,3927,4,bound_static,3.895128
1,8192,false,count_star,4,3927,5,before,3.896550
1,8192,false,count_star,5,3927,0,enum_dynamic,3.906417
1,8192,false,count_star,5,3927,1,enum_static,3.895860
1,8192,false,count_star,5,3927,2,bound_dynamic,3.893388
1,8192,false,count_star,5,3927,3,bound_static,3.883414
1,8192,false,count_star,5,3927,4,before,3.862607
1,8192,false,count_star,5,3927,5,after,3.904677
1,8192,false,count_star,6,3927,0,enum_static,3.839360
1,8192,false,count_star,6,3927,1,bound_dynamic,3.838776
1,8192,false,count_star,6,3927,2,bound_static,3.895584
1,8192,false,count_star,6,3927,3,before,3.873514
1,8192,false,count_star,6,3927,4,after,3.894884
1,8192,false,count_star,6,3927,5,enum_dynamic,3.900688
1,8192,false,count_star,7,3927,0,bound_dynamic,3.897897
1,8192,false,count_star,7,3927,1,bound_static,3.856580
1,8192,false,count_star,7,3927,2,before,3.832325
1,8192,false,count_star,7,3927,3,after,3.824707
1,8192,false,count_star,7,3927,4,enum_dynamic,3.859286
1,8192,false,count_star,7,3927,5,enum_static,3.834723
1,8192,false,count_star,8,3927,0,bound_static,3.829715
1,8192,false,count_star,8,3927,1,before,3.829492
1,8192,false,count_star,8,3927,2,after,3.827901
1,8192,false,count_star,8,3927,3,enum_dynamic,3.825832
1,8192,false,count_star,8,3927,4,enum_static,3.838097
1,8192,false,count_star,8,3927,5,bound_dynamic,3.831646
1,8192,false,count_star,9,3927,0,before,3.822840
1,8192,false,count_star,9,3927,1,after,3.835116
1,8192,false,count_star,9,3927,2,enum_dynamic,3.828622
1,8192,false,count_star,9,3927,3,enum_static,3.822808
1,8192,false,count_star,9,3927,4,bound_dynamic,3.825758
1,8192,false,count_star,9,3927,5,bound_static,3.823752
1,8192,false,count_star,10,3927,0,after,3.836803
1,8192,false,count_star,10,3927,1,enum_dynamic,3.830575
1,8192,false,count_star,10,3927,2,enum_static,3.823201
1,8192,false,count_star,10,3927,3,bound_dynamic,3.818649
1,8192,false,count_star,10,3927,4,bound_static,3.825079
1,8192,false,count_star,10,3927,5,before,3.835211
1,8192,false,count_star,11,3927,0,enum_dynamic,3.827338
1,8192,false,count_star,11,3927,1,enum_static,3.830405
1,8192,false,count_star,11,3927,2,bound_dynamic,3.830554
1,8192,false,count_star,11,3927,3,bound_static,3.826468
1,8192,false,count_star,11,3927,4,before,3.845079
1,8192,false,count_star,11,3927,5,after,3.829885
1,65536,false,avg_i64,0,144,0,enum_static,103.502319
1,65536,false,avg_i64,0,144,1,bound_dynamic,104.215278
1,65536,false,avg_i64,0,144,2,bound_static,105.390333
1,65536,false,avg_i64,0,144,3,before,125.277493
1,65536,false,avg_i64,0,144,4,after,105.353875
1,65536,false,avg_i64,0,144,5,enum_dynamic,105.092306
1,65536,false,avg_i64,1,144,0,bound_dynamic,104.942708
1,65536,false,avg_i64,1,144,1,bound_static,104.914062
1,65536,false,avg_i64,1,144,2,before,126.216722
1,65536,false,avg_i64,1,144,3,after,104.838833
1,65536,false,avg_i64,1,144,4,enum_dynamic,104.822049
1,65536,false,avg_i64,1,144,5,enum_static,104.660014
1,65536,false,avg_i64,2,144,0,bound_static,103.548326
1,65536,false,avg_i64,2,144,1,before,126.106188
1,65536,false,avg_i64,2,144,2,after,104.942708
1,65536,false,avg_i64,2,144,3,enum_dynamic,105.065972
1,65536,false,avg_i64,2,144,4,enum_static,104.501736
1,65536,false,avg_i64,2,144,5,bound_dynamic,104.920139
1,65536,false,avg_i64,3,144,0,before,126.464701
1,65536,false,avg_i64,3,144,1,after,105.346063
1,65536,false,avg_i64,3,144,2,enum_dynamic,104.881653
1,65536,false,avg_i64,3,144,3,enum_static,105.393806
1,65536,false,avg_i64,3,144,4,bound_dynamic,105.065389
1,65536,false,avg_i64,3,144,5,bound_static,105.104167
1,65536,false,avg_i64,4,144,0,after,105.131368
1,65536,false,avg_i64,4,144,1,enum_dynamic,105.333910
1,65536,false,avg_i64,4,144,2,enum_static,104.962674
1,65536,false,avg_i64,4,144,3,bound_dynamic,105.119792
1,65536,false,avg_i64,4,144,4,bound_static,105.120660
1,65536,false,avg_i64,4,144,5,before,126.688368
1,65536,false,avg_i64,5,144,0,enum_dynamic,105.204569
1,65536,false,avg_i64,5,144,1,enum_static,104.872396
1,65536,false,avg_i64,5,144,2,bound_dynamic,106.583917
1,65536,false,avg_i64,5,144,3,bound_static,104.977431
1,65536,false,avg_i64,5,144,4,before,126.797451
1,65536,false,avg_i64,5,144,5,after,104.310764
1,65536,false,avg_i64,6,144,0,enum_static,104.413486
1,65536,false,avg_i64,6,144,1,bound_dynamic,103.379049
1,65536,false,avg_i64,6,144,2,bound_static,104.835361
1,65536,false,avg_i64,6,144,3,before,125.854167
1,65536,false,avg_i64,6,144,4,after,104.701097
1,65536,false,avg_i64,6,144,5,enum_dynamic,104.393229
1,65536,false,avg_i64,7,144,0,bound_dynamic,104.626444
1,65536,false,avg_i64,7,144,1,bound_static,104.414062
1,65536,false,avg_i64,7,144,2,before,126.041375
1,65536,false,avg_i64,7,144,3,after,104.373840
1,65536,false,avg_i64,7,144,4,enum_dynamic,103.798035
1,65536,false,avg_i64,7,144,5,enum_static,104.508396
1,65536,false,avg_i64,8,144,0,bound_static,104.581312
1,65536,false,avg_i64,8,144,1,before,126.478299
1,65536,false,avg_i64,8,144,2,after,104.677375
1,65536,false,avg_i64,8,144,3,enum_dynamic,104.897854
1,65536,false,avg_i64,8,144,4,enum_static,104.539062
1,65536,false,avg_i64,8,144,5,bound_dynamic,104.673028
1,65536,false,avg_i64,9,144,0,before,126.259549
1,65536,false,avg_i64,9,144,1,after,104.876451
1,65536,false,avg_i64,9,144,2,enum_dynamic,104.681715
1,65536,false,avg_i64,9,144,3,enum_static,104.684896
1,65536,false,avg_i64,9,144,4,bound_dynamic,105.021993
1,65536,false,avg_i64,9,144,5,bound_static,104.646993
1,65536,false,avg_i64,10,144,0,after,104.774014
1,65536,false,avg_i64,10,144,1,enum_dynamic,104.866604
1,65536,false,avg_i64,10,144,2,enum_static,104.920715
1,65536,false,avg_i64,10,144,3,bound_dynamic,105.786750
1,65536,false,avg_i64,10,144,4,bound_static,105.064528
1,65536,false,avg_i64,10,144,5,before,126.013021
1,65536,false,avg_i64,11,144,0,enum_dynamic,104.727722
1,65536,false,avg_i64,11,144,1,enum_static,105.842597
1,65536,false,avg_i64,11,144,2,bound_dynamic,104.871236
1,65536,false,avg_i64,11,144,3,bound_static,104.462382
1,65536,false,avg_i64,11,144,4,before,125.804972
1,65536,false,avg_i64,11,144,5,after,104.468750
1,8192,false,covar_i64,0,562,0,enum_static,26.737692
1,8192,false,covar_i64,0,562,1,bound_dynamic,26.754523
1,8192,false,covar_i64,0,562,2,bound_static,26.988359
1,8192,false,covar_i64,0,562,3,before,27.197731
1,8192,false,covar_i64,0,562,4,after,26.804865
1,8192,false,covar_i64,0,562,5,enum_dynamic,26.753189
1,8192,false,covar_i64,1,562,0,bound_dynamic,26.838301
1,8192,false,covar_i64,1,562,1,bound_static,26.796931
1,8192,false,covar_i64,1,562,2,before,27.535365
1,8192,false,covar_i64,1,562,3,after,26.902432
1,8192,false,covar_i64,1,562,4,enum_dynamic,27.013641
1,8192,false,covar_i64,1,562,5,enum_static,26.808941
1,8192,false,covar_i64,2,562,0,bound_static,26.952477
1,8192,false,covar_i64,2,562,1,before,27.430753
1,8192,false,covar_i64,2,562,2,after,26.153692
1,8192,false,covar_i64,2,562,3,enum_dynamic,26.549897
1,8192,false,covar_i64,2,562,4,enum_static,26.534920
1,8192,false,covar_i64,2,562,5,bound_dynamic,26.239694
1,8192,false,covar_i64,3,562,0,before,27.164516
1,8192,false,covar_i64,3,562,1,after,26.473160
1,8192,false,covar_i64,3,562,2,enum_dynamic,26.186610
1,8192,false,covar_i64,3,562,3,enum_static,26.377077
1,8192,false,covar_i64,3,562,4,bound_dynamic,26.667112
1,8192,false,covar_i64,3,562,5,bound_static,26.657176
1,8192,false,covar_i64,4,562,0,after,26.697361
1,8192,false,covar_i64,4,562,1,enum_dynamic,26.492141
1,8192,false,covar_i64,4,562,2,enum_static,26.652283
1,8192,false,covar_i64,4,562,3,bound_dynamic,26.717527
1,8192,false,covar_i64,4,562,4,bound_static,26.978945
1,8192,false,covar_i64,4,562,5,before,27.042037
1,8192,false,covar_i64,5,562,0,enum_dynamic,26.704626
1,8192,false,covar_i64,5,562,1,enum_static,26.664813
1,8192,false,covar_i64,5,562,2,bound_dynamic,26.625520
1,8192,false,covar_i64,5,562,3,bound_static,26.829181
1,8192,false,covar_i64,5,562,4,before,27.313094
1,8192,false,covar_i64,5,562,5,after,26.743402
1,8192,false,covar_i64,6,562,0,enum_static,26.649021
1,8192,false,covar_i64,6,562,1,bound_dynamic,26.717230
1,8192,false,covar_i64,6,562,2,bound_static,26.659400
1,8192,false,covar_i64,6,562,3,before,27.427936
1,8192,false,covar_i64,6,562,4,after,26.661625
1,8192,false,covar_i64,6,562,5,enum_dynamic,26.680235
1,8192,false,covar_i64,7,562,0,bound_dynamic,26.529952
1,8192,false,covar_i64,7,562,1,bound_static,26.667037
1,8192,false,covar_i64,7,562,2,before,27.347493
1,8192,false,covar_i64,7,562,3,after,26.706998
1,8192,false,covar_i64,7,562,4,enum_dynamic,26.734133
1,8192,false,covar_i64,7,562,5,enum_static,26.286254
1,8192,false,covar_i64,8,562,0,bound_static,26.772094
1,8192,false,covar_i64,8,562,1,before,27.413331
1,8192,false,covar_i64,8,562,2,after,26.744440
1,8192,false,covar_i64,8,562,3,enum_dynamic,26.774541
1,8192,false,covar_i64,8,562,4,enum_static,26.357354
1,8192,false,covar_i64,8,562,5,bound_dynamic,26.569617
1,8192,false,covar_i64,9,562,0,before,27.645313
1,8192,false,covar_i64,9,562,1,after,26.771278
1,8192,false,covar_i64,9,562,2,enum_dynamic,26.686313
1,8192,false,covar_i64,9,562,3,enum_static,26.553900
1,8192,false,covar_i64,9,562,4,bound_dynamic,26.098902
1,8192,false,covar_i64,9,562,5,bound_static,26.588598
1,8192,false,covar_i64,10,562,0,after,26.464338
1,8192,false,covar_i64,10,562,1,enum_dynamic,26.452032
1,8192,false,covar_i64,10,562,2,enum_static,26.580368
1,8192,false,covar_i64,10,562,3,bound_dynamic,26.658511
1,8192,false,covar_i64,10,562,4,bound_static,26.817244
1,8192,false,covar_i64,10,562,5,before,27.526098
1,8192,false,covar_i64,11,562,0,enum_dynamic,26.667557
1,8192,false,covar_i64,11,562,1,enum_static,26.619959
1,8192,false,covar_i64,11,562,2,bound_dynamic,26.636491
1,8192,false,covar_i64,11,562,3,bound_static,26.806125
1,8192,false,covar_i64,11,562,4,before,27.353351
1,8192,false,covar_i64,11,562,5,after,26.657326
1,128,true,count_i64,0,50000,0,enum_static,0.116642
1,128,true,count_i64,0,50000,1,bound_dynamic,0.116968
1,128,true,count_i64,0,50000,2,bound_static,0.116647
1,128,true,count_i64,0,50000,3,before,0.135124
1,128,true,count_i64,0,50000,4,after,0.117179
1,128,true,count_i64,0,50000,5,enum_dynamic,0.114627
1,128,true,count_i64,1,50000,0,bound_dynamic,0.114428
1,128,true,count_i64,1,50000,1,bound_static,0.114392
1,128,true,count_i64,1,50000,2,before,0.133422
1,128,true,count_i64,1,50000,3,after,0.114625
1,128,true,count_i64,1,50000,4,enum_dynamic,0.114943
1,128,true,count_i64,1,50000,5,enum_static,0.114670
1,128,true,count_i64,2,50000,0,bound_static,0.114820
1,128,true,count_i64,2,50000,1,before,0.133602
1,128,true,count_i64,2,50000,2,after,0.114672
1,128,true,count_i64,2,50000,3,enum_dynamic,0.114999
1,128,true,count_i64,2,50000,4,enum_static,0.115306
1,128,true,count_i64,2,50000,5,bound_dynamic,0.114907
1,128,true,count_i64,3,50000,0,before,0.131428
1,128,true,count_i64,3,50000,1,after,0.115056
1,128,true,count_i64,3,50000,2,enum_dynamic,0.114579
1,128,true,count_i64,3,50000,3,enum_static,0.114644
1,128,true,count_i64,3,50000,4,bound_dynamic,0.114808
1,128,true,count_i64,3,50000,5,bound_static,0.115371
1,128,true,count_i64,4,50000,0,after,0.114312
1,128,true,count_i64,4,50000,1,enum_dynamic,0.114868
1,128,true,count_i64,4,50000,2,enum_static,0.114403
1,128,true,count_i64,4,50000,3,bound_dynamic,0.114911
1,128,true,count_i64,4,50000,4,bound_static,0.114635
1,128,true,count_i64,4,50000,5,before,0.131649
1,128,true,count_i64,5,50000,0,enum_dynamic,0.115078
1,128,true,count_i64,5,50000,1,enum_static,0.114328
1,128,true,count_i64,5,50000,2,bound_dynamic,0.114277
1,128,true,count_i64,5,50000,3,bound_static,0.114831
1,128,true,count_i64,5,50000,4,before,0.131884
1,128,true,count_i64,5,50000,5,after,0.114202
1,128,true,count_i64,6,50000,0,enum_static,0.115540
1,128,true,count_i64,6,50000,1,bound_dynamic,0.114212
1,128,true,count_i64,6,50000,2,bound_static,0.114552
1,128,true,count_i64,6,50000,3,before,0.132401
1,128,true,count_i64,6,50000,4,after,0.114693
1,128,true,count_i64,6,50000,5,enum_dynamic,0.114595
1,128,true,count_i64,7,50000,0,bound_dynamic,0.114379
1,128,true,count_i64,7,50000,1,bound_static,0.114467
1,128,true,count_i64,7,50000,2,before,0.132996
1,128,true,count_i64,7,50000,3,after,0.114348
1,128,true,count_i64,7,50000,4,enum_dynamic,0.114297
1,128,true,count_i64,7,50000,5,enum_static,0.114467
1,128,true,count_i64,8,50000,0,bound_static,0.114273
1,128,true,count_i64,8,50000,1,before,0.132073
1,128,true,count_i64,8,50000,2,after,0.115085
1,128,true,count_i64,8,50000,3,enum_dynamic,0.114403
1,128,true,count_i64,8,50000,4,enum_static,0.114486
1,128,true,count_i64,8,50000,5,bound_dynamic,0.114451
1,128,true,count_i64,9,50000,0,before,0.133648
1,128,true,count_i64,9,50000,1,after,0.114329
1,128,true,count_i64,9,50000,2,enum_dynamic,0.114280
1,128,true,count_i64,9,50000,3,enum_static,0.114903
1,128,true,count_i64,9,50000,4,bound_dynamic,0.114272
1,128,true,count_i64,9,50000,5,bound_static,0.118535
1,128,true,count_i64,10,50000,0,after,0.114402
1,128,true,count_i64,10,50000,1,enum_dynamic,0.116792
1,128,true,count_i64,10,50000,2,enum_static,0.114608
1,128,true,count_i64,10,50000,3,bound_dynamic,0.115469
1,128,true,count_i64,10,50000,4,bound_static,0.115307
1,128,true,count_i64,10,50000,5,before,0.132298
1,128,true,count_i64,11,50000,0,enum_dynamic,0.114415
1,128,true,count_i64,11,50000,1,enum_static,0.114579
1,128,true,count_i64,11,50000,2,bound_dynamic,0.114803
1,128,true,count_i64,11,50000,3,bound_static,0.114248
1,128,true,count_i64,11,50000,4,before,0.133104
1,128,true,count_i64,11,50000,5,after,0.114280
1,128,true,min_i64,0,16696,0,enum_static,0.844701
1,128,true,min_i64,0,16696,1,bound_dynamic,0.895005
1,128,true,min_i64,0,16696,2,bound_static,0.838671
1,128,true,min_i64,0,16696,3,before,0.903887
1,128,true,min_i64,0,16696,4,after,0.841210
1,128,true,min_i64,0,16696,5,enum_dynamic,0.904214
1,128,true,min_i64,1,16696,0,bound_dynamic,0.893348
1,128,true,min_i64,1,16696,1,bound_static,0.840129
1,128,true,min_i64,1,16696,2,before,0.904074
1,128,true,min_i64,1,16696,3,after,0.843515
1,128,true,min_i64,1,16696,4,enum_dynamic,0.894294
1,128,true,min_i64,1,16696,5,enum_static,0.845632
1,128,true,min_i64,2,16696,0,bound_static,0.846525
1,128,true,min_i64,2,16696,1,before,0.912574
1,128,true,min_i64,2,16696,2,after,0.842550
1,128,true,min_i64,2,16696,3,enum_dynamic,0.911311
1,128,true,min_i64,2,16696,4,enum_static,0.849038
1,128,true,min_i64,2,16696,5,bound_dynamic,0.896235
1,128,true,min_i64,3,16696,0,before,0.910355
1,128,true,min_i64,3,16696,1,after,0.846101
1,128,true,min_i64,3,16696,2,enum_dynamic,0.909105
1,128,true,min_i64,3,16696,3,enum_static,0.849255
1,128,true,min_i64,3,16696,4,bound_dynamic,0.897148
1,128,true,min_i64,3,16696,5,bound_static,0.848042
1,128,true,min_i64,4,16696,0,after,0.855861
1,128,true,min_i64,4,16696,1,enum_dynamic,0.889844
1,128,true,min_i64,4,16696,2,enum_static,0.832640
1,128,true,min_i64,4,16696,3,bound_dynamic,0.883425
1,128,true,min_i64,4,16696,4,bound_static,0.830386
1,128,true,min_i64,4,16696,5,before,0.899439
1,128,true,min_i64,5,16696,0,enum_dynamic,0.908920
1,128,true,min_i64,5,16696,1,enum_static,0.839819
1,128,true,min_i64,5,16696,2,bound_dynamic,0.876235
1,128,true,min_i64,5,16696,3,bound_static,0.823343
1,128,true,min_i64,5,16696,4,before,0.902060
1,128,true,min_i64,5,16696,5,after,0.837893
1,128,true,min_i64,6,16696,0,enum_static,0.850443
1,128,true,min_i64,6,16696,1,bound_dynamic,0.893999
1,128,true,min_i64,6,16696,2,bound_static,0.833900
1,128,true,min_i64,6,16696,3,before,0.899856
1,128,true,min_i64,6,16696,4,after,0.844536
1,128,true,min_i64,6,16696,5,enum_dynamic,0.897955
1,128,true,min_i64,7,16696,0,bound_dynamic,0.895399
1,128,true,min_i64,7,16696,1,bound_static,0.845889
1,128,true,min_i64,7,16696,2,before,0.912609
1,128,true,min_i64,7,16696,3,after,0.846862
1,128,true,min_i64,7,16696,4,enum_dynamic,0.911705
1,128,true,min_i64,7,16696,5,enum_static,0.850191
1,128,true,min_i64,8,16696,0,bound_static,0.846720
1,128,true,min_i64,8,16696,1,before,0.911136
1,128,true,min_i64,8,16696,2,after,0.844993
1,128,true,min_i64,8,16696,3,enum_dynamic,0.911860
1,128,true,min_i64,8,16696,4,enum_static,0.852337
1,128,true,min_i64,8,16696,5,bound_dynamic,0.893393
1,128,true,min_i64,9,16696,0,before,0.912626
1,128,true,min_i64,9,16696,1,after,0.842722
1,128,true,min_i64,9,16696,2,enum_dynamic,0.909384
1,128,true,min_i64,9,16696,3,enum_static,0.848861
1,128,true,min_i64,9,16696,4,bound_dynamic,0.894618
1,128,true,min_i64,9,16696,5,bound_static,0.847478
1,128,true,min_i64,10,16696,0,after,0.842649
1,128,true,min_i64,10,16696,1,enum_dynamic,0.911840
1,128,true,min_i64,10,16696,2,enum_static,0.848996
1,128,true,min_i64,10,16696,3,bound_dynamic,0.893964
1,128,true,min_i64,10,16696,4,bound_static,0.831260
1,128,true,min_i64,10,16696,5,before,0.888332
1,128,true,min_i64,11,16696,0,enum_dynamic,0.888399
1,128,true,min_i64,11,16696,1,enum_static,0.835497
1,128,true,min_i64,11,16696,2,bound_dynamic,0.892874
1,128,true,min_i64,11,16696,3,bound_static,0.839847
1,128,true,min_i64,11,16696,4,before,0.903642
1,128,true,min_i64,11,16696,5,after,0.839295
1,8192,true,count_distinct_i64,0,44,0,enum_static,357.085227
1,8192,true,count_distinct_i64,0,44,1,bound_dynamic,357.842795
1,8192,true,count_distinct_i64,0,44,2,bound_static,357.759477
1,8192,true,count_distinct_i64,0,44,3,before,357.101341
1,8192,true,count_distinct_i64,0,44,4,after,357.770841
1,8192,true,count_distinct_i64,0,44,5,enum_dynamic,357.114568
1,8192,true,count_distinct_i64,1,44,0,bound_dynamic,357.268000
1,8192,true,count_distinct_i64,1,44,1,bound_static,349.267977
1,8192,true,count_distinct_i64,1,44,2,before,400.757568
1,8192,true,count_distinct_i64,1,44,3,after,357.109864
1,8192,true,count_distinct_i64,1,44,4,enum_dynamic,357.557773
1,8192,true,count_distinct_i64,1,44,5,enum_static,356.827659
1,8192,true,count_distinct_i64,2,44,0,bound_static,376.263273
1,8192,true,count_distinct_i64,2,44,1,before,386.945068
1,8192,true,count_distinct_i64,2,44,2,after,342.042614
1,8192,true,count_distinct_i64,2,44,3,enum_dynamic,348.300182
1,8192,true,count_distinct_i64,2,44,4,enum_static,344.767045
1,8192,true,count_distinct_i64,2,44,5,bound_dynamic,342.590909
1,8192,true,count_distinct_i64,3,44,0,before,384.265136
1,8192,true,count_distinct_i64,3,44,1,after,347.837136
1,8192,true,count_distinct_i64,3,44,2,enum_dynamic,349.667614
1,8192,true,count_distinct_i64,3,44,3,enum_static,348.911000
1,8192,true,count_distinct_i64,3,44,4,bound_dynamic,349.220659
1,8192,true,count_distinct_i64,3,44,5,bound_static,350.098500
1,8192,true,count_distinct_i64,4,44,0,after,387.221591
1,8192,true,count_distinct_i64,4,44,1,enum_dynamic,341.398682
1,8192,true,count_distinct_i64,4,44,2,enum_static,339.819136
1,8192,true,count_distinct_i64,4,44,3,bound_dynamic,340.073864
1,8192,true,count_distinct_i64,4,44,4,bound_static,341.603227
1,8192,true,count_distinct_i64,4,44,5,before,351.725364
1,8192,true,count_distinct_i64,5,44,0,enum_dynamic,348.124045
1,8192,true,count_distinct_i64,5,44,1,enum_static,349.118364
1,8192,true,count_distinct_i64,5,44,2,bound_dynamic,348.256614
1,8192,true,count_distinct_i64,5,44,3,bound_static,342.895818
1,8192,true,count_distinct_i64,5,44,4,before,342.732000
1,8192,true,count_distinct_i64,5,44,5,after,343.210227
1,8192,true,count_distinct_i64,6,44,0,enum_static,345.707386
1,8192,true,count_distinct_i64,6,44,1,bound_dynamic,348.599432
1,8192,true,count_distinct_i64,6,44,2,bound_static,349.971591
1,8192,true,count_distinct_i64,6,44,3,before,348.673295
1,8192,true,count_distinct_i64,6,44,4,after,349.232955
1,8192,true,count_distinct_i64,6,44,5,enum_dynamic,348.767045
1,8192,true,count_distinct_i64,7,44,0,bound_dynamic,348.340909
1,8192,true,count_distinct_i64,7,44,1,bound_static,350.070068
1,8192,true,count_distinct_i64,7,44,2,before,402.225386
1,8192,true,count_distinct_i64,7,44,3,after,353.037886
1,8192,true,count_distinct_i64,7,44,4,enum_dynamic,348.414773
1,8192,true,count_distinct_i64,7,44,5,enum_static,348.745273
1,8192,true,count_distinct_i64,8,44,0,bound_static,349.568182
1,8192,true,count_distinct_i64,8,44,1,before,395.370250
1,8192,true,count_distinct_i64,8,44,2,after,345.687500
1,8192,true,count_distinct_i64,8,44,3,enum_dynamic,342.982000
1,8192,true,count_distinct_i64,8,44,4,enum_static,349.666682
1,8192,true,count_distinct_i64,8,44,5,bound_dynamic,349.555886
1,8192,true,count_distinct_i64,9,44,0,before,393.135432
1,8192,true,count_distinct_i64,9,44,1,after,345.233909
1,8192,true,count_distinct_i64,9,44,2,enum_dynamic,341.970659
1,8192,true,count_distinct_i64,9,44,3,enum_static,341.660045
1,8192,true,count_distinct_i64,9,44,4,bound_dynamic,344.116477
1,8192,true,count_distinct_i64,9,44,5,bound_static,344.996205
1,8192,true,count_distinct_i64,10,44,0,after,406.811568
1,8192,true,count_distinct_i64,10,44,1,enum_dynamic,359.232000
1,8192,true,count_distinct_i64,10,44,2,enum_static,346.117409
1,8192,true,count_distinct_i64,10,44,3,bound_dynamic,366.377841
1,8192,true,count_distinct_i64,10,44,4,bound_static,398.872159
1,8192,true,count_distinct_i64,10,44,5,before,370.954545
1,8192,true,count_distinct_i64,11,44,0,enum_dynamic,344.431818
1,8192,true,count_distinct_i64,11,44,1,enum_static,343.471591
1,8192,true,count_distinct_i64,11,44,2,bound_dynamic,346.417614
1,8192,true,count_distinct_i64,11,44,3,bound_static,348.829545
1,8192,true,count_distinct_i64,11,44,4,before,346.595659
1,8192,true,count_distinct_i64,11,44,5,after,347.285977
1,65536,true,sum_i64,0,113,0,enum_static,134.242257
1,65536,true,sum_i64,0,113,1,bound_dynamic,132.103982
1,65536,true,sum_i64,0,113,2,bound_static,133.389752
1,65536,true,sum_i64,0,113,3,before,133.186212
1,65536,true,sum_i64,0,113,4,after,133.633115
1,65536,true,sum_i64,0,113,5,enum_dynamic,133.118000
1,65536,true,sum_i64,1,113,0,bound_dynamic,133.405602
1,65536,true,sum_i64,1,113,1,bound_static,133.196531
1,65536,true,sum_i64,1,113,2,before,132.856195
1,65536,true,sum_i64,1,113,3,after,133.190637
1,65536,true,sum_i64,1,113,4,enum_dynamic,132.868726
1,65536,true,sum_i64,1,113,5,enum_static,133.019912
1,65536,true,sum_i64,2,113,0,bound_static,132.857301
1,65536,true,sum_i64,2,113,1,before,134.057894
1,65536,true,sum_i64,2,113,2,after,132.417779
1,65536,true,sum_i64,2,113,3,enum_dynamic,132.331487
1,65536,true,sum_i64,2,113,4,enum_static,133.028761
1,65536,true,sum_i64,2,113,5,bound_dynamic,134.335912
1,65536,true,sum_i64,3,113,0,before,131.698752
1,65536,true,sum_i64,3,113,1,after,131.748531
1,65536,true,sum_i64,3,113,2,enum_dynamic,133.846239
1,65536,true,sum_i64,3,113,3,enum_static,133.297566
1,65536,true,sum_i64,3,113,4,bound_dynamic,133.525080
1,65536,true,sum_i64,3,113,5,bound_static,133.709434
1,65536,true,sum_i64,4,113,0,after,133.389752
1,65536,true,sum_i64,4,113,1,enum_dynamic,133.249628
1,65536,true,sum_i64,4,113,2,enum_static,133.634593
1,65536,true,sum_i64,4,113,3,bound_dynamic,132.841071
1,65536,true,sum_i64,4,113,4,bound_static,133.628319
1,65536,true,sum_i64,4,113,5,before,133.152655
1,65536,true,sum_i64,5,113,0,enum_dynamic,133.431416
1,65536,true,sum_i64,5,113,1,enum_static,133.076690
1,65536,true,sum_i64,5,113,2,bound_dynamic,133.167035
1,65536,true,sum_i64,5,113,3,bound_static,133.117257
1,65536,true,sum_i64,5,113,4,before,133.115779
1,65536,true,sum_i64,5,113,5,after,133.367257
1,65536,true,sum_i64,6,113,0,enum_static,133.613204
1,65536,true,sum_i64,6,113,1,bound_dynamic,133.470504
1,65536,true,sum_i64,6,113,2,bound_static,133.290566
1,65536,true,sum_i64,6,113,3,before,133.764381
1,65536,true,sum_i64,6,113,4,after,132.591071
1,65536,true,sum_i64,6,113,5,enum_dynamic,134.035027
1,65536,true,sum_i64,7,113,0,bound_dynamic,133.166301
1,65536,true,sum_i64,7,113,1,bound_static,133.142336
1,65536,true,sum_i64,7,113,2,before,133.234142
1,65536,true,sum_i64,7,113,3,after,133.403027
1,65536,true,sum_i64,7,113,4,enum_dynamic,133.670726
1,65536,true,sum_i64,7,113,5,enum_static,133.047195
1,65536,true,sum_i64,8,113,0,bound_static,133.348080
1,65536,true,sum_i64,8,113,1,before,132.978982
1,65536,true,sum_i64,8,113,2,after,131.045354
1,65536,true,sum_i64,8,113,3,enum_dynamic,132.965708
1,65536,true,sum_i64,8,113,4,enum_static,133.068956
1,65536,true,sum_i64,8,113,5,bound_dynamic,133.459442
1,65536,true,sum_i64,9,113,0,before,133.556788
1,65536,true,sum_i64,9,113,1,after,132.860619
1,65536,true,sum_i64,9,113,2,enum_dynamic,133.012168
1,65536,true,sum_i64,9,113,3,enum_static,134.672566
1,65536,true,sum_i64,9,113,4,bound_dynamic,131.487832
1,65536,true,sum_i64,9,113,5,bound_static,133.129425
1,65536,true,sum_i64,10,113,0,after,133.224929
1,65536,true,sum_i64,10,113,1,enum_dynamic,133.389381
1,65536,true,sum_i64,10,113,2,enum_static,133.328912
1,65536,true,sum_i64,10,113,3,bound_dynamic,133.606929
1,65536,true,sum_i64,10,113,4,bound_static,133.226398
1,65536,true,sum_i64,10,113,5,before,133.188796
1,65536,true,sum_i64,11,113,0,enum_dynamic,133.311584
1,65536,true,sum_i64,11,113,1,enum_static,132.148230
1,65536,true,sum_i64,11,113,2,bound_dynamic,131.551257
1,65536,true,sum_i64,11,113,3,bound_static,132.977876
1,65536,true,sum_i64,11,113,4,before,133.575221
1,65536,true,sum_i64,11,113,5,after,133.427354
1,8192,true,count_star,0,3927,0,enum_static,3.832697
1,8192,true,count_star,0,3927,1,bound_dynamic,3.826277
1,8192,true,count_star,0,3927,2,bound_static,3.820134
1,8192,true,count_star,0,3927,3,before,3.882310
1,8192,true,count_star,0,3927,4,after,3.893961
1,8192,true,count_star,0,3927,5,enum_dynamic,3.892772
1,8192,true,count_star,1,3927,0,bound_dynamic,3.894682
1,8192,true,count_star,1,3927,1,bound_static,3.892602
1,8192,true,count_star,1,3927,2,before,3.929876
1,8192,true,count_star,1,3927,3,after,3.891626
1,8192,true,count_star,1,3927,4,enum_dynamic,3.892921
1,8192,true,count_star,1,3927,5,enum_static,3.893738
1,8192,true,count_star,2,3927,0,bound_static,3.900804
1,8192,true,count_star,2,3927,1,before,3.896104
1,8192,true,count_star,2,3927,2,after,3.889568
1,8192,true,count_star,2,3927,3,enum_dynamic,3.910608
1,8192,true,count_star,2,3927,4,enum_static,3.859371
1,8192,true,count_star,2,3927,5,bound_dynamic,3.819572
1,8192,true,count_star,3,3927,0,before,3.841599
1,8192,true,count_star,3,3927,1,after,3.817397
1,8192,true,count_star,3,3927,2,enum_dynamic,3.826585
1,8192,true,count_star,3,3927,3,enum_static,3.884422
1,8192,true,count_star,3,3927,4,bound_dynamic,3.829397
1,8192,true,count_star,3,3927,5,bound_static,3.821429
1,8192,true,count_star,4,3927,0,after,3.829736
1,8192,true,count_star,4,3927,1,enum_dynamic,3.825503
1,8192,true,count_star,4,3927,2,enum_static,3.851732
1,8192,true,count_star,4,3927,3,bound_dynamic,3.830288
1,8192,true,count_star,4,3927,4,bound_static,3.816463
1,8192,true,count_star,4,3927,5,before,3.833280
1,8192,true,count_star,5,3927,0,enum_dynamic,3.824920
1,8192,true,count_star,5,3927,1,enum_static,3.826023
1,8192,true,count_star,5,3927,2,bound_dynamic,3.830076
1,8192,true,count_star,5,3927,3,bound_static,3.889547
1,8192,true,count_star,5,3927,4,before,3.829705
1,8192,true,count_star,5,3927,5,after,3.834649
1,8192,true,count_star,6,3927,0,enum_static,3.821397
1,8192,true,count_star,6,3927,1,bound_dynamic,3.823445
1,8192,true,count_star,6,3927,2,bound_static,3.822925
1,8192,true,count_star,6,3927,3,before,3.839392
1,8192,true,count_star,6,3927,4,after,3.834044
1,8192,true,count_star,6,3927,5,enum_dynamic,3.822426
1,8192,true,count_star,7,3927,0,bound_dynamic,3.831147
1,8192,true,count_star,7,3927,1,bound_static,3.825365
1,8192,true,count_star,7,3927,2,before,3.836410
1,8192,true,count_star,7,3927,3,after,3.821301
1,8192,true,count_star,7,3927,4,enum_dynamic,3.865621
1,8192,true,count_star,7,3927,5,enum_static,3.858437
1,8192,true,count_star,8,3927,0,bound_static,3.844432
1,8192,true,count_star,8,3927,1,before,3.858013
1,8192,true,count_star,8,3927,2,after,3.900359
1,8192,true,count_star,8,3927,3,enum_dynamic,3.907913
1,8192,true,count_star,8,3927,4,enum_static,3.930587
1,8192,true,count_star,8,3927,5,bound_dynamic,3.907139
1,8192,true,count_star,9,3927,0,before,3.910810
1,8192,true,count_star,9,3927,1,after,3.905759
1,8192,true,count_star,9,3927,2,enum_dynamic,3.898099
1,8192,true,count_star,9,3927,3,enum_static,3.901727
1,8192,true,count_star,9,3927,4,bound_dynamic,3.903054
1,8192,true,count_star,9,3927,5,bound_static,3.904868
1,8192,true,count_star,10,3927,0,after,3.909685
1,8192,true,count_star,10,3927,1,enum_dynamic,3.922619
1,8192,true,count_star,10,3927,2,enum_static,3.829556
1,8192,true,count_star,10,3927,3,bound_dynamic,3.825185
1,8192,true,count_star,10,3927,4,bound_static,3.828930
1,8192,true,count_star,10,3927,5,before,3.858512
1,8192,true,count_star,11,3927,0,enum_dynamic,3.909483
1,8192,true,count_star,11,3927,1,enum_static,3.894194
1,8192,true,count_star,11,3927,2,bound_dynamic,3.894703
1,8192,true,count_star,11,3927,3,bound_static,3.890162
1,8192,true,count_star,11,3927,4,before,3.894576
1,8192,true,count_star,11,3927,5,after,3.890926
1,8192,false,sum_f64,0,2239,0,enum_static,6.712316
1,8192,false,sum_f64,0,2239,1,bound_dynamic,6.744678
1,8192,false,sum_f64,0,2239,2,bound_static,6.717080
1,8192,false,sum_f64,0,2239,3,before,6.721825
1,8192,false,sum_f64,0,2239,4,after,6.698675
1,8192,false,sum_f64,0,2239,5,enum_dynamic,6.704574
1,8192,false,sum_f64,1,2239,0,bound_dynamic,6.711478
1,8192,false,sum_f64,1,2239,1,bound_static,6.714214
1,8192,false,sum_f64,1,2239,2,before,6.712278
1,8192,false,sum_f64,1,2239,3,after,6.703588
1,8192,false,sum_f64,1,2239,4,enum_dynamic,6.664247
1,8192,false,sum_f64,1,2239,5,enum_static,6.643368
1,8192,false,sum_f64,2,2239,0,bound_static,6.723742
1,8192,false,sum_f64,2,2239,1,before,6.719816
1,8192,false,sum_f64,2,2239,2,after,6.713432
1,8192,false,sum_f64,2,2239,3,enum_dynamic,6.714176
1,8192,false,sum_f64,2,2239,4,enum_static,6.710771
1,8192,false,sum_f64,2,2239,5,bound_dynamic,6.716372
1,8192,false,sum_f64,3,2239,0,before,6.722849
1,8192,false,sum_f64,3,2239,1,after,6.726980
1,8192,false,sum_f64,3,2239,2,enum_dynamic,6.742463
1,8192,false,sum_f64,3,2239,3,enum_static,6.747581
1,8192,false,sum_f64,3,2239,4,bound_dynamic,6.596155
1,8192,false,sum_f64,3,2239,5,bound_static,6.653249
1,8192,false,sum_f64,4,2239,0,after,6.699661
1,8192,false,sum_f64,4,2239,1,enum_dynamic,6.708334
1,8192,false,sum_f64,4,2239,2,enum_static,6.793118
1,8192,false,sum_f64,4,2239,3,bound_dynamic,6.637561
1,8192,false,sum_f64,4,2239,4,bound_static,6.694525
1,8192,false,sum_f64,4,2239,5,before,6.712614
1,8192,false,sum_f64,5,2239,0,enum_dynamic,6.705449
1,8192,false,sum_f64,5,2239,1,enum_static,6.706156
1,8192,false,sum_f64,5,2239,2,bound_dynamic,6.711236
1,8192,false,sum_f64,5,2239,3,bound_static,6.714661
1,8192,false,sum_f64,5,2239,4,before,6.716000
1,8192,false,sum_f64,5,2239,5,after,6.701262
1,8192,false,sum_f64,6,2239,0,enum_static,6.709320
1,8192,false,sum_f64,6,2239,1,bound_dynamic,6.709227
1,8192,false,sum_f64,6,2239,2,bound_static,6.742426
1,8192,false,sum_f64,6,2239,3,before,6.712204
1,8192,false,sum_f64,6,2239,4,after,6.733605
1,8192,false,sum_f64,6,2239,5,enum_dynamic,6.714028
1,8192,false,sum_f64,7,2239,0,bound_dynamic,6.768982
1,8192,false,sum_f64,7,2239,1,bound_static,6.716131
1,8192,false,sum_f64,7,2239,2,before,6.733196
1,8192,false,sum_f64,7,2239,3,after,6.716038
1,8192,false,sum_f64,7,2239,4,enum_dynamic,6.713247
1,8192,false,sum_f64,7,2239,5,enum_static,6.755732
1,8192,false,sum_f64,8,2239,0,bound_static,6.716652
1,8192,false,sum_f64,8,2239,1,before,6.734721
1,8192,false,sum_f64,8,2239,2,after,6.706956
1,8192,false,sum_f64,8,2239,3,enum_dynamic,6.723426
1,8192,false,sum_f64,8,2239,4,enum_static,6.712930
1,8192,false,sum_f64,8,2239,5,bound_dynamic,6.726943
1,8192,false,sum_f64,9,2239,0,before,6.721360
1,8192,false,sum_f64,9,2239,1,after,6.675934
1,8192,false,sum_f64,9,2239,2,enum_dynamic,6.720113
1,8192,false,sum_f64,9,2239,3,enum_static,6.705356
1,8192,false,sum_f64,9,2239,4,bound_dynamic,6.752010
1,8192,false,sum_f64,9,2239,5,bound_static,6.720151
1,8192,false,sum_f64,10,2239,0,after,6.719313
1,8192,false,sum_f64,10,2239,1,enum_dynamic,6.712632
1,8192,false,sum_f64,10,2239,2,enum_static,6.708929
1,8192,false,sum_f64,10,2239,3,bound_dynamic,6.713284
1,8192,false,sum_f64,10,2239,4,bound_static,6.717601
1,8192,false,sum_f64,10,2239,5,before,6.714363
1,8192,false,sum_f64,11,2239,0,enum_dynamic,6.703867
1,8192,false,sum_f64,11,2239,1,enum_static,6.709934
1,8192,false,sum_f64,11,2239,2,bound_dynamic,6.748567
1,8192,false,sum_f64,11,2239,3,bound_static,6.718829
1,8192,false,sum_f64,11,2239,4,before,6.717080
1,8192,false,sum_f64,11,2239,5,after,6.711832
1,128,false,covar_i64,0,20499,0,enum_static,0.731599
1,128,false,covar_i64,0,20499,1,bound_dynamic,0.749091
1,128,false,covar_i64,0,20499,2,bound_static,0.731629
1,128,false,covar_i64,0,20499,3,before,0.756342
1,128,false,covar_i64,0,20499,4,after,0.732446
1,128,false,covar_i64,0,20499,5,enum_dynamic,0.730879
1,128,false,covar_i64,1,20499,0,bound_dynamic,0.737201
1,128,false,covar_i64,1,20499,1,bound_static,0.743305
1,128,false,covar_i64,1,20499,2,before,0.743670
1,128,false,covar_i64,1,20499,3,after,0.734237
1,128,false,covar_i64,1,20499,4,enum_dynamic,0.731916
1,128,false,covar_i64,1,20499,5,enum_static,0.731467
1,128,false,covar_i64,2,20499,0,bound_static,0.743032
1,128,false,covar_i64,2,20499,1,before,0.745392
1,128,false,covar_i64,2,20499,2,after,0.748234
1,128,false,covar_i64,2,20499,3,enum_dynamic,0.743492
1,128,false,covar_i64,2,20499,4,enum_static,0.730780
1,128,false,covar_i64,2,20499,5,bound_dynamic,0.738174
1,128,false,covar_i64,3,20499,0,before,0.739229
1,128,false,covar_i64,3,20499,1,after,0.730952
1,128,false,covar_i64,3,20499,2,enum_dynamic,0.730871
1,128,false,covar_i64,3,20499,3,enum_static,0.728798
1,128,false,covar_i64,3,20499,4,bound_dynamic,0.739640
1,128,false,covar_i64,3,20499,5,bound_static,0.742433
1,128,false,covar_i64,4,20499,0,after,0.734223
1,128,false,covar_i64,4,20499,1,enum_dynamic,0.731503
1,128,false,covar_i64,4,20499,2,enum_static,0.745792
1,128,false,covar_i64,4,20499,3,bound_dynamic,0.730176
1,128,false,covar_i64,4,20499,4,bound_static,0.719555
1,128,false,covar_i64,4,20499,5,before,0.739436
1,128,false,covar_i64,5,20499,0,enum_dynamic,0.731885
1,128,false,covar_i64,5,20499,1,enum_static,0.726855
1,128,false,covar_i64,5,20499,2,bound_dynamic,0.731548
1,128,false,covar_i64,5,20499,3,bound_static,0.731942
1,128,false,covar_i64,5,20499,4,before,0.755673
1,128,false,covar_i64,5,20499,5,after,0.746589
1,128,false,covar_i64,6,20499,0,enum_static,0.738172
1,128,false,covar_i64,6,20499,1,bound_dynamic,0.745697
1,128,false,covar_i64,6,20499,2,bound_static,0.729849
1,128,false,covar_i64,6,20499,3,before,0.740601
1,128,false,covar_i64,6,20499,4,after,0.728601
1,128,false,covar_i64,6,20499,5,enum_dynamic,0.730229
1,128,false,covar_i64,7,20499,0,bound_dynamic,0.730672
1,128,false,covar_i64,7,20499,1,bound_static,0.743632
1,128,false,covar_i64,7,20499,2,before,0.744359
1,128,false,covar_i64,7,20499,3,after,0.732477
1,128,false,covar_i64,7,20499,4,enum_dynamic,0.740272
1,128,false,covar_i64,7,20499,5,enum_static,0.730064
1,128,false,covar_i64,8,20499,0,bound_static,0.742353
1,128,false,covar_i64,8,20499,1,before,0.761322
1,128,false,covar_i64,8,20499,2,after,0.727273
1,128,false,covar_i64,8,20499,3,enum_dynamic,0.723867
1,128,false,covar_i64,8,20499,4,enum_static,0.750514
1,128,false,covar_i64,8,20499,5,bound_dynamic,0.738056
1,128,false,covar_i64,9,20499,0,before,0.755362
1,128,false,covar_i64,9,20499,1,after,0.735013
1,128,false,covar_i64,9,20499,2,enum_dynamic,0.733828
1,128,false,covar_i64,9,20499,3,enum_static,0.743134
1,128,false,covar_i64,9,20499,4,bound_dynamic,0.732302
1,128,false,covar_i64,9,20499,5,bound_static,0.729562
1,128,false,covar_i64,10,20499,0,after,0.730414
1,128,false,covar_i64,10,20499,1,enum_dynamic,0.731859
1,128,false,covar_i64,10,20499,2,enum_static,0.725613
1,128,false,covar_i64,10,20499,3,bound_dynamic,0.745266
1,128,false,covar_i64,10,20499,4,bound_static,0.733146
1,128,false,covar_i64,10,20499,5,before,0.755659
1,128,false,covar_i64,11,20499,0,enum_dynamic,0.734274
1,128,false,covar_i64,11,20499,1,enum_static,0.742343
1,128,false,covar_i64,11,20499,2,bound_dynamic,0.726044
1,128,false,covar_i64,11,20499,3,bound_static,0.728495
1,128,false,covar_i64,11,20499,4,before,0.742569
1,128,false,covar_i64,11,20499,5,after,0.740142
1,8192,false,mixed_7,0,30,0,enum_static,548.315300
1,8192,false,mixed_7,0,30,1,bound_dynamic,551.327767
1,8192,false,mixed_7,0,30,2,bound_static,533.451400
1,8192,false,mixed_7,0,30,3,before,508.262500
1,8192,false,mixed_7,0,30,4,after,523.172233
1,8192,false,mixed_7,0,30,5,enum_dynamic,541.929167
1,8192,false,mixed_7,1,30,0,bound_dynamic,541.319467
1,8192,false,mixed_7,1,30,1,bound_static,537.294433
1,8192,false,mixed_7,1,30,2,before,505.531967
1,8192,false,mixed_7,1,30,3,after,507.106933
1,8192,false,mixed_7,1,30,4,enum_dynamic,551.520833
1,8192,false,mixed_7,1,30,5,enum_static,544.694433
1,8192,false,mixed_7,2,30,0,bound_static,546.526367
1,8192,false,mixed_7,2,30,1,before,502.866667
1,8192,false,mixed_7,2,30,2,after,501.301367
1,8192,false,mixed_7,2,30,3,enum_dynamic,541.559733
1,8192,false,mixed_7,2,30,4,enum_static,542.008333
1,8192,false,mixed_7,2,30,5,bound_dynamic,548.719433
1,8192,false,mixed_7,3,30,0,before,500.791667
1,8192,false,mixed_7,3,30,1,after,495.300000
1,8192,false,mixed_7,3,30,2,enum_dynamic,540.881933
1,8192,false,mixed_7,3,30,3,enum_static,542.680533
1,8192,false,mixed_7,3,30,4,bound_dynamic,551.613900
1,8192,false,mixed_7,3,30,5,bound_static,544.072233
1,8192,false,mixed_7,4,30,0,after,503.515300
1,8192,false,mixed_7,4,30,1,enum_dynamic,551.937500
1,8192,false,mixed_7,4,30,2,enum_static,542.305567
1,8192,false,mixed_7,4,30,3,bound_dynamic,551.197233
1,8192,false,mixed_7,4,30,4,bound_static,543.786133
1,8192,false,mixed_7,4,30,5,before,512.416667
1,8192,false,mixed_7,5,30,0,enum_dynamic,552.722233
1,8192,false,mixed_7,5,30,1,enum_static,536.993067
1,8192,false,mixed_7,5,30,2,bound_dynamic,541.543033
1,8192,false,mixed_7,5,30,3,bound_static,541.816667
1,8192,false,mixed_7,5,30,4,before,513.500000
1,8192,false,mixed_7,5,30,5,after,510.526400
1,8192,false,mixed_7,6,30,0,enum_static,544.084733
1,8192,false,mixed_7,6,30,1,bound_dynamic,560.375000
1,8192,false,mixed_7,6,30,2,bound_static,545.552800
1,8192,false,mixed_7,6,30,3,before,510.561100
1,8192,false,mixed_7,6,30,4,after,504.337500
1,8192,false,mixed_7,6,30,5,enum_dynamic,552.888900
1,8192,false,mixed_7,7,30,0,bound_dynamic,551.998633
1,8192,false,mixed_7,7,30,1,bound_static,545.437500
1,8192,false,mixed_7,7,30,2,before,509.665300
1,8192,false,mixed_7,7,30,3,after,505.037500
1,8192,false,mixed_7,7,30,4,enum_dynamic,551.731967
1,8192,false,mixed_7,7,30,5,enum_static,546.040267
1,8192,false,mixed_7,8,30,0,bound_static,545.101367
1,8192,false,mixed_7,8,30,1,before,512.423600
1,8192,false,mixed_7,8,30,2,after,506.390267
1,8192,false,mixed_7,8,30,3,enum_dynamic,553.834700
1,8192,false,mixed_7,8,30,4,enum_static,545.770833
1,8192,false,mixed_7,8,30,5,bound_dynamic,551.287500
1,8192,false,mixed_7,9,30,0,before,520.994433
1,8192,false,mixed_7,9,30,1,after,498.311133
1,8192,false,mixed_7,9,30,2,enum_dynamic,542.301400
1,8192,false,mixed_7,9,30,3,enum_static,532.622200
1,8192,false,mixed_7,9,30,4,bound_dynamic,542.491667
1,8192,false,mixed_7,9,30,5,bound_static,533.058333
1,8192,false,mixed_7,10,30,0,after,497.608333
1,8192,false,mixed_7,10,30,1,enum_dynamic,551.997233
1,8192,false,mixed_7,10,30,2,enum_static,543.727800
1,8192,false,mixed_7,10,30,3,bound_dynamic,551.995833
1,8192,false,mixed_7,10,30,4,bound_static,545.108333
1,8192,false,mixed_7,10,30,5,before,510.026400
1,8192,false,mixed_7,11,30,0,enum_dynamic,553.666667
1,8192,false,mixed_7,11,30,1,enum_static,533.740267
1,8192,false,mixed_7,11,30,2,bound_dynamic,541.104167
1,8192,false,mixed_7,11,30,3,bound_static,538.193067
1,8192,false,mixed_7,11,30,4,before,512.766667
1,8192,false,mixed_7,11,30,5,after,509.533333
1,128,false,count_i64,0,50000,0,enum_static,0.071994
1,128,false,count_i64,0,50000,1,bound_dynamic,0.070587
1,128,false,count_i64,0,50000,2,bound_static,0.069616
1,128,false,count_i64,0,50000,3,before,0.071825
1,128,false,count_i64,0,50000,4,after,0.069724
1,128,false,count_i64,0,50000,5,enum_dynamic,0.070653
1,128,false,count_i64,1,50000,0,bound_dynamic,0.069740
1,128,false,count_i64,1,50000,1,bound_static,0.069843
1,128,false,count_i64,1,50000,2,before,0.071324
1,128,false,count_i64,1,50000,3,after,0.070993
1,128,false,count_i64,1,50000,4,enum_dynamic,0.072021
1,128,false,count_i64,1,50000,5,enum_static,0.071826
1,128,false,count_i64,2,50000,0,bound_static,0.070906
1,128,false,count_i64,2,50000,1,before,0.072587
1,128,false,count_i64,2,50000,2,after,0.071169
1,128,false,count_i64,2,50000,3,enum_dynamic,0.072131
1,128,false,count_i64,2,50000,4,enum_static,0.072053
1,128,false,count_i64,2,50000,5,bound_dynamic,0.070843
1,128,false,count_i64,3,50000,0,before,0.072316
1,128,false,count_i64,3,50000,1,after,0.070993
1,128,false,count_i64,3,50000,2,enum_dynamic,0.072270
1,128,false,count_i64,3,50000,3,enum_static,0.072683
1,128,false,count_i64,3,50000,4,bound_dynamic,0.071103
1,128,false,count_i64,3,50000,5,bound_static,0.070843
1,128,false,count_i64,4,50000,0,after,0.071047
1,128,false,count_i64,4,50000,1,enum_dynamic,0.072199
1,128,false,count_i64,4,50000,2,enum_static,0.071943
1,128,false,count_i64,4,50000,3,bound_dynamic,0.070916
1,128,false,count_i64,4,50000,4,bound_static,0.070857
1,128,false,count_i64,4,50000,5,before,0.072373
1,128,false,count_i64,5,50000,0,enum_dynamic,0.071937
1,128,false,count_i64,5,50000,1,enum_static,0.072728
1,128,false,count_i64,5,50000,2,bound_dynamic,0.070892
1,128,false,count_i64,5,50000,3,bound_static,0.071022
1,128,false,count_i64,5,50000,4,before,0.072248
1,128,false,count_i64,5,50000,5,after,0.071307
1,128,false,count_i64,6,50000,0,enum_static,0.071921
1,128,false,count_i64,6,50000,1,bound_dynamic,0.070791
1,128,false,count_i64,6,50000,2,bound_static,0.071404
1,128,false,count_i64,6,50000,3,before,0.072186
1,128,false,count_i64,6,50000,4,after,0.071647
1,128,false,count_i64,6,50000,5,enum_dynamic,0.072133
1,128,false,count_i64,7,50000,0,bound_dynamic,0.070831
1,128,false,count_i64,7,50000,1,bound_static,0.071352
1,128,false,count_i64,7,50000,2,before,0.072423
1,128,false,count_i64,7,50000,3,after,0.071360
1,128,false,count_i64,7,50000,4,enum_dynamic,0.072355
1,128,false,count_i64,7,50000,5,enum_static,0.071843
1,128,false,count_i64,8,50000,0,bound_static,0.070846
1,128,false,count_i64,8,50000,1,before,0.072735
1,128,false,count_i64,8,50000,2,after,0.071583
1,128,false,count_i64,8,50000,3,enum_dynamic,0.072010
1,128,false,count_i64,8,50000,4,enum_static,0.071999
1,128,false,count_i64,8,50000,5,bound_dynamic,0.070795
1,128,false,count_i64,9,50000,0,before,0.072456
1,128,false,count_i64,9,50000,1,after,0.071517
1,128,false,count_i64,9,50000,2,enum_dynamic,0.072071
1,128,false,count_i64,9,50000,3,enum_static,0.072077
1,128,false,count_i64,9,50000,4,bound_dynamic,0.070864
1,128,false,count_i64,9,50000,5,bound_static,0.071555
1,128,false,count_i64,10,50000,0,after,0.071060
1,128,false,count_i64,10,50000,1,enum_dynamic,0.071991
1,128,false,count_i64,10,50000,2,enum_static,0.072102
1,128,false,count_i64,10,50000,3,bound_dynamic,0.070939
1,128,false,count_i64,10,50000,4,bound_static,0.070844
1,128,false,count_i64,10,50000,5,before,0.072345
1,128,false,count_i64,11,50000,0,enum_dynamic,0.071991
1,128,false,count_i64,11,50000,1,enum_static,0.071843
1,128,false,count_i64,11,50000,2,bound_dynamic,0.071022
1,128,false,count_i64,11,50000,3,bound_static,0.070793
1,128,false,count_i64,11,50000,4,before,0.072197
1,128,false,count_i64,11,50000,5,after,0.071226
1,128,false,max_i64,0,19072,0,enum_static,0.765465
1,128,false,max_i64,0,19072,1,bound_dynamic,0.808327
1,128,false,max_i64,0,19072,2,bound_static,0.756799
1,128,false,max_i64,0,19072,3,before,0.812965
1,128,false,max_i64,0,19072,4,after,0.782069
1,128,false,max_i64,0,19072,5,enum_dynamic,0.798369
1,128,false,max_i64,1,19072,0,bound_dynamic,0.797000
1,128,false,max_i64,1,19072,1,bound_static,0.758252
1,128,false,max_i64,1,19072,2,before,0.812666
1,128,false,max_i64,1,19072,3,after,0.774781
1,128,false,max_i64,1,19072,4,enum_dynamic,0.812732
1,128,false,max_i64,1,19072,5,enum_static,0.763895
1,128,false,max_i64,2,19072,0,bound_static,0.757057
1,128,false,max_i64,2,19072,1,before,0.811038
1,128,false,max_i64,2,19072,2,after,0.771412
1,128,false,max_i64,2,19072,3,enum_dynamic,0.809990
1,128,false,max_i64,2,19072,4,enum_static,0.764056
1,128,false,max_i64,2,19072,5,bound_dynamic,0.813265
1,128,false,max_i64,3,19072,0,before,0.805400
1,128,false,max_i64,3,19072,1,after,0.761896
1,128,false,max_i64,3,19072,2,enum_dynamic,0.809638
1,128,false,max_i64,3,19072,3,enum_static,0.764594
1,128,false,max_i64,3,19072,4,bound_dynamic,0.807412
1,128,false,max_i64,3,19072,5,bound_static,0.760904
1,128,false,max_i64,4,19072,0,after,0.772319
1,128,false,max_i64,4,19072,1,enum_dynamic,0.811910
1,128,false,max_i64,4,19072,2,enum_static,0.763748
1,128,false,max_i64,4,19072,3,bound_dynamic,0.807043
1,128,false,max_i64,4,19072,4,bound_static,0.758247
1,128,false,max_i64,4,19072,5,before,0.810623
1,128,false,max_i64,5,19072,0,enum_dynamic,0.813817
1,128,false,max_i64,5,19072,1,enum_static,0.762748
1,128,false,max_i64,5,19072,2,bound_dynamic,0.806599
1,128,false,max_i64,5,19072,3,bound_static,0.757563
1,128,false,max_i64,5,19072,4,before,0.812880
1,128,false,max_i64,5,19072,5,after,0.774912
1,128,false,max_i64,6,19072,0,enum_static,0.754007
1,128,false,max_i64,6,19072,1,bound_dynamic,0.800626
1,128,false,max_i64,6,19072,2,bound_static,0.761865
1,128,false,max_i64,6,19072,3,before,0.822539
1,128,false,max_i64,6,19072,4,after,0.776011
1,128,false,max_i64,6,19072,5,enum_dynamic,0.815771
1,128,false,max_i64,7,19072,0,bound_dynamic,0.807766
1,128,false,max_i64,7,19072,1,bound_static,0.754280
1,128,false,max_i64,7,19072,2,before,0.798599
1,128,false,max_i64,7,19072,3,after,0.760163
1,128,false,max_i64,7,19072,4,enum_dynamic,0.796390
1,128,false,max_i64,7,19072,5,enum_static,0.764098
1,128,false,max_i64,8,19072,0,bound_static,0.757459
1,128,false,max_i64,8,19072,1,before,0.811912
1,128,false,max_i64,8,19072,2,after,0.776435
1,128,false,max_i64,8,19072,3,enum_dynamic,0.810787
1,128,false,max_i64,8,19072,4,enum_static,0.773291
1,128,false,max_i64,8,19072,5,bound_dynamic,0.796892
1,128,false,max_i64,9,19072,0,before,0.817584
1,128,false,max_i64,9,19072,1,after,0.777735
1,128,false,max_i64,9,19072,2,enum_dynamic,0.818648
1,128,false,max_i64,9,19072,3,enum_static,0.753801
1,128,false,max_i64,9,19072,4,bound_dynamic,0.792984
1,128,false,max_i64,9,19072,5,bound_static,0.758721
1,128,false,max_i64,10,19072,0,after,0.775292
1,128,false,max_i64,10,19072,1,enum_dynamic,0.817138
1,128,false,max_i64,10,19072,2,enum_static,0.767609
1,128,false,max_i64,10,19072,3,bound_dynamic,0.810077
1,128,false,max_i64,10,19072,4,bound_static,0.758136
1,128,false,max_i64,10,19072,5,before,0.819764
1,128,false,max_i64,11,19072,0,enum_dynamic,0.805260
1,128,false,max_i64,11,19072,1,enum_static,0.750706
1,128,false,max_i64,11,19072,2,bound_dynamic,0.790618
1,128,false,max_i64,11,19072,3,bound_static,0.742697
1,128,false,max_i64,11,19072,4,before,0.798918
1,128,false,max_i64,11,19072,5,after,0.768094
1,128,true,count_distinct_i64,0,2891,0,enum_static,5.572826
1,128,true,count_distinct_i64,0,2891,1,bound_dynamic,5.648190
1,128,true,count_distinct_i64,0,2891,2,bound_static,5.678081
1,128,true,count_distinct_i64,0,2891,3,before,5.251340
1,128,true,count_distinct_i64,0,2891,4,after,5.183457
1,128,true,count_distinct_i64,0,2891,5,enum_dynamic,5.673815
1,128,true,count_distinct_i64,1,2891,0,bound_dynamic,5.643073
1,128,true,count_distinct_i64,1,2891,1,bound_static,5.688069
1,128,true,count_distinct_i64,1,2891,2,before,5.690937
1,128,true,count_distinct_i64,1,2891,3,after,5.261559
1,128,true,count_distinct_i64,1,2891,4,enum_dynamic,5.786291
1,128,true,count_distinct_i64,1,2891,5,enum_static,5.267439
1,128,true,count_distinct_i64,2,2891,0,bound_static,5.754194
1,128,true,count_distinct_i64,2,2891,1,before,5.693748
1,128,true,count_distinct_i64,2,2891,2,after,5.272728
1,128,true,count_distinct_i64,2,2891,3,enum_dynamic,5.800372
1,128,true,count_distinct_i64,2,2891,4,enum_static,5.298657
1,128,true,count_distinct_i64,2,2891,5,bound_dynamic,5.271705
1,128,true,count_distinct_i64,3,2891,0,before,5.800891
1,128,true,count_distinct_i64,3,2891,1,after,5.277845
1,128,true,count_distinct_i64,3,2891,2,enum_dynamic,5.792575
1,128,true,count_distinct_i64,3,2891,3,enum_static,5.255145
1,128,true,count_distinct_i64,3,2891,4,bound_dynamic,5.251355
1,128,true,count_distinct_i64,3,2891,5,bound_static,5.262409
1,128,true,count_distinct_i64,4,2891,0,after,5.791667
1,128,true,count_distinct_i64,4,2891,1,enum_dynamic,5.792719
1,128,true,count_distinct_i64,4,2891,2,enum_static,5.251816
1,128,true,count_distinct_i64,4,2891,3,bound_dynamic,5.240603
1,128,true,count_distinct_i64,4,2891,4,bound_static,5.264456
1,128,true,count_distinct_i64,4,2891,5,before,5.272123
1,128,true,count_distinct_i64,5,2891,0,enum_dynamic,5.809034
1,128,true,count_distinct_i64,5,2891,1,enum_static,5.249510
1,128,true,count_distinct_i64,5,2891,2,bound_dynamic,5.256414
1,128,true,count_distinct_i64,5,2891,3,bound_static,5.269760
1,128,true,count_distinct_i64,5,2891,4,before,5.289188
1,128,true,count_distinct_i64,5,2891,5,after,5.298700
1,128,true,count_distinct_i64,6,2891,0,enum_static,5.468638
1,128,true,count_distinct_i64,6,2891,1,bound_dynamic,5.658120
1,128,true,count_distinct_i64,6,2891,2,bound_static,5.675617
1,128,true,count_distinct_i64,6,2891,3,before,5.208924
1,128,true,count_distinct_i64,6,2891,4,after,5.282731
1,128,true,count_distinct_i64,6,2891,5,enum_dynamic,5.798008
1,128,true,count_distinct_i64,7,2891,0,bound_dynamic,5.731956
1,128,true,count_distinct_i64,7,2891,1,bound_static,5.770624
1,128,true,count_distinct_i64,7,2891,2,before,5.805402
1,128,true,count_distinct_i64,7,2891,3,after,5.270841
1,128,true,count_distinct_i64,7,2891,4,enum_dynamic,5.755131
1,128,true,count_distinct_i64,7,2891,5,enum_static,5.257942
1,128,true,count_distinct_i64,8,2891,0,bound_static,5.772325
1,128,true,count_distinct_i64,8,2891,1,before,5.885535
1,128,true,count_distinct_i64,8,2891,2,after,5.188559
1,128,true,count_distinct_i64,8,2891,3,enum_dynamic,5.683227
1,128,true,count_distinct_i64,8,2891,4,enum_static,5.145912
1,128,true,count_distinct_i64,8,2891,5,bound_dynamic,5.146504
1,128,true,count_distinct_i64,9,2891,0,before,5.681742
1,128,true,count_distinct_i64,9,2891,1,after,5.180301
1,128,true,count_distinct_i64,9,2891,2,enum_dynamic,5.670717
1,128,true,count_distinct_i64,9,2891,3,enum_static,5.183846
1,128,true,count_distinct_i64,9,2891,4,bound_dynamic,5.178327
1,128,true,count_distinct_i64,9,2891,5,bound_static,5.169290
1,128,true,count_distinct_i64,10,2891,0,after,5.683414
1,128,true,count_distinct_i64,10,2891,1,enum_dynamic,5.697106
1,128,true,count_distinct_i64,10,2891,2,enum_static,5.255232
1,128,true,count_distinct_i64,10,2891,3,bound_dynamic,5.190937
1,128,true,count_distinct_i64,10,2891,4,bound_static,5.166796
1,128,true,count_distinct_i64,10,2891,5,before,5.670457
1,128,true,count_distinct_i64,11,2891,0,enum_dynamic,5.681915
1,128,true,count_distinct_i64,11,2891,1,enum_static,5.159475
1,128,true,count_distinct_i64,11,2891,2,bound_dynamic,5.144947
1,128,true,count_distinct_i64,11,2891,3,bound_static,5.155050
1,128,true,count_distinct_i64,11,2891,4,before,5.170010
1,128,true,count_distinct_i64,11,2891,5,after,5.169376
1,65536,false,covar_i64,0,73,0,enum_static,208.457192
1,65536,false,covar_i64,0,73,1,bound_dynamic,209.000000
1,65536,false,covar_i64,0,73,2,bound_static,209.299096
1,65536,false,covar_i64,0,73,3,before,214.731740
1,65536,false,covar_i64,0,73,4,after,209.323630
1,65536,false,covar_i64,0,73,5,enum_dynamic,208.933219
1,65536,false,covar_i64,1,73,0,bound_dynamic,208.965178
1,65536,false,covar_i64,1,73,1,bound_static,211.256849
1,65536,false,covar_i64,1,73,2,before,215.330479
1,65536,false,covar_i64,1,73,3,after,208.855027
1,65536,false,covar_i64,1,73,4,enum_dynamic,208.865863
1,65536,false,covar_i64,1,73,5,enum_static,209.300808
1,65536,false,covar_i64,2,73,0,bound_static,209.174082
1,65536,false,covar_i64,2,73,1,before,214.992575
1,65536,false,covar_i64,2,73,2,after,208.816781
1,65536,false,covar_i64,2,73,3,enum_dynamic,208.839616
1,65536,false,covar_i64,2,73,4,enum_static,208.922945
1,65536,false,covar_i64,2,73,5,bound_dynamic,207.139836
1,65536,false,covar_i64,3,73,0,before,215.529110
1,65536,false,covar_i64,3,73,1,after,209.581055
1,65536,false,covar_i64,3,73,2,enum_dynamic,210.250000
1,65536,false,covar_i64,3,73,3,enum_static,209.514836
1,65536,false,covar_i64,3,73,4,bound_dynamic,209.942342
1,65536,false,covar_i64,3,73,5,bound_static,205.445781
1,65536,false,covar_i64,4,73,0,after,201.163808
1,65536,false,covar_i64,4,73,1,enum_dynamic,202.094753
1,65536,false,covar_i64,4,73,2,enum_static,202.489151
1,65536,false,covar_i64,4,73,3,bound_dynamic,201.840753
1,65536,false,covar_i64,4,73,4,bound_static,201.901247
1,65536,false,covar_i64,4,73,5,before,207.423521
1,65536,false,covar_i64,5,73,0,enum_dynamic,202.508562
1,65536,false,covar_i64,5,73,1,enum_static,202.275685
1,65536,false,covar_i64,5,73,2,bound_dynamic,201.748863
1,65536,false,covar_i64,5,73,3,bound_static,202.682658
1,65536,false,covar_i64,5,73,4,before,207.761425
1,65536,false,covar_i64,5,73,5,after,202.725452
1,65536,false,covar_i64,6,73,0,enum_static,201.792233
1,65536,false,covar_i64,6,73,1,bound_dynamic,202.272836
1,65536,false,covar_i64,6,73,2,bound_static,202.303082
1,65536,false,covar_i64,6,73,3,before,208.509137
1,65536,false,covar_i64,6,73,4,after,202.448055
1,65536,false,covar_i64,6,73,5,enum_dynamic,201.992589
1,65536,false,covar_i64,7,73,0,bound_dynamic,202.697493
1,65536,false,covar_i64,7,73,1,bound_static,204.004000
1,65536,false,covar_i64,7,73,2,before,208.430356
1,65536,false,covar_i64,7,73,3,after,201.899548
1,65536,false,covar_i64,7,73,4,enum_dynamic,201.970329
1,65536,false,covar_i64,7,73,5,enum_static,201.728301
1,65536,false,covar_i64,8,73,0,bound_static,202.296808
1,65536,false,covar_i64,8,73,1,before,207.656397
1,65536,false,covar_i64,8,73,2,after,201.868151
1,65536,false,covar_i64,8,73,3,enum_dynamic,202.811644
1,65536,false,covar_i64,8,73,4,enum_static,199.784808
1,65536,false,covar_i64,8,73,5,bound_dynamic,202.541671
1,65536,false,covar_i64,9,73,0,before,207.711767
1,65536,false,covar_i64,9,73,1,after,202.114726
1,65536,false,covar_i64,9,73,2,enum_dynamic,201.654110
1,65536,false,covar_i64,9,73,3,enum_static,200.738589
1,65536,false,covar_i64,9,73,4,bound_dynamic,201.755712
1,65536,false,covar_i64,9,73,5,bound_static,201.851027
1,65536,false,covar_i64,10,73,0,after,201.918945
1,65536,false,covar_i64,10,73,1,enum_dynamic,203.603315
1,65536,false,covar_i64,10,73,2,enum_static,201.706055
1,65536,false,covar_i64,10,73,3,bound_dynamic,201.567356
1,65536,false,covar_i64,10,73,4,bound_static,201.732877
1,65536,false,covar_i64,10,73,5,before,207.796233
1,65536,false,covar_i64,11,73,0,enum_dynamic,202.434356
1,65536,false,covar_i64,11,73,1,enum_static,201.626151
1,65536,false,covar_i64,11,73,2,bound_dynamic,201.744863
1,65536,false,covar_i64,11,73,3,bound_static,202.901260
1,65536,false,covar_i64,11,73,4,before,207.554233
1,65536,false,covar_i64,11,73,5,after,202.296795
1,65536,true,min_utf8,0,19,0,enum_static,835.050421
1,65536,true,min_utf8,0,19,1,bound_dynamic,863.953947
1,65536,true,min_utf8,0,19,2,bound_static,833.620632
1,65536,true,min_utf8,0,19,3,before,854.493421
1,65536,true,min_utf8,0,19,4,after,842.629368
1,65536,true,min_utf8,0,19,5,enum_dynamic,874.695158
1,65536,true,min_utf8,1,19,0,bound_dynamic,878.151316
1,65536,true,min_utf8,1,19,1,bound_static,849.206158
1,65536,true,min_utf8,1,19,2,before,875.103053
1,65536,true,min_utf8,1,19,3,after,853.912263
1,65536,true,min_utf8,1,19,4,enum_dynamic,875.418842
1,65536,true,min_utf8,1,19,5,enum_static,834.480263
1,65536,true,min_utf8,2,19,0,bound_static,829.541684
1,65536,true,min_utf8,2,19,1,before,855.622789
1,65536,true,min_utf8,2,19,2,after,833.256579
1,65536,true,min_utf8,2,19,3,enum_dynamic,860.407895
1,65536,true,min_utf8,2,19,4,enum_static,833.857474
1,65536,true,min_utf8,2,19,5,bound_dynamic,864.925421
1,65536,true,min_utf8,3,19,0,before,882.291632
1,65536,true,min_utf8,3,19,1,after,833.241263
1,65536,true,min_utf8,3,19,2,enum_dynamic,869.179842
1,65536,true,min_utf8,3,19,3,enum_static,832.964947
1,65536,true,min_utf8,3,19,4,bound_dynamic,866.642579
1,65536,true,min_utf8,3,19,5,bound_static,841.011000
1,65536,true,min_utf8,4,19,0,after,827.712737
1,65536,true,min_utf8,4,19,1,enum_dynamic,864.017526
1,65536,true,min_utf8,4,19,2,enum_static,833.188632
1,65536,true,min_utf8,4,19,3,bound_dynamic,900.962737
1,65536,true,min_utf8,4,19,4,bound_static,834.322368
1,65536,true,min_utf8,4,19,5,before,861.377211
1,65536,true,min_utf8,5,19,0,enum_dynamic,865.197368
1,65536,true,min_utf8,5,19,1,enum_static,840.925421
1,65536,true,min_utf8,5,19,2,bound_dynamic,888.236842
1,65536,true,min_utf8,5,19,3,bound_static,843.567947
1,65536,true,min_utf8,5,19,4,before,876.945211
1,65536,true,min_utf8,5,19,5,after,873.467105
1,65536,true,min_utf8,6,19,0,enum_static,849.603105
1,65536,true,min_utf8,6,19,1,bound_dynamic,873.800474
1,65536,true,min_utf8,6,19,2,bound_static,837.743421
1,65536,true,min_utf8,6,19,3,before,883.754368
1,65536,true,min_utf8,6,19,4,after,836.149158
1,65536,true,min_utf8,6,19,5,enum_dynamic,862.521947
1,65536,true,min_utf8,7,19,0,bound_dynamic,859.111842
1,65536,true,min_utf8,7,19,1,bound_static,832.252211
1,65536,true,min_utf8,7,19,2,before,872.793842
1,65536,true,min_utf8,7,19,3,after,845.199579
1,65536,true,min_utf8,7,19,4,enum_dynamic,875.811421
1,65536,true,min_utf8,7,19,5,enum_static,857.445158
1,65536,true,min_utf8,8,19,0,bound_static,843.559211
1,65536,true,min_utf8,8,19,1,before,877.789474
1,65536,true,min_utf8,8,19,2,after,840.515368
1,65536,true,min_utf8,8,19,3,enum_dynamic,878.980263
1,65536,true,min_utf8,8,19,4,enum_static,839.778526
1,65536,true,min_utf8,8,19,5,bound_dynamic,864.206105
1,65536,true,min_utf8,9,19,0,before,859.888158
1,65536,true,min_utf8,9,19,1,after,847.701789
1,65536,true,min_utf8,9,19,2,enum_dynamic,875.131579
1,65536,true,min_utf8,9,19,3,enum_static,850.741211
1,65536,true,min_utf8,9,19,4,bound_dynamic,875.331105
1,65536,true,min_utf8,9,19,5,bound_static,850.010947
1,65536,true,min_utf8,10,19,0,after,832.725895
1,65536,true,min_utf8,10,19,1,enum_dynamic,885.225895
1,65536,true,min_utf8,10,19,2,enum_static,844.265368
1,65536,true,min_utf8,10,19,3,bound_dynamic,881.750000
1,65536,true,min_utf8,10,19,4,bound_static,847.756579
1,65536,true,min_utf8,10,19,5,before,871.982421
1,65536,true,min_utf8,11,19,0,enum_dynamic,882.883789
1,65536,true,min_utf8,11,19,1,enum_static,850.445211
1,65536,true,min_utf8,11,19,2,bound_dynamic,875.368421
1,65536,true,min_utf8,11,19,3,bound_static,848.486842
1,65536,true,min_utf8,11,19,4,before,875.087737
1,65536,true,min_utf8,11,19,5,after,851.462737
1,128,true,sum_i64,0,36004,0,enum_static,0.428169
1,128,true,sum_i64,0,36004,1,bound_dynamic,0.413475
1,128,true,sum_i64,0,36004,2,bound_static,0.412556
1,128,true,sum_i64,0,36004,3,before,0.433225
1,128,true,sum_i64,0,36004,4,after,0.425015
1,128,true,sum_i64,0,36004,5,enum_dynamic,0.426653
1,128,true,sum_i64,1,36004,0,bound_dynamic,0.413636
1,128,true,sum_i64,1,36004,1,bound_static,0.414324
1,128,true,sum_i64,1,36004,2,before,0.433239
1,128,true,sum_i64,1,36004,3,after,0.426624
1,128,true,sum_i64,1,36004,4,enum_dynamic,0.425690
1,128,true,sum_i64,1,36004,5,enum_static,0.426536
1,128,true,sum_i64,2,36004,0,bound_static,0.413900
1,128,true,sum_i64,2,36004,1,before,0.424382
1,128,true,sum_i64,2,36004,2,after,0.414763
1,128,true,sum_i64,2,36004,3,enum_dynamic,0.413258
1,128,true,sum_i64,2,36004,4,enum_static,0.422394
1,128,true,sum_i64,2,36004,5,bound_dynamic,0.405933
1,128,true,sum_i64,3,36004,0,before,0.420273
1,128,true,sum_i64,3,36004,1,after,0.419001
1,128,true,sum_i64,3,36004,2,enum_dynamic,0.421932
1,128,true,sum_i64,3,36004,3,enum_static,0.420787
1,128,true,sum_i64,3,36004,4,bound_dynamic,0.412237
1,128,true,sum_i64,3,36004,5,bound_static,0.408691
1,128,true,sum_i64,4,36004,0,after,0.418036
1,128,true,sum_i64,4,36004,1,enum_dynamic,0.420679
1,128,true,sum_i64,4,36004,2,enum_static,0.420349
1,128,true,sum_i64,4,36004,3,bound_dynamic,0.408367
1,128,true,sum_i64,4,36004,4,bound_static,0.408356
1,128,true,sum_i64,4,36004,5,before,0.422003
1,128,true,sum_i64,5,36004,0,enum_dynamic,0.420813
1,128,true,sum_i64,5,36004,1,enum_static,0.421673
1,128,true,sum_i64,5,36004,2,bound_dynamic,0.408310
1,128,true,sum_i64,5,36004,3,bound_static,0.408539
1,128,true,sum_i64,5,36004,4,before,0.427271
1,128,true,sum_i64,5,36004,5,after,0.419030
1,128,true,sum_i64,6,36004,0,enum_static,0.425287
1,128,true,sum_i64,6,36004,1,bound_dynamic,0.413408
1,128,true,sum_i64,6,36004,2,bound_static,0.413755
1,128,true,sum_i64,6,36004,3,before,0.431401
1,128,true,sum_i64,6,36004,4,after,0.425269
1,128,true,sum_i64,6,36004,5,enum_dynamic,0.428370
1,128,true,sum_i64,7,36004,0,bound_dynamic,0.416465
1,128,true,sum_i64,7,36004,1,bound_static,0.416633
1,128,true,sum_i64,7,36004,2,before,0.429571
1,128,true,sum_i64,7,36004,3,after,0.426587
1,128,true,sum_i64,7,36004,4,enum_dynamic,0.413056
1,128,true,sum_i64,7,36004,5,enum_static,0.412937
1,128,true,sum_i64,8,36004,0,bound_static,0.407609
1,128,true,sum_i64,8,36004,1,before,0.422323
1,128,true,sum_i64,8,36004,2,after,0.419458
1,128,true,sum_i64,8,36004,3,enum_dynamic,0.419916
1,128,true,sum_i64,8,36004,4,enum_static,0.427399
1,128,true,sum_i64,8,36004,5,bound_dynamic,0.399051
1,128,true,sum_i64,9,36004,0,before,0.424963
1,128,true,sum_i64,9,36004,1,after,0.412786
1,128,true,sum_i64,9,36004,2,enum_dynamic,0.417936
1,128,true,sum_i64,9,36004,3,enum_static,0.418295
1,128,true,sum_i64,9,36004,4,bound_dynamic,0.405651
1,128,true,sum_i64,9,36004,5,bound_static,0.408334
1,128,true,sum_i64,10,36004,0,after,0.422146
1,128,true,sum_i64,10,36004,1,enum_dynamic,0.422730
1,128,true,sum_i64,10,36004,2,enum_static,0.424382
1,128,true,sum_i64,10,36004,3,bound_dynamic,0.417944
1,128,true,sum_i64,10,36004,4,bound_static,0.417811
1,128,true,sum_i64,10,36004,5,before,0.430865
1,128,true,sum_i64,11,36004,0,enum_dynamic,0.430099
1,128,true,sum_i64,11,36004,1,enum_static,0.429176
1,128,true,sum_i64,11,36004,2,bound_dynamic,0.396670
1,128,true,sum_i64,11,36004,3,bound_static,0.400153
1,128,true,sum_i64,11,36004,4,before,0.418767
1,128,true,sum_i64,11,36004,5,after,0.418354
1,65536,false,sum_i64,0,132,0,enum_static,114.490530
1,65536,false,sum_i64,0,132,1,bound_dynamic,114.504417
1,65536,false,sum_i64,0,132,2,bound_static,114.321652
1,65536,false,sum_i64,0,132,3,before,114.769258
1,65536,false,sum_i64,0,132,4,after,114.355114
1,65536,false,sum_i64,0,132,5,enum_dynamic,114.548614
1,65536,false,sum_i64,1,132,0,bound_dynamic,114.387311
1,65536,false,sum_i64,1,132,1,bound_static,114.454864
1,65536,false,sum_i64,1,132,2,before,114.240848
1,65536,false,sum_i64,1,132,3,after,114.119636
1,65536,false,sum_i64,1,132,4,enum_dynamic,114.483902
1,65536,false,sum_i64,1,132,5,enum_static,114.431508
1,65536,false,sum_i64,2,132,0,bound_static,114.723167
1,65536,false,sum_i64,2,132,1,before,115.778409
1,65536,false,sum_i64,2,132,2,after,114.595962
1,65536,false,sum_i64,2,132,3,enum_dynamic,114.333015
1,65536,false,sum_i64,2,132,4,enum_static,114.158462
1,65536,false,sum_i64,2,132,5,bound_dynamic,114.354485
1,65536,false,sum_i64,3,132,0,before,113.377523
1,65536,false,sum_i64,3,132,1,after,114.173614
1,65536,false,sum_i64,3,132,2,enum_dynamic,114.216227
1,65536,false,sum_i64,3,132,3,enum_static,114.599114
1,65536,false,sum_i64,3,132,4,bound_dynamic,113.142682
1,65536,false,sum_i64,3,132,5,bound_static,114.049242
1,65536,false,sum_i64,4,132,0,after,114.114265
1,65536,false,sum_i64,4,132,1,enum_dynamic,114.237053
1,65536,false,sum_i64,4,132,2,enum_static,114.502212
1,65536,false,sum_i64,4,132,3,bound_dynamic,114.726326
1,65536,false,sum_i64,4,132,4,bound_static,114.383523
1,65536,false,sum_i64,4,132,5,before,114.398356
1,65536,false,sum_i64,5,132,0,enum_dynamic,114.289455
1,65536,false,sum_i64,5,132,1,enum_static,113.856371
1,65536,false,sum_i64,5,132,2,bound_dynamic,114.362371
1,65536,false,sum_i64,5,132,3,bound_static,114.264523
1,65536,false,sum_i64,5,132,4,before,114.868061
1,65536,false,sum_i64,5,132,5,after,114.342492
1,65536,false,sum_i64,6,132,0,enum_static,114.712121
1,65536,false,sum_i64,6,132,1,bound_dynamic,114.508212
1,65536,false,sum_i64,6,132,2,bound_static,114.654356
1,65536,false,sum_i64,6,132,3,before,114.017356
1,65536,false,sum_i64,6,132,4,after,112.596902
1,65536,false,sum_i64,6,132,5,enum_dynamic,114.604485
1,65536,false,sum_i64,7,132,0,bound_dynamic,114.642045
1,65536,false,sum_i64,7,132,1,bound_static,114.327333
1,65536,false,sum_i64,7,132,2,before,113.956750
1,65536,false,sum_i64,7,132,3,after,113.900568
1,65536,false,sum_i64,7,132,4,enum_dynamic,114.349121
1,65536,false,sum_i64,7,132,5,enum_static,115.268939
1,65536,false,sum_i64,8,132,0,bound_static,113.603538
1,65536,false,sum_i64,8,132,1,before,114.582386
1,65536,false,sum_i64,8,132,2,after,114.430553
1,65536,false,sum_i64,8,132,3,enum_dynamic,114.676136
1,65536,false,sum_i64,8,132,4,enum_static,114.341538
1,65536,false,sum_i64,8,132,5,bound_dynamic,113.528091
1,65536,false,sum_i64,9,132,0,before,114.601008
1,65536,false,sum_i64,9,132,1,after,114.341856
1,65536,false,sum_i64,9,132,2,enum_dynamic,114.628470
1,65536,false,sum_i64,9,132,3,enum_static,114.339962
1,65536,false,sum_i64,9,132,4,bound_dynamic,113.384470
1,65536,false,sum_i64,9,132,5,bound_static,114.556182
1,65536,false,sum_i64,10,132,0,after,114.463386
1,65536,false,sum_i64,10,132,1,enum_dynamic,114.321023
1,65536,false,sum_i64,10,132,2,enum_static,114.597848
1,65536,false,sum_i64,10,132,3,bound_dynamic,114.682765
1,65536,false,sum_i64,10,132,4,bound_static,114.924561
1,65536,false,sum_i64,10,132,5,before,114.646144
1,65536,false,sum_i64,11,132,0,enum_dynamic,114.075758
1,65536,false,sum_i64,11,132,1,enum_static,113.884470
1,65536,false,sum_i64,11,132,2,bound_dynamic,114.545455
1,65536,false,sum_i64,11,132,3,bound_static,114.407515
1,65536,false,sum_i64,11,132,4,before,114.551136
1,65536,false,sum_i64,11,132,5,after,113.569758
1,8192,true,count_i64,0,2306,0,enum_static,6.478859
1,8192,true,count_i64,0,2306,1,bound_dynamic,6.416107
1,8192,true,count_i64,0,2306,2,bound_static,6.502963
1,8192,true,count_i64,0,2306,3,before,6.415420
1,8192,true,count_i64,0,2306,4,after,6.560332
1,8192,true,count_i64,0,2306,5,enum_dynamic,6.424183
1,8192,true,count_i64,1,2306,0,bound_dynamic,6.403585
1,8192,true,count_i64,1,2306,1,bound_static,6.453744
1,8192,true,count_i64,1,2306,2,before,6.412276
1,8192,true,count_i64,1,2306,3,after,6.450817
1,8192,true,count_i64,1,2306,4,enum_dynamic,6.472933
1,8192,true,count_i64,1,2306,5,enum_static,6.408500
1,8192,true,count_i64,2,2306,0,bound_static,6.399592
1,8192,true,count_i64,2,2306,1,before,6.395002
1,8192,true,count_i64,2,2306,2,after,6.542010
1,8192,true,count_i64,2,2306,3,enum_dynamic,6.416974
1,8192,true,count_i64,2,2306,4,enum_static,6.418347
1,8192,true,count_i64,2,2306,5,bound_dynamic,6.472120
1,8192,true,count_i64,3,2306,0,before,6.382426
1,8192,true,count_i64,3,2306,1,after,6.469319
1,8192,true,count_i64,3,2306,2,enum_dynamic,6.420425
1,8192,true,count_i64,3,2306,3,enum_static,6.432134
1,8192,true,count_i64,3,2306,4,bound_dynamic,6.422557
1,8192,true,count_i64,3,2306,5,bound_static,6.406295
1,8192,true,count_i64,4,2306,0,after,6.473909
1,8192,true,count_i64,4,2306,1,enum_dynamic,6.459941
1,8192,true,count_i64,4,2306,2,enum_static,6.417335
1,8192,true,count_i64,4,2306,3,bound_dynamic,6.405175
1,8192,true,count_i64,4,2306,4,bound_static,6.401814
1,8192,true,count_i64,4,2306,5,before,6.463085
1,8192,true,count_i64,5,2306,0,enum_dynamic,6.423388
1,8192,true,count_i64,5,2306,1,enum_static,6.405753
1,8192,true,count_i64,5,2306,2,bound_dynamic,6.398941
1,8192,true,count_i64,5,2306,3,bound_static,6.409692
1,8192,true,count_i64,5,2306,4,before,6.477830
1,8192,true,count_i64,5,2306,5,after,6.564686
1,8192,true,count_i64,6,2306,0,enum_static,6.430543
1,8192,true,count_i64,6,2306,1,bound_dynamic,6.414679
1,8192,true,count_i64,6,2306,2,bound_static,6.412655
1,8192,true,count_i64,6,2306,3,before,6.511221
1,8192,true,count_i64,6,2306,4,after,6.561886
1,8192,true,count_i64,6,2306,5,enum_dynamic,6.413830
1,8192,true,count_i64,7,2306,0,bound_dynamic,6.400585
1,8192,true,count_i64,7,2306,1,bound_static,6.438602
1,8192,true,count_i64,7,2306,2,before,6.398706
1,8192,true,count_i64,7,2306,3,after,6.446227
1,8192,true,count_i64,7,2306,4,enum_dynamic,6.478895
1,8192,true,count_i64,7,2306,5,enum_static,6.462037
1,8192,true,count_i64,8,2306,0,bound_static,6.428971
1,8192,true,count_i64,8,2306,1,before,6.397062
1,8192,true,count_i64,8,2306,2,after,6.463880
1,8192,true,count_i64,8,2306,3,enum_dynamic,6.416016
1,8192,true,count_i64,8,2306,4,enum_static,6.453870
1,8192,true,count_i64,8,2306,5,bound_dynamic,6.440843
1,8192,true,count_i64,9,2306,0,before,6.439939
1,8192,true,count_i64,9,2306,1,after,6.591320
1,8192,true,count_i64,9,2306,2,enum_dynamic,6.425755
1,8192,true,count_i64,9,2306,3,enum_static,6.431537
1,8192,true,count_i64,9,2306,4,bound_dynamic,6.415203
1,8192,true,count_i64,9,2306,5,bound_static,6.417064
1,8192,true,count_i64,10,2306,0,after,6.453581
1,8192,true,count_i64,10,2306,1,enum_dynamic,6.425737
1,8192,true,count_i64,10,2306,2,enum_static,6.442162
1,8192,true,count_i64,10,2306,3,bound_dynamic,6.408319
1,8192,true,count_i64,10,2306,4,bound_static,6.437753
1,8192,true,count_i64,10,2306,5,before,6.427490
1,8192,true,count_i64,11,2306,0,enum_dynamic,6.401236
1,8192,true,count_i64,11,2306,1,enum_static,6.418745
1,8192,true,count_i64,11,2306,2,bound_dynamic,6.410830
1,8192,true,count_i64,11,2306,3,bound_static,6.516840
1,8192,true,count_i64,11,2306,4,before,6.435910
1,8192,true,count_i64,11,2306,5,after,6.465633
1,8192,true,max_i64,0,341,0,enum_static,44.268328
1,8192,true,max_i64,0,341,1,bound_dynamic,46.684264
1,8192,true,max_i64,0,341,2,bound_static,44.912147
1,8192,true,max_i64,0,341,3,before,46.773337
1,8192,true,max_i64,0,341,4,after,44.905672
1,8192,true,max_i64,0,341,5,enum_dynamic,46.687927
1,8192,true,max_i64,1,341,0,bound_dynamic,46.245235
1,8192,true,max_i64,1,341,1,bound_static,44.064026
1,8192,true,max_i64,1,341,2,before,46.304865
1,8192,true,max_i64,1,341,3,after,45.150413
1,8192,true,max_i64,1,341,4,enum_dynamic,46.695748
1,8192,true,max_i64,1,341,5,enum_static,44.074780
1,8192,true,max_i64,2,341,0,bound_static,44.032625
1,8192,true,max_i64,2,341,1,before,46.401760
1,8192,true,max_i64,2,341,2,after,44.141616
1,8192,true,max_i64,2,341,3,enum_dynamic,46.747801
1,8192,true,max_i64,2,341,4,enum_static,44.813660
1,8192,true,max_i64,2,341,5,bound_dynamic,47.178519
1,8192,true,max_i64,3,341,0,before,46.861557
1,8192,true,max_i64,3,341,1,after,45.156158
1,8192,true,max_i64,3,341,2,enum_dynamic,47.194405
1,8192,true,max_i64,3,341,3,enum_static,44.832845
1,8192,true,max_i64,3,341,4,bound_dynamic,46.639296
1,8192,true,max_i64,3,341,5,bound_static,44.222384
1,8192,true,max_i64,4,341,0,after,44.178399
1,8192,true,max_i64,4,341,1,enum_dynamic,46.373534
1,8192,true,max_i64,4,341,2,enum_static,44.225440
1,8192,true,max_i64,4,341,3,bound_dynamic,46.219331
1,8192,true,max_i64,4,341,4,bound_static,44.350320
1,8192,true,max_i64,4,341,5,before,46.814150
1,8192,true,max_i64,5,341,0,enum_dynamic,46.406158
1,8192,true,max_i64,5,341,1,enum_static,44.045578
1,8192,true,max_i64,5,341,2,bound_dynamic,46.890396
1,8192,true,max_i64,5,341,3,bound_static,44.983628
1,8192,true,max_i64,5,341,4,before,46.440129
1,8192,true,max_i64,5,341,5,after,44.120111
1,8192,true,max_i64,6,341,0,enum_static,44.402859
1,8192,true,max_i64,6,341,1,bound_dynamic,47.210897
1,8192,true,max_i64,6,341,2,bound_static,45.023581
1,8192,true,max_i64,6,341,3,before,46.761730
1,8192,true,max_i64,6,341,4,after,45.050830
1,8192,true,max_i64,6,341,5,enum_dynamic,47.184018
1,8192,true,max_i64,7,341,0,bound_dynamic,47.160924
1,8192,true,max_i64,7,341,1,bound_static,45.075513
1,8192,true,max_i64,7,341,2,before,46.866812
1,8192,true,max_i64,7,341,3,after,45.172777
1,8192,true,max_i64,7,341,4,enum_dynamic,47.125367
1,8192,true,max_i64,7,341,5,enum_static,45.018818
1,8192,true,max_i64,8,341,0,bound_static,44.883185
1,8192,true,max_i64,8,341,1,before,46.797900
1,8192,true,max_i64,8,341,2,after,45.010630
1,8192,true,max_i64,8,341,3,enum_dynamic,47.312070
1,8192,true,max_i64,8,341,4,enum_static,44.929375
1,8192,true,max_i64,8,341,5,bound_dynamic,47.306572
1,8192,true,max_i64,9,341,0,before,46.757088
1,8192,true,max_i64,9,341,1,after,45.060607
1,8192,true,max_i64,9,341,2,enum_dynamic,46.874267
1,8192,true,max_i64,9,341,3,enum_static,44.839443
1,8192,true,max_i64,9,341,4,bound_dynamic,47.165689
1,8192,true,max_i64,9,341,5,bound_static,45.005378
1,8192,true,max_i64,10,341,0,after,45.488513
1,8192,true,max_i64,10,341,1,enum_dynamic,46.753056
1,8192,true,max_i64,10,341,2,enum_static,44.145041
1,8192,true,max_i64,10,341,3,bound_dynamic,46.955402
1,8192,true,max_i64,10,341,4,bound_static,44.438173
1,8192,true,max_i64,10,341,5,before,46.586144
1,8192,true,max_i64,11,341,0,enum_dynamic,46.314516
1,8192,true,max_i64,11,341,1,enum_static,44.047774
1,8192,true,max_i64,11,341,2,bound_dynamic,47.037147
1,8192,true,max_i64,11,341,3,bound_static,44.188660
1,8192,true,max_i64,11,341,4,before,46.275783
1,8192,true,max_i64,11,341,5,after,44.915689
1,65536,false,count_distinct_i64,0,8,0,enum_static,3024.692750
1,65536,false,count_distinct_i64,0,8,1,bound_dynamic,2893.463500
1,65536,false,count_distinct_i64,0,8,2,bound_static,2875.218750
1,65536,false,count_distinct_i64,0,8,3,before,2919.682375
1,65536,false,count_distinct_i64,0,8,4,after,2880.114500
1,65536,false,count_distinct_i64,0,8,5,enum_dynamic,2846.697875
1,65536,false,count_distinct_i64,1,8,0,bound_dynamic,2860.937500
1,65536,false,count_distinct_i64,1,8,1,bound_static,2841.953125
1,65536,false,count_distinct_i64,1,8,2,before,3173.322875
1,65536,false,count_distinct_i64,1,8,3,after,2858.546875
1,65536,false,count_distinct_i64,1,8,4,enum_dynamic,2855.218750
1,65536,false,count_distinct_i64,1,8,5,enum_static,3096.062500
1,65536,false,count_distinct_i64,2,8,0,bound_static,2855.906250
1,65536,false,count_distinct_i64,2,8,1,before,3181.947875
1,65536,false,count_distinct_i64,2,8,2,after,2904.416625
1,65536,false,count_distinct_i64,2,8,3,enum_dynamic,2937.953125
1,65536,false,count_distinct_i64,2,8,4,enum_static,2869.234375
1,65536,false,count_distinct_i64,2,8,5,bound_dynamic,2842.744750
1,65536,false,count_distinct_i64,3,8,0,before,3182.557250
1,65536,false,count_distinct_i64,3,8,1,after,2879.276000
1,65536,false,count_distinct_i64,3,8,2,enum_dynamic,2881.260500
1,65536,false,count_distinct_i64,3,8,3,enum_static,2918.765625
1,65536,false,count_distinct_i64,3,8,4,bound_dynamic,3017.203125
1,65536,false,count_distinct_i64,3,8,5,bound_static,2911.526125
1,65536,false,count_distinct_i64,4,8,0,after,3162.427125
1,65536,false,count_distinct_i64,4,8,1,enum_dynamic,3052.203125
1,65536,false,count_distinct_i64,4,8,2,enum_static,2850.838500
1,65536,false,count_distinct_i64,4,8,3,bound_dynamic,2861.276000
1,65536,false,count_distinct_i64,4,8,4,bound_static,2984.849000
1,65536,false,count_distinct_i64,4,8,5,before,2851.823000
1,65536,false,count_distinct_i64,5,8,0,enum_dynamic,2998.651125
1,65536,false,count_distinct_i64,5,8,1,enum_static,2864.739625
1,65536,false,count_distinct_i64,5,8,2,bound_dynamic,2849.005250
1,65536,false,count_distinct_i64,5,8,3,bound_static,2910.718750
1,65536,false,count_distinct_i64,5,8,4,before,2857.666750
1,65536,false,count_distinct_i64,5,8,5,after,2898.343750
1,65536,false,count_distinct_i64,6,8,0,enum_static,2963.552125
1,65536,false,count_distinct_i64,6,8,1,bound_dynamic,2860.911500
1,65536,false,count_distinct_i64,6,8,2,bound_static,2858.682250
1,65536,false,count_distinct_i64,6,8,3,before,3006.198000
1,65536,false,count_distinct_i64,6,8,4,after,2865.109375
1,65536,false,count_distinct_i64,6,8,5,enum_dynamic,2865.573000
1,65536,false,count_distinct_i64,7,8,0,bound_dynamic,2895.687500
1,65536,false,count_distinct_i64,7,8,1,bound_static,2924.807250
1,65536,false,count_distinct_i64,7,8,2,before,3199.807250
1,65536,false,count_distinct_i64,7,8,3,after,2881.218750
1,65536,false,count_distinct_i64,7,8,4,enum_dynamic,2847.489500
1,65536,false,count_distinct_i64,7,8,5,enum_static,2862.932250
1,65536,false,count_distinct_i64,8,8,0,bound_static,2888.630125
1,65536,false,count_distinct_i64,8,8,1,before,3214.989625
1,65536,false,count_distinct_i64,8,8,2,after,2834.812500
1,65536,false,count_distinct_i64,8,8,3,enum_dynamic,2831.166750
1,65536,false,count_distinct_i64,8,8,4,enum_static,2843.177000
1,65536,false,count_distinct_i64,8,8,5,bound_dynamic,2845.859375
1,65536,false,count_distinct_i64,9,8,0,before,3155.369750
1,65536,false,count_distinct_i64,9,8,1,after,2867.036375
1,65536,false,count_distinct_i64,9,8,2,enum_dynamic,2903.140625
1,65536,false,count_distinct_i64,9,8,3,enum_static,2855.474000
1,65536,false,count_distinct_i64,9,8,4,bound_dynamic,2863.708250
1,65536,false,count_distinct_i64,9,8,5,bound_static,2860.916625
1,65536,false,count_distinct_i64,10,8,0,after,3212.838625
1,65536,false,count_distinct_i64,10,8,1,enum_dynamic,2889.270750
1,65536,false,count_distinct_i64,10,8,2,enum_static,2831.000000
1,65536,false,count_distinct_i64,10,8,3,bound_dynamic,2867.666750
1,65536,false,count_distinct_i64,10,8,4,bound_static,3025.338500
1,65536,false,count_distinct_i64,10,8,5,before,2867.187500
1,65536,false,count_distinct_i64,11,8,0,enum_dynamic,2891.770750
1,65536,false,count_distinct_i64,11,8,1,enum_static,2902.479125
1,65536,false,count_distinct_i64,11,8,2,bound_dynamic,2882.489500
1,65536,false,count_distinct_i64,11,8,3,bound_static,2891.776000
1,65536,false,count_distinct_i64,11,8,4,before,2891.849000
1,65536,false,count_distinct_i64,11,8,5,after,2857.130250
1,8192,true,max_utf8,0,142,0,enum_static,107.757331
1,8192,true,max_utf8,0,142,1,bound_dynamic,109.863556
1,8192,true,max_utf8,0,142,2,bound_static,107.815141
1,8192,true,max_utf8,0,142,3,before,109.195134
1,8192,true,max_utf8,0,142,4,after,107.478577
1,8192,true,max_utf8,0,142,5,enum_dynamic,109.770246
1,8192,true,max_utf8,1,142,0,bound_dynamic,111.131746
1,8192,true,max_utf8,1,142,1,bound_static,108.115317
1,8192,true,max_utf8,1,142,2,before,109.669014
1,8192,true,max_utf8,1,142,3,after,108.512620
1,8192,true,max_utf8,1,142,4,enum_dynamic,110.691317
1,8192,true,max_utf8,1,142,5,enum_static,107.882923
1,8192,true,max_utf8,2,142,0,bound_static,108.441606
1,8192,true,max_utf8,2,142,1,before,112.246190
1,8192,true,max_utf8,2,142,2,after,105.768486
1,8192,true,max_utf8,2,142,3,enum_dynamic,109.208915
1,8192,true,max_utf8,2,142,4,enum_static,107.632042
1,8192,true,max_utf8,2,142,5,bound_dynamic,110.239732
1,8192,true,max_utf8,3,142,0,before,109.363556
1,8192,true,max_utf8,3,142,1,after,108.288732
1,8192,true,max_utf8,3,142,2,enum_dynamic,110.499408
1,8192,true,max_utf8,3,142,3,enum_static,107.808394
1,8192,true,max_utf8,3,142,4,bound_dynamic,110.414908
1,8192,true,max_utf8,3,142,5,bound_static,107.917838
1,8192,true,max_utf8,4,142,0,after,107.406106
1,8192,true,max_utf8,4,142,1,enum_dynamic,109.730049
1,8192,true,max_utf8,4,142,2,enum_static,108.178408
1,8192,true,max_utf8,4,142,3,bound_dynamic,109.936035
1,8192,true,max_utf8,4,142,4,bound_static,106.465965
1,8192,true,max_utf8,4,142,5,before,107.847127
1,8192,true,max_utf8,5,142,0,enum_dynamic,108.305458
1,8192,true,max_utf8,5,142,1,enum_static,105.555458
1,8192,true,max_utf8,5,142,2,bound_dynamic,108.309563
1,8192,true,max_utf8,5,142,3,bound_static,105.945718
1,8192,true,max_utf8,5,142,4,before,107.101232
1,8192,true,max_utf8,5,142,5,after,105.511732
1,8192,true,max_utf8,6,142,0,enum_static,106.087732
1,8192,true,max_utf8,6,142,1,bound_dynamic,108.870599
1,8192,true,max_utf8,6,142,2,bound_static,106.091261
1,8192,true,max_utf8,6,142,3,before,109.852401
1,8192,true,max_utf8,6,142,4,after,115.855338
1,8192,true,max_utf8,6,142,5,enum_dynamic,112.563092
1,8192,true,max_utf8,7,142,0,bound_dynamic,116.574239
1,8192,true,max_utf8,7,142,1,bound_static,106.033162
1,8192,true,max_utf8,7,142,2,before,107.845366
1,8192,true,max_utf8,7,142,3,after,106.787852
1,8192,true,max_utf8,7,142,4,enum_dynamic,108.289613
1,8192,true,max_utf8,7,142,5,enum_static,105.952465
1,8192,true,max_utf8,8,142,0,bound_static,105.980042
1,8192,true,max_utf8,8,142,1,before,108.136148
1,8192,true,max_utf8,8,142,2,after,105.076880
1,8192,true,max_utf8,8,142,3,enum_dynamic,108.643486
1,8192,true,max_utf8,8,142,4,enum_static,105.401408
1,8192,true,max_utf8,8,142,5,bound_dynamic,110.389085
1,8192,true,max_utf8,9,142,0,before,109.759683
1,8192,true,max_utf8,9,142,1,after,107.783155
1,8192,true,max_utf8,9,142,2,enum_dynamic,109.973592
1,8192,true,max_utf8,9,142,3,enum_static,107.496479
1,8192,true,max_utf8,9,142,4,bound_dynamic,110.260268
1,8192,true,max_utf8,9,142,5,bound_static,108.238556
1,8192,true,max_utf8,10,142,0,after,108.772007
1,8192,true,max_utf8,10,142,1,enum_dynamic,110.940437
1,8192,true,max_utf8,10,142,2,enum_static,108.721239
1,8192,true,max_utf8,10,142,3,bound_dynamic,110.152880
1,8192,true,max_utf8,10,142,4,bound_static,109.183979
1,8192,true,max_utf8,10,142,5,before,110.348000
1,8192,true,max_utf8,11,142,0,enum_dynamic,110.548415
1,8192,true,max_utf8,11,142,1,enum_static,107.485331
1,8192,true,max_utf8,11,142,2,bound_dynamic,109.686324
1,8192,true,max_utf8,11,142,3,bound_static,107.309570
1,8192,true,max_utf8,11,142,4,before,109.924585
1,8192,true,max_utf8,11,142,5,after,106.098303
1,8192,false,min_i64,0,378,0,enum_static,39.804233
1,8192,false,min_i64,0,378,1,bound_dynamic,44.687500
1,8192,false,min_i64,0,378,2,bound_static,39.898040
1,8192,false,min_i64,0,378,3,before,42.441249
1,8192,false,min_i64,0,378,4,after,40.839947
1,8192,false,min_i64,0,378,5,enum_dynamic,45.051810
1,8192,false,min_i64,1,378,0,bound_dynamic,44.917550
1,8192,false,min_i64,1,378,1,bound_static,40.445656
1,8192,false,min_i64,1,378,2,before,43.421958
1,8192,false,min_i64,1,378,3,after,40.606262
1,8192,false,min_i64,1,378,4,enum_dynamic,45.526016
1,8192,false,min_i64,1,378,5,enum_static,40.406307
1,8192,false,min_i64,2,378,0,bound_static,41.102294
1,8192,false,min_i64,2,378,1,before,42.576500
1,8192,false,min_i64,2,378,2,after,40.174164
1,8192,false,min_i64,2,378,3,enum_dynamic,45.486331
1,8192,false,min_i64,2,378,4,enum_static,40.592701
1,8192,false,min_i64,2,378,5,bound_dynamic,45.598103
1,8192,false,min_i64,3,378,0,before,43.314153
1,8192,false,min_i64,3,378,1,after,40.850310
1,8192,false,min_i64,3,378,2,enum_dynamic,44.520392
1,8192,false,min_i64,3,378,3,enum_static,40.509479
1,8192,false,min_i64,3,378,4,bound_dynamic,44.712743
1,8192,false,min_i64,3,378,5,bound_static,40.033180
1,8192,false,min_i64,4,378,0,after,40.428902
1,8192,false,min_i64,4,378,1,enum_dynamic,45.502646
1,8192,false,min_i64,4,378,2,enum_static,40.547511
1,8192,false,min_i64,4,378,3,bound_dynamic,45.647929
1,8192,false,min_i64,4,378,4,bound_static,40.584876
1,8192,false,min_i64,4,378,5,before,43.160053
1,8192,false,min_i64,5,378,0,enum_dynamic,45.746582
1,8192,false,min_i64,5,378,1,enum_static,40.805005
1,8192,false,min_i64,5,378,2,bound_dynamic,45.513778
1,8192,false,min_i64,5,378,3,bound_static,40.636463
1,8192,false,min_i64,5,378,4,before,43.525132
1,8192,false,min_i64,5,378,5,after,40.674384
1,8192,false,min_i64,6,378,0,enum_static,40.522817
1,8192,false,min_i64,6,378,1,bound_dynamic,45.687831
1,8192,false,min_i64,6,378,2,bound_static,40.622796
1,8192,false,min_i64,6,378,3,before,43.462190
1,8192,false,min_i64,6,378,4,after,40.824296
1,8192,false,min_i64,6,378,5,enum_dynamic,44.741844
1,8192,false,min_i64,7,378,0,bound_dynamic,44.647595
1,8192,false,min_i64,7,378,1,bound_static,39.816138
1,8192,false,min_i64,7,378,2,before,42.902667
1,8192,false,min_i64,7,378,3,after,40.534392
1,8192,false,min_i64,7,378,4,enum_dynamic,45.636243
1,8192,false,min_i64,7,378,5,enum_static,40.719357
1,8192,false,min_i64,8,378,0,bound_static,41.178463
1,8192,false,min_i64,8,378,1,before,43.778659
1,8192,false,min_i64,8,378,2,after,41.063050
1,8192,false,min_i64,8,378,3,enum_dynamic,45.145061
1,8192,false,min_i64,8,378,4,enum_static,40.507497
1,8192,false,min_i64,8,378,5,bound_dynamic,45.699405
1,8192,false,min_i64,9,378,0,before,43.669974
1,8192,false,min_i64,9,378,1,after,39.948193
1,8192,false,min_i64,9,378,2,enum_dynamic,45.919643
1,8192,false,min_i64,9,378,3,enum_static,39.763339
1,8192,false,min_i64,9,378,4,bound_dynamic,44.788802
1,8192,false,min_i64,9,378,5,bound_static,39.820328
1,8192,false,min_i64,10,378,0,after,39.975860
1,8192,false,min_i64,10,378,1,enum_dynamic,45.453484
1,8192,false,min_i64,10,378,2,enum_static,40.705026
1,8192,false,min_i64,10,378,3,bound_dynamic,45.579034
1,8192,false,min_i64,10,378,4,bound_static,40.561839
1,8192,false,min_i64,10,378,5,before,43.283950
1,8192,false,min_i64,11,378,0,enum_dynamic,45.650463
1,8192,false,min_i64,11,378,1,enum_static,40.083772
1,8192,false,min_i64,11,378,2,bound_dynamic,44.815587
1,8192,false,min_i64,11,378,3,bound_static,40.681770
1,8192,false,min_i64,11,378,4,before,43.385362
1,8192,false,min_i64,11,378,5,after,40.593915
1,128,false,count_star,0,50000,0,enum_static,0.070042
1,128,false,count_star,0,50000,1,bound_dynamic,0.069134
1,128,false,count_star,0,50000,2,bound_static,0.069263
1,128,false,count_star,0,50000,3,before,0.070962
1,128,false,count_star,0,50000,4,after,0.070290
1,128,false,count_star,0,50000,5,enum_dynamic,0.069837
1,128,false,count_star,1,50000,0,bound_dynamic,0.069134
1,128,false,count_star,1,50000,1,bound_static,0.069140
1,128,false,count_star,1,50000,2,before,0.071053
1,128,false,count_star,1,50000,3,after,0.069148
1,128,false,count_star,1,50000,4,enum_dynamic,0.069854
1,128,false,count_star,1,50000,5,enum_static,0.070100
1,128,false,count_star,2,50000,0,bound_static,0.069148
1,128,false,count_star,2,50000,1,before,0.071057
1,128,false,count_star,2,50000,2,after,0.069142
1,128,false,count_star,2,50000,3,enum_dynamic,0.069782
1,128,false,count_star,2,50000,4,enum_static,0.070140
1,128,false,count_star,2,50000,5,bound_dynamic,0.069143
1,128,false,count_star,3,50000,0,before,0.071118
1,128,false,count_star,3,50000,1,after,0.069205
1,128,false,count_star,3,50000,2,enum_dynamic,0.069797
1,128,false,count_star,3,50000,3,enum_static,0.070070
1,128,false,count_star,3,50000,4,bound_dynamic,0.069220
1,128,false,count_star,3,50000,5,bound_static,0.069648
1,128,false,count_star,4,50000,0,after,0.069151
1,128,false,count_star,4,50000,1,enum_dynamic,0.069852
1,128,false,count_star,4,50000,2,enum_static,0.070073
1,128,false,count_star,4,50000,3,bound_dynamic,0.069148
1,128,false,count_star,4,50000,4,bound_static,0.069219
1,128,false,count_star,4,50000,5,before,0.070997
1,128,false,count_star,5,50000,0,enum_dynamic,0.069855
1,128,false,count_star,5,50000,1,enum_static,0.070065
1,128,false,count_star,5,50000,2,bound_dynamic,0.069145
1,128,false,count_star,5,50000,3,bound_static,0.069218
1,128,false,count_star,5,50000,4,before,0.070973
1,128,false,count_star,5,50000,5,after,0.069163
1,128,false,count_star,6,50000,0,enum_static,0.070163
1,128,false,count_star,6,50000,1,bound_dynamic,0.069156
1,128,false,count_star,6,50000,2,bound_static,0.069153
1,128,false,count_star,6,50000,3,before,0.071044
1,128,false,count_star,6,50000,4,after,0.069157
1,128,false,count_star,6,50000,5,enum_dynamic,0.069786
1,128,false,count_star,7,50000,0,bound_dynamic,0.069224
1,128,false,count_star,7,50000,1,bound_static,0.069168
1,128,false,count_star,7,50000,2,before,0.071182
1,128,false,count_star,7,50000,3,after,0.071704
1,128,false,count_star,7,50000,4,enum_dynamic,0.068582
1,128,false,count_star,7,50000,5,enum_static,0.069296
1,128,false,count_star,8,50000,0,bound_static,0.067863
1,128,false,count_star,8,50000,1,before,0.069694
1,128,false,count_star,8,50000,2,after,0.067941
1,128,false,count_star,8,50000,3,enum_dynamic,0.068474
1,128,false,count_star,8,50000,4,enum_static,0.068741
1,128,false,count_star,8,50000,5,bound_dynamic,0.067930
1,128,false,count_star,9,50000,0,before,0.069888
1,128,false,count_star,9,50000,1,after,0.068017
1,128,false,count_star,9,50000,2,enum_dynamic,0.068753
1,128,false,count_star,9,50000,3,enum_static,0.068793
1,128,false,count_star,9,50000,4,bound_dynamic,0.068218
1,128,false,count_star,9,50000,5,bound_static,0.068218
1,128,false,count_star,10,50000,0,after,0.067849
1,128,false,count_star,10,50000,1,enum_dynamic,0.068523
1,128,false,count_star,10,50000,2,enum_static,0.069212
1,128,false,count_star,10,50000,3,bound_dynamic,0.067903
1,128,false,count_star,10,50000,4,bound_static,0.067909
1,128,false,count_star,10,50000,5,before,0.069994
1,128,false,count_star,11,50000,0,enum_dynamic,0.068893
1,128,false,count_star,11,50000,1,enum_static,0.068758
1,128,false,count_star,11,50000,2,bound_dynamic,0.068068
1,128,false,count_star,11,50000,3,bound_static,0.067849
1,128,false,count_star,11,50000,4,before,0.069648
1,128,false,count_star,11,50000,5,after,0.067933
1,128,true,max_i64,0,17615,0,enum_static,0.838611
1,128,true,max_i64,0,17615,1,bound_dynamic,0.894685
1,128,true,max_i64,0,17615,2,bound_static,0.837094
1,128,true,max_i64,0,17615,3,before,0.909511
1,128,true,max_i64,0,17615,4,after,0.860633
1,128,true,max_i64,0,17615,5,enum_dynamic,0.905026
1,128,true,max_i64,1,17615,0,bound_dynamic,0.896989
1,128,true,max_i64,1,17615,1,bound_static,0.845496
1,128,true,max_i64,1,17615,2,before,0.909973
1,128,true,max_i64,1,17615,3,after,0.854040
1,128,true,max_i64,1,17615,4,enum_dynamic,0.908374
1,128,true,max_i64,1,17615,5,enum_static,0.849089
1,128,true,max_i64,2,17615,0,bound_static,0.844209
1,128,true,max_i64,2,17615,1,before,0.908262
1,128,true,max_i64,2,17615,2,after,0.855005
1,128,true,max_i64,2,17615,3,enum_dynamic,0.907697
1,128,true,max_i64,2,17615,4,enum_static,0.834705
1,128,true,max_i64,2,17615,5,bound_dynamic,0.884336
1,128,true,max_i64,3,17615,0,before,0.888554
1,128,true,max_i64,3,17615,1,after,0.855440
1,128,true,max_i64,3,17615,2,enum_dynamic,0.904416
1,128,true,max_i64,3,17615,3,enum_static,0.851933
1,128,true,max_i64,3,17615,4,bound_dynamic,0.919841
1,128,true,max_i64,3,17615,5,bound_static,0.888031
1,128,true,max_i64,4,17615,0,after,0.845946
1,128,true,max_i64,4,17615,1,enum_dynamic,0.907032
1,128,true,max_i64,4,17615,2,enum_static,0.849955
1,128,true,max_i64,4,17615,3,bound_dynamic,0.900381
1,128,true,max_i64,4,17615,4,bound_static,0.845158
1,128,true,max_i64,4,17615,5,before,0.907484
1,128,true,max_i64,5,17615,0,enum_dynamic,0.907515
1,128,true,max_i64,5,17615,1,enum_static,0.847230
1,128,true,max_i64,5,17615,2,bound_dynamic,0.899721
1,128,true,max_i64,5,17615,3,bound_static,0.842296
1,128,true,max_i64,5,17615,4,before,0.909620
1,128,true,max_i64,5,17615,5,after,0.861848
1,128,true,max_i64,6,17615,0,enum_static,0.852067
1,128,true,max_i64,6,17615,1,bound_dynamic,0.896002
1,128,true,max_i64,6,17615,2,bound_static,0.845281
1,128,true,max_i64,6,17615,3,before,0.907039
1,128,true,max_i64,6,17615,4,after,0.856093
1,128,true,max_i64,6,17615,5,enum_dynamic,0.905261
1,128,true,max_i64,7,17615,0,bound_dynamic,0.896178
1,128,true,max_i64,7,17615,1,bound_static,0.849231
1,128,true,max_i64,7,17615,2,before,0.906888
1,128,true,max_i64,7,17615,3,after,0.855135
1,128,true,max_i64,7,17615,4,enum_dynamic,0.904069
1,128,true,max_i64,7,17615,5,enum_static,0.852985
1,128,true,max_i64,8,17615,0,bound_static,0.843857
1,128,true,max_i64,8,17615,1,before,0.909353
1,128,true,max_i64,8,17615,2,after,0.851802
1,128,true,max_i64,8,17615,3,enum_dynamic,0.903924
1,128,true,max_i64,8,17615,4,enum_static,0.848141
1,128,true,max_i64,8,17615,5,bound_dynamic,0.897221
1,128,true,max_i64,9,17615,0,before,0.906895
1,128,true,max_i64,9,17615,1,after,0.852363
1,128,true,max_i64,9,17615,2,enum_dynamic,0.905535
1,128,true,max_i64,9,17615,3,enum_static,0.848103
1,128,true,max_i64,9,17615,4,bound_dynamic,0.901069
1,128,true,max_i64,9,17615,5,bound_static,0.842286
1,128,true,max_i64,10,17615,0,after,0.856131
1,128,true,max_i64,10,17615,1,enum_dynamic,0.906008
1,128,true,max_i64,10,17615,2,enum_static,0.850220
1,128,true,max_i64,10,17615,3,bound_dynamic,0.896390
1,128,true,max_i64,10,17615,4,bound_static,0.843885
1,128,true,max_i64,10,17615,5,before,0.906188
1,128,true,max_i64,11,17615,0,enum_dynamic,0.906957
1,128,true,max_i64,11,17615,1,enum_static,0.850953
1,128,true,max_i64,11,17615,2,bound_dynamic,0.897691
1,128,true,max_i64,11,17615,3,bound_static,0.849522
1,128,true,max_i64,11,17615,4,before,0.908875
1,128,true,max_i64,11,17615,5,after,0.854132
1,128,true,min_utf8,0,7452,0,enum_static,2.001599
1,128,true,min_utf8,0,7452,1,bound_dynamic,2.075533
1,128,true,min_utf8,0,7452,2,bound_static,1.990584
1,128,true,min_utf8,0,7452,3,before,2.039889
1,128,true,min_utf8,0,7452,4,after,2.007901
1,128,true,min_utf8,0,7452,5,enum_dynamic,2.076736
1,128,true,min_utf8,1,7452,0,bound_dynamic,2.035052
1,128,true,min_utf8,1,7452,1,bound_static,1.958328
1,128,true,min_utf8,1,7452,2,before,2.012552
1,128,true,min_utf8,1,7452,3,after,1.983729
1,128,true,min_utf8,1,7452,4,enum_dynamic,2.061164
1,128,true,min_utf8,1,7452,5,enum_static,1.971221
1,128,true,min_utf8,2,7452,0,bound_static,1.984434
1,128,true,min_utf8,2,7452,1,before,2.040806
1,128,true,min_utf8,2,7452,2,after,2.019145
1,128,true,min_utf8,2,7452,3,enum_dynamic,2.097552
1,128,true,min_utf8,2,7452,4,enum_static,2.004999
1,128,true,min_utf8,2,7452,5,bound_dynamic,2.073565
1,128,true,min_utf8,3,7452,0,before,2.045335
1,128,true,min_utf8,3,7452,1,after,2.018474
1,128,true,min_utf8,3,7452,2,enum_dynamic,2.091938
1,128,true,min_utf8,3,7452,3,enum_static,2.003142
1,128,true,min_utf8,3,7452,4,bound_dynamic,2.068969
1,128,true,min_utf8,3,7452,5,bound_static,1.962985
1,128,true,min_utf8,4,7452,0,after,1.972681
1,128,true,min_utf8,4,7452,1,enum_dynamic,2.048393
1,128,true,min_utf8,4,7452,2,enum_static,1.962818
1,128,true,min_utf8,4,7452,3,bound_dynamic,2.036886
1,128,true,min_utf8,4,7452,4,bound_static,1.958669
1,128,true,min_utf8,4,7452,5,before,2.007347
1,128,true,min_utf8,5,7452,0,enum_dynamic,2.046738
1,128,true,min_utf8,5,7452,1,enum_static,1.986273
1,128,true,min_utf8,5,7452,2,bound_dynamic,2.080258
1,128,true,min_utf8,5,7452,3,bound_static,2.003947
1,128,true,min_utf8,5,7452,4,before,2.040286
1,128,true,min_utf8,5,7452,5,after,2.008035
1,128,true,min_utf8,6,7452,0,enum_static,2.022835
1,128,true,min_utf8,6,7452,1,bound_dynamic,2.047929
1,128,true,min_utf8,6,7452,2,bound_static,1.961465
1,128,true,min_utf8,6,7452,3,before,2.001996
1,128,true,min_utf8,6,7452,4,after,1.977774
1,128,true,min_utf8,6,7452,5,enum_dynamic,2.055410
1,128,true,min_utf8,7,7452,0,bound_dynamic,2.037960
1,128,true,min_utf8,7,7452,1,bound_static,1.962085
1,128,true,min_utf8,7,7452,2,before,2.006743
1,128,true,min_utf8,7,7452,3,after,2.014851
1,128,true,min_utf8,7,7452,4,enum_dynamic,2.086906
1,128,true,min_utf8,7,7452,5,enum_static,2.001476
1,128,true,min_utf8,8,7452,0,bound_static,1.992401
1,128,true,min_utf8,8,7452,1,before,2.038468
1,128,true,min_utf8,8,7452,2,after,2.013436
1,128,true,min_utf8,8,7452,3,enum_dynamic,2.091267
1,128,true,min_utf8,8,7452,4,enum_static,2.016847
1,128,true,min_utf8,8,7452,5,bound_dynamic,2.069193
1,128,true,min_utf8,9,7452,0,before,2.047392
1,128,true,min_utf8,9,7452,1,after,2.014012
1,128,true,min_utf8,9,7452,2,enum_dynamic,2.090865
1,128,true,min_utf8,9,7452,3,enum_static,2.004719
1,128,true,min_utf8,9,7452,4,bound_dynamic,2.080940
1,128,true,min_utf8,9,7452,5,bound_static,1.994811
1,128,true,min_utf8,10,7452,0,after,2.017451
1,128,true,min_utf8,10,7452,1,enum_dynamic,2.086806
1,128,true,min_utf8,10,7452,2,enum_static,2.004954
1,128,true,min_utf8,10,7452,3,bound_dynamic,2.073331
1,128,true,min_utf8,10,7452,4,bound_static,1.992133
1,128,true,min_utf8,10,7452,5,before,2.040280
1,128,true,min_utf8,11,7452,0,enum_dynamic,2.087437
1,128,true,min_utf8,11,7452,1,enum_static,2.025368
1,128,true,min_utf8,11,7452,2,bound_dynamic,2.033403
1,128,true,min_utf8,11,7452,3,bound_static,1.962409
1,128,true,min_utf8,11,7452,4,before,2.004166
1,128,true,min_utf8,11,7452,5,after,2.003925
1,128,false,count_distinct_i64,0,2770,0,enum_static,5.423857
1,128,false,count_distinct_i64,0,2770,1,bound_dynamic,5.433318
1,128,false,count_distinct_i64,0,2770,2,bound_static,5.684461
1,128,false,count_distinct_i64,0,2770,3,before,5.357957
1,128,false,count_distinct_i64,0,2770,4,after,5.347864
1,128,false,count_distinct_i64,0,2770,5,enum_dynamic,5.339410
1,128,false,count_distinct_i64,1,2770,0,bound_dynamic,5.331092
1,128,false,count_distinct_i64,1,2770,1,bound_static,5.422368
1,128,false,count_distinct_i64,1,2770,2,before,5.461282
1,128,false,count_distinct_i64,1,2770,3,after,5.445171
1,128,false,count_distinct_i64,1,2770,4,enum_dynamic,5.447623
1,128,false,count_distinct_i64,1,2770,5,enum_static,5.409477
1,128,false,count_distinct_i64,2,2770,0,bound_static,5.439636
1,128,false,count_distinct_i64,2,2770,1,before,5.455490
1,128,false,count_distinct_i64,2,2770,2,after,5.440162
1,128,false,count_distinct_i64,2,2770,3,enum_dynamic,5.466321
1,128,false,count_distinct_i64,2,2770,4,enum_static,5.412229
1,128,false,count_distinct_i64,2,2770,5,bound_dynamic,5.424052
1,128,false,count_distinct_i64,3,2770,0,before,5.446901
1,128,false,count_distinct_i64,3,2770,1,after,5.449037
1,128,false,count_distinct_i64,3,2770,2,enum_dynamic,5.440614
1,128,false,count_distinct_i64,3,2770,3,enum_static,5.439952
1,128,false,count_distinct_i64,3,2770,4,bound_dynamic,5.428986
1,128,false,count_distinct_i64,3,2770,5,bound_static,5.454483
1,128,false,count_distinct_i64,4,2770,0,after,5.455581
1,128,false,count_distinct_i64,4,2770,1,enum_dynamic,5.440162
1,128,false,count_distinct_i64,4,2770,2,enum_static,5.426970
1,128,false,count_distinct_i64,4,2770,3,bound_dynamic,5.425406
1,128,false,count_distinct_i64,4,2770,4,bound_static,5.442960
1,128,false,count_distinct_i64,4,2770,5,before,5.453941
1,128,false,count_distinct_i64,5,2770,0,enum_dynamic,5.622954
1,128,false,count_distinct_i64,5,2770,1,enum_static,5.424248
1,128,false,count_distinct_i64,5,2770,2,bound_dynamic,5.345894
1,128,false,count_distinct_i64,5,2770,3,bound_static,5.438012
1,128,false,count_distinct_i64,5,2770,4,before,5.450707
1,128,false,count_distinct_i64,5,2770,5,after,5.476760
1,128,false,count_distinct_i64,6,2770,0,enum_static,5.412169
1,128,false,count_distinct_i64,6,2770,1,bound_dynamic,5.434025
1,128,false,count_distinct_i64,6,2770,2,bound_static,5.435529
1,128,false,count_distinct_i64,6,2770,3,before,5.461552
1,128,false,count_distinct_i64,6,2770,4,after,5.467299
1,128,false,count_distinct_i64,6,2770,5,enum_dynamic,5.441516
1,128,false,count_distinct_i64,7,2770,0,bound_dynamic,5.418592
1,128,false,count_distinct_i64,7,2770,1,bound_static,5.426173
1,128,false,count_distinct_i64,7,2770,2,before,5.452181
1,128,false,count_distinct_i64,7,2770,3,after,5.458679
1,128,false,count_distinct_i64,7,2770,4,enum_dynamic,5.439771
1,128,false,count_distinct_i64,7,2770,5,enum_static,5.365779
1,128,false,count_distinct_i64,8,2770,0,bound_static,5.340373
1,128,false,count_distinct_i64,8,2770,1,before,5.344720
1,128,false,count_distinct_i64,8,2770,2,after,5.358709
1,128,false,count_distinct_i64,8,2770,3,enum_dynamic,5.349474
1,128,false,count_distinct_i64,8,2770,4,enum_static,5.325361
1,128,false,count_distinct_i64,8,2770,5,bound_dynamic,5.327061
1,128,false,count_distinct_i64,9,2770,0,before,5.341636
1,128,false,count_distinct_i64,9,2770,1,after,5.366817
1,128,false,count_distinct_i64,9,2770,2,enum_dynamic,5.350256
1,128,false,count_distinct_i64,9,2770,3,enum_static,5.332762
1,128,false,count_distinct_i64,9,2770,4,bound_dynamic,5.320683
1,128,false,count_distinct_i64,9,2770,5,bound_static,5.335800
1,128,false,count_distinct_i64,10,2770,0,after,5.364561
1,128,false,count_distinct_i64,10,2770,1,enum_dynamic,5.447338
1,128,false,count_distinct_i64,10,2770,2,enum_static,5.420923
1,128,false,count_distinct_i64,10,2770,3,bound_dynamic,5.411342
1,128,false,count_distinct_i64,10,2770,4,bound_static,5.434928
1,128,false,count_distinct_i64,10,2770,5,before,5.444359
1,128,false,count_distinct_i64,11,2770,0,enum_dynamic,5.491396
1,128,false,count_distinct_i64,11,2770,1,enum_static,5.374203
1,128,false,count_distinct_i64,11,2770,2,bound_dynamic,5.347398
1,128,false,count_distinct_i64,11,2770,3,bound_static,5.704137
1,128,false,count_distinct_i64,11,2770,4,before,5.360455
1,128,false,count_distinct_i64,11,2770,5,after,5.350316
1,65536,true,count_star,0,492,0,enum_static,30.565720
1,65536,true,count_star,0,492,1,bound_dynamic,30.688685
1,65536,true,count_star,0,492,2,bound_static,31.205961
1,65536,true,count_star,0,492,3,before,31.555301
1,65536,true,count_star,0,492,4,after,31.169207
1,65536,true,count_star,0,492,5,enum_dynamic,31.129234
1,65536,true,count_star,1,492,0,bound_dynamic,31.159553
1,65536,true,count_star,1,492,1,bound_static,31.118648
1,65536,true,count_star,1,492,2,before,31.675474
1,65536,true,count_star,1,492,3,after,31.171494
1,65536,true,count_star,1,492,4,enum_dynamic,31.144224
1,65536,true,count_star,1,492,5,enum_static,31.144986
1,65536,true,count_star,2,492,0,bound_static,31.149222
1,65536,true,count_star,2,492,1,before,31.712990
1,65536,true,count_star,2,492,2,after,31.121612
1,65536,true,count_star,2,492,3,enum_dynamic,31.152864
1,65536,true,count_star,2,492,4,enum_static,31.128980
1,65536,true,count_star,2,492,5,bound_dynamic,31.187161
1,65536,true,count_star,3,492,0,before,31.625848
1,65536,true,count_star,3,492,1,after,31.096630
1,65536,true,count_star,3,492,2,enum_dynamic,31.161585
1,65536,true,count_star,3,492,3,enum_static,31.078929
1,65536,true,count_star,3,492,4,bound_dynamic,31.184026
1,65536,true,count_star,3,492,5,bound_static,31.128982
1,65536,true,count_star,4,492,0,after,31.296240
1,65536,true,count_star,4,492,1,enum_dynamic,30.727134
1,65536,true,count_star,4,492,2,enum_static,30.632283
1,65536,true,count_star,4,492,3,bound_dynamic,30.548104
1,65536,true,count_star,4,492,4,bound_static,30.537093
1,65536,true,count_star,4,492,5,before,31.682927
1,65536,true,count_star,5,492,0,enum_dynamic,31.134740
1,65536,true,count_star,5,492,1,enum_static,31.082994
1,65536,true,count_star,5,492,2,bound_dynamic,31.123644
1,65536,true,count_star,5,492,3,bound_static,31.101035
1,65536,true,count_star,5,492,4,before,31.624831
1,65536,true,count_star,5,492,5,after,31.110093
1,65536,true,count_star,6,492,0,enum_static,31.091972
1,65536,true,count_star,6,492,1,bound_dynamic,31.088246
1,65536,true,count_star,6,492,2,bound_static,31.118478
1,65536,true,count_star,6,492,3,before,31.643801
1,65536,true,count_star,6,492,4,after,31.032012
1,65536,true,count_star,6,492,5,enum_dynamic,30.606707
1,65536,true,count_star,7,492,0,bound_dynamic,30.610348
1,65536,true,count_star,7,492,1,bound_static,30.526760
1,65536,true,count_star,7,492,2,before,31.528793
1,65536,true,count_star,7,492,3,after,31.098323
1,65536,true,count_star,7,492,4,enum_dynamic,31.232130
1,65536,true,count_star,7,492,5,enum_static,31.116362
1,65536,true,count_star,8,492,0,bound_static,31.167766
1,65536,true,count_star,8,492,1,before,31.658112
1,65536,true,count_star,8,492,2,after,31.165565
1,65536,true,count_star,8,492,3,enum_dynamic,31.154386
1,65536,true,count_star,8,492,4,enum_static,31.217563
1,65536,true,count_star,8,492,5,bound_dynamic,31.107553
1,65536,true,count_star,9,492,0,before,31.566904
1,65536,true,count_star,9,492,1,after,31.084264
1,65536,true,count_star,9,492,2,enum_dynamic,31.186315
1,65536,true,count_star,9,492,3,enum_static,31.199695
1,65536,true,count_star,9,492,4,bound_dynamic,31.101543
1,65536,true,count_star,9,492,5,bound_static,31.233994
1,65536,true,count_star,10,492,0,after,31.158451
1,65536,true,count_star,10,492,1,enum_dynamic,32.020919
1,65536,true,count_star,10,492,2,enum_static,30.569697
1,65536,true,count_star,10,492,3,bound_dynamic,30.683098
1,65536,true,count_star,10,492,4,bound_static,30.826474
1,65536,true,count_star,10,492,5,before,31.472730
1,65536,true,count_star,11,492,0,enum_dynamic,31.133809
1,65536,true,count_star,11,492,1,enum_static,31.112551
1,65536,true,count_star,11,492,2,bound_dynamic,31.202490
1,65536,true,count_star,11,492,3,bound_static,31.086805
1,65536,true,count_star,11,492,4,before,31.684537
1,65536,true,count_star,11,492,5,after,31.156841
1,8192,true,sum_u64,0,892,0,enum_static,16.744955
1,8192,true,sum_u64,0,892,1,bound_dynamic,16.787882
1,8192,true,sum_u64,0,892,2,bound_static,16.874860
1,8192,true,sum_u64,0,892,3,before,16.853419
1,8192,true,sum_u64,0,892,4,after,16.884762
1,8192,true,sum_u64,0,892,5,enum_dynamic,16.855334
1,8192,true,sum_u64,1,892,0,bound_dynamic,16.865984
1,8192,true,sum_u64,1,892,1,bound_static,16.858511
1,8192,true,sum_u64,1,892,2,before,16.921992
1,8192,true,sum_u64,1,892,3,after,16.863649
1,8192,true,sum_u64,1,892,4,enum_dynamic,16.970852
1,8192,true,sum_u64,1,892,5,enum_static,16.848188
1,8192,true,sum_u64,2,892,0,bound_static,16.900832
1,8192,true,sum_u64,2,892,1,before,16.881400
1,8192,true,sum_u64,2,892,2,after,16.849589
1,8192,true,sum_u64,2,892,3,enum_dynamic,16.880886
1,8192,true,sum_u64,2,892,4,enum_static,16.848888
1,8192,true,sum_u64,2,892,5,bound_dynamic,17.021300
1,8192,true,sum_u64,3,892,0,before,16.579970
1,8192,true,sum_u64,3,892,1,after,16.867853
1,8192,true,sum_u64,3,892,2,enum_dynamic,16.911950
1,8192,true,sum_u64,3,892,3,enum_static,16.894526
1,8192,true,sum_u64,3,892,4,bound_dynamic,16.885370
1,8192,true,sum_u64,3,892,5,bound_static,16.869067
1,8192,true,sum_u64,4,892,0,after,16.841834
1,8192,true,sum_u64,4,892,1,enum_dynamic,16.839873
1,8192,true,sum_u64,4,892,2,enum_static,16.878363
1,8192,true,sum_u64,4,892,3,bound_dynamic,16.933950
1,8192,true,sum_u64,4,892,4,bound_static,16.613322
1,8192,true,sum_u64,4,892,5,before,16.834361
1,8192,true,sum_u64,5,892,0,enum_dynamic,16.850383
1,8192,true,sum_u64,5,892,1,enum_static,16.832725
1,8192,true,sum_u64,5,892,2,bound_dynamic,16.839406
1,8192,true,sum_u64,5,892,3,bound_static,16.958100
1,8192,true,sum_u64,5,892,4,before,16.867526
1,8192,true,sum_u64,5,892,5,after,16.874906
1,8192,true,sum_u64,6,892,0,enum_static,16.835857
1,8192,true,sum_u64,6,892,1,bound_dynamic,16.881493
1,8192,true,sum_u64,6,892,2,bound_static,16.861360
1,8192,true,sum_u64,6,892,3,before,16.850571
1,8192,true,sum_u64,6,892,4,after,16.846647
1,8192,true,sum_u64,6,892,5,enum_dynamic,16.871309
1,8192,true,sum_u64,7,892,0,bound_dynamic,16.852672
1,8192,true,sum_u64,7,892,1,bound_static,16.903400
1,8192,true,sum_u64,7,892,2,before,16.880698
1,8192,true,sum_u64,7,892,3,after,16.824506
1,8192,true,sum_u64,7,892,4,enum_dynamic,16.896441
1,8192,true,sum_u64,7,892,5,enum_static,16.863322
1,8192,true,sum_u64,8,892,0,bound_static,16.836183
1,8192,true,sum_u64,8,892,1,before,16.881586
1,8192,true,sum_u64,8,892,2,after,16.900645
1,8192,true,sum_u64,8,892,3,enum_dynamic,16.863462
1,8192,true,sum_u64,8,892,4,enum_static,16.838658
1,8192,true,sum_u64,8,892,5,bound_dynamic,16.848374
1,8192,true,sum_u64,9,892,0,before,16.852906
1,8192,true,sum_u64,9,892,1,after,16.978980
1,8192,true,sum_u64,9,892,2,enum_dynamic,16.817685
1,8192,true,sum_u64,9,892,3,enum_static,16.891723
1,8192,true,sum_u64,9,892,4,bound_dynamic,16.839733
1,8192,true,sum_u64,9,892,5,bound_static,16.893731
1,8192,true,sum_u64,10,892,0,after,16.846179
1,8192,true,sum_u64,10,892,1,enum_dynamic,16.886678
1,8192,true,sum_u64,10,892,2,enum_static,16.895740
1,8192,true,sum_u64,10,892,3,bound_dynamic,16.852626
1,8192,true,sum_u64,10,892,4,bound_static,16.874533
1,8192,true,sum_u64,10,892,5,before,16.833941
1,8192,true,sum_u64,11,892,0,enum_dynamic,16.839639
1,8192,true,sum_u64,11,892,1,enum_static,16.860659
1,8192,true,sum_u64,11,892,2,bound_dynamic,16.829970
1,8192,true,sum_u64,11,892,3,bound_static,16.850383
1,8192,true,sum_u64,11,892,4,before,16.880652
1,8192,true,sum_u64,11,892,5,after,16.842955
1,8192,true,min_utf8,0,140,0,enum_static,106.928571
1,8192,true,min_utf8,0,140,1,bound_dynamic,111.038986
1,8192,true,min_utf8,0,140,2,bound_static,106.461014
1,8192,true,min_utf8,0,140,3,before,109.378864
1,8192,true,min_utf8,0,140,4,after,106.575593
1,8192,true,min_utf8,0,140,5,enum_dynamic,109.691964
1,8192,true,min_utf8,1,140,0,bound_dynamic,110.911607
1,8192,true,min_utf8,1,140,1,bound_static,107.141071
1,8192,true,min_utf8,1,140,2,before,109.852679
1,8192,true,min_utf8,1,140,3,after,105.874707
1,8192,true,min_utf8,1,140,4,enum_dynamic,107.977379
1,8192,true,min_utf8,1,140,5,enum_static,105.780357
1,8192,true,min_utf8,2,140,0,bound_static,106.068150
1,8192,true,min_utf8,2,140,1,before,110.499407
1,8192,true,min_utf8,2,140,2,after,105.905357
1,8192,true,min_utf8,2,140,3,enum_dynamic,110.988093
1,8192,true,min_utf8,2,140,4,enum_static,105.781250
1,8192,true,min_utf8,2,140,5,bound_dynamic,110.379171
1,8192,true,min_utf8,3,140,0,before,109.865779
1,8192,true,min_utf8,3,140,1,after,105.819043
1,8192,true,min_utf8,3,140,2,enum_dynamic,109.996129
1,8192,true,min_utf8,3,140,3,enum_static,105.651186
1,8192,true,min_utf8,3,140,4,bound_dynamic,110.707143
1,8192,true,min_utf8,3,140,5,bound_static,106.540179
1,8192,true,min_utf8,4,140,0,after,103.944943
1,8192,true,min_utf8,4,140,1,enum_dynamic,108.979764
1,8192,true,min_utf8,4,140,2,enum_static,104.004764
1,8192,true,min_utf8,4,140,3,bound_dynamic,109.312800
1,8192,true,min_utf8,4,140,4,bound_static,104.640779
1,8192,true,min_utf8,4,140,5,before,107.629757
1,8192,true,min_utf8,5,140,0,enum_dynamic,107.775293
1,8192,true,min_utf8,5,140,1,enum_static,104.602971
1,8192,true,min_utf8,5,140,2,bound_dynamic,107.911907
1,8192,true,min_utf8,5,140,3,bound_static,104.830057
1,8192,true,min_utf8,5,140,4,before,108.072914
1,8192,true,min_utf8,5,140,5,after,105.039579
1,8192,true,min_utf8,6,140,0,enum_static,105.346129
1,8192,true,min_utf8,6,140,1,bound_dynamic,107.659521
1,8192,true,min_utf8,6,140,2,bound_static,104.639286
1,8192,true,min_utf8,6,140,3,before,108.070536
1,8192,true,min_utf8,6,140,4,after,104.608036
1,8192,true,min_utf8,6,140,5,enum_dynamic,108.535121
1,8192,true,min_utf8,7,140,0,bound_dynamic,109.256250
1,8192,true,min_utf8,7,140,1,bound_static,104.932443
1,8192,true,min_utf8,7,140,2,before,108.383036
1,8192,true,min_utf8,7,140,3,after,106.216364
1,8192,true,min_utf8,7,140,4,enum_dynamic,110.297621
1,8192,true,min_utf8,7,140,5,enum_static,105.745829
1,8192,true,min_utf8,8,140,0,bound_static,104.141964
1,8192,true,min_utf8,8,140,1,before,108.016664
1,8192,true,min_utf8,8,140,2,after,105.323214
1,8192,true,min_utf8,8,140,3,enum_dynamic,110.456250
1,8192,true,min_utf8,8,140,4,enum_static,106.375893
1,8192,true,min_utf8,8,140,5,bound_dynamic,109.863686
1,8192,true,min_utf8,9,140,0,before,109.612500
1,8192,true,min_utf8,9,140,1,after,105.679757
1,8192,true,min_utf8,9,140,2,enum_dynamic,110.746721
1,8192,true,min_utf8,9,140,3,enum_static,106.636307
1,8192,true,min_utf8,9,140,4,bound_dynamic,109.528571
1,8192,true,min_utf8,9,140,5,bound_static,103.734529
1,8192,true,min_utf8,10,140,0,after,103.715479
1,8192,true,min_utf8,10,140,1,enum_dynamic,110.315471
1,8192,true,min_utf8,10,140,2,enum_static,103.822321
1,8192,true,min_utf8,10,140,3,bound_dynamic,108.823507
1,8192,true,min_utf8,10,140,4,bound_static,105.227979
1,8192,true,min_utf8,10,140,5,before,107.482443
1,8192,true,min_utf8,11,140,0,enum_dynamic,107.938686
1,8192,true,min_utf8,11,140,1,enum_static,104.675000
1,8192,true,min_utf8,11,140,2,bound_dynamic,108.026786
1,8192,true,min_utf8,11,140,3,bound_static,104.446729
1,8192,true,min_utf8,11,140,4,before,108.202379
1,8192,true,min_utf8,11,140,5,after,104.531843
1,65536,true,count_i64,0,297,0,enum_static,50.802609
1,65536,true,count_i64,0,297,1,bound_dynamic,50.761923
1,65536,true,count_i64,0,297,2,bound_static,50.991303
1,65536,true,count_i64,0,297,3,before,50.342310
1,65536,true,count_i64,0,297,4,after,52.472505
1,65536,true,count_i64,0,297,5,enum_dynamic,50.919051
1,65536,true,count_i64,1,297,0,bound_dynamic,50.865603
1,65536,true,count_i64,1,297,1,bound_static,50.864057
1,65536,true,count_i64,1,297,2,before,50.371071
1,65536,true,count_i64,1,297,3,after,51.233024
1,65536,true,count_i64,1,297,4,enum_dynamic,50.676626
1,65536,true,count_i64,1,297,5,enum_static,50.872337
1,65536,true,count_i64,2,297,0,bound_static,50.816077
1,65536,true,count_i64,2,297,1,before,50.230219
1,65536,true,count_i64,2,297,2,after,51.276795
1,65536,true,count_i64,2,297,3,enum_dynamic,50.766273
1,65536,true,count_i64,2,297,4,enum_static,50.718714
1,65536,true,count_i64,2,297,5,bound_dynamic,50.686027
1,65536,true,count_i64,3,297,0,before,50.719697
1,65536,true,count_i64,3,297,1,after,51.296576
1,65536,true,count_i64,3,297,2,enum_dynamic,50.725731
1,65536,true,count_i64,3,297,3,enum_static,51.884539
1,65536,true,count_i64,3,297,4,bound_dynamic,50.778478
1,65536,true,count_i64,3,297,5,bound_static,50.748175
1,65536,true,count_i64,4,297,0,after,52.041667
1,65536,true,count_i64,4,297,1,enum_dynamic,51.705246
1,65536,true,count_i64,4,297,2,enum_static,51.799522
1,65536,true,count_i64,4,297,3,bound_dynamic,51.880754
1,65536,true,count_i64,4,297,4,bound_static,51.989758
1,65536,true,count_i64,4,297,5,before,51.387347
1,65536,true,count_i64,5,297,0,enum_dynamic,51.835300
1,65536,true,count_i64,5,297,1,enum_static,51.718993
1,65536,true,count_i64,5,297,2,bound_dynamic,51.597360
1,65536,true,count_i64,5,297,3,bound_static,51.753226
1,65536,true,count_i64,5,297,4,before,51.103815
1,65536,true,count_i64,5,297,5,after,52.288721
1,65536,true,count_i64,6,297,0,enum_static,51.626121
1,65536,true,count_i64,6,297,1,bound_dynamic,51.684623
1,65536,true,count_i64,6,297,2,bound_static,51.158391
1,65536,true,count_i64,6,297,3,before,50.340771
1,65536,true,count_i64,6,297,4,after,51.426906
1,65536,true,count_i64,6,297,5,enum_dynamic,50.821690
1,65536,true,count_i64,7,297,0,bound_dynamic,50.842455
1,65536,true,count_i64,7,297,1,bound_static,50.905020
1,65536,true,count_i64,7,297,2,before,50.964646
1,65536,true,count_i64,7,297,3,after,52.372754
1,65536,true,count_i64,7,297,4,enum_dynamic,51.780303
1,65536,true,count_i64,7,297,5,enum_static,51.657125
1,65536,true,count_i64,8,297,0,bound_static,51.912596
1,65536,true,count_i64,8,297,1,before,51.303589
1,65536,true,count_i64,8,297,2,after,52.356761
1,65536,true,count_i64,8,297,3,enum_dynamic,50.834037
1,65536,true,count_i64,8,297,4,enum_static,51.690236
1,65536,true,count_i64,8,297,5,bound_dynamic,51.860131
1,65536,true,count_i64,9,297,0,before,51.305273
1,65536,true,count_i64,9,297,1,after,52.285916
1,65536,true,count_i64,9,297,2,enum_dynamic,52.277636
1,65536,true,count_i64,9,297,3,enum_static,51.764589
1,65536,true,count_i64,9,297,4,bound_dynamic,51.562010
1,65536,true,count_i64,9,297,5,bound_static,50.844697
1,65536,true,count_i64,10,297,0,after,51.312990
1,65536,true,count_i64,10,297,1,enum_dynamic,50.785354
1,65536,true,count_i64,10,297,2,enum_static,50.742704
1,65536,true,count_i64,10,297,3,bound_dynamic,50.765714
1,65536,true,count_i64,10,297,4,bound_static,50.845960
1,65536,true,count_i64,10,297,5,before,51.168067
1,65536,true,count_i64,11,297,0,enum_dynamic,51.685465
1,65536,true,count_i64,11,297,1,enum_static,52.900253
1,65536,true,count_i64,11,297,2,bound_dynamic,51.801347
1,65536,true,count_i64,11,297,3,bound_static,50.956370
1,65536,true,count_i64,11,297,4,before,50.350589
1,65536,true,count_i64,11,297,5,after,51.387626
