process,rows,nullable,case,sample,iterations,position,variant,us_per_batch
0,128,true,count_star,0,50000,0,enum_dynamic,0.073089
0,128,true,count_star,0,50000,1,enum_static,0.072868
0,128,true,count_star,0,50000,2,bound_dynamic,0.072169
0,128,true,count_star,0,50000,3,bound_static,0.072404
0,128,true,count_star,0,50000,4,before,0.073961
0,128,true,count_star,0,50000,5,after,0.073077
0,128,true,count_star,1,50000,0,enum_static,0.072930
0,128,true,count_star,1,50000,1,bound_dynamic,0.072263
0,128,true,count_star,1,50000,2,bound_static,0.072453
0,128,true,count_star,1,50000,3,before,0.073365
0,128,true,count_star,1,50000,4,after,0.071305
0,128,true,count_star,1,50000,5,enum_dynamic,0.073979
0,128,true,count_star,2,50000,0,bound_dynamic,0.071668
0,128,true,count_star,2,50000,1,bound_static,0.072482
0,128,true,count_star,2,50000,2,before,0.074692
0,128,true,count_star,2,50000,3,after,0.074792
0,128,true,count_star,2,50000,4,enum_dynamic,0.073473
0,128,true,count_star,2,50000,5,enum_static,0.073976
0,128,true,count_star,3,50000,0,bound_static,0.073502
0,128,true,count_star,3,50000,1,before,0.078168
0,128,true,count_star,3,50000,2,after,0.101994
0,128,true,count_star,3,50000,3,enum_dynamic,0.073688
0,128,true,count_star,3,50000,4,enum_static,0.073798
0,128,true,count_star,3,50000,5,bound_dynamic,0.072987
0,128,true,count_star,4,50000,0,before,0.075960
0,128,true,count_star,4,50000,1,after,0.073738
0,128,true,count_star,4,50000,2,enum_dynamic,0.095007
0,128,true,count_star,4,50000,3,enum_static,0.080227
0,128,true,count_star,4,50000,4,bound_dynamic,0.079927
0,128,true,count_star,4,50000,5,bound_static,0.077042
0,128,true,count_star,5,50000,0,after,0.083992
0,128,true,count_star,5,50000,1,enum_dynamic,0.079159
0,128,true,count_star,5,50000,2,enum_static,0.076578
0,128,true,count_star,5,50000,3,bound_dynamic,0.084699
0,128,true,count_star,5,50000,4,bound_static,0.086470
0,128,true,count_star,5,50000,5,before,0.081573
0,128,true,count_star,6,50000,0,enum_dynamic,0.080639
0,128,true,count_star,6,50000,1,enum_static,0.082381
0,128,true,count_star,6,50000,2,bound_dynamic,0.079083
0,128,true,count_star,6,50000,3,bound_static,0.082990
0,128,true,count_star,6,50000,4,before,0.081616
0,128,true,count_star,6,50000,5,after,0.079778
0,128,true,count_star,7,50000,0,enum_static,0.079774
0,128,true,count_star,7,50000,1,bound_dynamic,0.082810
0,128,true,count_star,7,50000,2,bound_static,0.075202
0,128,true,count_star,7,50000,3,before,0.078188
0,128,true,count_star,7,50000,4,after,0.076560
0,128,true,count_star,7,50000,5,enum_dynamic,0.082252
0,128,true,count_star,8,50000,0,bound_dynamic,0.074905
0,128,true,count_star,8,50000,1,bound_static,0.076428
0,128,true,count_star,8,50000,2,before,0.082951
0,128,true,count_star,8,50000,3,after,0.077902
0,128,true,count_star,8,50000,4,enum_dynamic,0.081747
0,128,true,count_star,8,50000,5,enum_static,0.077628
0,128,true,count_star,9,50000,0,bound_static,0.081583
0,128,true,count_star,9,50000,1,before,0.087238
0,128,true,count_star,9,50000,2,after,0.081724
0,128,true,count_star,9,50000,3,enum_dynamic,0.084454
0,128,true,count_star,9,50000,4,enum_static,0.085742
0,128,true,count_star,9,50000,5,bound_dynamic,0.079238
0,128,true,count_star,10,50000,0,before,0.087949
0,128,true,count_star,10,50000,1,after,0.079704
0,128,true,count_star,10,50000,2,enum_dynamic,0.078959
0,128,true,count_star,10,50000,3,enum_static,0.081886
0,128,true,count_star,10,50000,4,bound_dynamic,0.079910
0,128,true,count_star,10,50000,5,bound_static,0.079350
0,128,true,count_star,11,50000,0,after,0.079048
0,128,true,count_star,11,50000,1,enum_dynamic,0.084558
0,128,true,count_star,11,50000,2,enum_static,0.081393
0,128,true,count_star,11,50000,3,bound_dynamic,0.083324
0,128,true,count_star,11,50000,4,bound_static,0.082763
0,128,true,count_star,11,50000,5,before,0.083218
0,8192,false,covar_i64,0,560,0,enum_dynamic,31.773287
0,8192,false,covar_i64,0,560,1,enum_static,31.384225
0,8192,false,covar_i64,0,560,2,bound_dynamic,30.669793
0,8192,false,covar_i64,0,560,3,bound_static,31.187427
0,8192,false,covar_i64,0,560,4,before,32.232813
0,8192,false,covar_i64,0,560,5,after,30.719568
0,8192,false,covar_i64,1,560,0,enum_static,30.190104
0,8192,false,covar_i64,1,560,1,bound_dynamic,30.318750
0,8192,false,covar_i64,1,560,2,bound_static,29.795461
0,8192,false,covar_i64,1,560,3,before,31.061384
0,8192,false,covar_i64,1,560,4,after,29.814138
0,8192,false,covar_i64,1,560,5,enum_dynamic,30.246950
0,8192,false,covar_i64,2,560,0,bound_dynamic,30.405282
0,8192,false,covar_i64,2,560,1,bound_static,29.444570
0,8192,false,covar_i64,2,560,2,before,30.170832
0,8192,false,covar_i64,2,560,3,after,30.046652
0,8192,false,covar_i64,2,560,4,enum_dynamic,29.518900
0,8192,false,covar_i64,2,560,5,enum_static,30.764359
0,8192,false,covar_i64,3,560,0,bound_static,31.641518
0,8192,false,covar_i64,3,560,1,before,30.809598
0,8192,false,covar_i64,3,560,2,after,30.030879
0,8192,false,covar_i64,3,560,3,enum_dynamic,30.093602
0,8192,false,covar_i64,3,560,4,enum_static,30.689882
0,8192,false,covar_i64,3,560,5,bound_dynamic,30.044643
0,8192,false,covar_i64,4,560,0,before,31.549554
0,8192,false,covar_i64,4,560,1,after,28.924034
0,8192,false,covar_i64,4,560,2,enum_dynamic,30.362946
0,8192,false,covar_i64,4,560,3,enum_static,29.836905
0,8192,false,covar_i64,4,560,4,bound_dynamic,29.830134
0,8192,false,covar_i64,4,560,5,bound_static,30.579687
0,8192,false,covar_i64,5,560,0,after,30.459152
0,8192,false,covar_i64,5,560,1,enum_dynamic,30.672620
0,8192,false,covar_i64,5,560,2,enum_static,30.301936
0,8192,false,covar_i64,5,560,3,bound_dynamic,30.407739
0,8192,false,covar_i64,5,560,4,bound_static,30.218602
0,8192,false,covar_i64,5,560,5,before,30.990252
0,8192,false,covar_i64,6,560,0,enum_dynamic,37.035788
0,8192,false,covar_i64,6,560,1,enum_static,34.734523
0,8192,false,covar_i64,6,560,2,bound_dynamic,33.497098
0,8192,false,covar_i64,6,560,3,bound_static,34.414138
0,8192,false,covar_i64,6,560,4,before,41.459970
0,8192,false,covar_i64,6,560,5,after,45.419939
0,8192,false,covar_i64,7,560,0,enum_static,27.881027
0,8192,false,covar_i64,7,560,1,bound_dynamic,31.932366
0,8192,false,covar_i64,7,560,2,bound_static,63.454166
0,8192,false,covar_i64,7,560,3,before,36.555430
0,8192,false,covar_i64,7,560,4,after,47.857291
0,8192,false,covar_i64,7,560,5,enum_dynamic,28.511311
0,8192,false,covar_i64,8,560,0,bound_dynamic,28.208780
0,8192,false,covar_i64,8,560,1,bound_static,28.109450
0,8192,false,covar_i64,8,560,2,before,28.832366
0,8192,false,covar_i64,8,560,3,after,28.077977
0,8192,false,covar_i64,8,560,4,enum_dynamic,30.508632
0,8192,false,covar_i64,8,560,5,enum_static,27.961755
0,8192,false,covar_i64,9,560,0,bound_static,27.961532
0,8192,false,covar_i64,9,560,1,before,29.257218
0,8192,false,covar_i64,9,560,2,after,31.006548
0,8192,false,covar_i64,9,560,3,enum_dynamic,31.903498
0,8192,false,covar_i64,9,560,4,enum_static,28.629464
0,8192,false,covar_i64,9,560,5,bound_dynamic,31.739584
0,8192,false,covar_i64,10,560,0,before,32.814434
0,8192,false,covar_i64,10,560,1,after,47.078943
0,8192,false,covar_i64,10,560,2,enum_dynamic,27.961457
0,8192,false,covar_i64,10,560,3,enum_static,28.213987
0,8192,false,covar_i64,10,560,4,bound_dynamic,28.316445
0,8192,false,covar_i64,10,560,5,bound_static,28.305134
0,8192,false,covar_i64,11,560,0,after,28.233184
0,8192,false,covar_i64,11,560,1,enum_dynamic,28.130357
0,8192,false,covar_i64,11,560,2,enum_static,28.091518
0,8192,false,covar_i64,11,560,3,bound_dynamic,29.032664
0,8192,false,covar_i64,11,560,4,bound_static,49.141964
0,8192,false,covar_i64,11,560,5,before,28.684821
0,128,true,count_distinct_i64,0,2750,0,enum_dynamic,6.665773
0,128,true,count_distinct_i64,0,2750,1,enum_static,10.831788
0,128,true,count_distinct_i64,0,2750,2,bound_dynamic,5.493500
0,128,true,count_distinct_i64,0,2750,3,bound_static,5.495576
0,128,true,count_distinct_i64,0,2750,4,before,5.508970
0,128,true,count_distinct_i64,0,2750,5,after,5.544470
0,128,true,count_distinct_i64,1,2750,0,enum_static,5.497757
0,128,true,count_distinct_i64,1,2750,1,bound_dynamic,5.501970
0,128,true,count_distinct_i64,1,2750,2,bound_static,5.476121
0,128,true,count_distinct_i64,1,2750,3,before,5.486030
0,128,true,count_distinct_i64,1,2750,4,after,5.489151
0,128,true,count_distinct_i64,1,2750,5,enum_dynamic,5.540697
0,128,true,count_distinct_i64,2,2750,0,bound_dynamic,5.615909
0,128,true,count_distinct_i64,2,2750,1,bound_static,5.531227
0,128,true,count_distinct_i64,2,2750,2,before,5.505909
0,128,true,count_distinct_i64,2,2750,3,after,5.469985
0,128,true,count_distinct_i64,2,2750,4,enum_dynamic,5.521742
0,128,true,count_distinct_i64,2,2750,5,enum_static,5.627152
0,128,true,count_distinct_i64,3,2750,0,bound_static,12.508045
0,128,true,count_distinct_i64,3,2750,1,before,6.731364
0,128,true,count_distinct_i64,3,2750,2,after,5.489394
0,128,true,count_distinct_i64,3,2750,3,enum_dynamic,5.536515
0,128,true,count_distinct_i64,3,2750,4,enum_static,5.581621
0,128,true,count_distinct_i64,3,2750,5,bound_dynamic,5.677621
0,128,true,count_distinct_i64,4,2750,0,before,5.557136
0,128,true,count_distinct_i64,4,2750,1,after,5.547651
0,128,true,count_distinct_i64,4,2750,2,enum_dynamic,5.513545
0,128,true,count_distinct_i64,4,2750,3,enum_static,5.889273
0,128,true,count_distinct_i64,4,2750,4,bound_dynamic,5.562288
0,128,true,count_distinct_i64,4,2750,5,bound_static,5.471409
0,128,true,count_distinct_i64,5,2750,0,after,5.343833
0,128,true,count_distinct_i64,5,2750,1,enum_dynamic,5.339182
0,128,true,count_distinct_i64,5,2750,2,enum_static,5.420848
0,128,true,count_distinct_i64,5,2750,3,bound_dynamic,5.572606
0,128,true,count_distinct_i64,5,2750,4,bound_static,5.576424
0,128,true,count_distinct_i64,5,2750,5,before,5.312833
0,128,true,count_distinct_i64,6,2750,0,enum_dynamic,5.361106
0,128,true,count_distinct_i64,6,2750,1,enum_static,5.316530
0,128,true,count_distinct_i64,6,2750,2,bound_dynamic,5.320379
0,128,true,count_distinct_i64,6,2750,3,bound_static,5.333591
0,128,true,count_distinct_i64,6,2750,4,before,5.282303
0,128,true,count_distinct_i64,6,2750,5,after,5.311455
0,128,true,count_distinct_i64,7,2750,0,enum_static,5.335257
0,128,true,count_distinct_i64,7,2750,1,bound_dynamic,5.269318
0,128,true,count_distinct_i64,7,2750,2,bound_static,5.273045
0,128,true,count_distinct_i64,7,2750,3,before,5.327560
0,128,true,count_distinct_i64,7,2750,4,after,5.352455
0,128,true,count_distinct_i64,7,2750,5,enum_dynamic,5.355121
0,128,true,count_distinct_i64,8,2750,0,bound_dynamic,5.316212
0,128,true,count_distinct_i64,8,2750,1,bound_static,5.317909
0,128,true,count_distinct_i64,8,2750,2,before,5.316515
0,128,true,count_distinct_i64,8,2750,3,after,5.309788
0,128,true,count_distinct_i64,8,2750,4,enum_dynamic,5.328985
0,128,true,count_distinct_i64,8,2750,5,enum_static,5.291545
0,128,true,count_distinct_i64,9,2750,0,bound_static,5.309136
0,128,true,count_distinct_i64,9,2750,1,before,5.296939
0,128,true,count_distinct_i64,9,2750,2,after,5.303849
0,128,true,count_distinct_i64,9,2750,3,enum_dynamic,5.297015
0,128,true,count_distinct_i64,9,2750,4,enum_static,5.282409
0,128,true,count_distinct_i64,9,2750,5,bound_dynamic,5.302955
0,128,true,count_distinct_i64,10,2750,0,before,5.316515
0,128,true,count_distinct_i64,10,2750,1,after,5.326303
0,128,true,count_distinct_i64,10,2750,2,enum_dynamic,5.292530
0,128,true,count_distinct_i64,10,2750,3,enum_static,5.291636
0,128,true,count_distinct_i64,10,2750,4,bound_dynamic,5.308076
0,128,true,count_distinct_i64,10,2750,5,bound_static,5.242621
0,128,true,count_distinct_i64,11,2750,0,after,5.315833
0,128,true,count_distinct_i64,11,2750,1,enum_dynamic,5.304909
0,128,true,count_distinct_i64,11,2750,2,enum_static,5.277894
0,128,true,count_distinct_i64,11,2750,3,bound_dynamic,5.317015
0,128,true,count_distinct_i64,11,2750,4,bound_static,5.189697
0,128,true,count_distinct_i64,11,2750,5,before,5.306318
0,65536,true,sum_u64,0,112,0,enum_dynamic,134.853054
0,65536,true,sum_u64,0,112,1,enum_static,134.963170
0,65536,true,sum_u64,0,112,2,bound_dynamic,135.101196
0,65536,true,sum_u64,0,112,3,bound_static,134.816214
0,65536,true,sum_u64,0,112,4,before,134.629098
0,65536,true,sum_u64,0,112,5,after,133.504830
0,65536,true,sum_u64,1,112,0,enum_static,135.826634
0,65536,true,sum_u64,1,112,1,bound_dynamic,137.286080
0,65536,true,sum_u64,1,112,2,bound_static,143.519339
0,65536,true,sum_u64,1,112,3,before,139.145089
0,65536,true,sum_u64,1,112,4,after,140.186759
0,65536,true,sum_u64,1,112,5,enum_dynamic,139.534598
0,65536,true,sum_u64,2,112,0,bound_dynamic,138.786080
0,65536,true,sum_u64,2,112,1,bound_static,136.903652
0,65536,true,sum_u64,2,112,2,before,135.865696
0,65536,true,sum_u64,2,112,3,after,140.940473
0,65536,true,sum_u64,2,112,4,enum_dynamic,131.703866
0,65536,true,sum_u64,2,112,5,enum_static,131.271580
0,65536,true,sum_u64,3,112,0,bound_static,132.200893
0,65536,true,sum_u64,3,112,1,before,131.742938
0,65536,true,sum_u64,3,112,2,after,131.480286
0,65536,true,sum_u64,3,112,3,enum_dynamic,131.066964
0,65536,true,sum_u64,3,112,4,enum_static,131.304313
0,65536,true,sum_u64,3,112,5,bound_dynamic,130.917036
0,65536,true,sum_u64,4,112,0,before,131.132071
0,65536,true,sum_u64,4,112,1,after,132.311009
0,65536,true,sum_u64,4,112,2,enum_dynamic,131.007438
0,65536,true,sum_u64,4,112,3,enum_static,130.614955
0,65536,true,sum_u64,4,112,4,bound_dynamic,130.517857
0,65536,true,sum_u64,4,112,5,bound_static,130.834455
0,65536,true,sum_u64,5,112,0,after,130.470241
0,65536,true,sum_u64,5,112,1,enum_dynamic,130.492929
0,65536,true,sum_u64,5,112,2,enum_static,132.363464
0,65536,true,sum_u64,5,112,3,bound_dynamic,132.445679
0,65536,true,sum_u64,5,112,4,bound_static,130.513759
0,65536,true,sum_u64,5,112,5,before,130.749250
0,65536,true,sum_u64,6,112,0,enum_dynamic,131.161455
0,65536,true,sum_u64,6,112,1,enum_static,130.831839
0,65536,true,sum_u64,6,112,2,bound_dynamic,130.861982
0,65536,true,sum_u64,6,112,3,bound_static,130.814357
0,65536,true,sum_u64,6,112,4,before,130.821429
0,65536,true,sum_u64,6,112,5,after,130.957589
0,65536,true,sum_u64,7,112,0,enum_static,130.803946
0,65536,true,sum_u64,7,112,1,bound_dynamic,130.906250
0,65536,true,sum_u64,7,112,2,bound_static,130.868304
0,65536,true,sum_u64,7,112,3,before,130.959821
0,65536,true,sum_u64,7,112,4,after,130.710938
0,65536,true,sum_u64,7,112,5,enum_dynamic,130.993304
0,65536,true,sum_u64,8,112,0,bound_dynamic,132.882812
0,65536,true,sum_u64,8,112,1,bound_static,131.112348
0,65536,true,sum_u64,8,112,2,before,130.880214
0,65536,true,sum_u64,8,112,3,after,130.559152
0,65536,true,sum_u64,8,112,4,enum_dynamic,131.245902
0,65536,true,sum_u64,8,112,5,enum_static,130.834455
0,65536,true,sum_u64,9,112,0,bound_static,130.765991
0,65536,true,sum_u64,9,112,1,before,130.763393
0,65536,true,sum_u64,9,112,2,after,130.423366
0,65536,true,sum_u64,9,112,3,enum_dynamic,133.767116
0,65536,true,sum_u64,9,112,4,enum_static,131.000375
0,65536,true,sum_u64,9,112,5,bound_dynamic,130.540179
0,65536,true,sum_u64,10,112,0,before,130.859750
0,65536,true,sum_u64,10,112,1,after,130.417036
0,65536,true,sum_u64,10,112,2,enum_dynamic,130.851196
0,65536,true,sum_u64,10,112,3,enum_static,131.793902
0,65536,true,sum_u64,10,112,4,bound_dynamic,130.934902
0,65536,true,sum_u64,10,112,5,bound_static,131.288312
0,65536,true,sum_u64,11,112,0,after,131.056179
0,65536,true,sum_u64,11,112,1,enum_dynamic,131.266000
0,65536,true,sum_u64,11,112,2,enum_static,130.773804
0,65536,true,sum_u64,11,112,3,bound_dynamic,130.582955
0,65536,true,sum_u64,11,112,4,bound_static,131.466893
0,65536,true,sum_u64,11,112,5,before,131.406616
0,65536,true,covar_i64,0,59,0,enum_dynamic,259.185034
0,65536,true,covar_i64,0,59,1,enum_static,260.069915
0,65536,true,covar_i64,0,59,2,bound_dynamic,259.169492
0,65536,true,covar_i64,0,59,3,bound_static,259.245051
0,65536,true,covar_i64,0,59,4,before,263.680797
0,65536,true,covar_i64,0,59,5,after,259.244356
0,65536,true,covar_i64,1,59,0,enum_static,262.542373
0,65536,true,covar_i64,1,59,1,bound_dynamic,260.957627
0,65536,true,covar_i64,1,59,2,bound_static,265.728102
0,65536,true,covar_i64,1,59,3,before,265.189271
0,65536,true,covar_i64,1,59,4,after,259.502119
0,65536,true,covar_i64,1,59,5,enum_dynamic,262.786712
0,65536,true,covar_i64,2,59,0,bound_dynamic,258.971746
0,65536,true,covar_i64,2,59,1,bound_static,261.470339
0,65536,true,covar_i64,2,59,2,before,265.530373
0,65536,true,covar_i64,2,59,3,after,258.515542
0,65536,true,covar_i64,2,59,4,enum_dynamic,258.461864
0,65536,true,covar_i64,2,59,5,enum_static,258.467508
0,65536,true,covar_i64,3,59,0,bound_static,258.447729
0,65536,true,covar_i64,3,59,1,before,263.704797
0,65536,true,covar_i64,3,59,2,after,258.731644
0,65536,true,covar_i64,3,59,3,enum_dynamic,258.582627
0,65536,true,covar_i64,3,59,4,enum_static,258.454102
0,65536,true,covar_i64,3,59,5,bound_dynamic,258.968915
0,65536,true,covar_i64,4,59,0,before,264.629949
0,65536,true,covar_i64,4,59,1,after,259.319203
0,65536,true,covar_i64,4,59,2,enum_dynamic,258.973169
0,65536,true,covar_i64,4,59,3,enum_static,260.767661
0,65536,true,covar_i64,4,59,4,bound_dynamic,258.614407
0,65536,true,covar_i64,4,59,5,bound_static,259.447746
0,65536,true,covar_i64,5,59,0,after,259.036729
0,65536,true,covar_i64,5,59,1,enum_dynamic,260.127831
0,65536,true,covar_i64,5,59,2,enum_static,260.125712
0,65536,true,covar_i64,5,59,3,bound_dynamic,259.473864
0,65536,true,covar_i64,5,59,4,bound_static,258.994356
0,65536,true,covar_i64,5,59,5,before,265.310017
0,65536,true,covar_i64,6,59,0,enum_dynamic,259.230932
0,65536,true,covar_i64,6,59,1,enum_static,260.384186
0,65536,true,covar_i64,6,59,2,bound_dynamic,259.265542
0,65536,true,covar_i64,6,59,3,bound_static,259.794492
0,65536,true,covar_i64,6,59,4,before,270.972458
0,65536,true,covar_i64,6,59,5,after,259.884186
0,65536,true,covar_i64,7,59,0,enum_static,260.524000
0,65536,true,covar_i64,7,59,1,bound_dynamic,258.935729
0,65536,true,covar_i64,7,59,2,bound_static,258.608051
0,65536,true,covar_i64,7,59,3,before,267.563559
0,65536,true,covar_i64,7,59,4,after,262.099576
0,65536,true,covar_i64,7,59,5,enum_dynamic,259.862288
0,65536,true,covar_i64,8,59,0,bound_dynamic,259.177966
0,65536,true,covar_i64,8,59,1,bound_static,259.352407
0,65536,true,covar_i64,8,59,2,before,265.076983
0,65536,true,covar_i64,8,59,3,after,258.881356
0,65536,true,covar_i64,8,59,4,enum_dynamic,259.601695
0,65536,true,covar_i64,8,59,5,enum_static,259.514136
0,65536,true,covar_i64,9,59,0,bound_static,258.807898
0,65536,true,covar_i64,9,59,1,before,264.846746
0,65536,true,covar_i64,9,59,2,after,259.212559
0,65536,true,covar_i64,9,59,3,enum_dynamic,259.249288
0,65536,true,covar_i64,9,59,4,enum_static,259.989407
0,65536,true,covar_i64,9,59,5,bound_dynamic,259.920915
0,65536,true,covar_i64,10,59,0,before,264.882763
0,65536,true,covar_i64,10,59,1,after,259.129237
0,65536,true,covar_i64,10,59,2,enum_dynamic,260.957627
0,65536,true,covar_i64,10,59,3,enum_static,259.314966
0,65536,true,covar_i64,10,59,4,bound_dynamic,259.028949
0,65536,true,covar_i64,10,59,5,bound_static,259.039542
0,65536,true,covar_i64,11,59,0,after,259.256356
0,65536,true,covar_i64,11,59,1,enum_dynamic,258.886305
0,65536,true,covar_i64,11,59,2,enum_static,259.499288
0,65536,true,covar_i64,11,59,3,bound_dynamic,259.448441
0,65536,true,covar_i64,11,59,4,bound_static,259.692797
0,65536,true,covar_i64,11,59,5,before,264.495051
0,65536,false,max_utf8,0,21,0,enum_dynamic,753.873000
0,65536,false,max_utf8,0,21,1,enum_static,733.444429
0,65536,false,max_utf8,0,21,2,bound_dynamic,757.271810
0,65536,false,max_utf8,0,21,3,bound_static,734.680571
0,65536,false,max_utf8,0,21,4,before,737.142857
0,65536,false,max_utf8,0,21,5,after,736.162714
0,65536,false,max_utf8,1,21,0,enum_static,736.916667
0,65536,false,max_utf8,1,21,1,bound_dynamic,754.811476
0,65536,false,max_utf8,1,21,2,bound_static,735.823429
0,65536,false,max_utf8,1,21,3,before,736.234143
0,65536,false,max_utf8,1,21,4,after,735.255952
0,65536,false,max_utf8,1,21,5,enum_dynamic,753.410714
0,65536,false,max_utf8,2,21,0,bound_dynamic,753.380952
0,65536,false,max_utf8,2,21,1,bound_static,735.819476
0,65536,false,max_utf8,2,21,2,before,737.371048
0,65536,false,max_utf8,2,21,3,after,736.623000
0,65536,false,max_utf8,2,21,4,enum_dynamic,754.644857
0,65536,false,max_utf8,2,21,5,enum_static,737.640905
0,65536,false,max_utf8,3,21,0,bound_static,735.494048
0,65536,false,max_utf8,3,21,1,before,737.996000
0,65536,false,max_utf8,3,21,2,after,736.341286
0,65536,false,max_utf8,3,21,3,enum_dynamic,754.273810
0,65536,false,max_utf8,3,21,4,enum_static,749.714286
0,65536,false,max_utf8,3,21,5,bound_dynamic,769.103190
0,65536,false,max_utf8,4,21,0,before,766.156762
0,65536,false,max_utf8,4,21,1,after,743.434524
0,65536,false,max_utf8,4,21,2,enum_dynamic,773.037667
0,65536,false,max_utf8,4,21,3,enum_static,738.359143
0,65536,false,max_utf8,4,21,4,bound_dynamic,755.573429
0,65536,false,max_utf8,4,21,5,bound_static,738.478143
0,65536,false,max_utf8,5,21,0,after,738.101190
0,65536,false,max_utf8,5,21,1,enum_dynamic,759.002000
0,65536,false,max_utf8,5,21,2,enum_static,741.898810
0,65536,false,max_utf8,5,21,3,bound_dynamic,753.644810
0,65536,false,max_utf8,5,21,4,bound_static,736.384952
0,65536,false,max_utf8,5,21,5,before,748.922619
0,65536,false,max_utf8,6,21,0,enum_dynamic,756.761905
0,65536,false,max_utf8,6,21,1,enum_static,737.436476
0,65536,false,max_utf8,6,21,2,bound_dynamic,765.748000
0,65536,false,max_utf8,6,21,3,bound_static,739.398810
0,65536,false,max_utf8,6,21,4,before,737.476190
0,65536,false,max_utf8,6,21,5,after,734.966286
0,65536,false,max_utf8,7,21,0,enum_static,738.194476
0,65536,false,max_utf8,7,21,1,bound_dynamic,755.254000
0,65536,false,max_utf8,7,21,2,bound_static,738.958333
0,65536,false,max_utf8,7,21,3,before,737.174571
0,65536,false,max_utf8,7,21,4,after,734.472238
0,65536,false,max_utf8,7,21,5,enum_dynamic,756.950429
0,65536,false,max_utf8,8,21,0,bound_dynamic,754.930571
0,65536,false,max_utf8,8,21,1,bound_static,751.250000
0,65536,false,max_utf8,8,21,2,before,745.388905
0,65536,false,max_utf8,8,21,3,after,742.716238
0,65536,false,max_utf8,8,21,4,enum_dynamic,756.470238
0,65536,false,max_utf8,8,21,5,enum_static,735.843286
0,65536,false,max_utf8,9,21,0,bound_static,736.545667
0,65536,false,max_utf8,9,21,1,before,738.291667
0,65536,false,max_utf8,9,21,2,after,747.464286
0,65536,false,max_utf8,9,21,3,enum_dynamic,754.797619
0,65536,false,max_utf8,9,21,4,enum_static,733.978190
0,65536,false,max_utf8,9,21,5,bound_dynamic,753.835333
0,65536,false,max_utf8,10,21,0,before,739.686476
0,65536,false,max_utf8,10,21,1,after,734.898810
0,65536,false,max_utf8,10,21,2,enum_dynamic,753.797619
0,65536,false,max_utf8,10,21,3,enum_static,733.569476
0,65536,false,max_utf8,10,21,4,bound_dynamic,755.257952
0,65536,false,max_utf8,10,21,5,bound_static,737.732143
0,65536,false,max_utf8,11,21,0,after,737.990095
0,65536,false,max_utf8,11,21,1,enum_dynamic,755.025762
0,65536,false,max_utf8,11,21,2,enum_static,735.636905
0,65536,false,max_utf8,11,21,3,bound_dynamic,754.593238
0,65536,false,max_utf8,11,21,4,bound_static,734.251952
0,65536,false,max_utf8,11,21,5,before,736.666667
0,8192,true,count_i64,0,2413,0,enum_dynamic,6.418169
0,8192,true,count_i64,0,2413,1,enum_static,6.390714
0,8192,true,count_i64,0,2413,2,bound_dynamic,6.397189
0,8192,true,count_i64,0,2413,3,bound_static,6.389608
0,8192,true,count_i64,0,2413,4,before,6.253074
0,8192,true,count_i64,0,2413,5,after,6.442879
0,8192,true,count_i64,1,2413,0,enum_static,6.416339
0,8192,true,count_i64,1,2413,1,bound_dynamic,6.372842
0,8192,true,count_i64,1,2413,2,bound_static,6.377487
0,8192,true,count_i64,1,2413,3,before,6.218211
0,8192,true,count_i64,1,2413,4,after,6.430878
0,8192,true,count_i64,1,2413,5,enum_dynamic,6.386483
0,8192,true,count_i64,2,2413,0,bound_dynamic,6.374741
0,8192,true,count_i64,2,2413,1,bound_static,6.384324
0,8192,true,count_i64,2,2413,2,before,6.293220
0,8192,true,count_i64,2,2413,3,after,6.460544
0,8192,true,count_i64,2,2413,4,enum_dynamic,6.389263
0,8192,true,count_i64,2,2413,5,enum_static,6.397793
0,8192,true,count_i64,3,2413,0,bound_static,6.493646
0,8192,true,count_i64,3,2413,1,before,6.247324
0,8192,true,count_i64,3,2413,2,after,6.436179
0,8192,true,count_i64,3,2413,3,enum_dynamic,6.411193
0,8192,true,count_i64,3,2413,4,enum_static,6.392993
0,8192,true,count_i64,3,2413,5,bound_dynamic,6.392924
0,8192,true,count_i64,4,2413,0,before,6.232663
0,8192,true,count_i64,4,2413,1,after,6.452722
0,8192,true,count_i64,4,2413,2,enum_dynamic,6.400798
0,8192,true,count_i64,4,2413,3,enum_static,6.407653
0,8192,true,count_i64,4,2413,4,bound_dynamic,6.392475
0,8192,true,count_i64,4,2413,5,bound_static,6.391957
0,8192,true,count_i64,5,2413,0,after,6.436369
0,8192,true,count_i64,5,2413,1,enum_dynamic,6.428477
0,8192,true,count_i64,5,2413,2,enum_static,6.407377
0,8192,true,count_i64,5,2413,3,bound_dynamic,6.382961
0,8192,true,count_i64,5,2413,4,bound_static,6.401471
0,8192,true,count_i64,5,2413,5,before,6.225515
0,8192,true,count_i64,6,2413,0,enum_dynamic,6.391870
0,8192,true,count_i64,6,2413,1,enum_static,6.390765
0,8192,true,count_i64,6,2413,2,bound_dynamic,6.389228
0,8192,true,count_i64,6,2413,3,bound_static,6.404148
0,8192,true,count_i64,6,2413,4,before,6.242350
0,8192,true,count_i64,6,2413,5,after,6.478916
0,8192,true,count_i64,7,2413,0,enum_static,6.561628
0,8192,true,count_i64,7,2413,1,bound_dynamic,6.406772
0,8192,true,count_i64,7,2413,2,bound_static,6.391197
0,8192,true,count_i64,7,2413,3,before,6.246874
0,8192,true,count_i64,7,2413,4,after,6.446609
0,8192,true,count_i64,7,2413,5,enum_dynamic,6.393442
0,8192,true,count_i64,8,2413,0,bound_dynamic,6.386552
0,8192,true,count_i64,8,2413,1,bound_static,6.388054
0,8192,true,count_i64,8,2413,2,before,6.219592
0,8192,true,count_i64,8,2413,3,after,6.439512
0,8192,true,count_i64,8,2413,4,enum_dynamic,6.441860
0,8192,true,count_i64,8,2413,5,enum_static,6.436904
0,8192,true,count_i64,9,2413,0,bound_static,6.376312
0,8192,true,count_i64,9,2413,1,before,6.220213
0,8192,true,count_i64,9,2413,2,after,6.435661
0,8192,true,count_i64,9,2413,3,enum_dynamic,6.386069
0,8192,true,count_i64,9,2413,4,enum_static,6.387415
0,8192,true,count_i64,9,2413,5,bound_dynamic,6.378816
0,8192,true,count_i64,10,2413,0,before,6.253177
0,8192,true,count_i64,10,2413,1,after,6.440168
0,8192,true,count_i64,10,2413,2,enum_dynamic,6.392233
0,8192,true,count_i64,10,2413,3,enum_static,6.386518
0,8192,true,count_i64,10,2413,4,bound_dynamic,6.386984
0,8192,true,count_i64,10,2413,5,bound_static,6.391128
0,8192,true,count_i64,11,2413,0,after,6.436007
0,8192,true,count_i64,11,2413,1,enum_dynamic,6.410122
0,8192,true,count_i64,11,2413,2,enum_static,6.429514
0,8192,true,count_i64,11,2413,3,bound_dynamic,6.492489
0,8192,true,count_i64,11,2413,4,bound_static,6.420362
0,8192,true,count_i64,11,2413,5,before,6.266957
0,128,true,count_i64,0,50000,0,enum_dynamic,0.115513
0,128,true,count_i64,0,50000,1,enum_static,0.114655
0,128,true,count_i64,0,50000,2,bound_dynamic,0.114705
0,128,true,count_i64,0,50000,3,bound_static,0.114613
0,128,true,count_i64,0,50000,4,before,0.131343
0,128,true,count_i64,0,50000,5,after,0.115249
0,128,true,count_i64,1,50000,0,enum_static,0.115223
0,128,true,count_i64,1,50000,1,bound_dynamic,0.114852
0,128,true,count_i64,1,50000,2,bound_static,0.114600
0,128,true,count_i64,1,50000,3,before,0.132328
0,128,true,count_i64,1,50000,4,after,0.114617
0,128,true,count_i64,1,50000,5,enum_dynamic,0.114653
0,128,true,count_i64,2,50000,0,bound_dynamic,0.115227
0,128,true,count_i64,2,50000,1,bound_static,0.114644
0,128,true,count_i64,2,50000,2,before,0.131422
0,128,true,count_i64,2,50000,3,after,0.114956
0,128,true,count_i64,2,50000,4,enum_dynamic,0.114544
0,128,true,count_i64,2,50000,5,enum_static,0.119010
0,128,true,count_i64,3,50000,0,bound_static,0.114510
0,128,true,count_i64,3,50000,1,before,0.134198
0,128,true,count_i64,3,50000,2,after,0.114598
0,128,true,count_i64,3,50000,3,enum_dynamic,0.115033
0,128,true,count_i64,3,50000,4,enum_static,0.114980
0,128,true,count_i64,3,50000,5,bound_dynamic,0.114852
0,128,true,count_i64,4,50000,0,before,0.131834
0,128,true,count_i64,4,50000,1,after,0.114531
0,128,true,count_i64,4,50000,2,enum_dynamic,0.115101
0,128,true,count_i64,4,50000,3,enum_static,0.114672
0,128,true,count_i64,4,50000,4,bound_dynamic,0.114488
0,128,true,count_i64,4,50000,5,bound_static,0.114750
0,128,true,count_i64,5,50000,0,after,0.114548
0,128,true,count_i64,5,50000,1,enum_dynamic,0.114608
0,128,true,count_i64,5,50000,2,enum_static,0.114863
0,128,true,count_i64,5,50000,3,bound_dynamic,0.115689
0,128,true,count_i64,5,50000,4,bound_static,0.116988
0,128,true,count_i64,5,50000,5,before,0.132263
0,128,true,count_i64,6,50000,0,enum_dynamic,0.114875
0,128,true,count_i64,6,50000,1,enum_static,0.114825
0,128,true,count_i64,6,50000,2,bound_dynamic,0.115562
0,128,true,count_i64,6,50000,3,bound_static,0.114710
0,128,true,count_i64,6,50000,4,before,0.130793
0,128,true,count_i64,6,50000,5,after,0.115387
0,128,true,count_i64,7,50000,0,enum_static,0.118483
0,128,true,count_i64,7,50000,1,bound_dynamic,0.115518
0,128,true,count_i64,7,50000,2,bound_static,0.115041
0,128,true,count_i64,7,50000,3,before,0.131683
0,128,true,count_i64,7,50000,4,after,0.114589
0,128,true,count_i64,7,50000,5,enum_dynamic,0.114572
0,128,true,count_i64,8,50000,0,bound_dynamic,0.114428
0,128,true,count_i64,8,50000,1,bound_static,0.114994
0,128,true,count_i64,8,50000,2,before,0.132349
0,128,true,count_i64,8,50000,3,after,0.115663
0,128,true,count_i64,8,50000,4,enum_dynamic,0.114838
0,128,true,count_i64,8,50000,5,enum_static,0.114963
0,128,true,count_i64,9,50000,0,bound_static,0.114517
0,128,true,count_i64,9,50000,1,before,0.134514
0,128,true,count_i64,9,50000,2,after,0.115012
0,128,true,count_i64,9,50000,3,enum_dynamic,0.115043
0,128,true,count_i64,9,50000,4,enum_static,0.115028
0,128,true,count_i64,9,50000,5,bound_dynamic,0.114441
0,128,true,count_i64,10,50000,0,before,0.132271
0,128,true,count_i64,10,50000,1,after,0.114557
0,128,true,count_i64,10,50000,2,enum_dynamic,0.117705
0,128,true,count_i64,10,50000,3,enum_static,0.114759
0,128,true,count_i64,10,50000,4,bound_dynamic,0.114648
0,128,true,count_i64,10,50000,5,bound_static,0.114430
0,128,true,count_i64,11,50000,0,after,0.114728
0,128,true,count_i64,11,50000,1,enum_dynamic,0.114658
0,128,true,count_i64,11,50000,2,enum_static,0.115858
0,128,true,count_i64,11,50000,3,bound_dynamic,0.116360
0,128,true,count_i64,11,50000,4,bound_static,0.114934
0,128,true,count_i64,11,50000,5,before,0.132090
0,8192,false,min_utf8,0,168,0,enum_dynamic,95.937750
0,8192,false,min_utf8,0,168,1,enum_static,91.237351
0,8192,false,min_utf8,0,168,2,bound_dynamic,97.056298
0,8192,false,min_utf8,0,168,3,bound_static,91.274054
0,8192,false,min_utf8,0,168,4,before,92.742315
0,8192,false,min_utf8,0,168,5,after,92.576881
0,8192,false,min_utf8,1,168,0,enum_static,90.764631
0,8192,false,min_utf8,1,168,1,bound_dynamic,95.338542
0,8192,false,min_utf8,1,168,2,bound_static,90.393851
0,8192,false,min_utf8,1,168,3,before,92.960065
0,8192,false,min_utf8,1,168,4,after,89.990327
0,8192,false,min_utf8,1,168,5,enum_dynamic,94.655750
0,8192,false,min_utf8,2,168,0,bound_dynamic,94.992310
0,8192,false,min_utf8,2,168,1,bound_static,90.403024
0,8192,false,min_utf8,2,168,2,before,92.690232
0,8192,false,min_utf8,2,168,3,after,90.749006
0,8192,false,min_utf8,2,168,4,enum_dynamic,95.598958
0,8192,false,min_utf8,2,168,5,enum_static,90.289935
0,8192,false,min_utf8,3,168,0,bound_static,90.059774
0,8192,false,min_utf8,3,168,1,before,92.317958
0,8192,false,min_utf8,3,168,2,after,92.374506
0,8192,false,min_utf8,3,168,3,enum_dynamic,94.757440
0,8192,false,min_utf8,3,168,4,enum_static,90.308280
0,8192,false,min_utf8,3,168,5,bound_dynamic,95.511161
0,8192,false,min_utf8,4,168,0,before,92.829613
0,8192,false,min_utf8,4,168,1,after,90.050839
0,8192,false,min_utf8,4,168,2,enum_dynamic,94.679560
0,8192,false,min_utf8,4,168,3,enum_static,90.152774
0,8192,false,min_utf8,4,168,4,bound_dynamic,95.829363
0,8192,false,min_utf8,4,168,5,bound_static,90.392357
0,8192,false,min_utf8,5,168,0,after,90.229661
0,8192,false,min_utf8,5,168,1,enum_dynamic,94.832095
0,8192,false,min_utf8,5,168,2,enum_static,90.405750
0,8192,false,min_utf8,5,168,3,bound_dynamic,96.015625
0,8192,false,min_utf8,5,168,4,bound_static,91.181798
0,8192,false,min_utf8,5,168,5,before,92.589036
0,8192,false,min_utf8,6,168,0,enum_dynamic,94.839286
0,8192,false,min_utf8,6,168,1,enum_static,89.976935
0,8192,false,min_utf8,6,168,2,bound_dynamic,94.948661
0,8192,false,min_utf8,6,168,3,bound_static,90.001982
0,8192,false,min_utf8,6,168,4,before,92.209077
0,8192,false,min_utf8,6,168,5,after,91.124756
0,8192,false,min_utf8,7,168,0,enum_static,90.202875
0,8192,false,min_utf8,7,168,1,bound_dynamic,94.849208
0,8192,false,min_utf8,7,168,2,bound_static,89.939482
0,8192,false,min_utf8,7,168,3,before,92.390131
0,8192,false,min_utf8,7,168,4,after,89.982143
0,8192,false,min_utf8,7,168,5,enum_dynamic,94.596726
0,8192,false,min_utf8,8,168,0,bound_dynamic,94.801839
0,8192,false,min_utf8,8,168,1,bound_static,90.147077
0,8192,false,min_utf8,8,168,2,before,92.251732
0,8192,false,min_utf8,8,168,3,after,90.828125
0,8192,false,min_utf8,8,168,4,enum_dynamic,95.517613
0,8192,false,min_utf8,8,168,5,enum_static,89.941964
0,8192,false,min_utf8,9,168,0,bound_static,90.271577
0,8192,false,min_utf8,9,168,1,before,94.238839
0,8192,false,min_utf8,9,168,2,after,91.247518
0,8192,false,min_utf8,9,168,3,enum_dynamic,95.540673
0,8192,false,min_utf8,9,168,4,enum_static,89.891369
0,8192,false,min_utf8,9,168,5,bound_dynamic,95.913446
0,8192,false,min_utf8,10,168,0,before,92.329363
0,8192,false,min_utf8,10,168,1,after,90.089036
0,8192,false,min_utf8,10,168,2,enum_dynamic,94.885661
0,8192,false,min_utf8,10,168,3,enum_static,89.822173
0,8192,false,min_utf8,10,168,4,bound_dynamic,95.058286
0,8192,false,min_utf8,10,168,5,bound_static,89.949155
0,8192,false,min_utf8,11,168,0,after,89.892607
0,8192,false,min_utf8,11,168,1,enum_dynamic,95.197917
0,8192,false,min_utf8,11,168,2,enum_static,89.899554
0,8192,false,min_utf8,11,168,3,bound_dynamic,96.759179
0,8192,false,min_utf8,11,168,4,bound_static,90.178077
0,8192,false,min_utf8,11,168,5,before,92.694940
0,65536,true,mixed_7,0,8,0,enum_dynamic,4513.744750
0,65536,true,mixed_7,0,8,1,enum_static,4427.359375
0,65536,true,mixed_7,0,8,2,bound_dynamic,4400.536375
0,65536,true,mixed_7,0,8,3,bound_static,4185.911375
0,65536,true,mixed_7,0,8,4,before,4535.296875
0,65536,true,mixed_7,0,8,5,after,4359.427125
0,65536,true,mixed_7,1,8,0,enum_static,4201.552125
0,65536,true,mixed_7,1,8,1,bound_dynamic,4265.250000
0,65536,true,mixed_7,1,8,2,bound_static,4088.989500
0,65536,true,mixed_7,1,8,3,before,4158.911500
0,65536,true,mixed_7,1,8,4,after,4063.031250
0,65536,true,mixed_7,1,8,5,enum_dynamic,4049.739500
0,65536,true,mixed_7,2,8,0,bound_dynamic,4189.895750
0,65536,true,mixed_7,2,8,1,bound_static,3997.166625
0,65536,true,mixed_7,2,8,2,before,4064.057250
0,65536,true,mixed_7,2,8,3,after,4000.505125
0,65536,true,mixed_7,2,8,4,enum_dynamic,4038.156250
0,65536,true,mixed_7,2,8,5,enum_static,4016.213500
0,65536,true,mixed_7,3,8,0,bound_static,3989.260375
0,65536,true,mixed_7,3,8,1,before,4052.901125
0,65536,true,mixed_7,3,8,2,after,4144.510375
0,65536,true,mixed_7,3,8,3,enum_dynamic,4046.031250
0,65536,true,mixed_7,3,8,4,enum_static,3990.046875
0,65536,true,mixed_7,3,8,5,bound_dynamic,4043.895875
0,65536,true,mixed_7,4,8,0,before,4048.531250
0,65536,true,mixed_7,4,8,1,after,3980.755250
0,65536,true,mixed_7,4,8,2,enum_dynamic,4027.057250
0,65536,true,mixed_7,4,8,3,enum_static,3977.031250
0,65536,true,mixed_7,4,8,4,bound_dynamic,4028.786500
0,65536,true,mixed_7,4,8,5,bound_static,3992.349000
0,65536,true,mixed_7,5,8,0,after,3985.593750
0,65536,true,mixed_7,5,8,1,enum_dynamic,4029.869750
0,65536,true,mixed_7,5,8,2,enum_static,3984.093750
0,65536,true,mixed_7,5,8,3,bound_dynamic,4047.078125
0,65536,true,mixed_7,5,8,4,bound_static,4007.276000
0,65536,true,mixed_7,5,8,5,before,4062.526000
0,65536,true,mixed_7,6,8,0,enum_dynamic,4048.369875
0,65536,true,mixed_7,6,8,1,enum_static,3989.140625
0,65536,true,mixed_7,6,8,2,bound_dynamic,4070.343750
0,65536,true,mixed_7,6,8,3,bound_static,3996.739500
0,65536,true,mixed_7,6,8,4,before,4064.573000
0,65536,true,mixed_7,6,8,5,after,4001.770875
0,65536,true,mixed_7,7,8,0,enum_static,4002.401000
0,65536,true,mixed_7,7,8,1,bound_dynamic,4052.911375
0,65536,true,mixed_7,7,8,2,bound_static,3995.203125
0,65536,true,mixed_7,7,8,3,before,4059.979125
0,65536,true,mixed_7,7,8,4,after,3996.093750
0,65536,true,mixed_7,7,8,5,enum_dynamic,4048.046875
0,65536,true,mixed_7,8,8,0,bound_dynamic,4043.437500
0,65536,true,mixed_7,8,8,1,bound_static,3992.625000
0,65536,true,mixed_7,8,8,2,before,4052.474000
0,65536,true,mixed_7,8,8,3,after,4154.265625
0,65536,true,mixed_7,8,8,4,enum_dynamic,4046.651000
0,65536,true,mixed_7,8,8,5,enum_static,3987.145750
0,65536,true,mixed_7,9,8,0,bound_static,3995.265625
0,65536,true,mixed_7,9,8,1,before,4048.031250
0,65536,true,mixed_7,9,8,2,after,3978.661500
0,65536,true,mixed_7,9,8,3,enum_dynamic,4027.192750
0,65536,true,mixed_7,9,8,4,enum_static,3972.270750
0,65536,true,mixed_7,9,8,5,bound_dynamic,4046.276000
0,65536,true,mixed_7,10,8,0,before,4053.698000
0,65536,true,mixed_7,10,8,1,after,3987.468750
0,65536,true,mixed_7,10,8,2,enum_dynamic,4035.916625
0,65536,true,mixed_7,10,8,3,enum_static,3981.619750
0,65536,true,mixed_7,10,8,4,bound_dynamic,4031.447875
0,65536,true,mixed_7,10,8,5,bound_static,3982.104125
0,65536,true,mixed_7,11,8,0,after,4000.645750
0,65536,true,mixed_7,11,8,1,enum_dynamic,4079.427125
0,65536,true,mixed_7,11,8,2,enum_static,3996.333375
0,65536,true,mixed_7,11,8,3,bound_dynamic,4187.234375
0,65536,true,mixed_7,11,8,4,bound_static,3999.078125
0,65536,true,mixed_7,11,8,5,before,4061.244750
0,128,true,min_utf8,0,7629,0,enum_dynamic,2.049002
0,128,true,min_utf8,0,7629,1,enum_static,1.959355
0,128,true,min_utf8,0,7629,2,bound_dynamic,2.048800
0,128,true,min_utf8,0,7629,3,bound_static,1.961031
0,128,true,min_utf8,0,7629,4,before,2.025020
0,128,true,min_utf8,0,7629,5,after,1.978749
0,128,true,min_utf8,1,7629,0,enum_static,1.967411
0,128,true,min_utf8,1,7629,1,bound_dynamic,2.047904
0,128,true,min_utf8,1,7629,2,bound_static,1.956706
0,128,true,min_utf8,1,7629,3,before,2.027767
0,128,true,min_utf8,1,7629,4,after,1.979907
0,128,true,min_utf8,1,7629,5,enum_dynamic,2.046375
0,128,true,min_utf8,2,7629,0,bound_dynamic,2.061176
0,128,true,min_utf8,2,7629,1,bound_static,1.968645
0,128,true,min_utf8,2,7629,2,before,2.018373
0,128,true,min_utf8,2,7629,3,after,1.984620
0,128,true,min_utf8,2,7629,4,enum_dynamic,2.045195
0,128,true,min_utf8,2,7629,5,enum_static,1.963757
0,128,true,min_utf8,3,7629,0,bound_static,1.958563
0,128,true,min_utf8,3,7629,1,before,2.022343
0,128,true,min_utf8,3,7629,2,after,1.981065
0,128,true,min_utf8,3,7629,3,enum_dynamic,2.044042
0,128,true,min_utf8,3,7629,4,enum_static,1.996707
0,128,true,min_utf8,3,7629,5,bound_dynamic,2.048712
0,128,true,min_utf8,4,7629,0,before,2.026822
0,128,true,min_utf8,4,7629,1,after,2.019727
0,128,true,min_utf8,4,7629,2,enum_dynamic,2.052071
0,128,true,min_utf8,4,7629,3,enum_static,1.959994
0,128,true,min_utf8,4,7629,4,bound_dynamic,2.048597
0,128,true,min_utf8,4,7629,5,bound_static,1.958301
0,128,true,min_utf8,5,7629,0,after,1.978918
0,128,true,min_utf8,5,7629,1,enum_dynamic,2.042175
0,128,true,min_utf8,5,7629,2,enum_static,1.960474
0,128,true,min_utf8,5,7629,3,bound_dynamic,2.045643
0,128,true,min_utf8,5,7629,4,bound_static,1.959333
0,128,true,min_utf8,5,7629,5,before,2.018460
0,128,true,min_utf8,6,7629,0,enum_dynamic,2.042792
0,128,true,min_utf8,6,7629,1,enum_static,1.961201
0,128,true,min_utf8,6,7629,2,bound_dynamic,2.055911
0,128,true,min_utf8,6,7629,3,bound_static,1.968415
0,128,true,min_utf8,6,7629,4,before,2.032775
0,128,true,min_utf8,6,7629,5,after,1.985237
0,128,true,min_utf8,7,7629,0,enum_static,1.964057
0,128,true,min_utf8,7,7629,1,bound_dynamic,2.049340
0,128,true,min_utf8,7,7629,2,bound_static,1.963795
0,128,true,min_utf8,7,7629,3,before,2.026948
0,128,true,min_utf8,7,7629,4,after,1.986739
0,128,true,min_utf8,7,7629,5,enum_dynamic,2.048139
0,128,true,min_utf8,8,7629,0,bound_dynamic,2.054283
0,128,true,min_utf8,8,7629,1,bound_static,1.963156
0,128,true,min_utf8,8,7629,2,before,2.030274
0,128,true,min_utf8,8,7629,3,after,1.986220
0,128,true,min_utf8,8,7629,4,enum_dynamic,2.052639
0,128,true,min_utf8,8,7629,5,enum_static,1.963653
0,128,true,min_utf8,9,7629,0,bound_static,1.969311
0,128,true,min_utf8,9,7629,1,before,2.031126
0,128,true,min_utf8,9,7629,2,after,1.986242
0,128,true,min_utf8,9,7629,3,enum_dynamic,2.050247
0,128,true,min_utf8,9,7629,4,enum_static,1.959934
0,128,true,min_utf8,9,7629,5,bound_dynamic,2.102373
0,128,true,min_utf8,10,7629,0,before,2.023687
0,128,true,min_utf8,10,7629,1,after,1.984866
0,128,true,min_utf8,10,7629,2,enum_dynamic,2.043032
0,128,true,min_utf8,10,7629,3,enum_static,1.965499
0,128,true,min_utf8,10,7629,4,bound_dynamic,2.047844
0,128,true,min_utf8,10,7629,5,bound_static,1.965324
0,128,true,min_utf8,11,7629,0,after,1.979202
0,128,true,min_utf8,11,7629,1,enum_dynamic,2.046664
0,128,true,min_utf8,11,7629,2,enum_static,1.964194
0,128,true,min_utf8,11,7629,3,bound_dynamic,2.050373
0,128,true,min_utf8,11,7629,4,bound_static,1.962899
0,128,true,min_utf8,11,7629,5,before,2.030754
0,8192,true,covar_i64,0,453,0,enum_dynamic,33.289918
0,8192,true,covar_i64,0,453,1,enum_static,33.312914
0,8192,true,covar_i64,0,453,2,bound_dynamic,33.330940
0,8192,true,covar_i64,0,453,3,bound_static,33.368377
0,8192,true,covar_i64,0,453,4,before,34.294609
0,8192,true,covar_i64,0,453,5,after,33.242918
0,8192,true,covar_i64,1,453,0,enum_static,33.251287
0,8192,true,covar_i64,1,453,1,bound_dynamic,33.463852
0,8192,true,covar_i64,1,453,2,bound_static,33.414366
0,8192,true,covar_i64,1,453,3,before,34.005057
0,8192,true,covar_i64,1,453,4,after,33.323031
0,8192,true,covar_i64,1,453,5,enum_dynamic,33.265545
0,8192,true,covar_i64,2,453,0,bound_dynamic,33.328552
0,8192,true,covar_i64,2,453,1,bound_static,33.398272
0,8192,true,covar_i64,2,453,2,before,34.336002
0,8192,true,covar_i64,2,453,3,after,33.492826
0,8192,true,covar_i64,2,453,4,enum_dynamic,33.342532
0,8192,true,covar_i64,2,453,5,enum_static,33.435982
0,8192,true,covar_i64,3,453,0,bound_static,33.518671
0,8192,true,covar_i64,3,453,1,before,34.061349
0,8192,true,covar_i64,3,453,2,after,33.286885
0,8192,true,covar_i64,3,453,3,enum_dynamic,33.424669
0,8192,true,covar_i64,3,453,4,enum_static,33.807395
0,8192,true,covar_i64,3,453,5,bound_dynamic,33.350351
0,8192,true,covar_i64,4,453,0,before,33.893947
0,8192,true,covar_i64,4,453,1,after,33.234179
0,8192,true,covar_i64,4,453,2,enum_dynamic,33.293137
0,8192,true,covar_i64,4,453,3,enum_static,33.271709
0,8192,true,covar_i64,4,453,4,bound_dynamic,33.275479
0,8192,true,covar_i64,4,453,5,bound_static,33.286148
0,8192,true,covar_i64,5,453,0,after,33.430556
0,8192,true,covar_i64,5,453,1,enum_dynamic,33.454929
0,8192,true,covar_i64,5,453,2,enum_static,33.316225
0,8192,true,covar_i64,5,453,3,bound_dynamic,33.366446
0,8192,true,covar_i64,5,453,4,bound_static,33.351731
0,8192,true,covar_i64,5,453,5,before,34.007817
0,8192,true,covar_i64,6,453,0,enum_dynamic,33.362121
0,8192,true,covar_i64,6,453,1,enum_static,33.289183
0,8192,true,covar_i64,6,453,2,bound_dynamic,33.374817
0,8192,true,covar_i64,6,453,3,bound_static,33.454377
0,8192,true,covar_i64,6,453,4,before,33.947940
0,8192,true,covar_i64,6,453,5,after,33.431199
0,8192,true,covar_i64,7,453,0,enum_static,33.306843
0,8192,true,covar_i64,7,453,1,bound_dynamic,33.409861
0,8192,true,covar_i64,7,453,2,bound_static,33.509475
0,8192,true,covar_i64,7,453,3,before,34.034675
0,8192,true,covar_i64,7,453,4,after,33.350442
0,8192,true,covar_i64,7,453,5,enum_dynamic,33.519316
0,8192,true,covar_i64,8,453,0,bound_dynamic,33.383095
0,8192,true,covar_i64,8,453,1,bound_static,33.368839
0,8192,true,covar_i64,8,453,2,before,33.956770
0,8192,true,covar_i64,8,453,3,after,33.299117
0,8192,true,covar_i64,8,453,4,enum_dynamic,33.806843
0,8192,true,covar_i64,8,453,5,enum_static,33.478570
0,8192,true,covar_i64,9,453,0,bound_static,33.396064
0,8192,true,covar_i64,9,453,1,before,34.038079
0,8192,true,covar_i64,9,453,2,after,33.749263
0,8192,true,covar_i64,9,453,3,enum_dynamic,33.348786
0,8192,true,covar_i64,9,453,4,enum_static,33.307026
0,8192,true,covar_i64,9,453,5,bound_dynamic,33.390545
0,8192,true,covar_i64,10,453,0,before,34.083795
0,8192,true,covar_i64,10,453,1,after,33.348234
0,8192,true,covar_i64,10,453,2,enum_dynamic,33.351728
0,8192,true,covar_i64,10,453,3,enum_static,33.287252
0,8192,true,covar_i64,10,453,4,bound_dynamic,33.448675
0,8192,true,covar_i64,10,453,5,bound_static,33.536700
0,8192,true,covar_i64,11,453,0,after,33.341795
0,8192,true,covar_i64,11,453,1,enum_dynamic,33.410413
0,8192,true,covar_i64,11,453,2,enum_static,33.389808
0,8192,true,covar_i64,11,453,3,bound_dynamic,33.417311
0,8192,true,covar_i64,11,453,4,bound_static,33.566042
0,8192,true,covar_i64,11,453,5,before,34.089863
0,8192,false,count_star,0,3930,0,enum_dynamic,3.824268
0,8192,false,count_star,0,3930,1,enum_static,3.827682
0,8192,false,count_star,0,3930,2,bound_dynamic,3.826590
0,8192,false,count_star,0,3930,3,bound_static,3.821066
0,8192,false,count_star,0,3930,4,before,3.840903
0,8192,false,count_star,0,3930,5,after,3.819455
0,8192,false,count_star,1,3930,0,enum_static,3.824512
0,8192,false,count_star,1,3930,1,bound_dynamic,3.832761
0,8192,false,count_star,1,3930,2,bound_static,3.867780
0,8192,false,count_star,1,3930,3,before,3.845483
0,8192,false,count_star,1,3930,4,after,3.827226
0,8192,false,count_star,1,3930,5,enum_dynamic,3.824088
0,8192,false,count_star,2,3930,0,bound_dynamic,3.829135
0,8192,false,count_star,2,3930,1,bound_static,3.826940
0,8192,false,count_star,2,3930,2,before,3.821236
0,8192,false,count_star,2,3930,3,after,3.840447
0,8192,false,count_star,2,3930,4,enum_dynamic,3.819794
0,8192,false,count_star,2,3930,5,enum_static,3.828796
0,8192,false,count_star,3,3930,0,bound_static,3.818437
0,8192,false,count_star,3,3930,1,before,3.823240
0,8192,false,count_star,3,3930,2,after,3.897689
0,8192,false,count_star,3,3930,3,enum_dynamic,3.817960
0,8192,false,count_star,3,3930,4,enum_static,3.821512
0,8192,false,count_star,3,3930,5,bound_dynamic,3.817801
0,8192,false,count_star,4,3930,0,before,3.826696
0,8192,false,count_star,4,3930,1,after,3.838772
0,8192,false,count_star,4,3930,2,enum_dynamic,3.825276
0,8192,false,count_star,4,3930,3,enum_static,3.825795
0,8192,false,count_star,4,3930,4,bound_dynamic,3.826982
0,8192,false,count_star,4,3930,5,bound_static,3.834616
0,8192,false,count_star,5,3930,0,after,3.828414
0,8192,false,count_star,5,3930,1,enum_dynamic,3.822880
0,8192,false,count_star,5,3930,2,enum_static,3.824502
0,8192,false,count_star,5,3930,3,bound_dynamic,3.822307
0,8192,false,count_star,5,3930,4,bound_static,3.820017
0,8192,false,count_star,5,3930,5,before,3.834319
0,8192,false,count_star,6,3930,0,enum_dynamic,3.860878
0,8192,false,count_star,6,3930,1,enum_static,3.845271
0,8192,false,count_star,6,3930,2,bound_dynamic,3.827417
0,8192,false,count_star,6,3930,3,bound_static,3.833036
0,8192,false,count_star,6,3930,4,before,3.825880
0,8192,false,count_star,6,3930,5,after,3.829697
0,8192,false,count_star,7,3930,0,enum_static,3.837892
0,8192,false,count_star,7,3930,1,bound_dynamic,3.824438
0,8192,false,count_star,7,3930,2,bound_static,3.821840
0,8192,false,count_star,7,3930,3,before,3.821936
0,8192,false,count_star,7,3930,4,after,3.880524
0,8192,false,count_star,7,3930,5,enum_dynamic,3.851781
0,8192,false,count_star,8,3930,0,bound_dynamic,3.834945
0,8192,false,count_star,8,3930,1,bound_static,3.821279
0,8192,false,count_star,8,3930,2,before,3.830534
0,8192,false,count_star,8,3930,3,after,3.821141
0,8192,false,count_star,8,3930,4,enum_dynamic,3.832824
0,8192,false,count_star,8,3930,5,enum_static,3.817578
0,8192,false,count_star,9,3930,0,bound_static,3.829983
0,8192,false,count_star,9,3930,1,before,3.828520
0,8192,false,count_star,9,3930,2,after,3.910878
0,8192,false,count_star,9,3930,3,enum_dynamic,3.857931
0,8192,false,count_star,9,3930,4,enum_static,3.845250
0,8192,false,count_star,9,3930,5,bound_dynamic,3.830036
0,8192,false,count_star,10,3930,0,before,3.828456
0,8192,false,count_star,10,3930,1,after,3.821003
0,8192,false,count_star,10,3930,2,enum_dynamic,3.824141
0,8192,false,count_star,10,3930,3,enum_static,3.826495
0,8192,false,count_star,10,3930,4,bound_dynamic,3.832740
0,8192,false,count_star,10,3930,5,bound_static,3.847699
0,8192,false,count_star,11,3930,0,after,3.827142
0,8192,false,count_star,11,3930,1,enum_dynamic,3.817780
0,8192,false,count_star,11,3930,2,enum_static,3.830704
0,8192,false,count_star,11,3930,3,bound_dynamic,3.828912
0,8192,false,count_star,11,3930,4,bound_static,3.822583
0,8192,false,count_star,11,3930,5,before,3.825159
0,65536,false,avg_i64,0,142,0,enum_dynamic,104.777289
0,65536,false,avg_i64,0,142,1,enum_static,102.601824
0,65536,false,avg_i64,0,142,2,bound_dynamic,102.901408
0,65536,false,avg_i64,0,142,3,bound_static,102.717430
0,65536,false,avg_i64,0,142,4,before,120.569831
0,65536,false,avg_i64,0,142,5,after,102.490901
0,65536,false,avg_i64,1,142,0,enum_static,102.718599
0,65536,false,avg_i64,1,142,1,bound_dynamic,102.311908
0,65536,false,avg_i64,1,142,2,bound_static,102.342430
0,65536,false,avg_i64,1,142,3,before,120.194254
0,65536,false,avg_i64,1,142,4,after,102.294599
0,65536,false,avg_i64,1,142,5,enum_dynamic,102.322775
0,65536,false,avg_i64,2,142,0,bound_dynamic,102.302817
0,65536,false,avg_i64,2,142,1,bound_static,102.333035
0,65536,false,avg_i64,2,142,2,before,120.216254
0,65536,false,avg_i64,2,142,3,after,102.268782
0,65536,false,avg_i64,2,142,4,enum_dynamic,103.995303
0,65536,false,avg_i64,2,142,5,enum_static,103.204810
0,65536,false,avg_i64,3,142,0,bound_static,102.528465
0,65536,false,avg_i64,3,142,1,before,120.468901
0,65536,false,avg_i64,3,142,2,after,102.689556
0,65536,false,avg_i64,3,142,3,enum_dynamic,102.786972
0,65536,false,avg_i64,3,142,4,enum_static,102.654930
0,65536,false,avg_i64,3,142,5,bound_dynamic,102.541373
0,65536,false,avg_i64,4,142,0,before,120.678986
0,65536,false,avg_i64,4,142,1,after,102.447479
0,65536,false,avg_i64,4,142,2,enum_dynamic,102.690437
0,65536,false,avg_i64,4,142,3,enum_static,102.567197
0,65536,false,avg_i64,4,142,4,bound_dynamic,102.804866
0,65536,false,avg_i64,4,142,5,bound_static,102.829225
0,65536,false,avg_i64,5,142,0,after,102.744134
0,65536,false,avg_i64,5,142,1,enum_dynamic,102.766725
0,65536,false,avg_i64,5,142,2,enum_static,102.510859
0,65536,false,avg_i64,5,142,3,bound_dynamic,102.962444
0,65536,false,avg_i64,5,142,4,bound_static,102.753521
0,65536,false,avg_i64,5,142,5,before,120.772887
0,65536,false,avg_i64,6,142,0,enum_dynamic,102.448352
0,65536,false,avg_i64,6,142,1,enum_static,102.675472
0,65536,false,avg_i64,6,142,2,bound_dynamic,104.352704
0,65536,false,avg_i64,6,142,3,bound_static,102.264085
0,65536,false,avg_i64,6,142,4,before,120.161380
0,65536,false,avg_i64,6,142,5,after,102.336268
0,65536,false,avg_i64,7,142,0,enum_static,102.879401
0,65536,false,avg_i64,7,142,1,bound_dynamic,102.479458
0,65536,false,avg_i64,7,142,2,bound_static,102.743838
0,65536,false,avg_i64,7,142,3,before,120.993549
0,65536,false,avg_i64,7,142,4,after,102.852113
0,65536,false,avg_i64,7,142,5,enum_dynamic,102.557218
0,65536,false,avg_i64,8,142,0,bound_dynamic,102.529634
0,65536,false,avg_i64,8,142,1,bound_static,102.519951
0,65536,false,avg_i64,8,142,2,before,120.425176
0,65536,false,avg_i64,8,142,3,after,104.150528
0,65536,false,avg_i64,8,142,4,enum_dynamic,102.428697
0,65536,false,avg_i64,8,142,5,enum_static,102.825993
0,65536,false,avg_i64,9,142,0,bound_static,102.485915
0,65536,false,avg_i64,9,142,1,before,120.330401
0,65536,false,avg_i64,9,142,2,after,102.691901
0,65536,false,avg_i64,9,142,3,enum_dynamic,102.420183
0,65536,false,avg_i64,9,142,4,enum_static,102.998239
0,65536,false,avg_i64,9,142,5,bound_dynamic,102.327169
0,65536,false,avg_i64,10,142,0,before,120.737092
0,65536,false,avg_i64,10,142,1,after,102.511155
0,65536,false,avg_i64,10,142,2,enum_dynamic,102.857986
0,65536,false,avg_i64,10,142,3,enum_static,102.669599
0,65536,false,avg_i64,10,142,4,bound_dynamic,102.734444
0,65536,false,avg_i64,10,142,5,bound_static,102.440437
0,65536,false,avg_i64,11,142,0,after,104.524352
0,65536,false,avg_i64,11,142,1,enum_dynamic,103.161387
0,65536,false,avg_i64,11,142,2,enum_static,102.593310
0,65536,false,avg_i64,11,142,3,bound_dynamic,102.892606
0,65536,false,avg_i64,11,142,4,bound_static,102.561915
0,65536,false,avg_i64,11,142,5,before,120.599768
0,8192,false,sum_i64,0,1059,0,enum_dynamic,14.222262
0,8192,false,sum_i64,0,1059,1,enum_static,14.217226
0,8192,false,sum_i64,0,1059,2,bound_dynamic,14.240361
0,8192,false,sum_i64,0,1059,3,bound_static,14.207311
0,8192,false,sum_i64,0,1059,4,before,14.198182
0,8192,false,sum_i64,0,1059,5,after,14.205776
0,8192,false,sum_i64,1,1059,0,enum_static,14.203100
0,8192,false,sum_i64,1,1059,1,bound_dynamic,14.207231
0,8192,false,sum_i64,1,1059,2,bound_static,14.206720
0,8192,false,sum_i64,1,1059,3,before,14.186379
0,8192,false,sum_i64,1,1059,4,after,14.216596
0,8192,false,sum_i64,1,1059,5,enum_dynamic,14.249292
0,8192,false,sum_i64,2,1059,0,bound_dynamic,14.225803
0,8192,false,sum_i64,2,1059,1,bound_static,14.198143
0,8192,false,sum_i64,2,1059,2,before,14.219035
0,8192,false,sum_i64,2,1059,3,after,14.487016
0,8192,false,sum_i64,2,1059,4,enum_dynamic,14.256059
0,8192,false,sum_i64,2,1059,5,enum_static,14.251455
0,8192,false,sum_i64,3,1059,0,bound_static,14.224386
0,8192,false,sum_i64,3,1059,1,before,14.208412
0,8192,false,sum_i64,3,1059,2,after,14.178549
0,8192,false,sum_i64,3,1059,3,enum_dynamic,14.229383
0,8192,false,sum_i64,3,1059,4,enum_static,14.193225
0,8192,false,sum_i64,3,1059,5,bound_dynamic,14.245279
0,8192,false,sum_i64,4,1059,0,before,14.191060
0,8192,false,sum_i64,4,1059,1,after,14.222970
0,8192,false,sum_i64,4,1059,2,enum_dynamic,14.223127
0,8192,false,sum_i64,4,1059,3,enum_static,14.253935
0,8192,false,sum_i64,4,1059,4,bound_dynamic,14.212385
0,8192,false,sum_i64,4,1059,5,bound_static,14.219547
0,8192,false,sum_i64,5,1059,0,after,14.197671
0,8192,false,sum_i64,5,1059,1,enum_dynamic,14.187245
0,8192,false,sum_i64,5,1059,2,enum_static,14.498386
0,8192,false,sum_i64,5,1059,3,bound_dynamic,14.193973
0,8192,false,sum_i64,5,1059,4,bound_static,14.236977
0,8192,false,sum_i64,5,1059,5,before,14.179022
0,8192,false,sum_i64,6,1059,0,enum_dynamic,14.243704
0,8192,false,sum_i64,6,1059,1,enum_static,14.219154
0,8192,false,sum_i64,6,1059,2,bound_dynamic,14.212385
0,8192,false,sum_i64,6,1059,3,bound_static,14.234105
0,8192,false,sum_i64,6,1059,4,before,14.178785
0,8192,false,sum_i64,6,1059,5,after,14.201999
0,8192,false,sum_i64,7,1059,0,enum_static,14.194169
0,8192,false,sum_i64,7,1059,1,bound_dynamic,14.256964
0,8192,false,sum_i64,7,1059,2,bound_static,14.216872
0,8192,false,sum_i64,7,1059,3,before,14.238512
0,8192,false,sum_i64,7,1059,4,after,14.189566
0,8192,false,sum_i64,7,1059,5,enum_dynamic,14.221829
0,8192,false,sum_i64,8,1059,0,bound_dynamic,14.193619
0,8192,false,sum_i64,8,1059,1,bound_static,14.215140
0,8192,false,sum_i64,8,1059,2,before,14.369296
0,8192,false,sum_i64,8,1059,3,after,14.313267
0,8192,false,sum_i64,8,1059,4,enum_dynamic,14.261843
0,8192,false,sum_i64,8,1059,5,enum_static,14.208608
0,8192,false,sum_i64,9,1059,0,bound_static,14.238984
0,8192,false,sum_i64,9,1059,1,before,14.198300
0,8192,false,sum_i64,9,1059,2,after,14.231665
0,8192,false,sum_i64,9,1059,3,enum_dynamic,14.226865
0,8192,false,sum_i64,9,1059,4,enum_static,14.228517
0,8192,false,sum_i64,9,1059,5,bound_dynamic,14.222183
0,8192,false,sum_i64,10,1059,0,before,14.384207
0,8192,false,sum_i64,10,1059,1,after,14.299182
0,8192,false,sum_i64,10,1059,2,enum_dynamic,14.190392
0,8192,false,sum_i64,10,1059,3,enum_static,14.252282
0,8192,false,sum_i64,10,1059,4,bound_dynamic,14.219665
0,8192,false,sum_i64,10,1059,5,bound_static,14.245082
0,8192,false,sum_i64,11,1059,0,after,14.177762
0,8192,false,sum_i64,11,1059,1,enum_dynamic,14.224819
0,8192,false,sum_i64,11,1059,2,enum_static,14.199008
0,8192,false,sum_i64,11,1059,3,bound_dynamic,14.189093
0,8192,false,sum_i64,11,1059,4,bound_static,14.201920
0,8192,false,sum_i64,11,1059,5,before,14.179060
0,128,false,avg_i64,0,40000,0,enum_dynamic,0.376549
0,128,false,avg_i64,0,40000,1,enum_static,0.374932
0,128,false,avg_i64,0,40000,2,bound_dynamic,0.373581
0,128,false,avg_i64,0,40000,3,bound_static,0.375511
0,128,false,avg_i64,0,40000,4,before,0.408885
0,128,false,avg_i64,0,40000,5,after,0.375043
0,128,false,avg_i64,1,40000,0,enum_static,0.376822
0,128,false,avg_i64,1,40000,1,bound_dynamic,0.374110
0,128,false,avg_i64,1,40000,2,bound_static,0.376533
0,128,false,avg_i64,1,40000,3,before,0.409126
0,128,false,avg_i64,1,40000,4,after,0.374870
0,128,false,avg_i64,1,40000,5,enum_dynamic,0.376457
0,128,false,avg_i64,2,40000,0,bound_dynamic,0.374239
0,128,false,avg_i64,2,40000,1,bound_static,0.376383
0,128,false,avg_i64,2,40000,2,before,0.414157
0,128,false,avg_i64,2,40000,3,after,0.378708
0,128,false,avg_i64,2,40000,4,enum_dynamic,0.376620
0,128,false,avg_i64,2,40000,5,enum_static,0.376256
0,128,false,avg_i64,3,40000,0,bound_static,0.376743
0,128,false,avg_i64,3,40000,1,before,0.410291
0,128,false,avg_i64,3,40000,2,after,0.374815
0,128,false,avg_i64,3,40000,3,enum_dynamic,0.377435
0,128,false,avg_i64,3,40000,4,enum_static,0.376128
0,128,false,avg_i64,3,40000,5,bound_dynamic,0.374640
0,128,false,avg_i64,4,40000,0,before,0.409181
0,128,false,avg_i64,4,40000,1,after,0.374464
0,128,false,avg_i64,4,40000,2,enum_dynamic,0.384361
0,128,false,avg_i64,4,40000,3,enum_static,0.375058
0,128,false,avg_i64,4,40000,4,bound_dynamic,0.374576
0,128,false,avg_i64,4,40000,5,bound_static,0.375534
0,128,false,avg_i64,5,40000,0,after,0.375207
0,128,false,avg_i64,5,40000,1,enum_dynamic,0.377865
0,128,false,avg_i64,5,40000,2,enum_static,0.375362
0,128,false,avg_i64,5,40000,3,bound_dynamic,0.374357
0,128,false,avg_i64,5,40000,4,bound_static,0.376165
0,128,false,avg_i64,5,40000,5,before,0.410999
0,128,false,avg_i64,6,40000,0,enum_dynamic,0.376885
0,128,false,avg_i64,6,40000,1,enum_static,0.376245
0,128,false,avg_i64,6,40000,2,bound_dynamic,0.373984
0,128,false,avg_i64,6,40000,3,bound_static,0.377928
0,128,false,avg_i64,6,40000,4,before,0.409773
0,128,false,avg_i64,6,40000,5,after,0.374230
0,128,false,avg_i64,7,40000,0,enum_static,0.375045
0,128,false,avg_i64,7,40000,1,bound_dynamic,0.374825
0,128,false,avg_i64,7,40000,2,bound_static,0.381283
0,128,false,avg_i64,7,40000,3,before,0.409425
0,128,false,avg_i64,7,40000,4,after,0.374003
0,128,false,avg_i64,7,40000,5,enum_dynamic,0.376705
0,128,false,avg_i64,8,40000,0,bound_dynamic,0.379487
0,128,false,avg_i64,8,40000,1,bound_static,0.376129
0,128,false,avg_i64,8,40000,2,before,0.409162
0,128,false,avg_i64,8,40000,3,after,0.373747
0,128,false,avg_i64,8,40000,4,enum_dynamic,0.377775
0,128,false,avg_i64,8,40000,5,enum_static,0.376410
0,128,false,avg_i64,9,40000,0,bound_static,0.384191
0,128,false,avg_i64,9,40000,1,before,0.410014
0,128,false,avg_i64,9,40000,2,after,0.375102
0,128,false,avg_i64,9,40000,3,enum_dynamic,0.377468
0,128,false,avg_i64,9,40000,4,enum_static,0.375969
0,128,false,avg_i64,9,40000,5,bound_dynamic,0.374620
0,128,false,avg_i64,10,40000,0,before,0.409154
0,128,false,avg_i64,10,40000,1,after,0.374991
0,128,false,avg_i64,10,40000,2,enum_dynamic,0.376945
0,128,false,avg_i64,10,40000,3,enum_static,0.374735
0,128,false,avg_i64,10,40000,4,bound_dynamic,0.374067
0,128,false,avg_i64,10,40000,5,bound_static,0.376371
0,128,false,avg_i64,11,40000,0,after,0.374033
0,128,false,avg_i64,11,40000,1,enum_dynamic,0.377289
0,128,false,avg_i64,11,40000,2,enum_static,0.374458
0,128,false,avg_i64,11,40000,3,bound_dynamic,0.374789
0,128,false,avg_i64,11,40000,4,bound_static,0.382075
0,128,false,avg_i64,11,40000,5,before,0.412734
0,8192,true,mixed_7,0,30,0,enum_dynamic,514.819433
0,8192,true,mixed_7,0,30,1,enum_static,501.762500
0,8192,true,mixed_7,0,30,2,bound_dynamic,510.573600
0,8192,true,mixed_7,0,30,3,bound_static,503.102767
0,8192,true,mixed_7,0,30,4,before,512.043033
0,8192,true,mixed_7,0,30,5,after,503.354167
0,8192,true,mixed_7,1,30,0,enum_static,503.041667
0,8192,true,mixed_7,1,30,1,bound_dynamic,508.065267
0,8192,true,mixed_7,1,30,2,bound_static,508.966667
0,8192,true,mixed_7,1,30,3,before,511.229167
0,8192,true,mixed_7,1,30,4,after,504.109700
0,8192,true,mixed_7,1,30,5,enum_dynamic,509.137500
0,8192,true,mixed_7,2,30,0,bound_dynamic,511.705533
0,8192,true,mixed_7,2,30,1,bound_static,503.384733
0,8192,true,mixed_7,2,30,2,before,510.494433
0,8192,true,mixed_7,2,30,3,after,502.636100
0,8192,true,mixed_7,2,30,4,enum_dynamic,508.972233
0,8192,true,mixed_7,2,30,5,enum_static,503.275000
0,8192,true,mixed_7,3,30,0,bound_static,502.334733
0,8192,true,mixed_7,3,30,1,before,510.458333
0,8192,true,mixed_7,3,30,2,after,502.322233
0,8192,true,mixed_7,3,30,3,enum_dynamic,508.970833
0,8192,true,mixed_7,3,30,4,enum_static,501.818033
0,8192,true,mixed_7,3,30,5,bound_dynamic,508.819467
0,8192,true,mixed_7,4,30,0,before,510.419433
0,8192,true,mixed_7,4,30,1,after,501.188867
0,8192,true,mixed_7,4,30,2,enum_dynamic,508.645833
0,8192,true,mixed_7,4,30,3,enum_static,502.708333
0,8192,true,mixed_7,4,30,4,bound_dynamic,513.836100
0,8192,true,mixed_7,4,30,5,bound_static,501.629167
0,8192,true,mixed_7,5,30,0,after,507.551400
0,8192,true,mixed_7,5,30,1,enum_dynamic,508.152767
0,8192,true,mixed_7,5,30,2,enum_static,502.841667
0,8192,true,mixed_7,5,30,3,bound_dynamic,507.726400
0,8192,true,mixed_7,5,30,4,bound_static,502.856933
0,8192,true,mixed_7,5,30,5,before,522.231967
0,8192,true,mixed_7,6,30,0,enum_dynamic,516.950000
0,8192,true,mixed_7,6,30,1,enum_static,504.005567
0,8192,true,mixed_7,6,30,2,bound_dynamic,508.252767
0,8192,true,mixed_7,6,30,3,bound_static,503.952767
0,8192,true,mixed_7,6,30,4,before,513.134700
0,8192,true,mixed_7,6,30,5,after,504.206967
0,8192,true,mixed_7,7,30,0,enum_static,501.326400
0,8192,true,mixed_7,7,30,1,bound_dynamic,507.348600
0,8192,true,mixed_7,7,30,2,bound_static,500.650000
0,8192,true,mixed_7,7,30,3,before,509.426400
0,8192,true,mixed_7,7,30,4,after,500.950000
0,8192,true,mixed_7,7,30,5,enum_dynamic,507.391667
0,8192,true,mixed_7,8,30,0,bound_dynamic,506.823600
0,8192,true,mixed_7,8,30,1,bound_static,500.866667
0,8192,true,mixed_7,8,30,2,before,508.894433
0,8192,true,mixed_7,8,30,3,after,501.026400
0,8192,true,mixed_7,8,30,4,enum_dynamic,506.752800
0,8192,true,mixed_7,8,30,5,enum_static,502.672200
0,8192,true,mixed_7,9,30,0,bound_static,505.038867
0,8192,true,mixed_7,9,30,1,before,509.525000
0,8192,true,mixed_7,9,30,2,after,501.995833
0,8192,true,mixed_7,9,30,3,enum_dynamic,507.430567
0,8192,true,mixed_7,9,30,4,enum_static,502.213867
0,8192,true,mixed_7,9,30,5,bound_dynamic,512.206933
0,8192,true,mixed_7,10,30,0,before,509.552800
0,8192,true,mixed_7,10,30,1,after,501.590300
0,8192,true,mixed_7,10,30,2,enum_dynamic,507.219433
0,8192,true,mixed_7,10,30,3,enum_static,502.963900
0,8192,true,mixed_7,10,30,4,bound_dynamic,507.555567
0,8192,true,mixed_7,10,30,5,bound_static,502.002767
0,8192,true,mixed_7,11,30,0,after,502.198633
0,8192,true,mixed_7,11,30,1,enum_dynamic,508.818067
0,8192,true,mixed_7,11,30,2,enum_static,501.079167
0,8192,true,mixed_7,11,30,3,bound_dynamic,509.187500
0,8192,true,mixed_7,11,30,4,bound_static,501.051400
0,8192,true,mixed_7,11,30,5,before,517.738900
0,65536,true,avg_i64,0,111,0,enum_dynamic,136.585955
0,65536,true,avg_i64,0,111,1,enum_static,136.504883
0,65536,true,avg_i64,0,111,2,bound_dynamic,136.225604
0,65536,true,avg_i64,0,111,3,bound_static,136.638514
0,65536,true,avg_i64,0,111,4,before,153.287532
0,65536,true,avg_i64,0,111,5,after,136.452703
0,65536,true,avg_i64,1,111,0,enum_static,136.347973
0,65536,true,avg_i64,1,111,1,bound_dynamic,136.520270
0,65536,true,avg_i64,1,111,2,bound_static,136.254883
0,65536,true,avg_i64,1,111,3,before,154.649775
0,65536,true,avg_i64,1,111,4,after,137.208712
0,65536,true,avg_i64,1,111,5,enum_dynamic,136.588964
0,65536,true,avg_i64,2,111,0,bound_dynamic,136.347973
0,65536,true,avg_i64,2,111,1,bound_static,136.496622
0,65536,true,avg_i64,2,111,2,before,153.250000
0,65536,true,avg_i64,2,111,3,after,136.169297
0,65536,true,avg_i64,2,111,4,enum_dynamic,136.105108
0,65536,true,avg_i64,2,111,5,enum_static,137.385514
0,65536,true,avg_i64,3,111,0,bound_static,136.611108
0,65536,true,avg_i64,3,111,1,before,153.423802
0,65536,true,avg_i64,3,111,2,after,136.974477
0,65536,true,avg_i64,3,111,3,enum_dynamic,136.600982
0,65536,true,avg_i64,3,111,4,enum_static,136.417045
0,65536,true,avg_i64,3,111,5,bound_dynamic,136.741369
0,65536,true,avg_i64,4,111,0,before,153.420045
0,65536,true,avg_i64,4,111,1,after,137.584838
0,65536,true,avg_i64,4,111,2,enum_dynamic,139.221468
0,65536,true,avg_i64,4,111,3,enum_static,136.560063
0,65536,true,avg_i64,4,111,4,bound_dynamic,136.405027
0,65536,true,avg_i64,4,111,5,bound_static,138.751126
0,65536,true,avg_i64,5,111,0,after,136.900523
0,65536,true,avg_i64,5,111,1,enum_dynamic,136.740613
0,65536,true,avg_i64,5,111,2,enum_static,136.176802
0,65536,true,avg_i64,5,111,3,bound_dynamic,136.250748
0,65536,true,avg_i64,5,111,4,bound_static,136.118622
0,65536,true,avg_i64,5,111,5,before,153.224099
0,65536,true,avg_i64,6,111,0,enum_dynamic,136.209081
0,65536,true,avg_i64,6,111,1,enum_static,135.997748
0,65536,true,avg_i64,6,111,2,bound_dynamic,136.435063
0,65536,true,avg_i64,6,111,3,bound_static,136.006387
0,65536,true,avg_i64,6,111,4,before,152.913667
0,65536,true,avg_i64,6,111,5,after,135.950820
0,65536,true,avg_i64,7,111,0,enum_static,136.415541
0,65536,true,avg_i64,7,111,1,bound_dynamic,136.200829
0,65536,true,avg_i64,7,111,2,bound_static,137.363369
0,65536,true,avg_i64,7,111,3,before,154.455333
0,65536,true,avg_i64,7,111,4,after,136.565685
0,65536,true,avg_i64,7,111,5,enum_dynamic,136.482351
0,65536,true,avg_i64,8,111,0,bound_dynamic,136.220351
0,65536,true,avg_i64,8,111,1,bound_static,136.223351
0,65536,true,avg_i64,8,111,2,before,153.275901
0,65536,true,avg_i64,8,111,3,after,136.034532
0,65536,true,avg_i64,8,111,4,enum_dynamic,136.225604
0,65536,true,avg_i64,8,111,5,enum_static,138.073198
0,65536,true,avg_i64,9,111,0,bound_static,136.570577
0,65536,true,avg_i64,9,111,1,before,153.565315
0,65536,true,avg_i64,9,111,2,after,136.645270
0,65536,true,avg_i64,9,111,3,enum_dynamic,136.401649
0,65536,true,avg_i64,9,111,4,enum_static,136.221099
0,65536,true,avg_i64,9,111,5,bound_dynamic,136.814937
0,65536,true,avg_i64,10,111,0,before,153.558559
0,65536,true,avg_i64,10,111,1,after,135.989865
0,65536,true,avg_i64,10,111,2,enum_dynamic,136.299171
0,65536,true,avg_i64,10,111,3,enum_static,138.460207
0,65536,true,avg_i64,10,111,4,bound_dynamic,138.221847
0,65536,true,avg_i64,10,111,5,bound_static,136.635514
0,65536,true,avg_i64,11,111,0,after,136.548802
0,65536,true,avg_i64,11,111,1,enum_dynamic,136.799550
0,65536,true,avg_i64,11,111,2,enum_static,136.367117
0,65536,true,avg_i64,11,111,3,bound_dynamic,136.543919
0,65536,true,avg_i64,11,111,4,bound_static,136.596090
0,65536,true,avg_i64,11,111,5,before,153.318694
0,65536,true,max_i64,0,44,0,enum_dynamic,364.826705
0,65536,true,max_i64,0,44,1,enum_static,346.224432
0,65536,true,max_i64,0,44,2,bound_dynamic,368.407205
0,65536,true,max_i64,0,44,3,bound_static,346.449818
0,65536,true,max_i64,0,44,4,before,361.498114
0,65536,true,max_i64,0,44,5,after,346.162886
0,65536,true,max_i64,1,44,0,enum_static,345.713068
0,65536,true,max_i64,1,44,1,bound_dynamic,365.832386
0,65536,true,max_i64,1,44,2,bound_static,346.326705
0,65536,true,max_i64,1,44,3,before,362.327659
0,65536,true,max_i64,1,44,4,after,345.768932
0,65536,true,max_i64,1,44,5,enum_dynamic,373.481068
0,65536,true,max_i64,2,44,0,bound_dynamic,365.995273
0,65536,true,max_i64,2,44,1,bound_static,348.813432
0,65536,true,max_i64,2,44,2,before,365.670455
0,65536,true,max_i64,2,44,3,after,346.939386
0,65536,true,max_i64,2,44,4,enum_dynamic,364.765136
0,65536,true,max_i64,2,44,5,enum_static,346.168568
0,65536,true,max_i64,3,44,0,bound_static,350.418545
0,65536,true,max_i64,3,44,1,before,364.893932
0,65536,true,max_i64,3,44,2,after,345.748091
0,65536,true,max_i64,3,44,3,enum_dynamic,363.727273
0,65536,true,max_i64,3,44,4,enum_static,345.559659
0,65536,true,max_i64,3,44,5,bound_dynamic,365.199818
0,65536,true,max_i64,4,44,0,before,361.347545
0,65536,true,max_i64,4,44,1,after,345.054932
0,65536,true,max_i64,4,44,2,enum_dynamic,363.848500
0,65536,true,max_i64,4,44,3,enum_static,346.123114
0,65536,true,max_i64,4,44,4,bound_dynamic,371.354182
0,65536,true,max_i64,4,44,5,bound_static,347.837114
0,65536,true,max_i64,5,44,0,after,346.820091
0,65536,true,max_i64,5,44,1,enum_dynamic,364.140136
0,65536,true,max_i64,5,44,2,enum_static,346.072909
0,65536,true,max_i64,5,44,3,bound_dynamic,365.705477
0,65536,true,max_i64,5,44,4,bound_static,346.652455
0,65536,true,max_i64,5,44,5,before,362.874068
0,65536,true,max_i64,6,44,0,enum_dynamic,363.715909
0,65536,true,max_i64,6,44,1,enum_static,347.181818
0,65536,true,max_i64,6,44,2,bound_dynamic,364.571023
0,65536,true,max_i64,6,44,3,bound_static,346.468750
0,65536,true,max_i64,6,44,4,before,361.798295
0,65536,true,max_i64,6,44,5,after,345.905318
0,65536,true,max_i64,7,44,0,enum_static,346.151523
0,65536,true,max_i64,7,44,1,bound_dynamic,365.912886
0,65536,true,max_i64,7,44,2,bound_static,346.512318
0,65536,true,max_i64,7,44,3,before,361.918568
0,65536,true,max_i64,7,44,4,after,345.812500
0,65536,true,max_i64,7,44,5,enum_dynamic,367.969705
0,65536,true,max_i64,8,44,0,bound_dynamic,369.848477
0,65536,true,max_i64,8,44,1,bound_static,346.633523
0,65536,true,max_i64,8,44,2,before,361.953591
0,65536,true,max_i64,8,44,3,after,345.922341
0,65536,true,max_i64,8,44,4,enum_dynamic,364.221591
0,65536,true,max_i64,8,44,5,enum_static,345.716864
0,65536,true,max_i64,9,44,0,bound_static,347.481068
0,65536,true,max_i64,9,44,1,before,361.986750
0,65536,true,max_i64,9,44,2,after,348.504750
0,65536,true,max_i64,9,44,3,enum_dynamic,364.328591
0,65536,true,max_i64,9,44,4,enum_static,346.684659
0,65536,true,max_i64,9,44,5,bound_dynamic,365.308705
0,65536,true,max_i64,10,44,0,before,362.197909
0,65536,true,max_i64,10,44,1,after,345.854159
0,65536,true,max_i64,10,44,2,enum_dynamic,364.421409
0,65536,true,max_i64,10,44,3,enum_static,345.700750
0,65536,true,max_i64,10,44,4,bound_dynamic,365.514205
0,65536,true,max_i64,10,44,5,bound_static,346.956432
0,65536,true,max_i64,11,44,0,after,349.701705
0,65536,true,max_i64,11,44,1,enum_dynamic,364.320068
0,65536,true,max_i64,11,44,2,enum_static,345.839955
0,65536,true,max_i64,11,44,3,bound_dynamic,366.714023
0,65536,true,max_i64,11,44,4,bound_static,345.472545
0,65536,true,max_i64,11,44,5,before,363.585227
0,128,false,min_utf8,0,8434,0,enum_dynamic,1.849147
0,128,false,min_utf8,0,8434,1,enum_static,1.770142
0,128,false,min_utf8,0,8434,2,bound_dynamic,1.855575
0,128,false,min_utf8,0,8434,3,bound_static,1.800638
0,128,false,min_utf8,0,8434,4,before,1.828927
0,128,false,min_utf8,0,8434,5,after,1.785284
0,128,false,min_utf8,1,8434,0,enum_static,1.769272
0,128,false,min_utf8,1,8434,1,bound_dynamic,1.849992
0,128,false,min_utf8,1,8434,2,bound_static,1.763403
0,128,false,min_utf8,1,8434,3,before,1.827449
0,128,false,min_utf8,1,8434,4,after,1.779904
0,128,false,min_utf8,1,8434,5,enum_dynamic,1.853144
0,128,false,min_utf8,2,8434,0,bound_dynamic,1.842102
0,128,false,min_utf8,2,8434,1,bound_static,1.759228
0,128,false,min_utf8,2,8434,2,before,1.825286
0,128,false,min_utf8,2,8434,3,after,1.802278
0,128,false,min_utf8,2,8434,4,enum_dynamic,1.854340
0,128,false,min_utf8,2,8434,5,enum_static,1.764776
0,128,false,min_utf8,3,8434,0,bound_static,1.763902
0,128,false,min_utf8,3,8434,1,before,1.829253
0,128,false,min_utf8,3,8434,2,after,1.783624
0,128,false,min_utf8,3,8434,3,enum_dynamic,1.856128
0,128,false,min_utf8,3,8434,4,enum_static,1.769732
0,128,false,min_utf8,3,8434,5,bound_dynamic,1.851020
0,128,false,min_utf8,4,8434,0,before,1.827281
0,128,false,min_utf8,4,8434,1,after,1.783979
0,128,false,min_utf8,4,8434,2,enum_dynamic,1.854690
0,128,false,min_utf8,4,8434,3,enum_static,1.770132
0,128,false,min_utf8,4,8434,4,bound_dynamic,1.845314
0,128,false,min_utf8,4,8434,5,bound_static,1.765547
0,128,false,min_utf8,5,8434,0,after,1.780912
0,128,false,min_utf8,5,8434,1,enum_dynamic,1.858104
0,128,false,min_utf8,5,8434,2,enum_static,1.770428
0,128,false,min_utf8,5,8434,3,bound_dynamic,1.849513
0,128,false,min_utf8,5,8434,4,bound_static,1.760982
0,128,false,min_utf8,5,8434,5,before,1.824164
0,128,false,min_utf8,6,8434,0,enum_dynamic,1.861009
0,128,false,min_utf8,6,8434,1,enum_static,1.766604
0,128,false,min_utf8,6,8434,2,bound_dynamic,1.842305
0,128,false,min_utf8,6,8434,3,bound_static,1.762786
0,128,false,min_utf8,6,8434,4,before,1.838945
0,128,false,min_utf8,6,8434,5,after,1.777656
0,128,false,min_utf8,7,8434,0,enum_static,1.769900
0,128,false,min_utf8,7,8434,1,bound_dynamic,1.841169
0,128,false,min_utf8,7,8434,2,bound_static,1.759871
0,128,false,min_utf8,7,8434,3,before,1.824011
0,128,false,min_utf8,7,8434,4,after,1.784750
0,128,false,min_utf8,7,8434,5,enum_dynamic,1.857314
0,128,false,min_utf8,8,8434,0,bound_dynamic,1.837844
0,128,false,min_utf8,8,8434,1,bound_static,1.779523
0,128,false,min_utf8,8,8434,2,before,1.817727
0,128,false,min_utf8,8,8434,3,after,1.781208
0,128,false,min_utf8,8,8434,4,enum_dynamic,1.849236
0,128,false,min_utf8,8,8434,5,enum_static,1.768561
0,128,false,min_utf8,9,8434,0,bound_static,1.764416
0,128,false,min_utf8,9,8434,1,before,1.821220
0,128,false,min_utf8,9,8434,2,after,1.775744
0,128,false,min_utf8,9,8434,3,enum_dynamic,1.851494
0,128,false,min_utf8,9,8434,4,enum_static,1.769149
0,128,false,min_utf8,9,8434,5,bound_dynamic,1.856578
0,128,false,min_utf8,10,8434,0,before,1.820730
0,128,false,min_utf8,10,8434,1,after,1.775373
0,128,false,min_utf8,10,8434,2,enum_dynamic,1.857684
0,128,false,min_utf8,10,8434,3,enum_static,1.763961
0,128,false,min_utf8,10,8434,4,bound_dynamic,1.843095
0,128,false,min_utf8,10,8434,5,bound_static,1.760113
0,128,false,min_utf8,11,8434,0,after,1.779380
0,128,false,min_utf8,11,8434,1,enum_dynamic,1.852833
0,128,false,min_utf8,11,8434,2,enum_static,1.788371
0,128,false,min_utf8,11,8434,3,bound_dynamic,1.859137
0,128,false,min_utf8,11,8434,4,bound_static,1.759550
0,128,false,min_utf8,11,8434,5,before,1.841707
0,128,false,count_distinct_i64,0,2831,0,enum_dynamic,5.305237
0,128,false,count_distinct_i64,0,2831,1,enum_static,5.323310
0,128,false,count_distinct_i64,0,2831,2,bound_dynamic,5.337322
0,128,false,count_distinct_i64,0,2831,3,bound_static,5.318895
0,128,false,count_distinct_i64,0,2831,4,before,5.329242
0,128,false,count_distinct_i64,0,2831,5,after,5.305339
0,128,false,count_distinct_i64,1,2831,0,enum_static,5.298805
0,128,false,count_distinct_i64,1,2831,1,bound_dynamic,5.341046
0,128,false,count_distinct_i64,1,2831,2,bound_static,5.333937
0,128,false,count_distinct_i64,1,2831,3,before,5.320646
0,128,false,count_distinct_i64,1,2831,4,after,5.306797
0,128,false,count_distinct_i64,1,2831,5,enum_dynamic,5.304000
0,128,false,count_distinct_i64,2,2831,0,bound_dynamic,5.345579
0,128,false,count_distinct_i64,2,2831,1,bound_static,5.653509
0,128,false,count_distinct_i64,2,2831,2,before,5.412413
0,128,false,count_distinct_i64,2,2831,3,after,5.328432
0,128,false,count_distinct_i64,2,2831,4,enum_dynamic,5.314774
0,128,false,count_distinct_i64,2,2831,5,enum_static,5.300792
0,128,false,count_distinct_i64,3,2831,0,bound_static,5.322472
0,128,false,count_distinct_i64,3,2831,1,before,5.316025
0,128,false,count_distinct_i64,3,2831,2,after,5.302691
0,128,false,count_distinct_i64,3,2831,3,enum_dynamic,5.308313
0,128,false,count_distinct_i64,3,2831,4,enum_static,5.311668
0,128,false,count_distinct_i64,3,2831,5,bound_dynamic,5.336866
0,128,false,count_distinct_i64,4,2831,0,before,5.333584
0,128,false,count_distinct_i64,4,2831,1,after,5.319366
0,128,false,count_distinct_i64,4,2831,2,enum_dynamic,5.323884
0,128,false,count_distinct_i64,4,2831,3,enum_static,5.312316
0,128,false,count_distinct_i64,4,2831,4,bound_dynamic,5.338764
0,128,false,count_distinct_i64,4,2831,5,bound_static,5.353158
0,128,false,count_distinct_i64,5,2831,0,after,5.301793
0,128,false,count_distinct_i64,5,2831,1,enum_dynamic,5.322074
0,128,false,count_distinct_i64,5,2831,2,enum_static,5.307032
0,128,false,count_distinct_i64,5,2831,3,bound_dynamic,5.353703
0,128,false,count_distinct_i64,5,2831,4,bound_static,5.383625
0,128,false,count_distinct_i64,5,2831,5,before,5.323943
0,128,false,count_distinct_i64,6,2831,0,enum_dynamic,5.317983
0,128,false,count_distinct_i64,6,2831,1,enum_static,5.307282
0,128,false,count_distinct_i64,6,2831,2,bound_dynamic,5.364491
0,128,false,count_distinct_i64,6,2831,3,bound_static,5.324061
0,128,false,count_distinct_i64,6,2831,4,before,5.329889
0,128,false,count_distinct_i64,6,2831,5,after,5.321235
0,128,false,count_distinct_i64,7,2831,0,enum_static,5.304324
0,128,false,count_distinct_i64,7,2831,1,bound_dynamic,5.343798
0,128,false,count_distinct_i64,7,2831,2,bound_static,5.332259
0,128,false,count_distinct_i64,7,2831,3,before,5.334776
0,128,false,count_distinct_i64,7,2831,4,after,5.323679
0,128,false,count_distinct_i64,7,2831,5,enum_dynamic,5.395458
0,128,false,count_distinct_i64,8,2831,0,bound_dynamic,5.375118
0,128,false,count_distinct_i64,8,2831,1,bound_static,5.336365
0,128,false,count_distinct_i64,8,2831,2,before,5.334378
0,128,false,count_distinct_i64,8,2831,3,after,5.317276
0,128,false,count_distinct_i64,8,2831,4,enum_dynamic,5.332848
0,128,false,count_distinct_i64,8,2831,5,enum_static,5.309902
0,128,false,count_distinct_i64,9,2831,0,bound_static,5.383006
0,128,false,count_distinct_i64,9,2831,1,before,5.335203
0,128,false,count_distinct_i64,9,2831,2,after,5.331243
0,128,false,count_distinct_i64,9,2831,3,enum_dynamic,5.336792
0,128,false,count_distinct_i64,9,2831,4,enum_static,5.320602
0,128,false,count_distinct_i64,9,2831,5,bound_dynamic,5.362667
0,128,false,count_distinct_i64,10,2831,0,before,5.332980
0,128,false,count_distinct_i64,10,2831,1,after,5.328064
0,128,false,count_distinct_i64,10,2831,2,enum_dynamic,5.541122
0,128,false,count_distinct_i64,10,2831,3,enum_static,5.515454
0,128,false,count_distinct_i64,10,2831,4,bound_dynamic,5.328623
0,128,false,count_distinct_i64,10,2831,5,bound_static,5.343400
0,128,false,count_distinct_i64,11,2831,0,after,5.342061
0,128,false,count_distinct_i64,11,2831,1,enum_dynamic,5.327181
0,128,false,count_distinct_i64,11,2831,2,enum_static,5.321750
0,128,false,count_distinct_i64,11,2831,3,bound_dynamic,5.342959
0,128,false,count_distinct_i64,11,2831,4,bound_static,5.335924
0,128,false,count_distinct_i64,11,2831,5,before,5.328300
0,8192,true,sum_f64,0,1678,0,enum_dynamic,9.081397
0,8192,true,sum_f64,0,1678,1,enum_static,9.123957
0,8192,true,sum_f64,0,1678,2,bound_dynamic,8.947383
0,8192,true,sum_f64,0,1678,3,bound_static,8.953988
0,8192,true,sum_f64,0,1678,4,before,8.938319
0,8192,true,sum_f64,0,1678,5,after,9.082067
0,8192,true,sum_f64,1,1678,0,enum_static,8.938319
0,8192,true,sum_f64,1,1678,1,bound_dynamic,8.953566
0,8192,true,sum_f64,1,1678,2,bound_static,8.986840
0,8192,true,sum_f64,1,1678,3,before,8.947110
0,8192,true,sum_f64,1,1678,4,after,9.108686
0,8192,true,sum_f64,1,1678,5,enum_dynamic,9.080925
0,8192,true,sum_f64,2,1678,0,bound_dynamic,8.945173
0,8192,true,sum_f64,2,1678,1,bound_static,8.970153
0,8192,true,sum_f64,2,1678,2,before,8.933502
0,8192,true,sum_f64,2,1678,3,after,9.099324
0,8192,true,sum_f64,2,1678,4,enum_dynamic,8.954535
0,8192,true,sum_f64,2,1678,5,enum_static,8.978124
0,8192,true,sum_f64,3,1678,0,bound_static,8.946315
0,8192,true,sum_f64,3,1678,1,before,8.945595
0,8192,true,sum_f64,3,1678,2,after,9.092546
0,8192,true,sum_f64,3,1678,3,enum_dynamic,8.961810
0,8192,true,sum_f64,3,1678,4,enum_static,8.956272
0,8192,true,sum_f64,3,1678,5,bound_dynamic,8.937277
0,8192,true,sum_f64,4,1678,0,before,8.966925
0,8192,true,sum_f64,4,1678,1,after,9.097810
0,8192,true,sum_f64,4,1678,2,enum_dynamic,8.961636
0,8192,true,sum_f64,4,1678,3,enum_static,8.948327
0,8192,true,sum_f64,4,1678,4,bound_dynamic,9.031560
0,8192,true,sum_f64,4,1678,5,bound_static,8.964020
0,8192,true,sum_f64,5,1678,0,after,9.111988
0,8192,true,sum_f64,5,1678,1,enum_dynamic,8.947482
0,8192,true,sum_f64,5,1678,2,enum_static,8.951480
0,8192,true,sum_f64,5,1678,3,bound_dynamic,8.974424
0,8192,true,sum_f64,5,1678,4,bound_static,8.951083
0,8192,true,sum_f64,5,1678,5,before,8.981873
0,8192,true,sum_f64,6,1678,0,enum_dynamic,8.955006
0,8192,true,sum_f64,6,1678,1,enum_static,8.967297
0,8192,true,sum_f64,6,1678,2,bound_dynamic,8.958731
0,8192,true,sum_f64,6,1678,3,bound_static,8.988454
0,8192,true,sum_f64,6,1678,4,before,8.946663
0,8192,true,sum_f64,6,1678,5,after,9.092148
0,8192,true,sum_f64,7,1678,0,enum_static,8.948029
0,8192,true,sum_f64,7,1678,1,bound_dynamic,8.975144
0,8192,true,sum_f64,7,1678,2,bound_static,8.958830
0,8192,true,sum_f64,7,1678,3,before,8.948525
0,8192,true,sum_f64,7,1678,4,after,9.203591
0,8192,true,sum_f64,7,1678,5,enum_dynamic,9.022423
0,8192,true,sum_f64,8,1678,0,bound_dynamic,9.045192
0,8192,true,sum_f64,8,1678,1,bound_static,8.957862
0,8192,true,sum_f64,8,1678,2,before,8.974076
0,8192,true,sum_f64,8,1678,3,after,9.095228
0,8192,true,sum_f64,8,1678,4,enum_dynamic,8.962654
0,8192,true,sum_f64,8,1678,5,enum_static,8.948327
0,8192,true,sum_f64,9,1678,0,bound_static,8.966279
0,8192,true,sum_f64,9,1678,1,before,8.959897
0,8192,true,sum_f64,9,1678,2,after,9.225765
0,8192,true,sum_f64,9,1678,3,enum_dynamic,8.968465
0,8192,true,sum_f64,9,1678,4,enum_static,8.950313
0,8192,true,sum_f64,9,1678,5,bound_dynamic,8.959575
0,8192,true,sum_f64,10,1678,0,before,8.963697
0,8192,true,sum_f64,10,1678,1,after,9.112411
0,8192,true,sum_f64,10,1678,2,enum_dynamic,8.951678
0,8192,true,sum_f64,10,1678,3,enum_static,8.937426
0,8192,true,sum_f64,10,1678,4,bound_dynamic,8.946266
0,8192,true,sum_f64,10,1678,5,bound_static,8.954285
0,8192,true,sum_f64,11,1678,0,after,9.083035
0,8192,true,sum_f64,11,1678,1,enum_dynamic,8.939114
0,8192,true,sum_f64,11,1678,2,enum_static,8.945446
0,8192,true,sum_f64,11,1678,3,bound_dynamic,8.945669
0,8192,true,sum_f64,11,1678,4,bound_static,8.955204
0,8192,true,sum_f64,11,1678,5,before,8.934023
0,128,false,max_utf8,0,8276,0,enum_dynamic,1.850647
0,128,false,max_utf8,0,8276,1,enum_static,1.806051
0,128,false,max_utf8,0,8276,2,bound_dynamic,1.841766
0,128,false,max_utf8,0,8276,3,bound_static,1.800940
0,128,false,max_utf8,0,8276,4,before,1.813442
0,128,false,max_utf8,0,8276,5,after,1.827559
0,128,false,max_utf8,1,8276,0,enum_static,1.805295
0,128,false,max_utf8,1,8276,1,bound_dynamic,1.843569
0,128,false,max_utf8,1,8276,2,bound_static,1.801263
0,128,false,max_utf8,1,8276,3,before,1.808205
0,128,false,max_utf8,1,8276,4,after,1.843352
0,128,false,max_utf8,1,8276,5,enum_dynamic,1.855194
0,128,false,max_utf8,2,8276,0,bound_dynamic,1.842094
0,128,false,max_utf8,2,8276,1,bound_static,1.807078
0,128,false,max_utf8,2,8276,2,before,1.814468
0,128,false,max_utf8,2,8276,3,after,1.826365
0,128,false,max_utf8,2,8276,4,enum_dynamic,1.861482
0,128,false,max_utf8,2,8276,5,enum_static,1.800392
0,128,false,max_utf8,3,8276,0,bound_static,1.814177
0,128,false,max_utf8,3,8276,1,before,1.804273
0,128,false,max_utf8,3,8276,2,after,1.833600
0,128,false,max_utf8,3,8276,3,enum_dynamic,1.857439
0,128,false,max_utf8,3,8276,4,enum_static,1.816588
0,128,false,max_utf8,3,8276,5,bound_dynamic,1.845316
0,128,false,max_utf8,4,8276,0,before,1.809555
0,128,false,max_utf8,4,8276,1,after,1.822519
0,128,false,max_utf8,4,8276,2,enum_dynamic,1.850637
0,128,false,max_utf8,4,8276,3,enum_static,1.809222
0,128,false,max_utf8,4,8276,4,bound_dynamic,1.841817
0,128,false,max_utf8,4,8276,5,bound_static,1.810481
0,128,false,max_utf8,5,8276,0,after,1.824518
0,128,false,max_utf8,5,8276,1,enum_dynamic,1.860495
0,128,false,max_utf8,5,8276,2,enum_static,1.804782
0,128,false,max_utf8,5,8276,3,bound_dynamic,1.845275
0,128,false,max_utf8,5,8276,4,bound_static,1.805673
0,128,false,max_utf8,5,8276,5,before,1.802723
0,128,false,max_utf8,6,8276,0,enum_dynamic,1.855516
0,128,false,max_utf8,6,8276,1,enum_static,1.808729
0,128,false,max_utf8,6,8276,2,bound_dynamic,1.849449
0,128,false,max_utf8,6,8276,3,bound_static,1.808130
0,128,false,max_utf8,6,8276,4,before,1.805663
0,128,false,max_utf8,6,8276,5,after,1.826360
0,128,false,max_utf8,7,8276,0,enum_static,1.808341
0,128,false,max_utf8,7,8276,1,bound_dynamic,1.845703
0,128,false,max_utf8,7,8276,2,bound_static,1.809635
0,128,false,max_utf8,7,8276,3,before,1.823581
0,128,false,max_utf8,7,8276,4,after,1.827382
0,128,false,max_utf8,7,8276,5,enum_dynamic,1.850647
0,128,false,max_utf8,8,8276,0,bound_dynamic,1.846207
0,128,false,max_utf8,8,8276,1,bound_static,1.809877
0,128,false,max_utf8,8,8276,2,before,1.838871
0,128,false,max_utf8,8,8276,3,after,1.835815
0,128,false,max_utf8,8,8276,4,enum_dynamic,1.854811
0,128,false,max_utf8,8,8276,5,enum_static,1.808221
0,128,false,max_utf8,9,8276,0,bound_static,1.807440
0,128,false,max_utf8,9,8276,1,before,1.808553
0,128,false,max_utf8,9,8276,2,after,1.825409
0,128,false,max_utf8,9,8276,3,enum_dynamic,1.850698
0,128,false,max_utf8,9,8276,4,enum_static,1.803574
0,128,false,max_utf8,9,8276,5,bound_dynamic,1.843372
0,128,false,max_utf8,10,8276,0,before,1.800900
0,128,false,max_utf8,10,8276,1,after,1.821421
0,128,false,max_utf8,10,8276,2,enum_dynamic,1.849575
0,128,false,max_utf8,10,8276,3,enum_static,1.802209
0,128,false,max_utf8,10,8276,4,bound_dynamic,1.842869
0,128,false,max_utf8,10,8276,5,bound_static,1.805900
0,128,false,max_utf8,11,8276,0,after,1.823929
0,128,false,max_utf8,11,8276,1,enum_dynamic,1.855803
0,128,false,max_utf8,11,8276,2,enum_static,1.806524
0,128,false,max_utf8,11,8276,3,bound_dynamic,1.847320
0,128,false,max_utf8,11,8276,4,bound_static,1.807355
0,128,false,max_utf8,11,8276,5,before,1.807012
0,65536,true,sum_i64,0,116,0,enum_dynamic,130.928879
0,65536,true,sum_i64,0,116,1,enum_static,130.638293
0,65536,true,sum_i64,0,116,2,bound_dynamic,131.108121
0,65536,true,sum_i64,0,116,3,bound_static,130.819681
0,65536,true,sum_i64,0,116,4,before,130.906250
0,65536,true,sum_i64,0,116,5,after,131.265086
0,65536,true,sum_i64,1,116,0,enum_static,132.224500
0,65536,true,sum_i64,1,116,1,bound_dynamic,130.750000
0,65536,true,sum_i64,1,116,2,bound_static,130.749647
0,65536,true,sum_i64,1,116,3,before,130.823276
0,65536,true,sum_i64,1,116,4,after,130.677440
0,65536,true,sum_i64,1,116,5,enum_dynamic,131.153733
0,65536,true,sum_i64,2,116,0,bound_dynamic,132.608121
0,65536,true,sum_i64,2,116,1,bound_static,132.008621
0,65536,true,sum_i64,2,116,2,before,130.635414
0,65536,true,sum_i64,2,116,3,after,131.236707
0,65536,true,sum_i64,2,116,4,enum_dynamic,130.845543
0,65536,true,sum_i64,2,116,5,enum_static,130.767241
0,65536,true,sum_i64,3,116,0,bound_static,131.040233
0,65536,true,sum_i64,3,116,1,before,130.938578
0,65536,true,sum_i64,3,116,2,after,130.958690
0,65536,true,sum_i64,3,116,3,enum_dynamic,130.661276
0,65536,true,sum_i64,3,116,4,enum_static,130.891164
0,65536,true,sum_i64,3,116,5,bound_dynamic,130.917741
0,65536,true,sum_i64,4,116,0,before,130.963000
0,65536,true,sum_i64,4,116,1,after,130.762569
0,65536,true,sum_i64,4,116,2,enum_dynamic,131.045621
0,65536,true,sum_i64,4,116,3,enum_static,130.713000
0,65536,true,sum_i64,4,116,4,bound_dynamic,131.312500
0,65536,true,sum_i64,4,116,5,bound_static,130.410922
0,65536,true,sum_i64,5,116,0,after,130.377155
0,65536,true,sum_i64,5,116,1,enum_dynamic,130.616379
0,65536,true,sum_i64,5,116,2,enum_static,130.692164
0,65536,true,sum_i64,5,116,3,bound_dynamic,132.211207
0,65536,true,sum_i64,5,116,4,bound_static,130.576871
0,65536,true,sum_i64,5,116,5,before,131.330819
0,65536,true,sum_i64,6,116,0,enum_dynamic,130.695043
0,65536,true,sum_i64,6,116,1,enum_static,131.216595
0,65536,true,sum_i64,6,116,2,bound_dynamic,130.596267
0,65536,true,sum_i64,6,116,3,bound_static,131.116379
0,65536,true,sum_i64,6,116,4,before,133.463724
0,65536,true,sum_i64,6,116,5,after,133.141164
0,65536,true,sum_i64,7,116,0,enum_static,130.872845
0,65536,true,sum_i64,7,116,1,bound_dynamic,130.606681
0,65536,true,sum_i64,7,116,2,bound_static,131.114224
0,65536,true,sum_i64,7,116,3,before,131.474853
0,65536,true,sum_i64,7,116,4,after,131.169897
0,65536,true,sum_i64,7,116,5,enum_dynamic,130.811069
0,65536,true,sum_i64,8,116,0,bound_dynamic,130.530534
0,65536,true,sum_i64,8,116,1,bound_static,130.541302
0,65536,true,sum_i64,8,116,2,before,130.381103
0,65536,true,sum_i64,8,116,3,after,130.498560
0,65536,true,sum_i64,8,116,4,enum_dynamic,130.515802
0,65536,true,sum_i64,8,116,5,enum_static,130.485991
0,65536,true,sum_i64,9,116,0,bound_static,130.537000
0,65536,true,sum_i64,9,116,1,before,130.590879
0,65536,true,sum_i64,9,116,2,after,130.383621
0,65536,true,sum_i64,9,116,3,enum_dynamic,131.656250
0,65536,true,sum_i64,9,116,4,enum_static,131.467672
0,65536,true,sum_i64,9,116,5,bound_dynamic,131.134345
0,65536,true,sum_i64,10,116,0,before,130.686060
0,65536,true,sum_i64,10,116,1,after,131.354888
0,65536,true,sum_i64,10,116,2,enum_dynamic,131.230241
0,65536,true,sum_i64,10,116,3,enum_static,130.940371
0,65536,true,sum_i64,10,116,4,bound_dynamic,130.604164
0,65536,true,sum_i64,10,116,5,bound_static,130.770828
0,65536,true,sum_i64,11,116,0,after,131.237069
0,65536,true,sum_i64,11,116,1,enum_dynamic,130.750000
0,65536,true,sum_i64,11,116,2,enum_static,130.856328
0,65536,true,sum_i64,11,116,3,bound_dynamic,130.590871
0,65536,true,sum_i64,11,116,4,bound_static,130.893319
0,65536,true,sum_i64,11,116,5,before,130.980241
0,8192,true,min_i64,0,355,0,enum_dynamic,46.457862
0,8192,true,min_i64,0,355,1,enum_static,42.780518
0,8192,true,min_i64,0,355,2,bound_dynamic,47.241197
0,8192,true,min_i64,0,355,3,bound_static,42.781924
0,8192,true,min_i64,0,355,4,before,45.951056
0,8192,true,min_i64,0,355,5,after,42.936386
0,8192,true,min_i64,1,355,0,enum_static,42.730868
0,8192,true,min_i64,1,355,1,bound_dynamic,46.564437
0,8192,true,min_i64,1,355,2,bound_static,42.634744
0,8192,true,min_i64,1,355,3,before,45.926997
0,8192,true,min_i64,1,355,4,after,42.532983
0,8192,true,min_i64,1,355,5,enum_dynamic,46.299766
0,8192,true,min_i64,2,355,0,bound_dynamic,46.434039
0,8192,true,min_i64,2,355,1,bound_static,42.588732
0,8192,true,min_i64,2,355,2,before,45.950468
0,8192,true,min_i64,2,355,3,after,42.544014
0,8192,true,min_i64,2,355,4,enum_dynamic,46.396008
0,8192,true,min_i64,2,355,5,enum_static,42.689555
0,8192,true,min_i64,3,355,0,bound_static,42.688499
0,8192,true,min_i64,3,355,1,before,45.868192
0,8192,true,min_i64,3,355,2,after,42.699882
0,8192,true,min_i64,3,355,3,enum_dynamic,46.320186
0,8192,true,min_i64,3,355,4,enum_static,42.789907
0,8192,true,min_i64,3,355,5,bound_dynamic,46.527231
0,8192,true,min_i64,4,355,0,before,46.320541
0,8192,true,min_i64,4,355,1,after,42.515730
0,8192,true,min_i64,4,355,2,enum_dynamic,46.297769
0,8192,true,min_i64,4,355,3,enum_static,42.733099
0,8192,true,min_i64,4,355,4,bound_dynamic,46.524766
0,8192,true,min_i64,4,355,5,bound_static,42.801761
0,8192,true,min_i64,5,355,0,after,42.602817
0,8192,true,min_i64,5,355,1,enum_dynamic,46.386972
0,8192,true,min_i64,5,355,2,enum_static,43.080749
0,8192,true,min_i64,5,355,3,bound_dynamic,46.816549
0,8192,true,min_i64,5,355,4,bound_static,42.641549
0,8192,true,min_i64,5,355,5,before,46.198121
0,8192,true,min_i64,6,355,0,enum_dynamic,47.064552
0,8192,true,min_i64,6,355,1,enum_static,42.852817
0,8192,true,min_i64,6,355,2,bound_dynamic,46.333569
0,8192,true,min_i64,6,355,3,bound_static,42.754811
0,8192,true,min_i64,6,355,4,before,45.863851
0,8192,true,min_i64,6,355,5,after,42.486620
0,8192,true,min_i64,7,355,0,enum_static,42.752583
0,8192,true,min_i64,7,355,1,bound_dynamic,46.302701
0,8192,true,min_i64,7,355,2,bound_static,42.647068
0,8192,true,min_i64,7,355,3,before,45.738851
0,8192,true,min_i64,7,355,4,after,42.413028
0,8192,true,min_i64,7,355,5,enum_dynamic,46.215727
0,8192,true,min_i64,8,355,0,bound_dynamic,46.320659
0,8192,true,min_i64,8,355,1,bound_static,42.598006
0,8192,true,min_i64,8,355,2,before,45.850823
0,8192,true,min_i64,8,355,3,after,42.421127
0,8192,true,min_i64,8,355,4,enum_dynamic,46.480163
0,8192,true,min_i64,8,355,5,enum_static,42.553639
0,8192,true,min_i64,9,355,0,bound_static,42.662090
0,8192,true,min_i64,9,355,1,before,45.960211
0,8192,true,min_i64,9,355,2,after,42.555163
0,8192,true,min_i64,9,355,3,enum_dynamic,46.291549
0,8192,true,min_i64,9,355,4,enum_static,42.665141
0,8192,true,min_i64,9,355,5,bound_dynamic,46.409859
0,8192,true,min_i64,10,355,0,before,45.917020
0,8192,true,min_i64,10,355,1,after,42.577465
0,8192,true,min_i64,10,355,2,enum_dynamic,46.834507
0,8192,true,min_i64,10,355,3,enum_static,42.733918
0,8192,true,min_i64,10,355,4,bound_dynamic,46.445538
0,8192,true,min_i64,10,355,5,bound_static,42.579110
0,8192,true,min_i64,11,355,0,after,42.520893
0,8192,true,min_i64,11,355,1,enum_dynamic,46.345070
0,8192,true,min_i64,11,355,2,enum_static,43.072420
0,8192,true,min_i64,11,355,3,bound_dynamic,47.039203
0,8192,true,min_i64,11,355,4,bound_static,42.628873
0,8192,true,min_i64,11,355,5,before,46.051761
0,65536,false,sum_u64,0,134,0,enum_dynamic,127.985075
0,65536,false,sum_u64,0,134,1,enum_static,112.588925
0,65536,false,sum_u64,0,134,2,bound_dynamic,112.625619
0,65536,false,sum_u64,0,134,3,bound_static,112.419157
0,65536,false,sum_u64,0,134,4,before,112.645216
0,65536,false,sum_u64,0,134,5,after,112.624694
0,65536,false,sum_u64,1,134,0,enum_static,112.194649
0,65536,false,sum_u64,1,134,1,bound_dynamic,112.619403
0,65536,false,sum_u64,1,134,2,bound_static,113.016485
0,65536,false,sum_u64,1,134,3,before,114.482276
0,65536,false,sum_u64,1,134,4,after,114.225127
0,65536,false,sum_u64,1,134,5,enum_dynamic,129.916664
0,65536,false,sum_u64,2,134,0,bound_dynamic,112.729784
0,65536,false,sum_u64,2,134,1,bound_static,113.333328
0,65536,false,sum_u64,2,134,2,before,112.332403
0,65536,false,sum_u64,2,134,3,after,111.997201
0,65536,false,sum_u64,2,134,4,enum_dynamic,131.760575
0,65536,false,sum_u64,2,134,5,enum_static,112.571515
0,65536,false,sum_u64,3,134,0,bound_static,112.272075
0,65536,false,sum_u64,3,134,1,before,112.269590
0,65536,false,sum_u64,3,134,2,after,112.486634
0,65536,false,sum_u64,3,134,3,enum_dynamic,129.264925
0,65536,false,sum_u64,3,134,4,enum_static,112.902358
0,65536,false,sum_u64,3,134,5,bound_dynamic,112.507769
0,65536,false,sum_u64,4,134,0,before,112.664493
0,65536,false,sum_u64,4,134,1,after,112.445269
0,65536,false,sum_u64,4,134,2,enum_dynamic,127.810015
0,65536,false,sum_u64,4,134,3,enum_static,112.323067
0,65536,false,sum_u64,4,134,4,bound_dynamic,112.809082
0,65536,false,sum_u64,4,134,5,bound_static,113.731649
0,65536,false,sum_u64,5,134,0,after,112.296948
0,65536,false,sum_u64,5,134,1,enum_dynamic,128.061881
0,65536,false,sum_u64,5,134,2,enum_static,112.073694
0,65536,false,sum_u64,5,134,3,bound_dynamic,112.129037
0,65536,false,sum_u64,5,134,4,bound_static,112.008082
0,65536,false,sum_u64,5,134,5,before,112.119403
0,65536,false,sum_u64,6,134,0,enum_dynamic,127.421955
0,65536,false,sum_u64,6,134,1,enum_static,112.664179
0,65536,false,sum_u64,6,134,2,bound_dynamic,112.417910
0,65536,false,sum_u64,6,134,3,bound_static,112.458022
0,65536,false,sum_u64,6,134,4,before,112.174127
0,65536,false,sum_u64,6,134,5,after,112.606030
0,65536,false,sum_u64,7,134,0,enum_static,112.653918
0,65536,false,sum_u64,7,134,1,bound_dynamic,112.495336
0,65536,false,sum_u64,7,134,2,bound_static,112.471709
0,65536,false,sum_u64,7,134,3,before,112.583022
0,65536,false,sum_u64,7,134,4,after,112.426000
0,65536,false,sum_u64,7,134,5,enum_dynamic,127.850433
0,65536,false,sum_u64,8,134,0,bound_dynamic,112.412313
0,65536,false,sum_u64,8,134,1,bound_static,112.166358
0,65536,false,sum_u64,8,134,2,before,112.571828
0,65536,false,sum_u64,8,134,3,after,112.660134
0,65536,false,sum_u64,8,134,4,enum_dynamic,127.984761
0,65536,false,sum_u64,8,134,5,enum_static,112.677545
0,65536,false,sum_u64,9,134,0,bound_static,112.491604
0,65536,false,sum_u64,9,134,1,before,112.384328
0,65536,false,sum_u64,9,134,2,after,112.337687
0,65536,false,sum_u64,9,134,3,enum_dynamic,127.719836
0,65536,false,sum_u64,9,134,4,enum_static,113.517410
0,65536,false,sum_u64,9,134,5,bound_dynamic,112.389299
0,65536,false,sum_u64,10,134,0,before,112.683769
0,65536,false,sum_u64,10,134,1,after,112.421948
0,65536,false,sum_u64,10,134,2,enum_dynamic,127.311881
0,65536,false,sum_u64,10,134,3,enum_static,113.900813
0,65536,false,sum_u64,10,134,4,bound_dynamic,112.351679
0,65536,false,sum_u64,10,134,5,bound_static,112.718597
0,65536,false,sum_u64,11,134,0,after,112.279231
0,65536,false,sum_u64,11,134,1,enum_dynamic,127.893037
0,65536,false,sum_u64,11,134,2,enum_static,112.359455
0,65536,false,sum_u64,11,134,3,bound_dynamic,114.300060
0,65536,false,sum_u64,11,134,4,bound_static,112.265239
0,65536,false,sum_u64,11,134,5,before,112.439985
0,128,false,max_i64,0,19794,0,enum_dynamic,0.791997
0,128,false,max_i64,0,19794,1,enum_static,0.746882
0,128,false,max_i64,0,19794,2,bound_dynamic,0.783120
0,128,false,max_i64,0,19794,3,bound_static,0.765781
0,128,false,max_i64,0,19794,4,before,0.789717
0,128,false,max_i64,0,19794,5,after,0.746017
0,128,false,max_i64,1,19794,0,enum_static,0.748141
0,128,false,max_i64,1,19794,1,bound_dynamic,0.782571
0,128,false,max_i64,1,19794,2,bound_static,0.761477
0,128,false,max_i64,1,19794,3,before,0.783929
0,128,false,max_i64,1,19794,4,after,0.747240
0,128,false,max_i64,1,19794,5,enum_dynamic,0.788217
0,128,false,max_i64,2,19794,0,bound_dynamic,0.783011
0,128,false,max_i64,2,19794,1,bound_static,0.761376
0,128,false,max_i64,2,19794,2,before,0.805375
0,128,false,max_i64,2,19794,3,after,0.745758
0,128,false,max_i64,2,19794,4,enum_dynamic,0.788610
0,128,false,max_i64,2,19794,5,enum_static,0.746998
0,128,false,max_i64,3,19794,0,bound_static,0.759393
0,128,false,max_i64,3,19794,1,before,0.785817
0,128,false,max_i64,3,19794,2,after,0.745923
0,128,false,max_i64,3,19794,3,enum_dynamic,0.788591
0,128,false,max_i64,3,19794,4,enum_static,0.741681
0,128,false,max_i64,3,19794,5,bound_dynamic,0.781365
0,128,false,max_i64,4,19794,0,before,0.793570
0,128,false,max_i64,4,19794,1,after,0.746914
0,128,false,max_i64,4,19794,2,enum_dynamic,0.790867
0,128,false,max_i64,4,19794,3,enum_static,0.751240
0,128,false,max_i64,4,19794,4,bound_dynamic,0.781388
0,128,false,max_i64,4,19794,5,bound_static,0.764647
0,128,false,max_i64,5,19794,0,after,0.746838
0,128,false,max_i64,5,19794,1,enum_dynamic,0.793300
0,128,false,max_i64,5,19794,2,enum_static,0.745310
0,128,false,max_i64,5,19794,3,bound_dynamic,0.783666
0,128,false,max_i64,5,19794,4,bound_static,0.762763
0,128,false,max_i64,5,19794,5,before,0.787825
0,128,false,max_i64,6,19794,0,enum_dynamic,0.784548
0,128,false,max_i64,6,19794,1,enum_static,0.742698
0,128,false,max_i64,6,19794,2,bound_dynamic,0.783752
0,128,false,max_i64,6,19794,3,bound_static,0.761390
0,128,false,max_i64,6,19794,4,before,0.789214
0,128,false,max_i64,6,19794,5,after,0.742679
0,128,false,max_i64,7,19794,0,enum_static,0.745632
0,128,false,max_i64,7,19794,1,bound_dynamic,0.785560
0,128,false,max_i64,7,19794,2,bound_static,0.760323
0,128,false,max_i64,7,19794,3,before,0.787425
0,128,false,max_i64,7,19794,4,after,0.743218
0,128,false,max_i64,7,19794,5,enum_dynamic,0.786347
0,128,false,max_i64,8,19794,0,bound_dynamic,0.786657
0,128,false,max_i64,8,19794,1,bound_static,0.761140
0,128,false,max_i64,8,19794,2,before,0.786345
0,128,false,max_i64,8,19794,3,after,0.752170
0,128,false,max_i64,8,19794,4,enum_dynamic,0.795967
0,128,false,max_i64,8,19794,5,enum_static,0.743628
0,128,false,max_i64,9,19794,0,bound_static,0.762007
0,128,false,max_i64,9,19794,1,before,0.788286
0,128,false,max_i64,9,19794,2,after,0.747621
0,128,false,max_i64,9,19794,3,enum_dynamic,0.791265
0,128,false,max_i64,9,19794,4,enum_static,0.743270
0,128,false,max_i64,9,19794,5,bound_dynamic,0.781043
0,128,false,max_i64,10,19794,0,before,0.791113
0,128,false,max_i64,10,19794,1,after,0.762300
0,128,false,max_i64,10,19794,2,enum_dynamic,0.788591
0,128,false,max_i64,10,19794,3,enum_static,0.742841
0,128,false,max_i64,10,19794,4,bound_dynamic,0.781468
0,128,false,max_i64,10,19794,5,bound_static,0.757517
0,128,false,max_i64,11,19794,0,after,0.742222
0,128,false,max_i64,11,19794,1,enum_dynamic,0.786383
0,128,false,max_i64,11,19794,2,enum_static,0.743357
0,128,false,max_i64,11,19794,3,bound_dynamic,0.784823
0,128,false,max_i64,11,19794,4,bound_static,0.765257
0,128,false,max_i64,11,19794,5,before,0.790292
0,128,false,count_i64,0,50000,0,enum_dynamic,0.071143
0,128,false,count_i64,0,50000,1,enum_static,0.072117
0,128,false,count_i64,0,50000,2,bound_dynamic,0.069737
0,128,false,count_i64,0,50000,3,bound_static,0.069782
0,128,false,count_i64,0,50000,4,before,0.071143
0,128,false,count_i64,0,50000,5,after,0.069529
0,128,false,count_i64,1,50000,0,enum_static,0.070656
0,128,false,count_i64,1,50000,1,bound_dynamic,0.069734
0,128,false,count_i64,1,50000,2,bound_static,0.070670
0,128,false,count_i64,1,50000,3,before,0.070989
0,128,false,count_i64,1,50000,4,after,0.069607
0,128,false,count_i64,1,50000,5,enum_dynamic,0.070627
0,128,false,count_i64,2,50000,0,bound_dynamic,0.070635
0,128,false,count_i64,2,50000,1,bound_static,0.069931
0,128,false,count_i64,2,50000,2,before,0.070917
0,128,false,count_i64,2,50000,3,after,0.069632
0,128,false,count_i64,2,50000,4,enum_dynamic,0.070386
0,128,false,count_i64,2,50000,5,enum_static,0.070560
0,128,false,count_i64,3,50000,0,bound_static,0.069947
0,128,false,count_i64,3,50000,1,before,0.070946
0,128,false,count_i64,3,50000,2,after,0.069572
0,128,false,count_i64,3,50000,3,enum_dynamic,0.070617
0,128,false,count_i64,3,50000,4,enum_static,0.070937
0,128,false,count_i64,3,50000,5,bound_dynamic,0.069883
0,128,false,count_i64,4,50000,0,before,0.070947
0,128,false,count_i64,4,50000,1,after,0.069527
0,128,false,count_i64,4,50000,2,enum_dynamic,0.070421
0,128,false,count_i64,4,50000,3,enum_static,0.071251
0,128,false,count_i64,4,50000,4,bound_dynamic,0.069740
0,128,false,count_i64,4,50000,5,bound_static,0.069678
0,128,false,count_i64,5,50000,0,after,0.069727
0,128,false,count_i64,5,50000,1,enum_dynamic,0.070333
0,128,false,count_i64,5,50000,2,enum_static,0.070565
0,128,false,count_i64,5,50000,3,bound_dynamic,0.072987
0,128,false,count_i64,5,50000,4,bound_static,0.069679
0,128,false,count_i64,5,50000,5,before,0.072515
0,128,false,count_i64,6,50000,0,enum_dynamic,0.070942
0,128,false,count_i64,6,50000,1,enum_static,0.070908
0,128,false,count_i64,6,50000,2,bound_dynamic,0.069843
0,128,false,count_i64,6,50000,3,bound_static,0.069682
0,128,false,count_i64,6,50000,4,before,0.070896
0,128,false,count_i64,6,50000,5,after,0.069646
0,128,false,count_i64,7,50000,0,enum_static,0.071027
0,128,false,count_i64,7,50000,1,bound_dynamic,0.069737
0,128,false,count_i64,7,50000,2,bound_static,0.069870
0,128,false,count_i64,7,50000,3,before,0.070881
0,128,false,count_i64,7,50000,4,after,0.070087
0,128,false,count_i64,7,50000,5,enum_dynamic,0.070958
0,128,false,count_i64,8,50000,0,bound_dynamic,0.071259
0,128,false,count_i64,8,50000,1,bound_static,0.069944
0,128,false,count_i64,8,50000,2,before,0.070870
0,128,false,count_i64,8,50000,3,after,0.069672
0,128,false,count_i64,8,50000,4,enum_dynamic,0.070893
0,128,false,count_i64,8,50000,5,enum_static,0.070508
0,128,false,count_i64,9,50000,0,bound_static,0.069755
0,128,false,count_i64,9,50000,1,before,0.071300
0,128,false,count_i64,9,50000,2,after,0.069532
0,128,false,count_i64,9,50000,3,enum_dynamic,0.070444
0,128,false,count_i64,9,50000,4,enum_static,0.070556
0,128,false,count_i64,9,50000,5,bound_dynamic,0.070292
0,128,false,count_i64,10,50000,0,before,0.070950
0,128,false,count_i64,10,50000,1,after,0.069476
0,128,false,count_i64,10,50000,2,enum_dynamic,0.070508
0,128,false,count_i64,10,50000,3,enum_static,0.070554
0,128,false,count_i64,10,50000,4,bound_dynamic,0.069780
0,128,false,count_i64,10,50000,5,bound_static,0.069669
0,128,false,count_i64,11,50000,0,after,0.069477
0,128,false,count_i64,11,50000,1,enum_dynamic,0.070344
0,128,false,count_i64,11,50000,2,enum_static,0.070609
0,128,false,count_i64,11,50000,3,bound_dynamic,0.069765
0,128,false,count_i64,11,50000,4,bound_static,0.069650
0,128,false,count_i64,11,50000,5,before,0.071442
0,8192,false,max_utf8,0,163,0,enum_dynamic,94.678423
0,8192,false,max_utf8,0,163,1,enum_static,92.182515
0,8192,false,max_utf8,0,163,2,bound_dynamic,94.660276
0,8192,false,max_utf8,0,163,3,bound_static,92.191202
0,8192,false,max_utf8,0,163,4,before,92.482871
0,8192,false,max_utf8,0,163,5,after,93.891104
0,8192,false,max_utf8,1,163,0,enum_static,92.316969
0,8192,false,max_utf8,1,163,1,bound_dynamic,95.107613
0,8192,false,max_utf8,1,163,2,bound_static,92.334613
0,8192,false,max_utf8,1,163,3,before,92.647239
0,8192,false,max_utf8,1,163,4,after,92.694785
0,8192,false,max_utf8,1,163,5,enum_dynamic,95.148515
0,8192,false,max_utf8,2,163,0,bound_dynamic,94.996166
0,8192,false,max_utf8,2,163,1,bound_static,92.440693
0,8192,false,max_utf8,2,163,2,before,92.735939
0,8192,false,max_utf8,2,163,3,after,92.540644
0,8192,false,max_utf8,2,163,4,enum_dynamic,95.311350
0,8192,false,max_utf8,2,163,5,enum_static,92.315693
0,8192,false,max_utf8,3,163,0,bound_static,92.530933
0,8192,false,max_utf8,3,163,1,before,92.417945
0,8192,false,max_utf8,3,163,2,after,92.692742
0,8192,false,max_utf8,3,163,3,enum_dynamic,95.217791
0,8192,false,max_utf8,3,163,4,enum_static,92.530166
0,8192,false,max_utf8,3,163,5,bound_dynamic,94.617589
0,8192,false,max_utf8,4,163,0,before,92.619632
0,8192,false,max_utf8,4,163,1,after,92.397755
0,8192,false,max_utf8,4,163,2,enum_dynamic,96.308791
0,8192,false,max_utf8,4,163,3,enum_static,92.886755
0,8192,false,max_utf8,4,163,4,bound_dynamic,94.767638
0,8192,false,max_utf8,4,163,5,bound_static,92.529141
0,8192,false,max_utf8,5,163,0,after,92.370399
0,8192,false,max_utf8,5,163,1,enum_dynamic,95.092025
0,8192,false,max_utf8,5,163,2,enum_static,92.343049
0,8192,false,max_utf8,5,163,3,bound_dynamic,94.989779
0,8192,false,max_utf8,5,163,4,bound_static,92.447086
0,8192,false,max_utf8,5,163,5,before,92.675104
0,8192,false,max_utf8,6,163,0,enum_dynamic,94.959356
0,8192,false,max_utf8,6,163,1,enum_static,92.571319
0,8192,false,max_utf8,6,163,2,bound_dynamic,95.048313
0,8192,false,max_utf8,6,163,3,bound_static,92.255877
0,8192,false,max_utf8,6,163,4,before,93.834613
0,8192,false,max_utf8,6,163,5,after,92.639061
0,8192,false,max_utf8,7,163,0,enum_static,92.850718
0,8192,false,max_utf8,7,163,1,bound_dynamic,95.112221
0,8192,false,max_utf8,7,163,2,bound_static,92.416153
0,8192,false,max_utf8,7,163,3,before,92.922546
0,8192,false,max_utf8,7,163,4,after,92.823877
0,8192,false,max_utf8,7,163,5,enum_dynamic,96.012528
0,8192,false,max_utf8,8,163,0,bound_dynamic,94.928172
0,8192,false,max_utf8,8,163,1,bound_static,92.390086
0,8192,false,max_utf8,8,163,2,before,92.699129
0,8192,false,max_utf8,8,163,3,after,92.679190
0,8192,false,max_utf8,8,163,4,enum_dynamic,94.769172
0,8192,false,max_utf8,8,163,5,enum_static,92.503067
0,8192,false,max_utf8,9,163,0,bound_static,94.370147
0,8192,false,max_utf8,9,163,1,before,92.902350
0,8192,false,max_utf8,9,163,2,after,92.790129
0,8192,false,max_utf8,9,163,3,enum_dynamic,95.125509
0,8192,false,max_utf8,9,163,4,enum_static,92.902098
0,8192,false,max_utf8,9,163,5,bound_dynamic,95.227252
0,8192,false,max_utf8,10,163,0,before,92.552656
0,8192,false,max_utf8,10,163,1,after,92.304448
0,8192,false,max_utf8,10,163,2,enum_dynamic,94.751791
0,8192,false,max_utf8,10,163,3,enum_static,92.209613
0,8192,false,max_utf8,10,163,4,bound_dynamic,95.009969
0,8192,false,max_utf8,10,163,5,bound_static,92.209356
0,8192,false,max_utf8,11,163,0,after,92.292945
0,8192,false,max_utf8,11,163,1,enum_dynamic,94.780675
0,8192,false,max_utf8,11,163,2,enum_static,92.276840
0,8192,false,max_utf8,11,163,3,bound_dynamic,94.575411
0,8192,false,max_utf8,11,163,4,bound_static,92.209098
0,8192,false,max_utf8,11,163,5,before,92.502558
0,8192,true,min_utf8,0,146,0,enum_dynamic,108.430363
0,8192,true,min_utf8,0,146,1,enum_static,106.073918
0,8192,true,min_utf8,0,146,2,bound_dynamic,108.489726
0,8192,true,min_utf8,0,146,3,bound_static,104.851027
0,8192,true,min_utf8,0,146,4,before,107.397260
0,8192,true,min_utf8,0,146,5,after,105.465185
0,8192,true,min_utf8,1,146,0,enum_static,104.338185
0,8192,true,min_utf8,1,146,1,bound_dynamic,108.403822
0,8192,true,min_utf8,1,146,2,bound_static,104.376144
0,8192,true,min_utf8,1,146,3,before,108.569630
0,8192,true,min_utf8,1,146,4,after,105.441205
0,8192,true,min_utf8,1,146,5,enum_dynamic,108.771692
0,8192,true,min_utf8,2,146,0,bound_dynamic,108.309644
0,8192,true,min_utf8,2,146,1,bound_static,103.972603
0,8192,true,min_utf8,2,146,2,before,108.650685
0,8192,true,min_utf8,2,146,3,after,104.472603
0,8192,true,min_utf8,2,146,4,enum_dynamic,107.813644
0,8192,true,min_utf8,2,146,5,enum_static,106.456623
0,8192,true,min_utf8,3,146,0,bound_static,107.466322
0,8192,true,min_utf8,3,146,1,before,108.537959
0,8192,true,min_utf8,3,146,2,after,105.373856
0,8192,true,min_utf8,3,146,3,enum_dynamic,108.605308
0,8192,true,min_utf8,3,146,4,enum_static,104.650685
0,8192,true,min_utf8,3,146,5,bound_dynamic,108.156397
0,8192,true,min_utf8,4,146,0,before,108.078479
0,8192,true,min_utf8,4,146,1,after,104.318205
0,8192,true,min_utf8,4,146,2,enum_dynamic,108.578479
0,8192,true,min_utf8,4,146,3,enum_static,104.341034
0,8192,true,min_utf8,4,146,4,bound_dynamic,108.835336
0,8192,true,min_utf8,4,146,5,bound_static,105.242863
0,8192,true,min_utf8,5,146,0,after,104.148116
0,8192,true,min_utf8,5,146,1,enum_dynamic,109.583623
0,8192,true,min_utf8,5,146,2,enum_static,103.988014
0,8192,true,min_utf8,5,146,3,bound_dynamic,108.265411
0,8192,true,min_utf8,5,146,4,bound_static,105.276253
0,8192,true,min_utf8,5,146,5,before,108.281966
0,8192,true,min_utf8,6,146,0,enum_dynamic,109.797377
0,8192,true,min_utf8,6,146,1,enum_static,105.307651
0,8192,true,min_utf8,6,146,2,bound_dynamic,107.980596
0,8192,true,min_utf8,6,146,3,bound_static,105.586192
0,8192,true,min_utf8,6,146,4,before,107.531390
0,8192,true,min_utf8,6,146,5,after,103.836473
0,8192,true,min_utf8,7,146,0,enum_static,104.688932
0,8192,true,min_utf8,7,146,1,bound_dynamic,108.600740
0,8192,true,min_utf8,7,146,2,bound_static,105.284534
0,8192,true,min_utf8,7,146,3,before,108.198911
0,8192,true,min_utf8,7,146,4,after,105.323630
0,8192,true,min_utf8,7,146,5,enum_dynamic,108.853884
0,8192,true,min_utf8,8,146,0,bound_dynamic,107.911527
0,8192,true,min_utf8,8,146,1,bound_static,104.004856
0,8192,true,min_utf8,8,146,2,before,108.424089
0,8192,true,min_utf8,8,146,3,after,104.712041
0,8192,true,min_utf8,8,146,4,enum_dynamic,107.700630
0,8192,true,min_utf8,8,146,5,enum_static,105.698055
0,8192,true,min_utf8,9,146,0,bound_static,104.339041
0,8192,true,min_utf8,9,146,1,before,107.119007
0,8192,true,min_utf8,9,146,2,after,104.645260
0,8192,true,min_utf8,9,146,3,enum_dynamic,107.573918
0,8192,true,min_utf8,9,146,4,enum_static,104.339041
0,8192,true,min_utf8,9,146,5,bound_dynamic,107.756849
0,8192,true,min_utf8,10,146,0,before,107.749144
0,8192,true,min_utf8,10,146,1,after,104.284815
0,8192,true,min_utf8,10,146,2,enum_dynamic,107.997144
0,8192,true,min_utf8,10,146,3,enum_static,105.170945
0,8192,true,min_utf8,10,146,4,bound_dynamic,108.748007
0,8192,true,min_utf8,10,146,5,bound_static,104.621288
0,8192,true,min_utf8,11,146,0,after,105.005425
0,8192,true,min_utf8,11,146,1,enum_dynamic,110.124712
0,8192,true,min_utf8,11,146,2,enum_static,104.444062
0,8192,true,min_utf8,11,146,3,bound_dynamic,107.917521
0,8192,true,min_utf8,11,146,4,bound_static,105.918664
0,8192,true,min_utf8,11,146,5,before,107.174089
0,65536,true,count_distinct_i64,0,8,0,enum_dynamic,3083.119875
0,65536,true,count_distinct_i64,0,8,1,enum_static,3093.093750
0,65536,true,count_distinct_i64,0,8,2,bound_dynamic,3093.755250
0,65536,true,count_distinct_i64,0,8,3,bound_static,3111.609375
0,65536,true,count_distinct_i64,0,8,4,before,2821.020875
0,65536,true,count_distinct_i64,0,8,5,after,3191.859375
0,65536,true,count_distinct_i64,1,8,0,enum_static,3185.489625
0,65536,true,count_distinct_i64,1,8,1,bound_dynamic,3214.828125
0,65536,true,count_distinct_i64,1,8,2,bound_static,3147.036500
0,65536,true,count_distinct_i64,1,8,3,before,2738.526000
0,65536,true,count_distinct_i64,1,8,4,after,3087.822875
0,65536,true,count_distinct_i64,1,8,5,enum_dynamic,3159.390625
0,65536,true,count_distinct_i64,2,8,0,bound_dynamic,3096.448000
0,65536,true,count_distinct_i64,2,8,1,bound_static,3139.041625
0,65536,true,count_distinct_i64,2,8,2,before,2804.385375
0,65536,true,count_distinct_i64,2,8,3,after,3142.307375
0,65536,true,count_distinct_i64,2,8,4,enum_dynamic,3103.390625
0,65536,true,count_distinct_i64,2,8,5,enum_static,3181.864500
0,65536,true,count_distinct_i64,3,8,0,bound_static,3194.161375
0,65536,true,count_distinct_i64,3,8,1,before,3170.593750
0,65536,true,count_distinct_i64,3,8,2,after,3171.364500
0,65536,true,count_distinct_i64,3,8,3,enum_dynamic,3124.208375
0,65536,true,count_distinct_i64,3,8,4,enum_static,3160.833375
0,65536,true,count_distinct_i64,3,8,5,bound_dynamic,3199.052000
0,65536,true,count_distinct_i64,4,8,0,before,3109.109375
0,65536,true,count_distinct_i64,4,8,1,after,3210.572875
0,65536,true,count_distinct_i64,4,8,2,enum_dynamic,3103.062500
0,65536,true,count_distinct_i64,4,8,3,enum_static,3091.119875
0,65536,true,count_distinct_i64,4,8,4,bound_dynamic,3151.911500
0,65536,true,count_distinct_i64,4,8,5,bound_static,3093.859375
0,65536,true,count_distinct_i64,5,8,0,after,3124.968750
0,65536,true,count_distinct_i64,5,8,1,enum_dynamic,3138.474000
0,65536,true,count_distinct_i64,5,8,2,enum_static,3196.859375
0,65536,true,count_distinct_i64,5,8,3,bound_dynamic,3219.656250
0,65536,true,count_distinct_i64,5,8,4,bound_static,3213.682250
0,65536,true,count_distinct_i64,5,8,5,before,2810.270875
0,65536,true,count_distinct_i64,6,8,0,enum_dynamic,3134.406250
0,65536,true,count_distinct_i64,6,8,1,enum_static,3099.718750
0,65536,true,count_distinct_i64,6,8,2,bound_dynamic,3177.562500
0,65536,true,count_distinct_i64,6,8,3,bound_static,3156.937500
0,65536,true,count_distinct_i64,6,8,4,before,2799.286375
0,65536,true,count_distinct_i64,6,8,5,after,3188.739625
0,65536,true,count_distinct_i64,7,8,0,enum_static,3158.020750
0,65536,true,count_distinct_i64,7,8,1,bound_dynamic,3173.468750
0,65536,true,count_distinct_i64,7,8,2,bound_static,3178.046875
0,65536,true,count_distinct_i64,7,8,3,before,2792.099000
0,65536,true,count_distinct_i64,7,8,4,after,3178.130125
0,65536,true,count_distinct_i64,7,8,5,enum_dynamic,3145.760500
0,65536,true,count_distinct_i64,8,8,0,bound_dynamic,3155.369875
0,65536,true,count_distinct_i64,8,8,1,bound_static,3122.005250
0,65536,true,count_distinct_i64,8,8,2,before,3120.307375
0,65536,true,count_distinct_i64,8,8,3,after,3137.197875
0,65536,true,count_distinct_i64,8,8,4,enum_dynamic,3088.479250
0,65536,true,count_distinct_i64,8,8,5,enum_static,3107.520750
0,65536,true,count_distinct_i64,9,8,0,bound_static,3192.265625
0,65536,true,count_distinct_i64,9,8,1,before,3128.463500
0,65536,true,count_distinct_i64,9,8,2,after,3192.427125
0,65536,true,count_distinct_i64,9,8,3,enum_dynamic,3161.020875
0,65536,true,count_distinct_i64,9,8,4,enum_static,3193.036500
0,65536,true,count_distinct_i64,9,8,5,bound_dynamic,3204.593750
0,65536,true,count_distinct_i64,10,8,0,before,3156.463625
0,65536,true,count_distinct_i64,10,8,1,after,3102.302125
0,65536,true,count_distinct_i64,10,8,2,enum_dynamic,3110.036500
0,65536,true,count_distinct_i64,10,8,3,enum_static,3126.994750
0,65536,true,count_distinct_i64,10,8,4,bound_dynamic,3190.916625
0,65536,true,count_distinct_i64,10,8,5,bound_static,3228.072875
0,65536,true,count_distinct_i64,11,8,0,after,3094.479250
0,65536,true,count_distinct_i64,11,8,1,enum_dynamic,3095.161375
0,65536,true,count_distinct_i64,11,8,2,enum_static,3117.270875
0,65536,true,count_distinct_i64,11,8,3,bound_dynamic,3096.062500
0,65536,true,count_distinct_i64,11,8,4,bound_static,3080.349000
0,65536,true,count_distinct_i64,11,8,5,before,2728.734375
0,65536,true,min_utf8,0,19,0,enum_dynamic,868.144737
0,65536,true,min_utf8,0,19,1,enum_static,828.644737
0,65536,true,min_utf8,0,19,2,bound_dynamic,872.208316
0,65536,true,min_utf8,0,19,3,bound_static,833.883737
0,65536,true,min_utf8,0,19,4,before,856.111842
0,65536,true,min_utf8,0,19,5,after,835.236842
0,65536,true,min_utf8,1,19,0,enum_static,836.057000
0,65536,true,min_utf8,1,19,1,bound_dynamic,855.390368
0,65536,true,min_utf8,1,19,2,bound_static,835.896947
0,65536,true,min_utf8,1,19,3,before,876.342105
0,65536,true,min_utf8,1,19,4,after,832.495632
0,65536,true,min_utf8,1,19,5,enum_dynamic,869.043895
0,65536,true,min_utf8,2,19,0,bound_dynamic,865.879368
0,65536,true,min_utf8,2,19,1,bound_static,828.489053
0,65536,true,min_utf8,2,19,2,before,855.995632
0,65536,true,min_utf8,2,19,3,after,828.210526
0,65536,true,min_utf8,2,19,4,enum_dynamic,863.157895
0,65536,true,min_utf8,2,19,5,enum_static,832.671053
0,65536,true,min_utf8,3,19,0,bound_static,839.192947
0,65536,true,min_utf8,3,19,1,before,866.881579
0,65536,true,min_utf8,3,19,2,after,829.668842
0,65536,true,min_utf8,3,19,3,enum_dynamic,860.739053
0,65536,true,min_utf8,3,19,4,enum_static,828.377211
0,65536,true,min_utf8,3,19,5,bound_dynamic,868.225895
0,65536,true,min_utf8,4,19,0,before,854.576789
0,65536,true,min_utf8,4,19,1,after,829.732474
0,65536,true,min_utf8,4,19,2,enum_dynamic,863.598684
0,65536,true,min_utf8,4,19,3,enum_static,832.701789
0,65536,true,min_utf8,4,19,4,bound_dynamic,861.269737
0,65536,true,min_utf8,4,19,5,bound_static,834.462684
0,65536,true,min_utf8,5,19,0,after,831.969263
0,65536,true,min_utf8,5,19,1,enum_dynamic,864.682000
0,65536,true,min_utf8,5,19,2,enum_static,834.517579
0,65536,true,min_utf8,5,19,3,bound_dynamic,860.504421
0,65536,true,min_utf8,5,19,4,bound_static,835.388158
0,65536,true,min_utf8,5,19,5,before,847.693000
0,65536,true,min_utf8,6,19,0,enum_dynamic,890.943000
0,65536,true,min_utf8,6,19,1,enum_static,828.975842
0,65536,true,min_utf8,6,19,2,bound_dynamic,863.199579
0,65536,true,min_utf8,6,19,3,bound_static,832.581105
0,65536,true,min_utf8,6,19,4,before,858.236842
0,65536,true,min_utf8,6,19,5,after,834.714895
0,65536,true,min_utf8,7,19,0,enum_static,833.506579
0,65536,true,min_utf8,7,19,1,bound_dynamic,870.532895
0,65536,true,min_utf8,7,19,2,bound_static,846.721474
0,65536,true,min_utf8,7,19,3,before,860.013158
0,65536,true,min_utf8,7,19,4,after,828.318000
0,65536,true,min_utf8,7,19,5,enum_dynamic,859.910053
0,65536,true,min_utf8,8,19,0,bound_dynamic,860.418842
0,65536,true,min_utf8,8,19,1,bound_static,828.339895
0,65536,true,min_utf8,8,19,2,before,855.109632
0,65536,true,min_utf8,8,19,3,after,833.625000
0,65536,true,min_utf8,8,19,4,enum_dynamic,859.686368
0,65536,true,min_utf8,8,19,5,enum_static,841.085526
0,65536,true,min_utf8,9,19,0,bound_static,833.519737
0,65536,true,min_utf8,9,19,1,before,856.480263
0,65536,true,min_utf8,9,19,2,after,827.388158
0,65536,true,min_utf8,9,19,3,enum_dynamic,861.024105
0,65536,true,min_utf8,9,19,4,enum_static,833.660105
0,65536,true,min_utf8,9,19,5,bound_dynamic,861.004368
0,65536,true,min_utf8,10,19,0,before,866.346526
0,65536,true,min_utf8,10,19,1,after,831.767579
0,65536,true,min_utf8,10,19,2,enum_dynamic,864.557053
0,65536,true,min_utf8,10,19,3,enum_static,828.239053
0,65536,true,min_utf8,10,19,4,bound_dynamic,857.598684
0,65536,true,min_utf8,10,19,5,bound_static,838.109632
0,65536,true,min_utf8,11,19,0,after,841.971526
0,65536,true,min_utf8,11,19,1,enum_dynamic,858.662316
0,65536,true,min_utf8,11,19,2,enum_static,832.368421
0,65536,true,min_utf8,11,19,3,bound_dynamic,859.421053
0,65536,true,min_utf8,11,19,4,bound_static,836.655737
0,65536,true,min_utf8,11,19,5,before,876.864053
0,128,true,sum_i64,0,38917,0,enum_dynamic,0.399219
0,128,true,sum_i64,0,38917,1,enum_static,0.384183
0,128,true,sum_i64,0,38917,2,bound_dynamic,0.385103
0,128,true,sum_i64,0,38917,3,bound_static,0.405194
0,128,true,sum_i64,0,38917,4,before,0.395123
0,128,true,sum_i64,0,38917,5,after,0.396500
0,128,true,sum_i64,1,38917,0,enum_static,0.392417
0,128,true,sum_i64,1,38917,1,bound_dynamic,0.385667
0,128,true,sum_i64,1,38917,2,bound_static,0.405236
0,128,true,sum_i64,1,38917,3,before,0.393723
0,128,true,sum_i64,1,38917,4,after,0.396978
0,128,true,sum_i64,1,38917,5,enum_dynamic,0.396276
0,128,true,sum_i64,2,38917,0,bound_dynamic,0.382913
0,128,true,sum_i64,2,38917,1,bound_static,0.405636
0,128,true,sum_i64,2,38917,2,before,0.392512
0,128,true,sum_i64,2,38917,3,after,0.395717
0,128,true,sum_i64,2,38917,4,enum_dynamic,0.395354
0,128,true,sum_i64,2,38917,5,enum_static,0.384217
0,128,true,sum_i64,3,38917,0,bound_static,0.406885
0,128,true,sum_i64,3,38917,1,before,0.392794
0,128,true,sum_i64,3,38917,2,after,0.397945
0,128,true,sum_i64,3,38917,3,enum_dynamic,0.395958
0,128,true,sum_i64,3,38917,4,enum_static,0.387013
0,128,true,sum_i64,3,38917,5,bound_dynamic,0.382507
0,128,true,sum_i64,4,38917,0,before,0.393891
0,128,true,sum_i64,4,38917,1,after,0.394935
0,128,true,sum_i64,4,38917,2,enum_dynamic,0.399003
0,128,true,sum_i64,4,38917,3,enum_static,0.385733
0,128,true,sum_i64,4,38917,4,bound_dynamic,0.383087
0,128,true,sum_i64,4,38917,5,bound_static,0.411034
0,128,true,sum_i64,5,38917,0,after,0.399323
0,128,true,sum_i64,5,38917,1,enum_dynamic,0.399046
0,128,true,sum_i64,5,38917,2,enum_static,0.384381
0,128,true,sum_i64,5,38917,3,bound_dynamic,0.383292
0,128,true,sum_i64,5,38917,4,bound_static,0.410820
0,128,true,sum_i64,5,38917,5,before,0.394215
0,128,true,sum_i64,6,38917,0,enum_dynamic,0.400500
0,128,true,sum_i64,6,38917,1,enum_static,0.387571
0,128,true,sum_i64,6,38917,2,bound_dynamic,0.382442
0,128,true,sum_i64,6,38917,3,bound_static,0.410888
0,128,true,sum_i64,6,38917,4,before,0.398977
0,128,true,sum_i64,6,38917,5,after,0.396960
0,128,true,sum_i64,7,38917,0,enum_static,0.383688
0,128,true,sum_i64,7,38917,1,bound_dynamic,0.383332
0,128,true,sum_i64,7,38917,2,bound_static,0.405407
0,128,true,sum_i64,7,38917,3,before,0.393012
0,128,true,sum_i64,7,38917,4,after,0.398858
0,128,true,sum_i64,7,38917,5,enum_dynamic,0.395305
0,128,true,sum_i64,8,38917,0,bound_dynamic,0.385631
0,128,true,sum_i64,8,38917,1,bound_static,0.409932
0,128,true,sum_i64,8,38917,2,before,0.392538
0,128,true,sum_i64,8,38917,3,after,0.398011
0,128,true,sum_i64,8,38917,4,enum_dynamic,0.395008
0,128,true,sum_i64,8,38917,5,enum_static,0.384090
0,128,true,sum_i64,9,38917,0,bound_static,0.405704
0,128,true,sum_i64,9,38917,1,before,0.392747
0,128,true,sum_i64,9,38917,2,after,0.398937
0,128,true,sum_i64,9,38917,3,enum_dynamic,0.396380
0,128,true,sum_i64,9,38917,4,enum_static,0.388350
0,128,true,sum_i64,9,38917,5,bound_dynamic,0.384291
0,128,true,sum_i64,10,38917,0,before,0.395657
0,128,true,sum_i64,10,38917,1,after,0.396400
0,128,true,sum_i64,10,38917,2,enum_dynamic,0.394501
0,128,true,sum_i64,10,38917,3,enum_static,0.384399
0,128,true,sum_i64,10,38917,4,bound_dynamic,0.389574
0,128,true,sum_i64,10,38917,5,bound_static,0.406570
0,128,true,sum_i64,11,38917,0,after,0.399406
0,128,true,sum_i64,11,38917,1,enum_dynamic,0.399795
0,128,true,sum_i64,11,38917,2,enum_static,0.383545
0,128,true,sum_i64,11,38917,3,bound_dynamic,0.383122
0,128,true,sum_i64,11,38917,4,bound_static,0.404979
0,128,true,sum_i64,11,38917,5,before,0.393796
0,65536,false,min_i64,0,48,0,enum_dynamic,353.116313
0,65536,false,min_i64,0,48,1,enum_static,316.122396
0,65536,false,min_i64,0,48,2,bound_dynamic,351.770833
0,65536,false,min_i64,0,48,3,bound_static,316.830729
0,65536,false,min_i64,0,48,4,before,335.731771
0,65536,false,min_i64,0,48,5,after,317.195312
0,65536,false,min_i64,1,48,0,enum_static,316.963542
0,65536,false,min_i64,1,48,1,bound_dynamic,352.575521
0,65536,false,min_i64,1,48,2,bound_static,315.323771
0,65536,false,min_i64,1,48,3,before,335.014771
0,65536,false,min_i64,1,48,4,after,315.334208
0,65536,false,min_i64,1,48,5,enum_dynamic,354.137146
0,65536,false,min_i64,2,48,0,bound_dynamic,364.960083
0,65536,false,min_i64,2,48,1,bound_static,320.123271
0,65536,false,min_i64,2,48,2,before,333.164917
0,65536,false,min_i64,2,48,3,after,316.025167
0,65536,false,min_i64,2,48,4,enum_dynamic,353.829854
0,65536,false,min_i64,2,48,5,enum_static,317.373271
0,65536,false,min_i64,3,48,0,bound_static,318.701396
0,65536,false,min_i64,3,48,1,before,333.720500
0,65536,false,min_i64,3,48,2,after,315.720479
0,65536,false,min_i64,3,48,3,enum_dynamic,353.084208
0,65536,false,min_i64,3,48,4,enum_static,316.958333
0,65536,false,min_i64,3,48,5,bound_dynamic,352.574667
0,65536,false,min_i64,4,48,0,before,335.165792
0,65536,false,min_i64,4,48,1,after,314.293417
0,65536,false,min_i64,4,48,2,enum_dynamic,352.708333
0,65536,false,min_i64,4,48,3,enum_static,314.608500
0,65536,false,min_i64,4,48,4,bound_dynamic,354.881958
0,65536,false,min_i64,4,48,5,bound_static,322.843750
0,65536,false,min_i64,5,48,0,after,315.980896
0,65536,false,min_i64,5,48,1,enum_dynamic,353.317708
0,65536,false,min_i64,5,48,2,enum_static,316.061625
0,65536,false,min_i64,5,48,3,bound_dynamic,353.030396
0,65536,false,min_i64,5,48,4,bound_static,319.296000
0,65536,false,min_i64,5,48,5,before,335.218750
0,65536,false,min_i64,6,48,0,enum_dynamic,353.052937
0,65536,false,min_i64,6,48,1,enum_static,317.026042
0,65536,false,min_i64,6,48,2,bound_dynamic,355.237854
0,65536,false,min_i64,6,48,3,bound_static,314.750000
0,65536,false,min_i64,6,48,4,before,332.086813
0,65536,false,min_i64,6,48,5,after,314.980896
0,65536,false,min_i64,7,48,0,enum_static,316.576396
0,65536,false,min_i64,7,48,1,bound_dynamic,354.879333
0,65536,false,min_i64,7,48,2,bound_static,316.899313
0,65536,false,min_i64,7,48,3,before,332.946188
0,65536,false,min_i64,7,48,4,after,317.903646
0,65536,false,min_i64,7,48,5,enum_dynamic,359.073792
0,65536,false,min_i64,8,48,0,bound_dynamic,356.670125
0,65536,false,min_i64,8,48,1,bound_static,315.134563
0,65536,false,min_i64,8,48,2,before,332.855917
0,65536,false,min_i64,8,48,3,after,313.083333
0,65536,false,min_i64,8,48,4,enum_dynamic,353.150187
0,65536,false,min_i64,8,48,5,enum_static,315.267354
0,65536,false,min_i64,9,48,0,bound_static,316.768229
0,65536,false,min_i64,9,48,1,before,336.320313
0,65536,false,min_i64,9,48,2,after,315.440979
0,65536,false,min_i64,9,48,3,enum_dynamic,351.820312
0,65536,false,min_i64,9,48,4,enum_static,316.085938
0,65536,false,min_i64,9,48,5,bound_dynamic,355.018229
0,65536,false,min_i64,10,48,0,before,334.013021
0,65536,false,min_i64,10,48,1,after,315.260417
0,65536,false,min_i64,10,48,2,enum_dynamic,355.571188
0,65536,false,min_i64,10,48,3,enum_static,319.508667
0,65536,false,min_i64,10,48,4,bound_dynamic,354.841146
0,65536,false,min_i64,10,48,5,bound_static,313.441833
0,65536,false,min_i64,11,48,0,after,315.546875
0,65536,false,min_i64,11,48,1,enum_dynamic,352.901917
0,65536,false,min_i64,11,48,2,enum_static,313.594625
0,65536,false,min_i64,11,48,3,bound_dynamic,357.423604
0,65536,false,min_i64,11,48,4,bound_static,316.447917
0,65536,false,min_i64,11,48,5,before,335.494792
0,128,false,sum_i64,0,45003,0,enum_dynamic,0.345410
0,128,false,sum_i64,0,45003,1,enum_static,0.334447
0,128,false,sum_i64,0,45003,2,bound_dynamic,0.333225
0,128,false,sum_i64,0,45003,3,bound_static,0.363992
0,128,false,sum_i64,0,45003,4,before,0.336327
0,128,false,sum_i64,0,45003,5,after,0.341735
0,128,false,sum_i64,1,45003,0,enum_static,0.336639
0,128,false,sum_i64,1,45003,1,bound_dynamic,0.332896
0,128,false,sum_i64,1,45003,2,bound_static,0.361811
0,128,false,sum_i64,1,45003,3,before,0.334687
0,128,false,sum_i64,1,45003,4,after,0.344634
0,128,false,sum_i64,1,45003,5,enum_dynamic,0.344861
0,128,false,sum_i64,2,45003,0,bound_dynamic,0.332483
0,128,false,sum_i64,2,45003,1,bound_static,0.361743
0,128,false,sum_i64,2,45003,2,before,0.334881
0,128,false,sum_i64,2,45003,3,after,0.344726
0,128,false,sum_i64,2,45003,4,enum_dynamic,0.345322
0,128,false,sum_i64,2,45003,5,enum_static,0.334325
0,128,false,sum_i64,3,45003,0,bound_static,0.357926
0,128,false,sum_i64,3,45003,1,before,0.335905
0,128,false,sum_i64,3,45003,2,after,0.341886
0,128,false,sum_i64,3,45003,3,enum_dynamic,0.343402
0,128,false,sum_i64,3,45003,4,enum_static,0.334476
0,128,false,sum_i64,3,45003,5,bound_dynamic,0.332759
0,128,false,sum_i64,4,45003,0,before,0.339358
0,128,false,sum_i64,4,45003,1,after,0.346061
0,128,false,sum_i64,4,45003,2,enum_dynamic,0.344509
0,128,false,sum_i64,4,45003,3,enum_static,0.333825
0,128,false,sum_i64,4,45003,4,bound_dynamic,0.332114
0,128,false,sum_i64,4,45003,5,bound_static,0.361208
0,128,false,sum_i64,5,45003,0,after,0.342073
0,128,false,sum_i64,5,45003,1,enum_dynamic,0.343118
0,128,false,sum_i64,5,45003,2,enum_static,0.334107
0,128,false,sum_i64,5,45003,3,bound_dynamic,0.331789
0,128,false,sum_i64,5,45003,4,bound_static,0.357598
0,128,false,sum_i64,5,45003,5,before,0.335381
0,128,false,sum_i64,6,45003,0,enum_dynamic,0.342641
0,128,false,sum_i64,6,45003,1,enum_static,0.335831
0,128,false,sum_i64,6,45003,2,bound_dynamic,0.331896
0,128,false,sum_i64,6,45003,3,bound_static,0.360177
0,128,false,sum_i64,6,45003,4,before,0.338612
0,128,false,sum_i64,6,45003,5,after,0.342737
0,128,false,sum_i64,7,45003,0,enum_static,0.334578
0,128,false,sum_i64,7,45003,1,bound_dynamic,0.332992
0,128,false,sum_i64,7,45003,2,bound_static,0.358832
0,128,false,sum_i64,7,45003,3,before,0.335667
0,128,false,sum_i64,7,45003,4,after,0.342344
0,128,false,sum_i64,7,45003,5,enum_dynamic,0.343637
0,128,false,sum_i64,8,45003,0,bound_dynamic,0.332567
0,128,false,sum_i64,8,45003,1,bound_static,0.357536
0,128,false,sum_i64,8,45003,2,before,0.335825
0,128,false,sum_i64,8,45003,3,after,0.341719
0,128,false,sum_i64,8,45003,4,enum_dynamic,0.343400
0,128,false,sum_i64,8,45003,5,enum_static,0.335172
0,128,false,sum_i64,9,45003,0,bound_static,0.357634
0,128,false,sum_i64,9,45003,1,before,0.335091
0,128,false,sum_i64,9,45003,2,after,0.342907
0,128,false,sum_i64,9,45003,3,enum_dynamic,0.343193
0,128,false,sum_i64,9,45003,4,enum_static,0.334109
0,128,false,sum_i64,9,45003,5,bound_dynamic,0.339113
0,128,false,sum_i64,10,45003,0,before,0.336171
0,128,false,sum_i64,10,45003,1,after,0.345626
0,128,false,sum_i64,10,45003,2,enum_dynamic,0.344991
0,128,false,sum_i64,10,45003,3,enum_static,0.335377
0,128,false,sum_i64,10,45003,4,bound_dynamic,0.332406
0,128,false,sum_i64,10,45003,5,bound_static,0.362353
0,128,false,sum_i64,11,45003,0,after,0.345228
0,128,false,sum_i64,11,45003,1,enum_dynamic,0.344312
0,128,false,sum_i64,11,45003,2,enum_static,0.342010
0,128,false,sum_i64,11,45003,3,bound_dynamic,0.332825
0,128,false,sum_i64,11,45003,4,bound_static,0.364513
0,128,false,sum_i64,11,45003,5,before,0.334444
0,8192,true,count_star,0,3927,0,enum_dynamic,3.834883
0,8192,true,count_star,0,3927,1,enum_static,3.826065
0,8192,true,count_star,0,3927,2,bound_dynamic,3.832145
0,8192,true,count_star,0,3927,3,bound_static,3.820601
0,8192,true,count_star,0,3927,4,before,3.825906
0,8192,true,count_star,0,3927,5,after,3.817492
0,8192,true,count_star,1,3927,0,enum_static,3.821407
0,8192,true,count_star,1,3927,1,bound_dynamic,3.817227
0,8192,true,count_star,1,3927,2,bound_static,3.819285
0,8192,true,count_star,1,3927,3,before,3.826893
0,8192,true,count_star,1,3927,4,after,3.842246
0,8192,true,count_star,1,3927,5,enum_dynamic,3.821068
0,8192,true,count_star,2,3927,0,bound_dynamic,3.866395
0,8192,true,count_star,2,3927,1,bound_static,3.821185
0,8192,true,count_star,2,3927,2,before,3.845047
0,8192,true,count_star,2,3927,3,after,3.835094
0,8192,true,count_star,2,3927,4,enum_dynamic,3.819328
0,8192,true,count_star,2,3927,5,enum_static,3.818511
0,8192,true,count_star,3,3927,0,bound_static,3.844325
0,8192,true,count_star,3,3927,1,before,3.870724
0,8192,true,count_star,3,3927,2,after,3.829620
0,8192,true,count_star,3,3927,3,enum_dynamic,3.819805
0,8192,true,count_star,3,3927,4,enum_static,3.826649
0,8192,true,count_star,3,3927,5,bound_dynamic,3.821885
0,8192,true,count_star,4,3927,0,before,3.842872
0,8192,true,count_star,4,3927,1,after,3.822193
0,8192,true,count_star,4,3927,2,enum_dynamic,3.824612
0,8192,true,count_star,4,3927,3,enum_static,3.862756
0,8192,true,count_star,4,3927,4,bound_dynamic,3.832219
0,8192,true,count_star,4,3927,5,bound_static,3.827742
0,8192,true,count_star,5,3927,0,after,3.817630
0,8192,true,count_star,5,3927,1,enum_dynamic,3.830171
0,8192,true,count_star,5,3927,2,enum_static,3.842893
0,8192,true,count_star,5,3927,3,bound_dynamic,3.829100
0,8192,true,count_star,5,3927,4,bound_static,3.890332
0,8192,true,count_star,5,3927,5,before,3.833631
0,8192,true,count_star,6,3927,0,enum_dynamic,3.824039
0,8192,true,count_star,6,3927,1,enum_static,3.830872
0,8192,true,count_star,6,3927,2,bound_dynamic,3.819635
0,8192,true,count_star,6,3927,3,bound_static,3.817460
0,8192,true,count_star,6,3927,4,before,3.830564
0,8192,true,count_star,6,3927,5,after,3.833461
0,8192,true,count_star,7,3927,0,enum_static,3.828102
0,8192,true,count_star,7,3927,1,bound_dynamic,3.820166
0,8192,true,count_star,7,3927,2,bound_static,3.834171
0,8192,true,count_star,7,3927,3,before,3.829949
0,8192,true,count_star,7,3927,4,after,3.840495
0,8192,true,count_star,7,3927,5,enum_dynamic,3.819307
0,8192,true,count_star,8,3927,0,bound_dynamic,3.829577
0,8192,true,count_star,8,3927,1,bound_static,3.821588
0,8192,true,count_star,8,3927,2,before,3.822267
0,8192,true,count_star,8,3927,3,after,3.820134
0,8192,true,count_star,8,3927,4,enum_dynamic,3.820113
0,8192,true,count_star,8,3927,5,enum_static,3.820431
0,8192,true,count_star,9,3927,0,bound_static,3.832378
0,8192,true,count_star,9,3927,1,before,3.837344
0,8192,true,count_star,9,3927,2,after,3.855965
0,8192,true,count_star,9,3927,3,enum_dynamic,3.833768
0,8192,true,count_star,9,3927,4,enum_static,3.880061
0,8192,true,count_star,9,3927,5,bound_dynamic,3.853610
0,8192,true,count_star,10,3927,0,before,3.826553
0,8192,true,count_star,10,3927,1,after,3.821248
0,8192,true,count_star,10,3927,2,enum_dynamic,3.901611
0,8192,true,count_star,10,3927,3,enum_static,3.834012
0,8192,true,count_star,10,3927,4,bound_dynamic,3.832156
0,8192,true,count_star,10,3927,5,bound_static,3.828580
0,8192,true,count_star,11,3927,0,after,3.827328
0,8192,true,count_star,11,3927,1,enum_dynamic,3.835084
0,8192,true,count_star,11,3927,2,enum_static,3.837227
0,8192,true,count_star,11,3927,3,bound_dynamic,3.824272
0,8192,true,count_star,11,3927,4,bound_static,3.818129
0,8192,true,count_star,11,3927,5,before,3.822373
0,8192,true,max_utf8,0,144,0,enum_dynamic,107.800632
0,8192,true,max_utf8,0,144,1,enum_static,105.724535
0,8192,true,max_utf8,0,144,2,bound_dynamic,107.763604
0,8192,true,max_utf8,0,144,3,bound_static,105.320597
0,8192,true,max_utf8,0,144,4,before,107.347806
0,8192,true,max_utf8,0,144,5,after,106.005785
0,8192,true,max_utf8,1,144,0,enum_static,106.438083
0,8192,true,max_utf8,1,144,1,bound_dynamic,108.145542
0,8192,true,max_utf8,1,144,2,bound_static,106.227431
0,8192,true,max_utf8,1,144,3,before,108.055556
0,8192,true,max_utf8,1,144,4,after,106.868924
0,8192,true,max_utf8,1,144,5,enum_dynamic,108.660875
0,8192,true,max_utf8,2,144,0,bound_dynamic,108.433160
0,8192,true,max_utf8,2,144,1,bound_static,106.324938
0,8192,true,max_utf8,2,144,2,before,107.613424
0,8192,true,max_utf8,2,144,3,after,105.588542
0,8192,true,max_utf8,2,144,4,enum_dynamic,108.811632
0,8192,true,max_utf8,2,144,5,enum_static,105.493347
0,8192,true,max_utf8,3,144,0,bound_static,107.115160
0,8192,true,max_utf8,3,144,1,before,109.173903
0,8192,true,max_utf8,3,144,2,after,106.101562
0,8192,true,max_utf8,3,144,3,enum_dynamic,108.678528
0,8192,true,max_utf8,3,144,4,enum_static,104.858507
0,8192,true,max_utf8,3,144,5,bound_dynamic,110.670431
0,8192,true,max_utf8,4,144,0,before,108.833625
0,8192,true,max_utf8,4,144,1,after,107.545139
0,8192,true,max_utf8,4,144,2,enum_dynamic,108.877889
0,8192,true,max_utf8,4,144,3,enum_static,106.034146
0,8192,true,max_utf8,4,144,4,bound_dynamic,108.781250
0,8192,true,max_utf8,4,144,5,bound_static,106.624708
0,8192,true,max_utf8,5,144,0,after,105.460069
0,8192,true,max_utf8,5,144,1,enum_dynamic,108.644965
0,8192,true,max_utf8,5,144,2,enum_static,105.625576
0,8192,true,max_utf8,5,144,3,bound_dynamic,108.499715
0,8192,true,max_utf8,5,144,4,bound_static,106.247396
0,8192,true,max_utf8,5,144,5,before,107.648146
0,8192,true,max_utf8,6,144,0,enum_dynamic,109.362847
0,8192,true,max_utf8,6,144,1,enum_static,105.432868
0,8192,true,max_utf8,6,144,2,bound_dynamic,107.967014
0,8192,true,max_utf8,6,144,3,bound_static,105.271701
0,8192,true,max_utf8,6,144,4,before,108.055840
0,8192,true,max_utf8,6,144,5,after,106.377313
0,8192,true,max_utf8,7,144,0,enum_static,106.497396
0,8192,true,max_utf8,7,144,1,bound_dynamic,107.825521
0,8192,true,max_utf8,7,144,2,bound_static,106.833917
0,8192,true,max_utf8,7,144,3,before,108.300931
0,8192,true,max_utf8,7,144,4,after,106.304111
0,8192,true,max_utf8,7,144,5,enum_dynamic,109.099250
0,8192,true,max_utf8,8,144,0,bound_dynamic,108.355903
0,8192,true,max_utf8,8,144,1,bound_static,106.542535
0,8192,true,max_utf8,8,144,2,before,107.313368
0,8192,true,max_utf8,8,144,3,after,105.855903
0,8192,true,max_utf8,8,144,4,enum_dynamic,109.903069
0,8192,true,max_utf8,8,144,5,enum_static,107.620368
0,8192,true,max_utf8,9,144,0,bound_static,106.363715
0,8192,true,max_utf8,9,144,1,before,108.332181
0,8192,true,max_utf8,9,144,2,after,105.633972
0,8192,true,max_utf8,9,144,3,enum_dynamic,109.545139
0,8192,true,max_utf8,9,144,4,enum_static,105.502313
0,8192,true,max_utf8,9,144,5,bound_dynamic,108.094035
0,8192,true,max_utf8,10,144,0,before,107.495951
0,8192,true,max_utf8,10,144,1,after,106.089993
0,8192,true,max_utf8,10,144,2,enum_dynamic,108.693292
0,8192,true,max_utf8,10,144,3,enum_static,106.239299
0,8192,true,max_utf8,10,144,4,bound_dynamic,107.766201
0,8192,true,max_utf8,10,144,5,bound_static,106.127313
0,8192,true,max_utf8,11,144,0,after,105.386285
0,8192,true,max_utf8,11,144,1,enum_dynamic,108.503181
0,8192,true,max_utf8,11,144,2,enum_static,105.557007
0,8192,true,max_utf8,11,144,3,bound_dynamic,108.017944
0,8192,true,max_utf8,11,144,4,bound_static,107.026333
0,8192,true,max_utf8,11,144,5,before,107.627604
0,128,true,max_i64,0,17668,0,enum_dynamic,0.890933
0,128,true,max_i64,0,17668,1,enum_static,0.829140
0,128,true,max_i64,0,17668,2,bound_dynamic,0.878750
0,128,true,max_i64,0,17668,3,bound_static,0.846297
0,128,true,max_i64,0,17668,4,before,0.889110
0,128,true,max_i64,0,17668,5,after,0.832876
0,128,true,max_i64,1,17668,0,enum_static,0.832319
0,128,true,max_i64,1,17668,1,bound_dynamic,0.878677
0,128,true,max_i64,1,17668,2,bound_static,0.846427
0,128,true,max_i64,1,17668,3,before,0.883636
0,128,true,max_i64,1,17668,4,after,0.831300
0,128,true,max_i64,1,17668,5,enum_dynamic,0.889735
0,128,true,max_i64,2,17668,0,bound_dynamic,0.877278
0,128,true,max_i64,2,17668,1,bound_static,0.846243
0,128,true,max_i64,2,17668,2,before,0.884492
0,128,true,max_i64,2,17668,3,after,0.834364
0,128,true,max_i64,2,17668,4,enum_dynamic,0.896399
0,128,true,max_i64,2,17668,5,enum_static,0.838312
0,128,true,max_i64,3,17668,0,bound_static,0.853785
0,128,true,max_i64,3,17668,1,before,0.889336
0,128,true,max_i64,3,17668,2,after,0.837515
0,128,true,max_i64,3,17668,3,enum_dynamic,0.890749
0,128,true,max_i64,3,17668,4,enum_static,0.832364
0,128,true,max_i64,3,17668,5,bound_dynamic,0.879332
0,128,true,max_i64,4,17668,0,before,0.892798
0,128,true,max_i64,4,17668,1,after,0.836925
0,128,true,max_i64,4,17668,2,enum_dynamic,0.892760
0,128,true,max_i64,4,17668,3,enum_static,0.834055
0,128,true,max_i64,4,17668,4,bound_dynamic,0.881471
0,128,true,max_i64,4,17668,5,bound_static,0.852219
0,128,true,max_i64,5,17668,0,after,0.838392
0,128,true,max_i64,5,17668,1,enum_dynamic,0.890466
0,128,true,max_i64,5,17668,2,enum_static,0.833348
0,128,true,max_i64,5,17668,3,bound_dynamic,0.880740
0,128,true,max_i64,5,17668,4,bound_static,0.852447
0,128,true,max_i64,5,17668,5,before,0.890662
0,128,true,max_i64,6,17668,0,enum_dynamic,0.889070
0,128,true,max_i64,6,17668,1,enum_static,0.834175
0,128,true,max_i64,6,17668,2,bound_dynamic,0.879764
0,128,true,max_i64,6,17668,3,bound_static,0.852792
0,128,true,max_i64,6,17668,4,before,0.896824
0,128,true,max_i64,6,17668,5,after,0.833678
0,128,true,max_i64,7,17668,0,enum_static,0.832704
0,128,true,max_i64,7,17668,1,bound_dynamic,0.880658
0,128,true,max_i64,7,17668,2,bound_static,0.848452
0,128,true,max_i64,7,17668,3,before,0.888485
0,128,true,max_i64,7,17668,4,after,0.862468
0,128,true,max_i64,7,17668,5,enum_dynamic,0.890428
0,128,true,max_i64,8,17668,0,bound_dynamic,0.881768
0,128,true,max_i64,8,17668,1,bound_static,0.850922
0,128,true,max_i64,8,17668,2,before,0.905776
0,128,true,max_i64,8,17668,3,after,0.837458
0,128,true,max_i64,8,17668,4,enum_dynamic,0.889905
0,128,true,max_i64,8,17668,5,enum_static,0.829345
0,128,true,max_i64,9,17668,0,bound_static,0.844092
0,128,true,max_i64,9,17668,1,before,0.883087
0,128,true,max_i64,9,17668,2,after,0.832605
0,128,true,max_i64,9,17668,3,enum_dynamic,0.887122
0,128,true,max_i64,9,17668,4,enum_static,0.829459
0,128,true,max_i64,9,17668,5,bound_dynamic,0.878158
0,128,true,max_i64,10,17668,0,before,0.883164
0,128,true,max_i64,10,17668,1,after,0.833843
0,128,true,max_i64,10,17668,2,enum_dynamic,0.885353
0,128,true,max_i64,10,17668,3,enum_static,0.832260
0,128,true,max_i64,10,17668,4,bound_dynamic,0.880066
0,128,true,max_i64,10,17668,5,bound_static,0.848549
0,128,true,max_i64,11,17668,0,after,0.834425
0,128,true,max_i64,11,17668,1,enum_dynamic,0.886306
0,128,true,max_i64,11,17668,2,enum_static,0.830831
0,128,true,max_i64,11,17668,3,bound_dynamic,0.878629
0,128,true,max_i64,11,17668,4,bound_static,0.846894
0,128,true,max_i64,11,17668,5,before,0.882598
0,128,false,sum_u64,0,44314,0,enum_dynamic,0.335005
0,128,false,sum_u64,0,44314,1,enum_static,0.334779
0,128,false,sum_u64,0,44314,2,bound_dynamic,0.333102
0,128,false,sum_u64,0,44314,3,bound_static,0.332122
0,128,false,sum_u64,0,44314,4,before,0.354310
0,128,false,sum_u64,0,44314,5,after,0.333535
0,128,false,sum_u64,1,44314,0,enum_static,0.335327
0,128,false,sum_u64,1,44314,1,bound_dynamic,0.332076
0,128,false,sum_u64,1,44314,2,bound_static,0.331994
0,128,false,sum_u64,1,44314,3,before,0.354761
0,128,false,sum_u64,1,44314,4,after,0.333467
0,128,false,sum_u64,1,44314,5,enum_dynamic,0.334826
0,128,false,sum_u64,2,44314,0,bound_dynamic,0.334374
0,128,false,sum_u64,2,44314,1,bound_static,0.332926
0,128,false,sum_u64,2,44314,2,before,0.356578
0,128,false,sum_u64,2,44314,3,after,0.334989
0,128,false,sum_u64,2,44314,4,enum_dynamic,0.334250
0,128,false,sum_u64,2,44314,5,enum_static,0.334401
0,128,false,sum_u64,3,44314,0,bound_static,0.332970
0,128,false,sum_u64,3,44314,1,before,0.353854
0,128,false,sum_u64,3,44314,2,after,0.333929
0,128,false,sum_u64,3,44314,3,enum_dynamic,0.334083
0,128,false,sum_u64,3,44314,4,enum_static,0.335251
0,128,false,sum_u64,3,44314,5,bound_dynamic,0.334675
0,128,false,sum_u64,4,44314,0,before,0.356318
0,128,false,sum_u64,4,44314,1,after,0.333089
0,128,false,sum_u64,4,44314,2,enum_dynamic,0.335156
0,128,false,sum_u64,4,44314,3,enum_static,0.334580
0,128,false,sum_u64,4,44314,4,bound_dynamic,0.332334
0,128,false,sum_u64,4,44314,5,bound_static,0.334135
0,128,false,sum_u64,5,44314,0,after,0.333440
0,128,false,sum_u64,5,44314,1,enum_dynamic,0.335527
0,128,false,sum_u64,5,44314,2,enum_static,0.337549
0,128,false,sum_u64,5,44314,3,bound_dynamic,0.333292
0,128,false,sum_u64,5,44314,4,bound_static,0.333199
0,128,false,sum_u64,5,44314,5,before,0.356692
0,128,false,sum_u64,6,44314,0,enum_dynamic,0.335690
0,128,false,sum_u64,6,44314,1,enum_static,0.333834
0,128,false,sum_u64,6,44314,2,bound_dynamic,0.332827
0,128,false,sum_u64,6,44314,3,bound_static,0.332089
0,128,false,sum_u64,6,44314,4,before,0.356456
0,128,false,sum_u64,6,44314,5,after,0.334590
0,128,false,sum_u64,7,44314,0,enum_static,0.334829
0,128,false,sum_u64,7,44314,1,bound_dynamic,0.332161
0,128,false,sum_u64,7,44314,2,bound_static,0.332951
0,128,false,sum_u64,7,44314,3,before,0.355271
0,128,false,sum_u64,7,44314,4,after,0.333326
0,128,false,sum_u64,7,44314,5,enum_dynamic,0.334474
0,128,false,sum_u64,8,44314,0,bound_dynamic,0.331902
0,128,false,sum_u64,8,44314,1,bound_static,0.332310
0,128,false,sum_u64,8,44314,2,before,0.359553
0,128,false,sum_u64,8,44314,3,after,0.333283
0,128,false,sum_u64,8,44314,4,enum_dynamic,0.334594
0,128,false,sum_u64,8,44314,5,enum_static,0.338161
0,128,false,sum_u64,9,44314,0,bound_static,0.333073
0,128,false,sum_u64,9,44314,1,before,0.354473
0,128,false,sum_u64,9,44314,2,after,0.333521
0,128,false,sum_u64,9,44314,3,enum_dynamic,0.334952
0,128,false,sum_u64,9,44314,4,enum_static,0.336932
0,128,false,sum_u64,9,44314,5,bound_dynamic,0.331854
0,128,false,sum_u64,10,44314,0,before,0.358455
0,128,false,sum_u64,10,44314,1,after,0.333457
0,128,false,sum_u64,10,44314,2,enum_dynamic,0.334798
0,128,false,sum_u64,10,44314,3,enum_static,0.333932
0,128,false,sum_u64,10,44314,4,bound_dynamic,0.333441
0,128,false,sum_u64,10,44314,5,bound_static,0.333165
0,128,false,sum_u64,11,44314,0,after,0.334077
0,128,false,sum_u64,11,44314,1,enum_dynamic,0.334468
0,128,false,sum_u64,11,44314,2,enum_static,0.334359
0,128,false,sum_u64,11,44314,3,bound_dynamic,0.332335
0,128,false,sum_u64,11,44314,4,bound_static,0.332150
0,128,false,sum_u64,11,44314,5,before,0.357736
0,128,false,mixed_7,0,1790,0,enum_dynamic,8.651490
0,128,false,mixed_7,0,1790,1,enum_static,8.381727
0,128,false,mixed_7,0,1790,2,bound_dynamic,8.544460
0,128,false,mixed_7,0,1790,3,bound_static,8.454376
0,128,false,mixed_7,0,1790,4,before,8.580820
0,128,false,mixed_7,0,1790,5,after,8.466178
0,128,false,mixed_7,1,1790,0,enum_static,8.846648
0,128,false,mixed_7,1,1790,1,bound_dynamic,8.630400
0,128,false,mixed_7,1,1790,2,bound_static,8.443506
0,128,false,mixed_7,1,1790,3,before,8.582076
0,128,false,mixed_7,1,1790,4,after,8.451280
0,128,false,mixed_7,1,1790,5,enum_dynamic,8.656611
0,128,false,mixed_7,2,1790,0,bound_dynamic,8.563455
0,128,false,mixed_7,2,1790,1,bound_static,8.599418
0,128,false,mixed_7,2,1790,2,before,8.583147
0,128,false,mixed_7,2,1790,3,after,8.418063
0,128,false,mixed_7,2,1790,4,enum_dynamic,8.690829
0,128,false,mixed_7,2,1790,5,enum_static,8.393575
0,128,false,mixed_7,3,1790,0,bound_static,8.458496
0,128,false,mixed_7,3,1790,1,before,8.572742
0,128,false,mixed_7,3,1790,2,after,8.463315
0,128,false,mixed_7,3,1790,3,enum_dynamic,8.661755
0,128,false,mixed_7,3,1790,4,enum_static,8.393529
0,128,false,mixed_7,3,1790,5,bound_dynamic,8.540829
0,128,false,mixed_7,4,1790,0,before,8.587058
0,128,false,mixed_7,4,1790,1,after,8.472486
0,128,false,mixed_7,4,1790,2,enum_dynamic,8.666388
0,128,false,mixed_7,4,1790,3,enum_static,8.398697
0,128,false,mixed_7,4,1790,4,bound_dynamic,8.537989
0,128,false,mixed_7,4,1790,5,bound_static,8.526979
0,128,false,mixed_7,5,1790,0,after,8.435731
0,128,false,mixed_7,5,1790,1,enum_dynamic,8.704702
0,128,false,mixed_7,5,1790,2,enum_static,8.398324
0,128,false,mixed_7,5,1790,3,bound_dynamic,8.527560
0,128,false,mixed_7,5,1790,4,bound_static,8.928445
0,128,false,mixed_7,5,1790,5,before,8.584078
0,128,false,mixed_7,6,1790,0,enum_dynamic,8.641527
0,128,false,mixed_7,6,1790,1,enum_static,8.403235
0,128,false,mixed_7,6,1790,2,bound_dynamic,8.560731
0,128,false,mixed_7,6,1790,3,bound_static,8.453468
0,128,false,mixed_7,6,1790,4,before,8.597951
0,128,false,mixed_7,6,1790,5,after,8.436499
0,128,false,mixed_7,7,1790,0,enum_static,8.391783
0,128,false,mixed_7,7,1790,1,bound_dynamic,8.602165
0,128,false,mixed_7,7,1790,2,bound_static,8.432682
0,128,false,mixed_7,7,1790,3,before,8.580168
0,128,false,mixed_7,7,1790,4,after,8.429283
0,128,false,mixed_7,7,1790,5,enum_dynamic,8.658729
0,128,false,mixed_7,8,1790,0,bound_dynamic,9.009497
0,128,false,mixed_7,8,1790,1,bound_static,8.459427
0,128,false,mixed_7,8,1790,2,before,8.572742
0,128,false,mixed_7,8,1790,3,after,8.449278
0,128,false,mixed_7,8,1790,4,enum_dynamic,8.642296
0,128,false,mixed_7,8,1790,5,enum_static,8.406122
0,128,false,mixed_7,9,1790,0,bound_static,8.470764
0,128,false,mixed_7,9,1790,1,before,8.591853
0,128,false,mixed_7,9,1790,2,after,8.480354
0,128,false,mixed_7,9,1790,3,enum_dynamic,8.694111
0,128,false,mixed_7,9,1790,4,enum_static,8.402142
0,128,false,mixed_7,9,1790,5,bound_dynamic,8.548534
0,128,false,mixed_7,10,1790,0,before,8.615852
0,128,false,mixed_7,10,1790,1,after,8.545158
0,128,false,mixed_7,10,1790,2,enum_dynamic,8.734823
0,128,false,mixed_7,10,1790,3,enum_static,8.383496
0,128,false,mixed_7,10,1790,4,bound_dynamic,8.557100
0,128,false,mixed_7,10,1790,5,bound_static,8.470507
0,128,false,mixed_7,11,1790,0,after,8.450209
0,128,false,mixed_7,11,1790,1,enum_dynamic,8.631634
0,128,false,mixed_7,11,1790,2,enum_static,8.400396
0,128,false,mixed_7,11,1790,3,bound_dynamic,8.540293
0,128,false,mixed_7,11,1790,4,bound_static,8.479586
0,128,false,mixed_7,11,1790,5,before,8.860847
0,65536,true,max_utf8,0,18,0,enum_dynamic,860.432889
0,65536,true,max_utf8,0,18,1,enum_static,849.347222
0,65536,true,max_utf8,0,18,2,bound_dynamic,863.472222
0,65536,true,max_utf8,0,18,3,bound_static,835.898167
0,65536,true,max_utf8,0,18,4,before,862.266222
0,65536,true,max_utf8,0,18,5,after,853.511611
0,65536,true,max_utf8,1,18,0,enum_static,850.094889
0,65536,true,max_utf8,1,18,1,bound_dynamic,863.319444
0,65536,true,max_utf8,1,18,2,bound_static,841.875000
0,65536,true,max_utf8,1,18,3,before,856.087944
0,65536,true,max_utf8,1,18,4,after,862.430556
0,65536,true,max_utf8,1,18,5,enum_dynamic,871.914333
0,65536,true,max_utf8,2,18,0,bound_dynamic,862.539333
0,65536,true,max_utf8,2,18,1,bound_static,846.585667
0,65536,true,max_utf8,2,18,2,before,857.011556
0,65536,true,max_utf8,2,18,3,after,841.898167
0,65536,true,max_utf8,2,18,4,enum_dynamic,864.879611
0,65536,true,max_utf8,2,18,5,enum_static,843.203722
0,65536,true,max_utf8,3,18,0,bound_static,839.506944
0,65536,true,max_utf8,3,18,1,before,864.916667
0,65536,true,max_utf8,3,18,2,after,845.449056
0,65536,true,max_utf8,3,18,3,enum_dynamic,863.550889
0,65536,true,max_utf8,3,18,4,enum_static,840.506944
0,65536,true,max_utf8,3,18,5,bound_dynamic,857.349500
0,65536,true,max_utf8,4,18,0,before,857.562500
0,65536,true,max_utf8,4,18,1,after,838.858778
0,65536,true,max_utf8,4,18,2,enum_dynamic,859.106500
0,65536,true,max_utf8,4,18,3,enum_static,861.169000
0,65536,true,max_utf8,4,18,4,bound_dynamic,868.233833
0,65536,true,max_utf8,4,18,5,bound_static,839.136556
0,65536,true,max_utf8,5,18,0,after,841.219889
0,65536,true,max_utf8,5,18,1,enum_dynamic,862.136556
0,65536,true,max_utf8,5,18,2,enum_static,842.513889
0,65536,true,max_utf8,5,18,3,bound_dynamic,860.819444
0,65536,true,max_utf8,5,18,4,bound_static,842.942167
0,65536,true,max_utf8,5,18,5,before,867.861111
0,65536,true,max_utf8,6,18,0,enum_dynamic,868.060167
0,65536,true,max_utf8,6,18,1,enum_static,870.680556
0,65536,true,max_utf8,6,18,2,bound_dynamic,864.233778
0,65536,true,max_utf8,6,18,3,bound_static,847.960667
0,65536,true,max_utf8,6,18,4,before,876.388889
0,65536,true,max_utf8,6,18,5,after,840.946722
0,65536,true,max_utf8,7,18,0,enum_static,853.025444
0,65536,true,max_utf8,7,18,1,bound_dynamic,864.215278
0,65536,true,max_utf8,7,18,2,bound_static,851.173611
0,65536,true,max_utf8,7,18,3,before,866.849500
0,65536,true,max_utf8,7,18,4,after,848.458333
0,65536,true,max_utf8,7,18,5,enum_dynamic,877.342556
0,65536,true,max_utf8,8,18,0,bound_dynamic,869.791667
0,65536,true,max_utf8,8,18,1,bound_static,837.203667
0,65536,true,max_utf8,8,18,2,before,860.375000
0,65536,true,max_utf8,8,18,3,after,838.979167
0,65536,true,max_utf8,8,18,4,enum_dynamic,862.210611
0,65536,true,max_utf8,8,18,5,enum_static,846.925944
0,65536,true,max_utf8,9,18,0,bound_static,848.548611
0,65536,true,max_utf8,9,18,1,before,855.743056
0,65536,true,max_utf8,9,18,2,after,843.729167
0,65536,true,max_utf8,9,18,3,enum_dynamic,872.421278
0,65536,true,max_utf8,9,18,4,enum_static,861.101833
0,65536,true,max_utf8,9,18,5,bound_dynamic,900.439833
0,65536,true,max_utf8,10,18,0,before,893.370389
0,65536,true,max_utf8,10,18,1,after,883.016167
0,65536,true,max_utf8,10,18,2,enum_dynamic,914.169000
0,65536,true,max_utf8,10,18,3,enum_static,885.511556
0,65536,true,max_utf8,10,18,4,bound_dynamic,880.812500
0,65536,true,max_utf8,10,18,5,bound_static,866.946778
0,65536,true,max_utf8,11,18,0,after,858.300889
0,65536,true,max_utf8,11,18,1,enum_dynamic,878.067111
0,65536,true,max_utf8,11,18,2,enum_static,879.261611
0,65536,true,max_utf8,11,18,3,bound_dynamic,898.604167
0,65536,true,max_utf8,11,18,4,bound_static,880.101889
0,65536,true,max_utf8,11,18,5,before,874.263889
0,65536,false,count_distinct_i64,0,8,0,enum_dynamic,3170.588500
0,65536,false,count_distinct_i64,0,8,1,enum_static,3160.421875
0,65536,false,count_distinct_i64,0,8,2,bound_dynamic,3172.593750
0,65536,false,count_distinct_i64,0,8,3,bound_static,3193.083375
0,65536,false,count_distinct_i64,0,8,4,before,2850.114500
0,65536,false,count_distinct_i64,0,8,5,after,3154.963625
0,65536,false,count_distinct_i64,1,8,0,enum_static,3173.708375
0,65536,false,count_distinct_i64,1,8,1,bound_dynamic,3171.145875
0,65536,false,count_distinct_i64,1,8,2,bound_static,3147.062500
0,65536,false,count_distinct_i64,1,8,3,before,2839.609375
0,65536,false,count_distinct_i64,1,8,4,after,3152.041750
0,65536,false,count_distinct_i64,1,8,5,enum_dynamic,3158.807250
0,65536,false,count_distinct_i64,2,8,0,bound_dynamic,3154.104250
0,65536,false,count_distinct_i64,2,8,1,bound_static,3217.744750
0,65536,false,count_distinct_i64,2,8,2,before,2871.802000
0,65536,false,count_distinct_i64,2,8,3,after,3230.036375
0,65536,false,count_distinct_i64,2,8,4,enum_dynamic,3160.062500
0,65536,false,count_distinct_i64,2,8,5,enum_static,3158.078125
0,65536,false,count_distinct_i64,3,8,0,bound_static,3179.822875
0,65536,false,count_distinct_i64,3,8,1,before,3197.515625
0,65536,false,count_distinct_i64,3,8,2,after,3160.729125
0,65536,false,count_distinct_i64,3,8,3,enum_dynamic,3168.062500
0,65536,false,count_distinct_i64,3,8,4,enum_static,3166.593750
0,65536,false,count_distinct_i64,3,8,5,bound_dynamic,3150.583375
0,65536,false,count_distinct_i64,4,8,0,before,3153.640625
0,65536,false,count_distinct_i64,4,8,1,after,3167.208375
0,65536,false,count_distinct_i64,4,8,2,enum_dynamic,3204.349000
0,65536,false,count_distinct_i64,4,8,3,enum_static,3165.671875
0,65536,false,count_distinct_i64,4,8,4,bound_dynamic,3160.791625
0,65536,false,count_distinct_i64,4,8,5,bound_static,3157.729250
0,65536,false,count_distinct_i64,5,8,0,after,3160.963500
0,65536,false,count_distinct_i64,5,8,1,enum_dynamic,3161.099000
0,65536,false,count_distinct_i64,5,8,2,enum_static,3178.270750
0,65536,false,count_distinct_i64,5,8,3,bound_dynamic,3194.432250
0,65536,false,count_distinct_i64,5,8,4,bound_static,3169.427125
0,65536,false,count_distinct_i64,5,8,5,before,2866.984375
0,65536,false,count_distinct_i64,6,8,0,enum_dynamic,3199.026125
0,65536,false,count_distinct_i64,6,8,1,enum_static,3180.520875
0,65536,false,count_distinct_i64,6,8,2,bound_dynamic,3169.760500
0,65536,false,count_distinct_i64,6,8,3,bound_static,3173.270750
0,65536,false,count_distinct_i64,6,8,4,before,2884.838500
0,65536,false,count_distinct_i64,6,8,5,after,3201.734375
0,65536,false,count_distinct_i64,7,8,0,enum_static,3157.619750
0,65536,false,count_distinct_i64,7,8,1,bound_dynamic,3241.020875
0,65536,false,count_distinct_i64,7,8,2,bound_static,3159.942750
0,65536,false,count_distinct_i64,7,8,3,before,2843.083250
0,65536,false,count_distinct_i64,7,8,4,after,3172.734375
0,65536,false,count_distinct_i64,7,8,5,enum_dynamic,3179.807250
0,65536,false,count_distinct_i64,8,8,0,bound_dynamic,3152.500000
0,65536,false,count_distinct_i64,8,8,1,bound_static,3157.005250
0,65536,false,count_distinct_i64,8,8,2,before,2844.125000
0,65536,false,count_distinct_i64,8,8,3,after,3161.635500
0,65536,false,count_distinct_i64,8,8,4,enum_dynamic,3142.994875
0,65536,false,count_distinct_i64,8,8,5,enum_static,3163.609375
0,65536,false,count_distinct_i64,9,8,0,bound_static,3160.770875
0,65536,false,count_distinct_i64,9,8,1,before,3178.630250
0,65536,false,count_distinct_i64,9,8,2,after,3144.000000
0,65536,false,count_distinct_i64,9,8,3,enum_dynamic,3184.781250
0,65536,false,count_distinct_i64,9,8,4,enum_static,3174.317750
0,65536,false,count_distinct_i64,9,8,5,bound_dynamic,3166.166625
0,65536,false,count_distinct_i64,10,8,0,before,3168.187500
0,65536,false,count_distinct_i64,10,8,1,after,3165.224000
0,65536,false,count_distinct_i64,10,8,2,enum_dynamic,3175.770750
0,65536,false,count_distinct_i64,10,8,3,enum_static,3162.578125
0,65536,false,count_distinct_i64,10,8,4,bound_dynamic,3169.250000
0,65536,false,count_distinct_i64,10,8,5,bound_static,3183.734375
0,65536,false,count_distinct_i64,11,8,0,after,3210.218750
0,65536,false,count_distinct_i64,11,8,1,enum_dynamic,3173.739500
0,65536,false,count_distinct_i64,11,8,2,enum_static,3162.385375
0,65536,false,count_distinct_i64,11,8,3,bound_dynamic,3169.562500
0,65536,false,count_distinct_i64,11,8,4,bound_static,3165.692625
0,65536,false,count_distinct_i64,11,8,5,before,2921.916625
0,128,true,covar_i64,0,16892,0,enum_dynamic,0.893147
0,128,true,covar_i64,0,16892,1,enum_static,0.884598
0,128,true,covar_i64,0,16892,2,bound_dynamic,0.894852
0,128,true,covar_i64,0,16892,3,bound_static,0.891028
0,128,true,covar_i64,0,16892,4,before,0.900424
0,128,true,covar_i64,0,16892,5,after,0.887099
0,128,true,covar_i64,1,16892,0,enum_static,0.893616
0,128,true,covar_i64,1,16892,1,bound_dynamic,0.894519
0,128,true,covar_i64,1,16892,2,bound_static,0.911038
0,128,true,covar_i64,1,16892,3,before,0.902518
0,128,true,covar_i64,1,16892,4,after,0.899107
0,128,true,covar_i64,1,16892,5,enum_dynamic,0.901647
0,128,true,covar_i64,2,16892,0,bound_dynamic,0.894065
0,128,true,covar_i64,2,16892,1,bound_static,0.907695
0,128,true,covar_i64,2,16892,2,before,0.901862
0,128,true,covar_i64,2,16892,3,after,0.888463
0,128,true,covar_i64,2,16892,4,enum_dynamic,0.874521
0,128,true,covar_i64,2,16892,5,enum_static,0.893919
0,128,true,covar_i64,3,16892,0,bound_static,0.903273
0,128,true,covar_i64,3,16892,1,before,0.916361
0,128,true,covar_i64,3,16892,2,after,0.890449
0,128,true,covar_i64,3,16892,3,enum_dynamic,0.899240
0,128,true,covar_i64,3,16892,4,enum_static,0.897412
0,128,true,covar_i64,3,16892,5,bound_dynamic,0.894265
0,128,true,covar_i64,4,16892,0,before,0.898539
0,128,true,covar_i64,4,16892,1,after,0.886934
0,128,true,covar_i64,4,16892,2,enum_dynamic,0.890587
0,128,true,covar_i64,4,16892,3,enum_static,0.879085
0,128,true,covar_i64,4,16892,4,bound_dynamic,0.890745
0,128,true,covar_i64,4,16892,5,bound_static,0.882005
0,128,true,covar_i64,5,16892,0,after,0.892590
0,128,true,covar_i64,5,16892,1,enum_dynamic,0.878678
0,128,true,covar_i64,5,16892,2,enum_static,0.894228
0,128,true,covar_i64,5,16892,3,bound_dynamic,0.882343
0,128,true,covar_i64,5,16892,4,bound_static,0.895056
0,128,true,covar_i64,5,16892,5,before,0.895167
0,128,true,covar_i64,6,16892,0,enum_dynamic,0.888744
0,128,true,covar_i64,6,16892,1,enum_static,0.894891
0,128,true,covar_i64,6,16892,2,bound_dynamic,0.887975
0,128,true,covar_i64,6,16892,3,bound_static,0.899479
0,128,true,covar_i64,6,16892,4,before,0.890466
0,128,true,covar_i64,6,16892,5,after,0.883927
0,128,true,covar_i64,7,16892,0,enum_static,0.901482
0,128,true,covar_i64,7,16892,1,bound_dynamic,0.915801
0,128,true,covar_i64,7,16892,2,bound_static,0.903066
0,128,true,covar_i64,7,16892,3,before,0.918277
0,128,true,covar_i64,7,16892,4,after,0.903108
0,128,true,covar_i64,7,16892,5,enum_dynamic,0.888049
0,128,true,covar_i64,8,16892,0,bound_dynamic,0.889085
0,128,true,covar_i64,8,16892,1,bound_static,0.883517
0,128,true,covar_i64,8,16892,2,before,0.903364
0,128,true,covar_i64,8,16892,3,after,0.885325
0,128,true,covar_i64,8,16892,4,enum_dynamic,0.897118
0,128,true,covar_i64,8,16892,5,enum_static,0.897175
0,128,true,covar_i64,9,16892,0,bound_static,0.912725
0,128,true,covar_i64,9,16892,1,before,0.905446
0,128,true,covar_i64,9,16892,2,after,0.899588
0,128,true,covar_i64,9,16892,3,enum_dynamic,0.897814
0,128,true,covar_i64,9,16892,4,enum_static,0.893044
0,128,true,covar_i64,9,16892,5,bound_dynamic,0.897503
0,128,true,covar_i64,10,16892,0,before,0.893638
0,128,true,covar_i64,10,16892,1,after,0.886667
0,128,true,covar_i64,10,16892,2,enum_dynamic,0.881838
0,128,true,covar_i64,10,16892,3,enum_static,0.904131
0,128,true,covar_i64,10,16892,4,bound_dynamic,0.916553
0,128,true,covar_i64,10,16892,5,bound_static,0.879889
0,128,true,covar_i64,11,16892,0,after,0.876608
0,128,true,covar_i64,11,16892,1,enum_dynamic,0.899871
0,128,true,covar_i64,11,16892,2,enum_static,0.903522
0,128,true,covar_i64,11,16892,3,bound_dynamic,0.896763
0,128,true,covar_i64,11,16892,4,bound_static,0.888475
0,128,true,covar_i64,11,16892,5,before,0.896142
0,8192,true,avg_i64,0,848,0,enum_dynamic,17.783264
0,8192,true,avg_i64,0,848,1,enum_static,17.756830
0,8192,true,avg_i64,0,848,2,bound_dynamic,17.744349
0,8192,true,avg_i64,0,848,3,bound_static,17.790094
0,8192,true,avg_i64,0,848,4,before,20.050610
0,8192,true,avg_i64,0,848,5,after,17.812942
0,8192,true,avg_i64,1,848,0,enum_static,17.748476
0,8192,true,avg_i64,1,848,1,bound_dynamic,17.908855
0,8192,true,avg_i64,1,848,2,bound_static,17.791421
0,8192,true,avg_i64,1,848,3,before,19.988601
0,8192,true,avg_i64,1,848,4,after,17.751524
0,8192,true,avg_i64,1,848,5,enum_dynamic,17.879717
0,8192,true,avg_i64,2,848,0,bound_dynamic,17.821541
0,8192,true,avg_i64,2,848,1,bound_static,17.731722
0,8192,true,avg_i64,2,848,2,before,19.968750
0,8192,true,avg_i64,2,848,3,after,17.747052
0,8192,true,avg_i64,2,848,4,enum_dynamic,18.060387
0,8192,true,avg_i64,2,848,5,enum_static,17.750492
0,8192,true,avg_i64,3,848,0,bound_static,17.742777
0,8192,true,avg_i64,3,848,1,before,19.956613
0,8192,true,avg_i64,3,848,2,after,17.750934
0,8192,true,avg_i64,3,848,3,enum_dynamic,17.744399
0,8192,true,avg_i64,3,848,4,enum_static,17.767149
0,8192,true,avg_i64,3,848,5,bound_dynamic,17.741303
0,8192,true,avg_i64,4,848,0,before,19.957448
0,8192,true,avg_i64,4,848,1,after,17.762824
0,8192,true,avg_i64,4,848,2,enum_dynamic,17.741205
0,8192,true,avg_i64,4,848,3,enum_static,17.735309
0,8192,true,avg_i64,4,848,4,bound_dynamic,17.750982
0,8192,true,avg_i64,4,848,5,bound_static,17.753193
0,8192,true,avg_i64,5,848,0,after,17.737962
0,8192,true,avg_i64,5,848,1,enum_dynamic,17.768769
0,8192,true,avg_i64,5,848,2,enum_static,17.766460
0,8192,true,avg_i64,5,848,3,bound_dynamic,17.784198
0,8192,true,avg_i64,5,848,4,bound_static,17.761695
0,8192,true,avg_i64,5,848,5,before,20.008844
0,8192,true,avg_i64,6,848,0,enum_dynamic,17.699980
0,8192,true,avg_i64,6,848,1,enum_static,17.779579
0,8192,true,avg_i64,6,848,2,bound_dynamic,17.826847
0,8192,true,avg_i64,6,848,3,bound_static,17.796138
0,8192,true,avg_i64,6,848,4,before,19.997936
0,8192,true,avg_i64,6,848,5,after,17.796776
0,8192,true,avg_i64,7,848,0,enum_static,17.889103
0,8192,true,avg_i64,7,848,1,bound_dynamic,17.783067
0,8192,true,avg_i64,7,848,2,bound_static,17.756830
0,8192,true,avg_i64,7,848,3,before,20.000197
0,8192,true,avg_i64,7,848,4,after,17.834364
0,8192,true,avg_i64,7,848,5,enum_dynamic,17.739632
0,8192,true,avg_i64,8,848,0,bound_dynamic,17.956515
0,8192,true,avg_i64,8,848,1,bound_static,17.710840
0,8192,true,avg_i64,8,848,2,before,19.996658
0,8192,true,avg_i64,8,848,3,after,17.897209
0,8192,true,avg_i64,8,848,4,enum_dynamic,17.934896
0,8192,true,avg_i64,8,848,5,enum_static,17.760712
0,8192,true,avg_i64,9,848,0,bound_static,17.756044
0,8192,true,avg_i64,9,848,1,before,20.021029
0,8192,true,avg_i64,9,848,2,after,17.807833
0,8192,true,avg_i64,9,848,3,enum_dynamic,17.757125
0,8192,true,avg_i64,9,848,4,enum_static,17.774567
0,8192,true,avg_i64,9,848,5,bound_dynamic,17.840262
0,8192,true,avg_i64,10,848,0,before,20.027959
0,8192,true,avg_i64,10,848,1,after,17.823014
0,8192,true,avg_i64,10,848,2,enum_dynamic,17.721158
0,8192,true,avg_i64,10,848,3,enum_static,17.757272
0,8192,true,avg_i64,10,848,4,bound_dynamic,17.927034
0,8192,true,avg_i64,10,848,5,bound_static,17.785525
0,8192,true,avg_i64,11,848,0,after,17.781593
0,8192,true,avg_i64,11,848,1,enum_dynamic,17.746855
0,8192,true,avg_i64,11,848,2,enum_static,17.784640
0,8192,true,avg_i64,11,848,3,bound_dynamic,17.766314
0,8192,true,avg_i64,11,848,4,bound_static,17.818937
0,8192,true,avg_i64,11,848,5,before,19.990026
0,128,false,covar_i64,0,20571,0,enum_dynamic,0.739840
0,128,false,covar_i64,0,20571,1,enum_static,0.725414
0,128,false,covar_i64,0,20571,2,bound_dynamic,0.734446
0,128,false,covar_i64,0,20571,3,bound_static,0.730531
0,128,false,covar_i64,0,20571,4,before,0.748471
0,128,false,covar_i64,0,20571,5,after,0.731546
0,128,false,covar_i64,1,20571,0,enum_static,0.738374
0,128,false,covar_i64,1,20571,1,bound_dynamic,0.742273
0,128,false,covar_i64,1,20571,2,bound_static,0.729212
0,128,false,covar_i64,1,20571,3,before,0.730586
0,128,false,covar_i64,1,20571,4,after,0.729688
0,128,false,covar_i64,1,20571,5,enum_dynamic,0.731426
0,128,false,covar_i64,2,20571,0,bound_dynamic,0.721007
0,128,false,covar_i64,2,20571,1,bound_static,0.729757
0,128,false,covar_i64,2,20571,2,before,0.749469
0,128,false,covar_i64,2,20571,3,after,0.738102
0,128,false,covar_i64,2,20571,4,enum_dynamic,0.715884
0,128,false,covar_i64,2,20571,5,enum_static,0.731501
0,128,false,covar_i64,3,20571,0,bound_static,0.741517
0,128,false,covar_i64,3,20571,1,before,0.755003
0,128,false,covar_i64,3,20571,2,after,0.718295
0,128,false,covar_i64,3,20571,3,enum_dynamic,0.731629
0,128,false,covar_i64,3,20571,4,enum_static,0.722153
0,128,false,covar_i64,3,20571,5,bound_dynamic,0.729873
0,128,false,covar_i64,4,20571,0,before,0.741505
0,128,false,covar_i64,4,20571,1,after,0.727685
0,128,false,covar_i64,4,20571,2,enum_dynamic,0.727863
0,128,false,covar_i64,4,20571,3,enum_static,0.720590
0,128,false,covar_i64,4,20571,4,bound_dynamic,0.730788
0,128,false,covar_i64,4,20571,5,bound_static,0.719237
0,128,false,covar_i64,5,20571,0,after,0.728896
0,128,false,covar_i64,5,20571,1,enum_dynamic,0.720918
0,128,false,covar_i64,5,20571,2,enum_static,0.734333
0,128,false,covar_i64,5,20571,3,bound_dynamic,0.716330
0,128,false,covar_i64,5,20571,4,bound_static,0.728852
0,128,false,covar_i64,5,20571,5,before,0.731380
0,128,false,covar_i64,6,20571,0,enum_dynamic,0.731104
0,128,false,covar_i64,6,20571,1,enum_static,0.735564
0,128,false,covar_i64,6,20571,2,bound_dynamic,0.717592
0,128,false,covar_i64,6,20571,3,bound_static,0.727754
0,128,false,covar_i64,6,20571,4,before,0.731256
0,128,false,covar_i64,6,20571,5,after,0.719052
0,128,false,covar_i64,7,20571,0,enum_static,0.735789
0,128,false,covar_i64,7,20571,1,bound_dynamic,0.733369
0,128,false,covar_i64,7,20571,2,bound_static,0.716077
0,128,false,covar_i64,7,20571,3,before,0.739889
0,128,false,covar_i64,7,20571,4,after,0.729949
0,128,false,covar_i64,7,20571,5,enum_dynamic,0.731588
0,128,false,covar_i64,8,20571,0,bound_dynamic,0.728441
0,128,false,covar_i64,8,20571,1,bound_static,0.728916
0,128,false,covar_i64,8,20571,2,before,0.744373
0,128,false,covar_i64,8,20571,3,after,0.720209
0,128,false,covar_i64,8,20571,4,enum_dynamic,0.731602
0,128,false,covar_i64,8,20571,5,enum_static,0.737136
0,128,false,covar_i64,9,20571,0,bound_static,0.732346
0,128,false,covar_i64,9,20571,1,before,0.727734
0,128,false,covar_i64,9,20571,2,after,0.729767
0,128,false,covar_i64,9,20571,3,enum_dynamic,0.728900
0,128,false,covar_i64,9,20571,4,enum_static,0.733107
0,128,false,covar_i64,9,20571,5,bound_dynamic,0.720622
0,128,false,covar_i64,10,20571,0,before,0.727021
0,128,false,covar_i64,10,20571,1,after,0.726692
0,128,false,covar_i64,10,20571,2,enum_dynamic,0.718358
0,128,false,covar_i64,10,20571,3,enum_static,0.737108
0,128,false,covar_i64,10,20571,4,bound_dynamic,0.732176
0,128,false,covar_i64,10,20571,5,bound_static,0.717699
0,128,false,covar_i64,11,20571,0,after,0.723711
0,128,false,covar_i64,11,20571,1,enum_dynamic,0.727229
0,128,false,covar_i64,11,20571,2,enum_static,0.732668
0,128,false,covar_i64,11,20571,3,bound_dynamic,0.731831
0,128,false,covar_i64,11,20571,4,bound_static,0.732139
0,128,false,covar_i64,11,20571,5,before,0.743194
0,65536,false,min_utf8,0,21,0,enum_dynamic,754.837286
0,65536,false,min_utf8,0,21,1,enum_static,716.563476
0,65536,false,min_utf8,0,21,2,bound_dynamic,761.142857
0,65536,false,min_utf8,0,21,3,bound_static,721.551571
0,65536,false,min_utf8,0,21,4,before,736.367048
0,65536,false,min_utf8,0,21,5,after,719.609095
0,65536,false,min_utf8,1,21,0,enum_static,719.265857
0,65536,false,min_utf8,1,21,1,bound_dynamic,756.285714
0,65536,false,min_utf8,1,21,2,bound_static,719.428571
0,65536,false,min_utf8,1,21,3,before,751.386905
0,65536,false,min_utf8,1,21,4,after,716.763857
0,65536,false,min_utf8,1,21,5,enum_dynamic,756.581333
0,65536,false,min_utf8,2,21,0,bound_dynamic,754.922619
0,65536,false,min_utf8,2,21,1,bound_static,717.176619
0,65536,false,min_utf8,2,21,2,before,735.877000
0,65536,false,min_utf8,2,21,3,after,718.136905
0,65536,false,min_utf8,2,21,4,enum_dynamic,754.412667
0,65536,false,min_utf8,2,21,5,enum_static,715.404762
0,65536,false,min_utf8,3,21,0,bound_static,719.117048
0,65536,false,min_utf8,3,21,1,before,737.095238
0,65536,false,min_utf8,3,21,2,after,717.668619
0,65536,false,min_utf8,3,21,3,enum_dynamic,770.182524
0,65536,false,min_utf8,3,21,4,enum_static,716.398810
0,65536,false,min_utf8,3,21,5,bound_dynamic,758.722238
0,65536,false,min_utf8,4,21,0,before,736.972238
0,65536,false,min_utf8,4,21,1,after,717.565476
0,65536,false,min_utf8,4,21,2,enum_dynamic,754.002000
0,65536,false,min_utf8,4,21,3,enum_static,717.704381
0,65536,false,min_utf8,4,21,4,bound_dynamic,756.128952
0,65536,false,min_utf8,4,21,5,bound_static,718.521810
0,65536,false,min_utf8,5,21,0,after,717.988095
0,65536,false,min_utf8,5,21,1,enum_dynamic,756.581333
0,65536,false,min_utf8,5,21,2,enum_static,718.230190
0,65536,false,min_utf8,5,21,3,bound_dynamic,774.390905
0,65536,false,min_utf8,5,21,4,bound_static,717.218286
0,65536,false,min_utf8,5,21,5,before,736.880952
0,65536,false,min_utf8,6,21,0,enum_dynamic,760.367095
0,65536,false,min_utf8,6,21,1,enum_static,715.424619
0,65536,false,min_utf8,6,21,2,bound_dynamic,754.093238
0,65536,false,min_utf8,6,21,3,bound_static,717.200381
0,65536,false,min_utf8,6,21,4,before,736.269857
0,65536,false,min_utf8,6,21,5,after,718.126952
0,65536,false,min_utf8,7,21,0,enum_static,717.918667
0,65536,false,min_utf8,7,21,1,bound_dynamic,757.964286
0,65536,false,min_utf8,7,21,2,bound_static,718.920667
0,65536,false,min_utf8,7,21,3,before,747.015905
0,65536,false,min_utf8,7,21,4,after,718.557571
0,65536,false,min_utf8,7,21,5,enum_dynamic,755.103190
0,65536,false,min_utf8,8,21,0,bound_dynamic,766.898810
0,65536,false,min_utf8,8,21,1,bound_static,726.962286
0,65536,false,min_utf8,8,21,2,before,738.333333
0,65536,false,min_utf8,8,21,3,after,720.361095
0,65536,false,min_utf8,8,21,4,enum_dynamic,755.904762
0,65536,false,min_utf8,8,21,5,enum_static,720.744048
0,65536,false,min_utf8,9,21,0,bound_static,722.871048
0,65536,false,min_utf8,9,21,1,before,738.291667
0,65536,false,min_utf8,9,21,2,after,716.287667
0,65536,false,min_utf8,9,21,3,enum_dynamic,754.063476
0,65536,false,min_utf8,9,21,4,enum_static,715.097238
0,65536,false,min_utf8,9,21,5,bound_dynamic,757.638905
0,65536,false,min_utf8,10,21,0,before,734.724190
0,65536,false,min_utf8,10,21,1,after,716.117095
0,65536,false,min_utf8,10,21,2,enum_dynamic,754.867095
0,65536,false,min_utf8,10,21,3,enum_static,714.896857
0,65536,false,min_utf8,10,21,4,bound_dynamic,753.595238
0,65536,false,min_utf8,10,21,5,bound_static,716.613095
0,65536,false,min_utf8,11,21,0,after,719.414714
0,65536,false,min_utf8,11,21,1,enum_dynamic,771.025810
0,65536,false,min_utf8,11,21,2,enum_static,719.525762
0,65536,false,min_utf8,11,21,3,bound_dynamic,755.134952
0,65536,false,min_utf8,11,21,4,bound_static,719.331381
0,65536,false,min_utf8,11,21,5,before,736.400810
0,8192,true,sum_i64,0,909,0,enum_dynamic,16.580078
0,8192,true,sum_i64,0,909,1,enum_static,16.554638
0,8192,true,sum_i64,0,909,2,bound_dynamic,16.563073
0,8192,true,sum_i64,0,909,3,bound_static,16.570866
0,8192,true,sum_i64,0,909,4,before,16.549964
0,8192,true,sum_i64,0,909,5,after,16.533828
0,8192,true,sum_i64,1,909,0,enum_static,16.571920
0,8192,true,sum_i64,1,909,1,bound_dynamic,16.538825
0,8192,true,sum_i64,1,909,2,bound_static,16.553859
0,8192,true,sum_i64,1,909,3,before,16.524386
0,8192,true,sum_i64,1,909,4,after,16.519023
0,8192,true,sum_i64,1,909,5,enum_dynamic,16.615558
0,8192,true,sum_i64,2,909,0,bound_dynamic,16.546892
0,8192,true,sum_i64,2,909,1,bound_static,16.929043
0,8192,true,sum_i64,2,909,2,before,16.566740
0,8192,true,sum_i64,2,909,3,after,16.606207
0,8192,true,sum_i64,2,909,4,enum_dynamic,16.570498
0,8192,true,sum_i64,2,909,5,enum_static,16.575541
0,8192,true,sum_i64,3,909,0,bound_static,16.554685
0,8192,true,sum_i64,3,909,1,before,16.538870
0,8192,true,sum_i64,3,909,2,after,16.572195
0,8192,true,sum_i64,3,909,3,enum_dynamic,16.555052
0,8192,true,sum_i64,3,909,4,enum_static,16.612211
0,8192,true,sum_i64,3,909,5,bound_dynamic,16.552622
0,8192,true,sum_i64,4,909,0,before,16.586862
0,8192,true,sum_i64,4,909,1,after,16.586039
0,8192,true,sum_i64,4,909,2,enum_dynamic,16.587688
0,8192,true,sum_i64,4,909,3,enum_static,16.567657
0,8192,true,sum_i64,4,909,4,bound_dynamic,16.540979
0,8192,true,sum_i64,4,909,5,bound_static,17.013523
0,8192,true,sum_i64,5,909,0,after,16.846672
0,8192,true,sum_i64,5,909,1,enum_dynamic,16.880959
0,8192,true,sum_i64,5,909,2,enum_static,16.892968
0,8192,true,sum_i64,5,909,3,bound_dynamic,16.871471
0,8192,true,sum_i64,5,909,4,bound_static,16.883983
0,8192,true,sum_i64,5,909,5,before,16.882976
0,8192,true,sum_i64,6,909,0,enum_dynamic,16.935414
0,8192,true,sum_i64,6,909,1,enum_static,16.905024
0,8192,true,sum_i64,6,909,2,bound_dynamic,16.665979
0,8192,true,sum_i64,6,909,3,bound_static,16.563990
0,8192,true,sum_i64,6,909,4,before,16.521040
0,8192,true,sum_i64,6,909,5,after,16.733728
0,8192,true,sum_i64,7,909,0,enum_static,16.739136
0,8192,true,sum_i64,7,909,1,bound_dynamic,16.531857
0,8192,true,sum_i64,7,909,2,bound_static,16.581042
0,8192,true,sum_i64,7,909,3,before,16.535341
0,8192,true,sum_i64,7,909,4,after,16.550971
0,8192,true,sum_i64,7,909,5,enum_dynamic,16.555373
0,8192,true,sum_i64,8,909,0,bound_dynamic,16.522231
0,8192,true,sum_i64,8,909,1,bound_static,16.531169
0,8192,true,sum_i64,8,909,2,before,16.524202
0,8192,true,sum_i64,8,909,3,after,16.509030
0,8192,true,sum_i64,8,909,4,enum_dynamic,16.548909
0,8192,true,sum_i64,8,909,5,enum_static,16.551796
0,8192,true,sum_i64,9,909,0,bound_static,16.546710
0,8192,true,sum_i64,9,909,1,before,16.518289
0,8192,true,sum_i64,9,909,2,after,16.534470
0,8192,true,sum_i64,9,909,3,enum_dynamic,16.537679
0,8192,true,sum_i64,9,909,4,enum_static,16.567473
0,8192,true,sum_i64,9,909,5,bound_dynamic,16.540567
0,8192,true,sum_i64,10,909,0,before,16.535204
0,8192,true,sum_i64,10,909,1,after,16.553585
0,8192,true,sum_i64,10,909,2,enum_dynamic,16.565182
0,8192,true,sum_i64,10,909,3,enum_static,16.566694
0,8192,true,sum_i64,10,909,4,bound_dynamic,16.520947
0,8192,true,sum_i64,10,909,5,bound_static,16.763064
0,8192,true,sum_i64,11,909,0,after,16.651770
0,8192,true,sum_i64,11,909,1,enum_dynamic,16.535754
0,8192,true,sum_i64,11,909,2,enum_static,16.579116
0,8192,true,sum_i64,11,909,3,bound_dynamic,17.759581
0,8192,true,sum_i64,11,909,4,bound_static,17.665934
0,8192,true,sum_i64,11,909,5,before,17.454988
0,128,true,sum_f64,0,50000,0,enum_dynamic,0.269512
0,128,true,sum_f64,0,50000,1,enum_static,0.263188
0,128,true,sum_f64,0,50000,2,bound_dynamic,0.259637
0,128,true,sum_f64,0,50000,3,bound_static,0.260412
0,128,true,sum_f64,0,50000,4,before,0.262004
0,128,true,sum_f64,0,50000,5,after,0.275805
0,128,true,sum_f64,1,50000,0,enum_static,0.261070
0,128,true,sum_f64,1,50000,1,bound_dynamic,0.258368
0,128,true,sum_f64,1,50000,2,bound_static,0.263987
0,128,true,sum_f64,1,50000,3,before,0.261632
0,128,true,sum_f64,1,50000,4,after,0.276311
0,128,true,sum_f64,1,50000,5,enum_dynamic,0.263710
0,128,true,sum_f64,2,50000,0,bound_dynamic,0.258269
0,128,true,sum_f64,2,50000,1,bound_static,0.261667
0,128,true,sum_f64,2,50000,2,before,0.261474
0,128,true,sum_f64,2,50000,3,after,0.275253
0,128,true,sum_f64,2,50000,4,enum_dynamic,0.263748
0,128,true,sum_f64,2,50000,5,enum_static,0.273313
0,128,true,sum_f64,3,50000,0,bound_static,0.270001
0,128,true,sum_f64,3,50000,1,before,0.270033
0,128,true,sum_f64,3,50000,2,after,0.285629
0,128,true,sum_f64,3,50000,3,enum_dynamic,0.271218
0,128,true,sum_f64,3,50000,4,enum_static,0.267942
0,128,true,sum_f64,3,50000,5,bound_dynamic,0.266593
0,128,true,sum_f64,4,50000,0,before,0.269593
0,128,true,sum_f64,4,50000,1,after,0.289637
0,128,true,sum_f64,4,50000,2,enum_dynamic,0.272250
0,128,true,sum_f64,4,50000,3,enum_static,0.267782
0,128,true,sum_f64,4,50000,4,bound_dynamic,0.275193
0,128,true,sum_f64,4,50000,5,bound_static,0.274458
0,128,true,sum_f64,5,50000,0,after,0.277280
0,128,true,sum_f64,5,50000,1,enum_dynamic,0.263166
0,128,true,sum_f64,5,50000,2,enum_static,0.264981
0,128,true,sum_f64,5,50000,3,bound_dynamic,0.259753
0,128,true,sum_f64,5,50000,4,bound_static,0.260541
0,128,true,sum_f64,5,50000,5,before,0.263148
0,128,true,sum_f64,6,50000,0,enum_dynamic,0.265468
0,128,true,sum_f64,6,50000,1,enum_static,0.259723
0,128,true,sum_f64,6,50000,2,bound_dynamic,0.260075
0,128,true,sum_f64,6,50000,3,bound_static,0.261351
0,128,true,sum_f64,6,50000,4,before,0.268172
0,128,true,sum_f64,6,50000,5,after,0.281321
0,128,true,sum_f64,7,50000,0,enum_static,0.261199
0,128,true,sum_f64,7,50000,1,bound_dynamic,0.259875
0,128,true,sum_f64,7,50000,2,bound_static,0.260454
0,128,true,sum_f64,7,50000,3,before,0.262291
0,128,true,sum_f64,7,50000,4,after,0.280629
0,128,true,sum_f64,7,50000,5,enum_dynamic,0.265291
0,128,true,sum_f64,8,50000,0,bound_dynamic,0.259202
0,128,true,sum_f64,8,50000,1,bound_static,0.260045
0,128,true,sum_f64,8,50000,2,before,0.261362
0,128,true,sum_f64,8,50000,3,after,0.275907
0,128,true,sum_f64,8,50000,4,enum_dynamic,0.262825
0,128,true,sum_f64,8,50000,5,enum_static,0.259568
0,128,true,sum_f64,9,50000,0,bound_static,0.260031
0,128,true,sum_f64,9,50000,1,before,0.261053
0,128,true,sum_f64,9,50000,2,after,0.276922
0,128,true,sum_f64,9,50000,3,enum_dynamic,0.264002
0,128,true,sum_f64,9,50000,4,enum_static,0.259971
0,128,true,sum_f64,9,50000,5,bound_dynamic,0.258986
0,128,true,sum_f64,10,50000,0,before,0.261686
0,128,true,sum_f64,10,50000,1,after,0.275424
0,128,true,sum_f64,10,50000,2,enum_dynamic,0.263307
0,128,true,sum_f64,10,50000,3,enum_static,0.259873
0,128,true,sum_f64,10,50000,4,bound_dynamic,0.258354
0,128,true,sum_f64,10,50000,5,bound_static,0.260538
0,128,true,sum_f64,11,50000,0,after,0.275893
0,128,true,sum_f64,11,50000,1,enum_dynamic,0.263518
0,128,true,sum_f64,11,50000,2,enum_static,0.260154
0,128,true,sum_f64,11,50000,3,bound_dynamic,0.259110
0,128,true,sum_f64,11,50000,4,bound_static,0.260783
0,128,true,sum_f64,11,50000,5,before,0.261416
0,8192,false,mixed_7,0,31,0,enum_dynamic,504.540323
0,8192,false,mixed_7,0,31,1,enum_static,496.939516
0,8192,false,mixed_7,0,31,2,bound_dynamic,504.900548
0,8192,false,mixed_7,0,31,3,bound_static,498.967742
0,8192,false,mixed_7,0,31,4,before,503.858871
0,8192,false,mixed_7,0,31,5,after,498.665323
0,8192,false,mixed_7,1,31,0,enum_static,496.776903
0,8192,false,mixed_7,1,31,1,bound_dynamic,501.625000
0,8192,false,mixed_7,1,31,2,bound_static,496.694903
0,8192,false,mixed_7,1,31,3,before,503.122290
0,8192,false,mixed_7,1,31,4,after,498.893839
0,8192,false,mixed_7,1,31,5,enum_dynamic,503.723129
0,8192,false,mixed_7,2,31,0,bound_dynamic,503.615613
0,8192,false,mixed_7,2,31,1,bound_static,496.852161
0,8192,false,mixed_7,2,31,2,before,500.153226
0,8192,false,mixed_7,2,31,3,after,501.630387
0,8192,false,mixed_7,2,31,4,enum_dynamic,504.240581
0,8192,false,mixed_7,2,31,5,enum_static,495.591419
0,8192,false,mixed_7,3,31,0,bound_static,495.590065
0,8192,false,mixed_7,3,31,1,before,502.034935
0,8192,false,mixed_7,3,31,2,after,499.163968
0,8192,false,mixed_7,3,31,3,enum_dynamic,507.845452
0,8192,false,mixed_7,3,31,4,enum_static,500.271516
0,8192,false,mixed_7,3,31,5,bound_dynamic,506.129032
0,8192,false,mixed_7,4,31,0,before,505.098097
0,8192,false,mixed_7,4,31,1,after,505.130387
0,8192,false,mixed_7,4,31,2,enum_dynamic,509.706968
0,8192,false,mixed_7,4,31,3,enum_static,501.850806
0,8192,false,mixed_7,4,31,4,bound_dynamic,505.345452
0,8192,false,mixed_7,4,31,5,bound_static,501.888419
0,8192,false,mixed_7,5,31,0,after,500.393806
0,8192,false,mixed_7,5,31,1,enum_dynamic,505.790323
0,8192,false,mixed_7,5,31,2,enum_static,494.928742
0,8192,false,mixed_7,5,31,3,bound_dynamic,501.520161
0,8192,false,mixed_7,5,31,4,bound_static,495.560484
0,8192,false,mixed_7,5,31,5,before,502.611548
0,8192,false,mixed_7,6,31,0,enum_dynamic,503.380355
0,8192,false,mixed_7,6,31,1,enum_static,497.150548
0,8192,false,mixed_7,6,31,2,bound_dynamic,503.323935
0,8192,false,mixed_7,6,31,3,bound_static,496.834677
0,8192,false,mixed_7,6,31,4,before,505.912645
0,8192,false,mixed_7,6,31,5,after,497.052419
0,8192,false,mixed_7,7,31,0,enum_static,496.723129
0,8192,false,mixed_7,7,31,1,bound_dynamic,504.129032
0,8192,false,mixed_7,7,31,2,bound_static,502.647839
0,8192,false,mixed_7,7,31,3,before,500.321226
0,8192,false,mixed_7,7,31,4,after,500.494645
0,8192,false,mixed_7,7,31,5,enum_dynamic,504.752677
0,8192,false,mixed_7,8,31,0,bound_dynamic,501.435484
0,8192,false,mixed_7,8,31,1,bound_static,499.260742
0,8192,false,mixed_7,8,31,2,before,502.013452
0,8192,false,mixed_7,8,31,3,after,502.423387
0,8192,false,mixed_7,8,31,4,enum_dynamic,504.462355
0,8192,false,mixed_7,8,31,5,enum_static,497.170677
0,8192,false,mixed_7,9,31,0,bound_static,496.538968
0,8192,false,mixed_7,9,31,1,before,501.708323
0,8192,false,mixed_7,9,31,2,after,504.907258
0,8192,false,mixed_7,9,31,3,enum_dynamic,505.254032
0,8192,false,mixed_7,9,31,4,enum_static,500.887097
0,8192,false,mixed_7,9,31,5,bound_dynamic,505.604839
0,8192,false,mixed_7,10,31,0,before,505.276871
0,8192,false,mixed_7,10,31,1,after,501.299742
0,8192,false,mixed_7,10,31,2,enum_dynamic,503.626323
0,8192,false,mixed_7,10,31,3,enum_static,519.184129
0,8192,false,mixed_7,10,31,4,bound_dynamic,512.009419
0,8192,false,mixed_7,10,31,5,bound_static,498.536290
0,8192,false,mixed_7,11,31,0,after,501.681452
0,8192,false,mixed_7,11,31,1,enum_dynamic,505.989258
0,8192,false,mixed_7,11,31,2,enum_static,497.303774
0,8192,false,mixed_7,11,31,3,bound_dynamic,503.389774
0,8192,false,mixed_7,11,31,4,bound_static,497.568548
0,8192,false,mixed_7,11,31,5,before,505.568548
0,128,true,sum_u64,0,39184,0,enum_dynamic,0.384216
0,128,true,sum_u64,0,39184,1,enum_static,0.383974
0,128,true,sum_u64,0,39184,2,bound_dynamic,0.382931
0,128,true,sum_u64,0,39184,3,bound_static,0.383894
0,128,true,sum_u64,0,39184,4,before,0.401195
0,128,true,sum_u64,0,39184,5,after,0.383626
0,128,true,sum_u64,1,39184,0,enum_static,0.383130
0,128,true,sum_u64,1,39184,1,bound_dynamic,0.383641
0,128,true,sum_u64,1,39184,2,bound_static,0.382558
0,128,true,sum_u64,1,39184,3,before,0.400027
0,128,true,sum_u64,1,39184,4,after,0.383171
0,128,true,sum_u64,1,39184,5,enum_dynamic,0.387129
0,128,true,sum_u64,2,39184,0,bound_dynamic,0.383910
0,128,true,sum_u64,2,39184,1,bound_static,0.387012
0,128,true,sum_u64,2,39184,2,before,0.399160
0,128,true,sum_u64,2,39184,3,after,0.383146
0,128,true,sum_u64,2,39184,4,enum_dynamic,0.386653
0,128,true,sum_u64,2,39184,5,enum_static,0.384264
0,128,true,sum_u64,3,39184,0,bound_static,0.384530
0,128,true,sum_u64,3,39184,1,before,0.402176
0,128,true,sum_u64,3,39184,2,after,0.392450
0,128,true,sum_u64,3,39184,3,enum_dynamic,0.386985
0,128,true,sum_u64,3,39184,4,enum_static,0.386496
0,128,true,sum_u64,3,39184,5,bound_dynamic,0.382705
0,128,true,sum_u64,4,39184,0,before,0.398244
0,128,true,sum_u64,4,39184,1,after,0.386266
0,128,true,sum_u64,4,39184,2,enum_dynamic,0.384813
0,128,true,sum_u64,4,39184,3,enum_static,0.383444
0,128,true,sum_u64,4,39184,4,bound_dynamic,0.383282
0,128,true,sum_u64,4,39184,5,bound_static,0.382735
0,128,true,sum_u64,5,39184,0,after,0.383032
0,128,true,sum_u64,5,39184,1,enum_dynamic,0.384486
0,128,true,sum_u64,5,39184,2,enum_static,0.385270
0,128,true,sum_u64,5,39184,3,bound_dynamic,0.384773
0,128,true,sum_u64,5,39184,4,bound_static,0.384430
0,128,true,sum_u64,5,39184,5,before,0.397092
0,128,true,sum_u64,6,39184,0,enum_dynamic,0.384290
0,128,true,sum_u64,6,39184,1,enum_static,0.385767
0,128,true,sum_u64,6,39184,2,bound_dynamic,0.383462
0,128,true,sum_u64,6,39184,3,bound_static,0.382828
0,128,true,sum_u64,6,39184,4,before,0.397435
0,128,true,sum_u64,6,39184,5,after,0.382994
0,128,true,sum_u64,7,39184,0,enum_static,0.383802
0,128,true,sum_u64,7,39184,1,bound_dynamic,0.383647
0,128,true,sum_u64,7,39184,2,bound_static,0.382931
0,128,true,sum_u64,7,39184,3,before,0.396463
0,128,true,sum_u64,7,39184,4,after,0.385002
0,128,true,sum_u64,7,39184,5,enum_dynamic,0.386722
0,128,true,sum_u64,8,39184,0,bound_dynamic,0.387272
0,128,true,sum_u64,8,39184,1,bound_static,0.383292
0,128,true,sum_u64,8,39184,2,before,0.395896
0,128,true,sum_u64,8,39184,3,after,0.384177
0,128,true,sum_u64,8,39184,4,enum_dynamic,0.383849
0,128,true,sum_u64,8,39184,5,enum_static,0.384623
0,128,true,sum_u64,9,39184,0,bound_static,0.382514
0,128,true,sum_u64,9,39184,1,before,0.396950
0,128,true,sum_u64,9,39184,2,after,0.388942
0,128,true,sum_u64,9,39184,3,enum_dynamic,0.392502
0,128,true,sum_u64,9,39184,4,enum_static,0.384314
0,128,true,sum_u64,9,39184,5,bound_dynamic,0.383211
0,128,true,sum_u64,10,39184,0,before,0.401277
0,128,true,sum_u64,10,39184,1,after,0.382606
0,128,true,sum_u64,10,39184,2,enum_dynamic,0.389138
0,128,true,sum_u64,10,39184,3,enum_static,0.387481
0,128,true,sum_u64,10,39184,4,bound_dynamic,0.383998
0,128,true,sum_u64,10,39184,5,bound_static,0.383992
0,128,true,sum_u64,11,39184,0,after,0.383754
0,128,true,sum_u64,11,39184,1,enum_dynamic,0.384034
0,128,true,sum_u64,11,39184,2,enum_static,0.384453
0,128,true,sum_u64,11,39184,3,bound_dynamic,0.384559
0,128,true,sum_u64,11,39184,4,bound_static,0.384330
0,128,true,sum_u64,11,39184,5,before,0.400448
0,8192,false,avg_i64,0,1094,0,enum_dynamic,13.852377
0,8192,false,avg_i64,0,1094,1,enum_static,13.760436
0,8192,false,avg_i64,0,1094,2,bound_dynamic,13.782983
0,8192,false,avg_i64,0,1094,3,bound_static,13.843693
0,8192,false,avg_i64,0,1094,4,before,16.100206
0,8192,false,avg_i64,0,1094,5,after,13.774909
0,8192,false,avg_i64,1,1094,0,enum_static,13.754113
0,8192,false,avg_i64,1,1094,1,bound_dynamic,13.786296
0,8192,false,avg_i64,1,1094,2,bound_static,13.883836
0,8192,false,avg_i64,1,1094,3,before,16.262835
0,8192,false,avg_i64,1,1094,4,after,13.765387
0,8192,false,avg_i64,1,1094,5,enum_dynamic,13.882770
0,8192,false,avg_i64,2,1094,0,bound_dynamic,14.011197
0,8192,false,avg_i64,2,1094,1,bound_static,14.046618
0,8192,false,avg_i64,2,1094,2,before,16.098187
0,8192,false,avg_i64,2,1094,3,after,13.769272
0,8192,false,avg_i64,2,1094,4,enum_dynamic,13.840379
0,8192,false,avg_i64,2,1094,5,enum_static,13.778755
0,8192,false,avg_i64,3,1094,0,bound_static,14.105995
0,8192,false,avg_i64,3,1094,1,before,16.091865
0,8192,false,avg_i64,3,1094,2,after,13.748286
0,8192,false,avg_i64,3,1094,3,enum_dynamic,13.870277
0,8192,false,avg_i64,3,1094,4,enum_static,13.733090
0,8192,false,avg_i64,3,1094,5,bound_dynamic,13.827620
0,8192,false,avg_i64,4,1094,0,before,16.105995
0,8192,false,avg_i64,4,1094,1,after,13.793266
0,8192,false,avg_i64,4,1094,2,enum_dynamic,13.894804
0,8192,false,avg_i64,4,1094,3,enum_static,13.761083
0,8192,false,avg_i64,4,1094,4,bound_dynamic,13.774413
0,8192,false,avg_i64,4,1094,5,bound_static,13.854967
0,8192,false,avg_i64,5,1094,0,after,13.775937
0,8192,false,avg_i64,5,1094,1,enum_dynamic,13.879532
0,8192,false,avg_i64,5,1094,2,enum_static,13.783173
0,8192,false,avg_i64,5,1094,3,bound_dynamic,13.743677
0,8192,false,avg_i64,5,1094,4,bound_static,13.841484
0,8192,false,avg_i64,5,1094,5,before,16.091826
0,8192,false,avg_i64,6,1094,0,enum_dynamic,13.856947
0,8192,false,avg_i64,6,1094,1,enum_static,13.779213
0,8192,false,avg_i64,6,1094,2,bound_dynamic,13.740174
0,8192,false,avg_i64,6,1094,3,bound_static,13.945841
0,8192,false,avg_i64,6,1094,4,before,16.145491
0,8192,false,avg_i64,6,1094,5,after,13.814633
0,8192,false,avg_i64,7,1094,0,enum_static,13.800197
0,8192,false,avg_i64,7,1094,1,bound_dynamic,13.831581
0,8192,false,avg_i64,7,1094,2,bound_static,13.934378
0,8192,false,avg_i64,7,1094,3,before,16.141111
0,8192,false,avg_i64,7,1094,4,after,13.791933
0,8192,false,avg_i64,7,1094,5,enum_dynamic,13.945460
0,8192,false,avg_i64,8,1094,0,bound_dynamic,13.801912
0,8192,false,avg_i64,8,1094,1,bound_static,14.077772
0,8192,false,avg_i64,8,1094,2,before,16.207952
0,8192,false,avg_i64,8,1094,3,after,13.793456
0,8192,false,avg_i64,8,1094,4,enum_dynamic,13.912096
0,8192,false,avg_i64,8,1094,5,enum_static,13.968959
0,8192,false,avg_i64,9,1094,0,bound_static,13.897548
0,8192,false,avg_i64,9,1094,1,before,16.101348
0,8192,false,avg_i64,9,1094,2,after,13.799969
0,8192,false,avg_i64,9,1094,3,enum_dynamic,13.860756
0,8192,false,avg_i64,9,1094,4,enum_static,14.045628
0,8192,false,avg_i64,9,1094,5,bound_dynamic,13.812920
0,8192,false,avg_i64,10,1094,0,before,16.137149
0,8192,false,avg_i64,10,1094,1,after,13.799665
0,8192,false,avg_i64,10,1094,2,enum_dynamic,13.924665
0,8192,false,avg_i64,10,1094,3,enum_static,13.867573
0,8192,false,avg_i64,10,1094,4,bound_dynamic,13.822326
0,8192,false,avg_i64,10,1094,5,bound_static,13.870772
0,8192,false,avg_i64,11,1094,0,after,13.804883
0,8192,false,avg_i64,11,1094,1,enum_dynamic,13.840379
0,8192,false,avg_i64,11,1094,2,enum_static,13.717513
0,8192,false,avg_i64,11,1094,3,bound_dynamic,13.793800
0,8192,false,avg_i64,11,1094,4,bound_static,13.851501
0,8192,false,avg_i64,11,1094,5,before,16.380447
0,8192,false,max_i64,0,356,0,enum_dynamic,44.657654
0,8192,false,max_i64,0,356,1,enum_static,42.395483
0,8192,false,max_i64,0,356,2,bound_dynamic,44.760067
0,8192,false,max_i64,0,356,3,bound_static,42.668539
0,8192,false,max_i64,0,356,4,before,42.888228
0,8192,false,max_i64,0,356,5,after,42.290846
0,8192,false,max_i64,1,356,0,enum_static,42.183287
0,8192,false,max_i64,1,356,1,bound_dynamic,44.584739
0,8192,false,max_i64,1,356,2,bound_static,42.183404
0,8192,false,max_i64,1,356,3,before,42.940309
0,8192,false,max_i64,1,356,4,after,42.028441
0,8192,false,max_i64,1,356,5,enum_dynamic,44.591876
0,8192,false,max_i64,2,356,0,bound_dynamic,44.448503
0,8192,false,max_i64,2,356,1,bound_static,42.042837
0,8192,false,max_i64,2,356,2,before,42.383663
0,8192,false,max_i64,2,356,3,after,41.943820
0,8192,false,max_i64,2,356,4,enum_dynamic,44.456110
0,8192,false,max_i64,2,356,5,enum_static,42.131087
0,8192,false,max_i64,3,356,0,bound_static,42.361188
0,8192,false,max_i64,3,356,1,before,42.483261
0,8192,false,max_i64,3,356,2,after,42.251638
0,8192,false,max_i64,3,356,3,enum_dynamic,44.505618
0,8192,false,max_i64,3,356,4,enum_static,42.222728
0,8192,false,max_i64,3,356,5,bound_dynamic,44.899346
0,8192,false,max_i64,4,356,0,before,42.553138
0,8192,false,max_i64,4,356,1,after,42.075258
0,8192,false,max_i64,4,356,2,enum_dynamic,44.499531
0,8192,false,max_i64,4,356,3,enum_static,42.235371
0,8192,false,max_i64,4,356,4,bound_dynamic,44.616573
0,8192,false,max_i64,4,356,5,bound_static,42.184691
0,8192,false,max_i64,5,356,0,after,42.263809
0,8192,false,max_i64,5,356,1,enum_dynamic,44.707163
0,8192,false,max_i64,5,356,2,enum_static,42.364581
0,8192,false,max_i64,5,356,3,bound_dynamic,44.928256
0,8192,false,max_i64,5,356,4,bound_static,42.224253
0,8192,false,max_i64,5,356,5,before,42.484784
0,8192,false,max_i64,6,356,0,enum_dynamic,44.536750
0,8192,false,max_i64,6,356,1,enum_static,42.049039
0,8192,false,max_i64,6,356,2,bound_dynamic,44.786281
0,8192,false,max_i64,6,356,3,bound_static,42.343163
0,8192,false,max_i64,6,356,4,before,42.636469
0,8192,false,max_i64,6,356,5,after,43.162806
0,8192,false,max_i64,7,356,0,enum_static,42.187149
0,8192,false,max_i64,7,356,1,bound_dynamic,45.204354
0,8192,false,max_i64,7,356,2,bound_static,42.335090
0,8192,false,max_i64,7,356,3,before,42.368562
0,8192,false,max_i64,7,356,4,after,42.332983
0,8192,false,max_i64,7,356,5,enum_dynamic,44.481039
0,8192,false,max_i64,8,356,0,bound_dynamic,44.691596
0,8192,false,max_i64,8,356,1,bound_static,43.363298
0,8192,false,max_i64,8,356,2,before,43.751287
0,8192,false,max_i64,8,356,3,after,42.331461
0,8192,false,max_i64,8,356,4,enum_dynamic,44.777739
0,8192,false,max_i64,8,356,5,enum_static,42.200958
0,8192,false,max_i64,9,356,0,bound_static,42.416666
0,8192,false,max_i64,9,356,1,before,43.561913
0,8192,false,max_i64,9,356,2,after,42.141503
0,8192,false,max_i64,9,356,3,enum_dynamic,44.740756
0,8192,false,max_i64,9,356,4,enum_static,42.137992
0,8192,false,max_i64,9,356,5,bound_dynamic,44.552081
0,8192,false,max_i64,10,356,0,before,42.306062
0,8192,false,max_i64,10,356,1,after,42.276452
0,8192,false,max_i64,10,356,2,enum_dynamic,44.499180
0,8192,false,max_i64,10,356,3,enum_static,42.239466
0,8192,false,max_i64,10,356,4,bound_dynamic,44.520365
0,8192,false,max_i64,10,356,5,bound_static,42.248126
0,8192,false,max_i64,11,356,0,after,42.980219
0,8192,false,max_i64,11,356,1,enum_dynamic,44.474952
0,8192,false,max_i64,11,356,2,enum_static,42.879449
0,8192,false,max_i64,11,356,3,bound_dynamic,45.839652
0,8192,false,max_i64,11,356,4,bound_static,42.432699
0,8192,false,max_i64,11,356,5,before,42.515098
0,8192,false,count_distinct_i64,0,39,0,enum_dynamic,395.758538
0,8192,false,count_distinct_i64,0,39,1,enum_static,393.659205
0,8192,false,count_distinct_i64,0,39,2,bound_dynamic,394.233974
0,8192,false,count_distinct_i64,0,39,3,bound_static,395.471154
0,8192,false,count_distinct_i64,0,39,4,before,364.894231
0,8192,false,count_distinct_i64,0,39,5,after,397.608974
0,8192,false,count_distinct_i64,1,39,0,enum_static,395.303436
0,8192,false,count_distinct_i64,1,39,1,bound_dynamic,398.732897
0,8192,false,count_distinct_i64,1,39,2,bound_static,395.313051
0,8192,false,count_distinct_i64,1,39,3,before,356.957256
0,8192,false,count_distinct_i64,1,39,4,after,394.807692
0,8192,false,count_distinct_i64,1,39,5,enum_dynamic,397.244641
0,8192,false,count_distinct_i64,2,39,0,bound_dynamic,397.063051
0,8192,false,count_distinct_i64,2,39,1,bound_static,394.086538
0,8192,false,count_distinct_i64,2,39,2,before,356.983974
0,8192,false,count_distinct_i64,2,39,3,after,395.990385
0,8192,false,count_distinct_i64,2,39,4,enum_dynamic,393.884615
0,8192,false,count_distinct_i64,2,39,5,enum_static,394.781000
0,8192,false,count_distinct_i64,3,39,0,bound_static,397.514949
0,8192,false,count_distinct_i64,3,39,1,before,395.568359
0,8192,false,count_distinct_i64,3,39,2,after,394.341872
0,8192,false,count_distinct_i64,3,39,3,enum_dynamic,395.308769
0,8192,false,count_distinct_i64,3,39,4,enum_static,395.761744
0,8192,false,count_distinct_i64,3,39,5,bound_dynamic,394.790590
0,8192,false,count_distinct_i64,4,39,0,before,393.949769
0,8192,false,count_distinct_i64,4,39,1,after,401.569462
0,8192,false,count_distinct_i64,4,39,2,enum_dynamic,401.252128
0,8192,false,count_distinct_i64,4,39,3,enum_static,396.013897
0,8192,false,count_distinct_i64,4,39,4,bound_dynamic,405.653846
0,8192,false,count_distinct_i64,4,39,5,bound_static,398.592949
0,8192,false,count_distinct_i64,5,39,0,after,396.290615
0,8192,false,count_distinct_i64,5,39,1,enum_dynamic,397.779923
0,8192,false,count_distinct_i64,5,39,2,enum_static,397.864308
0,8192,false,count_distinct_i64,5,39,3,bound_dynamic,397.993590
0,8192,false,count_distinct_i64,5,39,4,bound_static,393.855769
0,8192,false,count_distinct_i64,5,39,5,before,359.072667
0,8192,false,count_distinct_i64,6,39,0,enum_dynamic,395.969000
0,8192,false,count_distinct_i64,6,39,1,enum_static,393.760667
0,8192,false,count_distinct_i64,6,39,2,bound_dynamic,400.954077
0,8192,false,count_distinct_i64,6,39,3,bound_static,398.619667
0,8192,false,count_distinct_i64,6,39,4,before,357.300205
0,8192,false,count_distinct_i64,6,39,5,after,396.972205
0,8192,false,count_distinct_i64,7,39,0,enum_static,398.113256
0,8192,false,count_distinct_i64,7,39,1,bound_dynamic,394.996795
0,8192,false,count_distinct_i64,7,39,2,bound_static,395.841872
0,8192,false,count_distinct_i64,7,39,3,before,357.238256
0,8192,false,count_distinct_i64,7,39,4,after,397.537410
0,8192,false,count_distinct_i64,7,39,5,enum_dynamic,394.157051
0,8192,false,count_distinct_i64,8,39,0,bound_dynamic,395.821564
0,8192,false,count_distinct_i64,8,39,1,bound_static,396.103641
0,8192,false,count_distinct_i64,8,39,2,before,358.481846
0,8192,false,count_distinct_i64,8,39,3,after,397.260692
0,8192,false,count_distinct_i64,8,39,4,enum_dynamic,395.376051
0,8192,false,count_distinct_i64,8,39,5,enum_static,396.941256
0,8192,false,count_distinct_i64,9,39,0,bound_static,401.476513
0,8192,false,count_distinct_i64,9,39,1,before,396.985051
0,8192,false,count_distinct_i64,9,39,2,after,397.164538
0,8192,false,count_distinct_i64,9,39,3,enum_dynamic,401.250000
0,8192,false,count_distinct_i64,9,39,4,enum_static,397.378205
0,8192,false,count_distinct_i64,9,39,5,bound_dynamic,397.183769
0,8192,false,count_distinct_i64,10,39,0,before,397.096154
0,8192,false,count_distinct_i64,10,39,1,after,399.804487
0,8192,false,count_distinct_i64,10,39,2,enum_dynamic,397.832256
0,8192,false,count_distinct_i64,10,39,3,enum_static,395.071590
0,8192,false,count_distinct_i64,10,39,4,bound_dynamic,395.788462
0,8192,false,count_distinct_i64,10,39,5,bound_static,397.885667
0,8192,false,count_distinct_i64,11,39,0,after,395.454051
0,8192,false,count_distinct_i64,11,39,1,enum_dynamic,393.881410
0,8192,false,count_distinct_i64,11,39,2,enum_static,394.880333
0,8192,false,count_distinct_i64,11,39,3,bound_dynamic,393.886744
0,8192,false,count_distinct_i64,11,39,4,bound_static,395.054487
0,8192,false,count_distinct_i64,11,39,5,before,356.400641
0,128,true,max_utf8,0,7452,0,enum_dynamic,2.075779
0,128,true,max_utf8,0,7452,1,enum_static,2.043059
0,128,true,max_utf8,0,7452,2,bound_dynamic,2.045553
0,128,true,max_utf8,0,7452,3,bound_static,2.024361
0,128,true,max_utf8,0,7452,4,before,2.010489
0,128,true,max_utf8,0,7452,5,after,2.029176
0,128,true,max_utf8,1,7452,0,enum_static,2.011216
0,128,true,max_utf8,1,7452,1,bound_dynamic,2.042069
0,128,true,max_utf8,1,7452,2,bound_static,2.015270
0,128,true,max_utf8,1,7452,3,before,2.021437
0,128,true,max_utf8,1,7452,4,after,2.036260
0,128,true,max_utf8,1,7452,5,enum_dynamic,2.066101
0,128,true,max_utf8,2,7452,0,bound_dynamic,2.046956
0,128,true,max_utf8,2,7452,1,bound_static,2.023137
0,128,true,max_utf8,2,7452,2,before,2.013749
0,128,true,max_utf8,2,7452,3,after,2.040353
0,128,true,max_utf8,2,7452,4,enum_dynamic,2.066129
0,128,true,max_utf8,2,7452,5,enum_static,2.012821
0,128,true,max_utf8,3,7452,0,bound_static,2.022897
0,128,true,max_utf8,3,7452,1,before,2.022941
0,128,true,max_utf8,3,7452,2,after,2.035091
0,128,true,max_utf8,3,7452,3,enum_dynamic,2.059615
0,128,true,max_utf8,3,7452,4,enum_static,2.020403
0,128,true,max_utf8,3,7452,5,bound_dynamic,2.041941
0,128,true,max_utf8,4,7452,0,before,2.011004
0,128,true,max_utf8,4,7452,1,after,2.026743
0,128,true,max_utf8,4,7452,2,enum_dynamic,2.063993
0,128,true,max_utf8,4,7452,3,enum_static,2.010249
0,128,true,max_utf8,4,7452,4,bound_dynamic,2.040135
0,128,true,max_utf8,4,7452,5,bound_static,2.016808
0,128,true,max_utf8,5,7452,0,after,2.025161
0,128,true,max_utf8,5,7452,1,enum_dynamic,2.058474
0,128,true,max_utf8,5,7452,2,enum_static,2.009231
0,128,true,max_utf8,5,7452,3,bound_dynamic,2.046156
0,128,true,max_utf8,5,7452,4,bound_static,2.023663
0,128,true,max_utf8,5,7452,5,before,2.012715
0,128,true,max_utf8,6,7452,0,enum_dynamic,2.076143
0,128,true,max_utf8,6,7452,1,enum_static,2.031848
0,128,true,max_utf8,6,7452,2,bound_dynamic,2.047929
0,128,true,max_utf8,6,7452,3,bound_static,2.015712
0,128,true,max_utf8,6,7452,4,before,2.007090
0,128,true,max_utf8,6,7452,5,after,2.025446
0,128,true,max_utf8,7,7452,0,enum_static,2.010730
0,128,true,max_utf8,7,7452,1,bound_dynamic,2.041001
0,128,true,max_utf8,7,7452,2,bound_static,2.018049
0,128,true,max_utf8,7,7452,3,before,2.018010
0,128,true,max_utf8,7,7452,4,after,2.042175
0,128,true,max_utf8,7,7452,5,enum_dynamic,2.085229
0,128,true,max_utf8,8,7452,0,bound_dynamic,2.051664
0,128,true,max_utf8,8,7452,1,bound_static,2.014767
0,128,true,max_utf8,8,7452,2,before,2.013274
0,128,true,max_utf8,8,7452,3,after,2.033699
0,128,true,max_utf8,8,7452,4,enum_dynamic,2.053889
0,128,true,max_utf8,8,7452,5,enum_static,2.014946
0,128,true,max_utf8,9,7452,0,bound_static,2.012385
0,128,true,max_utf8,9,7452,1,before,2.004104
0,128,true,max_utf8,9,7452,2,after,2.024607
0,128,true,max_utf8,9,7452,3,enum_dynamic,2.055466
0,128,true,max_utf8,9,7452,4,enum_static,2.006044
0,128,true,max_utf8,9,7452,5,bound_dynamic,2.041756
0,128,true,max_utf8,10,7452,0,before,2.006888
0,128,true,max_utf8,10,7452,1,after,2.025933
0,128,true,max_utf8,10,7452,2,enum_dynamic,2.056752
0,128,true,max_utf8,10,7452,3,enum_static,2.006508
0,128,true,max_utf8,10,7452,4,bound_dynamic,2.040722
0,128,true,max_utf8,10,7452,5,bound_static,2.011462
0,128,true,max_utf8,11,7452,0,after,2.032502
0,128,true,max_utf8,11,7452,1,enum_dynamic,2.058144
0,128,true,max_utf8,11,7452,2,enum_static,2.007437
0,128,true,max_utf8,11,7452,3,bound_dynamic,2.039469
0,128,true,max_utf8,11,7452,4,bound_static,2.018435
0,128,true,max_utf8,11,7452,5,before,2.024350
0,65536,true,sum_f64,0,216,0,enum_dynamic,69.790120
0,65536,true,sum_f64,0,216,1,enum_static,69.924963
0,65536,true,sum_f64,0,216,2,bound_dynamic,69.876352
0,65536,true,sum_f64,0,216,3,bound_static,69.928241
0,65536,true,sum_f64,0,216,4,before,69.842208
0,65536,true,sum_f64,0,216,5,after,70.997685
0,65536,true,sum_f64,1,216,0,enum_static,69.712963
0,65536,true,sum_f64,1,216,1,bound_dynamic,70.028167
0,65536,true,sum_f64,1,216,2,bound_static,69.751736
0,65536,true,sum_f64,1,216,3,before,69.800926
0,65536,true,sum_f64,1,216,4,after,71.227625
0,65536,true,sum_f64,1,216,5,enum_dynamic,71.257139
0,65536,true,sum_f64,2,216,0,bound_dynamic,70.032602
0,65536,true,sum_f64,2,216,1,bound_static,69.638310
0,65536,true,sum_f64,2,216,2,before,69.739194
0,65536,true,sum_f64,2,216,3,after,71.008486
0,65536,true,sum_f64,2,216,4,enum_dynamic,69.926505
0,65536,true,sum_f64,2,216,5,enum_static,69.750769
0,65536,true,sum_f64,3,216,0,bound_static,70.064426
0,65536,true,sum_f64,3,216,1,before,70.076005
0,65536,true,sum_f64,3,216,2,after,71.290894
0,65536,true,sum_f64,3,216,3,enum_dynamic,69.751736
0,65536,true,sum_f64,3,216,4,enum_static,69.811727
0,65536,true,sum_f64,3,216,5,bound_dynamic,70.217398
0,65536,true,sum_f64,4,216,0,before,69.822532
0,65536,true,sum_f64,4,216,1,after,71.197727
0,65536,true,sum_f64,4,216,2,enum_dynamic,69.799574
0,65536,true,sum_f64,4,216,3,enum_static,69.906056
0,65536,true,sum_f64,4,216,4,bound_dynamic,69.898343
0,65536,true,sum_f64,4,216,5,bound_static,70.058449
0,65536,true,sum_f64,5,216,0,after,70.941940
0,65536,true,sum_f64,5,216,1,enum_dynamic,69.896602
0,65536,true,sum_f64,5,216,2,enum_static,69.767556
0,65536,true,sum_f64,5,216,3,bound_dynamic,71.227236
0,65536,true,sum_f64,5,216,4,bound_static,69.857060
0,65536,true,sum_f64,5,216,5,before,69.790699
0,65536,true,sum_f64,6,216,0,enum_dynamic,69.994407
0,65536,true,sum_f64,6,216,1,enum_static,70.695412
0,65536,true,sum_f64,6,216,2,bound_dynamic,69.910495
0,65536,true,sum_f64,6,216,3,bound_static,71.399495
0,65536,true,sum_f64,6,216,4,before,69.994407
0,65536,true,sum_f64,6,216,5,after,71.031639
0,65536,true,sum_f64,7,216,0,enum_static,69.870181
0,65536,true,sum_f64,7,216,1,bound_dynamic,69.769097
0,65536,true,sum_f64,7,216,2,bound_static,69.789546
0,65536,true,sum_f64,7,216,3,before,70.278356
0,65536,true,sum_f64,7,216,4,after,70.902588
0,65536,true,sum_f64,7,216,5,enum_dynamic,69.588926
0,65536,true,sum_f64,8,216,0,bound_dynamic,69.739778
0,65536,true,sum_f64,8,216,1,bound_static,69.649500
0,65536,true,sum_f64,8,216,2,before,69.748843
0,65536,true,sum_f64,8,216,3,after,70.865162
0,65536,true,sum_f64,8,216,4,enum_dynamic,69.673995
0,65536,true,sum_f64,8,216,5,enum_static,69.702546
0,65536,true,sum_f64,9,216,0,bound_static,69.713347
0,65536,true,sum_f64,9,216,1,before,70.031056
0,65536,true,sum_f64,9,216,2,after,70.804398
0,65536,true,sum_f64,9,216,3,enum_dynamic,69.767361
0,65536,true,sum_f64,9,216,4,enum_static,69.938273
0,65536,true,sum_f64,9,216,5,bound_dynamic,70.003856
0,65536,true,sum_f64,10,216,0,before,69.966241
0,65536,true,sum_f64,10,216,1,after,70.902583
0,65536,true,sum_f64,10,216,2,enum_dynamic,69.873648
0,65536,true,sum_f64,10,216,3,enum_static,69.964120
0,65536,true,sum_f64,10,216,4,bound_dynamic,70.043597
0,65536,true,sum_f64,10,216,5,bound_static,69.742671
0,65536,true,sum_f64,11,216,0,after,70.879051
0,65536,true,sum_f64,11,216,1,enum_dynamic,71.584491
0,65536,true,sum_f64,11,216,2,enum_static,69.626546
0,65536,true,sum_f64,11,216,3,bound_dynamic,69.942708
0,65536,true,sum_f64,11,216,4,bound_static,69.656056
0,65536,true,sum_f64,11,216,5,before,69.638889
0,65536,true,count_i64,0,303,0,enum_dynamic,50.868947
0,65536,true,count_i64,0,303,1,enum_static,50.893838
0,65536,true,count_i64,0,303,2,bound_dynamic,51.330033
0,65536,true,count_i64,0,303,3,bound_static,51.296479
0,65536,true,count_i64,0,303,4,before,51.262515
0,65536,true,count_i64,0,303,5,after,51.365238
0,65536,true,count_i64,1,303,0,enum_static,51.150030
0,65536,true,count_i64,1,303,1,bound_dynamic,50.979650
0,65536,true,count_i64,1,303,2,bound_static,51.009901
0,65536,true,count_i64,1,303,3,before,51.268977
0,65536,true,count_i64,1,303,4,after,51.335944
0,65536,true,count_i64,1,303,5,enum_dynamic,51.148653
0,65536,true,count_i64,2,303,0,bound_dynamic,50.954620
0,65536,true,count_i64,2,303,1,bound_static,51.063119
0,65536,true,count_i64,2,303,2,before,51.383941
0,65536,true,count_i64,2,303,3,after,51.530667
0,65536,true,count_i64,2,303,4,enum_dynamic,50.814218
0,65536,true,count_i64,2,303,5,enum_static,50.944993
0,65536,true,count_i64,3,303,0,bound_static,50.930281
0,65536,true,count_i64,3,303,1,before,51.259624
0,65536,true,count_i64,3,303,2,after,51.700772
0,65536,true,count_i64,3,303,3,enum_dynamic,51.109459
0,65536,true,count_i64,3,303,4,enum_static,51.013614
0,65536,true,count_i64,3,303,5,bound_dynamic,51.078383
0,65536,true,count_i64,4,303,0,before,51.313531
0,65536,true,count_i64,4,303,1,after,51.568894
0,65536,true,count_i64,4,303,2,enum_dynamic,51.115924
0,65536,true,count_i64,4,303,3,enum_static,50.692106
0,65536,true,count_i64,4,303,4,bound_dynamic,51.367710
0,65536,true,count_i64,4,303,5,bound_static,52.060917
0,65536,true,count_i64,5,303,0,after,51.392739
0,65536,true,count_i64,5,303,1,enum_dynamic,53.537541
0,65536,true,count_i64,5,303,2,enum_static,51.156488
0,65536,true,count_i64,5,303,3,bound_dynamic,51.057066
0,65536,true,count_i64,5,303,4,bound_static,51.045518
0,65536,true,count_i64,5,303,5,before,51.160201
0,65536,true,count_i64,6,303,0,enum_dynamic,51.049092
0,65536,true,count_i64,6,303,1,enum_static,50.921891
0,65536,true,count_i64,6,303,2,bound_dynamic,50.943347
0,65536,true,count_i64,6,303,3,bound_static,50.912129
0,65536,true,count_i64,6,303,4,before,51.173680
0,65536,true,count_i64,6,303,5,after,51.378851
0,65536,true,count_i64,7,303,0,enum_static,50.929043
0,65536,true,count_i64,7,303,1,bound_dynamic,51.022277
0,65536,true,count_i64,7,303,2,bound_static,50.860561
0,65536,true,count_i64,7,303,3,before,51.221257
0,65536,true,count_i64,7,303,4,after,51.556518
0,65536,true,count_i64,7,303,5,enum_dynamic,50.950908
0,65536,true,count_i64,8,303,0,bound_dynamic,51.067792
0,65536,true,count_i64,8,303,1,bound_static,50.921343
0,65536,true,count_i64,8,303,2,before,51.393290
0,65536,true,count_i64,8,303,3,after,51.500277
0,65536,true,count_i64,8,303,4,enum_dynamic,51.069307
0,65536,true,count_i64,8,303,5,enum_static,50.714795
0,65536,true,count_i64,9,303,0,bound_static,51.165290
0,65536,true,count_i64,9,303,1,before,51.199531
0,65536,true,count_i64,9,303,2,after,51.597634
0,65536,true,count_i64,9,303,3,enum_dynamic,51.060231
0,65536,true,count_i64,9,303,4,enum_static,52.007152
0,65536,true,count_i64,9,303,5,bound_dynamic,51.257287
0,65536,true,count_i64,10,303,0,before,50.859462
0,65536,true,count_i64,10,303,1,after,51.454208
0,65536,true,count_i64,10,303,2,enum_dynamic,51.059132
0,65536,true,count_i64,10,303,3,enum_static,51.191419
0,65536,true,count_i64,10,303,4,bound_dynamic,51.799092
0,65536,true,count_i64,10,303,5,bound_static,50.981436
0,65536,true,count_i64,11,303,0,after,51.376102
0,65536,true,count_i64,11,303,1,enum_dynamic,50.996700
0,65536,true,count_i64,11,303,2,enum_static,51.510865
0,65536,true,count_i64,11,303,3,bound_dynamic,51.470023
0,65536,true,count_i64,11,303,4,bound_static,51.005228
0,65536,true,count_i64,11,303,5,before,51.373624
0,65536,true,count_star,0,492,0,enum_dynamic,30.766854
0,65536,true,count_star,0,492,1,enum_static,30.808520
0,65536,true,count_star,0,492,2,bound_dynamic,30.588752
0,65536,true,count_star,0,492,3,bound_static,30.662262
0,65536,true,count_star,0,492,4,before,31.012024
0,65536,true,count_star,0,492,5,after,30.585705
0,65536,true,count_star,1,492,0,enum_static,30.702404
0,65536,true,count_star,1,492,1,bound_dynamic,30.842648
0,65536,true,count_star,1,492,2,bound_static,30.694614
0,65536,true,count_star,1,492,3,before,31.156843
0,65536,true,count_star,1,492,4,after,30.535400
0,65536,true,count_star,1,492,5,enum_dynamic,30.548695
0,65536,true,count_star,2,492,0,bound_dynamic,30.932248
0,65536,true,count_star,2,492,1,bound_static,30.846037
0,65536,true,count_star,2,492,2,before,31.073341
0,65536,true,count_star,2,492,3,after,30.563093
0,65536,true,count_star,2,492,4,enum_dynamic,30.793445
0,65536,true,count_star,2,492,5,enum_static,30.655488
0,65536,true,count_star,3,492,0,bound_static,30.910398
0,65536,true,count_star,3,492,1,before,31.137110
0,65536,true,count_star,3,492,2,after,30.935043
0,65536,true,count_star,3,492,3,enum_dynamic,30.876356
0,65536,true,count_star,3,492,4,enum_static,30.538449
0,65536,true,count_star,3,492,5,bound_dynamic,31.368309
0,65536,true,count_star,4,492,0,before,31.701642
0,65536,true,count_star,4,492,1,after,31.147187
0,65536,true,count_star,4,492,2,enum_dynamic,30.586467
0,65536,true,count_star,4,492,3,enum_static,30.547935
0,65536,true,count_star,4,492,4,bound_dynamic,30.583841
0,65536,true,count_star,4,492,5,bound_static,30.525152
0,65536,true,count_star,5,492,0,after,30.755675
0,65536,true,count_star,5,492,1,enum_dynamic,30.780996
0,65536,true,count_star,5,492,2,enum_static,30.673104
0,65536,true,count_star,5,492,3,bound_dynamic,30.551067
0,65536,true,count_star,5,492,4,bound_static,30.518547
0,65536,true,count_star,5,492,5,before,31.246866
0,65536,true,count_star,6,492,0,enum_dynamic,30.537348
0,65536,true,count_star,6,492,1,enum_static,30.517785
0,65536,true,count_star,6,492,2,bound_dynamic,30.761772
0,65536,true,count_star,6,492,3,bound_static,30.785398
0,65536,true,count_star,6,492,4,before,31.224931
0,65536,true,count_star,6,492,5,after,30.543445
0,65536,true,count_star,7,492,0,enum_static,30.656081
0,65536,true,count_star,7,492,1,bound_dynamic,30.667006
0,65536,true,count_star,7,492,2,bound_static,30.577236
0,65536,true,count_star,7,492,3,before,31.019224
0,65536,true,count_star,7,492,4,after,30.620598
0,65536,true,count_star,7,492,5,enum_dynamic,30.700035
0,65536,true,count_star,8,492,0,bound_dynamic,30.569697
0,65536,true,count_star,8,492,1,bound_static,30.593919
0,65536,true,count_star,8,492,2,before,31.064110
0,65536,true,count_star,8,492,3,after,30.508047
0,65536,true,count_star,8,492,4,enum_dynamic,30.837652
0,65536,true,count_star,8,492,5,enum_static,30.642699
0,65536,true,count_star,9,492,0,bound_static,30.579183
0,65536,true,count_star,9,492,1,before,31.013380
0,65536,true,count_star,9,492,2,after,30.674711
0,65536,true,count_star,9,492,3,enum_dynamic,30.528709
0,65536,true,count_star,9,492,4,enum_static,30.542683
0,65536,true,count_star,9,492,5,bound_dynamic,30.567159
0,65536,true,count_star,10,492,0,before,31.504659
0,65536,true,count_star,10,492,1,after,30.649559
0,65536,true,count_star,10,492,2,enum_dynamic,30.691904
0,65536,true,count_star,10,492,3,enum_static,30.543699
0,65536,true,count_star,10,492,4,bound_dynamic,30.605268
0,65536,true,count_star,10,492,5,bound_static,30.726541
0,65536,true,count_star,11,492,0,after,30.556573
0,65536,true,count_star,11,492,1,enum_dynamic,30.548780
0,65536,true,count_star,11,492,2,enum_static,30.601797
0,65536,true,count_star,11,492,3,bound_dynamic,30.585537
0,65536,true,count_star,11,492,4,bound_static,30.672935
0,65536,true,count_star,11,492,5,before,31.034130
0,8192,false,min_i64,0,377,0,enum_dynamic,44.705350
0,8192,false,min_i64,0,377,1,enum_static,39.768013
0,8192,false,min_i64,0,377,2,bound_dynamic,44.713085
0,8192,false,min_i64,0,377,3,bound_static,39.877764
0,8192,false,min_i64,0,377,4,before,42.402743
0,8192,false,min_i64,0,377,5,after,39.798297
0,8192,false,min_i64,1,377,0,enum_static,39.913130
0,8192,false,min_i64,1,377,1,bound_dynamic,44.641358
0,8192,false,min_i64,1,377,2,bound_static,40.030172
0,8192,false,min_i64,1,377,3,before,42.404178
0,8192,false,min_i64,1,377,4,after,40.054154
0,8192,false,min_i64,1,377,5,enum_dynamic,44.597812
0,8192,false,min_i64,2,377,0,bound_dynamic,45.018899
0,8192,false,min_i64,2,377,1,bound_static,40.601350
0,8192,false,min_i64,2,377,2,before,42.383069
0,8192,false,min_i64,2,377,3,after,40.764369
0,8192,false,min_i64,2,377,4,enum_dynamic,44.709106
0,8192,false,min_i64,2,377,5,enum_static,39.865273
0,8192,false,min_i64,3,377,0,bound_static,39.983753
0,8192,false,min_i64,3,377,1,before,42.773432
0,8192,false,min_i64,3,377,2,after,40.032936
0,8192,false,min_i64,3,377,3,enum_dynamic,45.547414
0,8192,false,min_i64,3,377,4,enum_static,39.868037
0,8192,false,min_i64,3,377,5,bound_dynamic,44.650753
0,8192,false,min_i64,4,377,0,before,42.269119
0,8192,false,min_i64,4,377,1,after,39.891910
0,8192,false,min_i64,4,377,2,enum_dynamic,44.888485
0,8192,false,min_i64,4,377,3,enum_static,39.991268
0,8192,false,min_i64,4,377,4,bound_dynamic,44.650419
0,8192,false,min_i64,4,377,5,bound_static,39.902520
0,8192,false,min_i64,5,377,0,after,39.791114
0,8192,false,min_i64,5,377,1,enum_dynamic,44.577366
0,8192,false,min_i64,5,377,2,enum_static,39.929817
0,8192,false,min_i64,5,377,3,bound_dynamic,44.749005
0,8192,false,min_i64,5,377,4,bound_static,39.957228
0,8192,false,min_i64,5,377,5,before,42.071838
0,8192,false,min_i64,6,377,0,enum_dynamic,44.535366
0,8192,false,min_i64,6,377,1,enum_static,40.063440
0,8192,false,min_i64,6,377,2,bound_dynamic,44.947501
0,8192,false,min_i64,6,377,3,bound_static,40.010721
0,8192,false,min_i64,6,377,4,before,42.469387
0,8192,false,min_i64,6,377,5,after,39.912244
0,8192,false,min_i64,7,377,0,enum_static,40.277629
0,8192,false,min_i64,7,377,1,bound_dynamic,44.819737
0,8192,false,min_i64,7,377,2,bound_static,40.207228
0,8192,false,min_i64,7,377,3,before,42.399536
0,8192,false,min_i64,7,377,4,after,39.964963
0,8192,false,min_i64,7,377,5,enum_dynamic,44.724138
0,8192,false,min_i64,8,377,0,bound_dynamic,44.784814
0,8192,false,min_i64,8,377,1,bound_static,39.950377
0,8192,false,min_i64,8,377,2,before,42.395557
0,8192,false,min_i64,8,377,3,after,40.275973
0,8192,false,min_i64,8,377,4,enum_dynamic,45.046751
0,8192,false,min_i64,8,377,5,enum_static,40.848255
0,8192,false,min_i64,9,377,0,bound_static,40.085435
0,8192,false,min_i64,9,377,1,before,42.670647
0,8192,false,min_i64,9,377,2,after,40.023210
0,8192,false,min_i64,9,377,3,enum_dynamic,44.746796
0,8192,false,min_i64,9,377,4,enum_static,40.095934
0,8192,false,min_i64,9,377,5,bound_dynamic,44.833777
0,8192,false,min_i64,10,377,0,before,42.463971
0,8192,false,min_i64,10,377,1,after,39.934239
0,8192,false,min_i64,10,377,2,enum_dynamic,44.734859
0,8192,false,min_i64,10,377,3,enum_static,40.158599
0,8192,false,min_i64,10,377,4,bound_dynamic,44.751989
0,8192,false,min_i64,10,377,5,bound_static,40.063440
0,8192,false,min_i64,11,377,0,after,39.815981
0,8192,false,min_i64,11,377,1,enum_dynamic,44.600796
0,8192,false,min_i64,11,377,2,enum_static,40.066202
0,8192,false,min_i64,11,377,3,bound_dynamic,44.811562
0,8192,false,min_i64,11,377,4,bound_static,39.892241
0,8192,false,min_i64,11,377,5,before,42.205239
0,8192,false,sum_u64,0,1059,0,enum_dynamic,14.452195
0,8192,false,sum_u64,0,1059,1,enum_static,14.537339
0,8192,false,sum_u64,0,1059,2,bound_dynamic,14.463881
0,8192,false,sum_u64,0,1059,3,bound_static,14.582941
0,8192,false,sum_u64,0,1059,4,before,14.601195
0,8192,false,sum_u64,0,1059,5,after,14.489889
0,8192,false,sum_u64,1,1059,0,enum_static,14.426739
0,8192,false,sum_u64,1,1059,1,bound_dynamic,14.237409
0,8192,false,sum_u64,1,1059,2,bound_static,14.197198
0,8192,false,sum_u64,1,1059,3,before,14.216792
0,8192,false,sum_u64,1,1059,4,after,14.201959
0,8192,false,sum_u64,1,1059,5,enum_dynamic,14.201881
0,8192,false,sum_u64,2,1059,0,bound_dynamic,14.264636
0,8192,false,sum_u64,2,1059,1,bound_static,14.199873
0,8192,false,sum_u64,2,1059,2,before,14.202353
0,8192,false,sum_u64,2,1059,3,after,14.170916
0,8192,false,sum_u64,2,1059,4,enum_dynamic,14.328927
0,8192,false,sum_u64,2,1059,5,enum_static,14.570546
0,8192,false,sum_u64,3,1059,0,bound_static,14.330382
0,8192,false,sum_u64,3,1059,1,before,14.232138
0,8192,false,sum_u64,3,1059,2,after,14.205973
0,8192,false,sum_u64,3,1059,3,enum_dynamic,14.238708
0,8192,false,sum_u64,3,1059,4,enum_static,14.498662
0,8192,false,sum_u64,3,1059,5,bound_dynamic,14.518099
0,8192,false,sum_u64,4,1059,0,before,14.476747
0,8192,false,sum_u64,4,1059,1,after,14.478360
0,8192,false,sum_u64,4,1059,2,enum_dynamic,14.490360
0,8192,false,sum_u64,4,1059,3,enum_static,14.483829
0,8192,false,sum_u64,4,1059,4,bound_dynamic,14.484144
0,8192,false,sum_u64,4,1059,5,bound_static,14.545838
0,8192,false,sum_u64,5,1059,0,after,14.197710
0,8192,false,sum_u64,5,1059,1,enum_dynamic,14.248229
0,8192,false,sum_u64,5,1059,2,enum_static,14.202156
0,8192,false,sum_u64,5,1059,3,bound_dynamic,14.210182
0,8192,false,sum_u64,5,1059,4,bound_static,14.197552
0,8192,false,sum_u64,5,1059,5,before,14.220255
0,8192,false,sum_u64,6,1059,0,enum_dynamic,14.313149
0,8192,false,sum_u64,6,1059,1,enum_static,14.264991
0,8192,false,sum_u64,6,1059,2,bound_dynamic,14.219744
0,8192,false,sum_u64,6,1059,3,bound_static,14.277148
0,8192,false,sum_u64,6,1059,4,before,14.294185
0,8192,false,sum_u64,6,1059,5,after,14.189054
0,8192,false,sum_u64,7,1059,0,enum_static,14.277424
0,8192,false,sum_u64,7,1059,1,bound_dynamic,14.496971
0,8192,false,sum_u64,7,1059,2,bound_static,14.488196
0,8192,false,sum_u64,7,1059,3,before,14.222577
0,8192,false,sum_u64,7,1059,4,after,14.180123
0,8192,false,sum_u64,7,1059,5,enum_dynamic,14.241934
0,8192,false,sum_u64,8,1059,0,bound_dynamic,14.192910
0,8192,false,sum_u64,8,1059,1,bound_static,14.214864
0,8192,false,sum_u64,8,1059,2,before,14.207114
0,8192,false,sum_u64,8,1059,3,after,14.219744
0,8192,false,sum_u64,8,1059,4,enum_dynamic,14.396837
0,8192,false,sum_u64,8,1059,5,enum_static,14.253423
0,8192,false,sum_u64,9,1059,0,bound_static,14.446490
0,8192,false,sum_u64,9,1059,1,before,14.553942
0,8192,false,sum_u64,9,1059,2,after,14.248977
0,8192,false,sum_u64,9,1059,3,enum_dynamic,14.189920
0,8192,false,sum_u64,9,1059,4,enum_static,14.234931
0,8192,false,sum_u64,9,1059,5,bound_dynamic,14.202707
0,8192,false,sum_u64,10,1059,0,before,14.208137
0,8192,false,sum_u64,10,1059,1,after,14.169225
0,8192,false,sum_u64,10,1059,2,enum_dynamic,14.213291
0,8192,false,sum_u64,10,1059,3,enum_static,14.430595
0,8192,false,sum_u64,10,1059,4,bound_dynamic,14.511568
0,8192,false,sum_u64,10,1059,5,bound_static,14.485285
0,8192,false,sum_u64,11,1059,0,after,14.463645
0,8192,false,sum_u64,11,1059,1,enum_dynamic,14.498111
0,8192,false,sum_u64,11,1059,2,enum_static,14.455973
0,8192,false,sum_u64,11,1059,3,bound_dynamic,14.602415
0,8192,false,sum_u64,11,1059,4,bound_static,14.531398
0,8192,false,sum_u64,11,1059,5,before,14.253581
0,65536,false,count_star,0,492,0,enum_dynamic,30.670224
0,65536,false,count_star,0,492,1,enum_static,30.563008
0,65536,false,count_star,0,492,2,bound_dynamic,30.563008
0,65536,false,count_star,0,492,3,bound_static,30.529217
0,65536,false,count_star,0,492,4,before,31.185467
0,65536,false,count_star,0,492,5,after,30.659638
0,65536,false,count_star,1,492,0,enum_static,30.548018
0,65536,false,count_star,1,492,1,bound_dynamic,30.514990
0,65536,false,count_star,1,492,2,bound_static,30.500169
0,65536,false,count_star,1,492,3,before,30.977049
0,65536,false,count_star,1,492,4,after,30.525915
0,65536,false,count_star,1,492,5,enum_dynamic,30.536671
0,65536,false,count_star,2,492,0,bound_dynamic,30.533028
0,65536,false,count_star,2,492,1,bound_static,30.526931
0,65536,false,count_star,2,492,2,before,31.678862
0,65536,false,count_star,2,492,3,after,30.884400
0,65536,false,count_star,2,492,4,enum_dynamic,30.638551
0,65536,false,count_star,2,492,5,enum_static,30.529980
0,65536,false,count_star,3,492,0,bound_static,30.591547
0,65536,false,count_star,3,492,1,before,31.078337
0,65536,false,count_star,3,492,2,after,30.600102
0,65536,false,count_star,3,492,3,enum_dynamic,30.586045
0,65536,false,count_star,3,492,4,enum_static,30.550051
0,65536,false,count_star,3,492,5,bound_dynamic,30.564533
0,65536,false,count_star,4,492,0,before,30.990006
0,65536,false,count_star,4,492,1,after,30.570884
0,65536,false,count_star,4,492,2,enum_dynamic,30.610433
0,65536,false,count_star,4,492,3,enum_static,30.617886
0,65536,false,count_star,4,492,4,bound_dynamic,30.660907
0,65536,false,count_star,4,492,5,bound_static,30.536331
0,65536,false,count_star,5,492,0,after,30.534384
0,65536,false,count_star,5,492,1,enum_dynamic,30.581047
0,65536,false,count_star,5,492,2,enum_static,30.842480
0,65536,false,count_star,5,492,3,bound_dynamic,30.519478
0,65536,false,count_star,5,492,4,bound_static,30.492461
0,65536,false,count_star,5,492,5,before,30.942159
0,65536,false,count_star,6,492,0,enum_dynamic,30.771004
0,65536,false,count_star,6,492,1,enum_static,31.101289
0,65536,false,count_star,6,492,2,bound_dynamic,30.962990
0,65536,false,count_star,6,492,3,bound_static,30.693173
0,65536,false,count_star,6,492,4,before,31.126100
0,65536,false,count_star,6,492,5,after,30.689872
0,65536,false,count_star,7,492,0,enum_static,30.543191
0,65536,false,count_star,7,492,1,bound_dynamic,30.591209
0,65536,false,count_star,7,492,2,bound_static,30.597646
0,65536,false,count_star,7,492,3,before,31.131266
0,65536,false,count_star,7,492,4,after,30.629659
0,65536,false,count_star,7,492,5,enum_dynamic,30.576305
0,65536,false,count_star,8,492,0,bound_dynamic,30.564870
0,65536,false,count_star,8,492,1,bound_static,30.556825
0,65536,false,count_star,8,492,2,before,32.113821
0,65536,false,count_star,8,492,3,after,31.779303
0,65536,false,count_star,8,492,4,enum_dynamic,31.491701
0,65536,false,count_star,8,492,5,enum_static,30.633555
0,65536,false,count_star,9,492,0,bound_static,31.130929
0,65536,false,count_star,9,492,1,before,31.254150
0,65536,false,count_star,9,492,2,after,30.641006
0,65536,false,count_star,9,492,3,enum_dynamic,31.053947
0,65536,false,count_star,9,492,4,enum_static,30.565634
0,65536,false,count_star,9,492,5,bound_dynamic,30.626608
0,65536,false,count_star,10,492,0,before,31.023035
0,65536,false,count_star,10,492,1,after,30.504234
0,65536,false,count_star,10,492,2,enum_dynamic,30.631776
0,65536,false,count_star,10,492,3,enum_static,30.797171
0,65536,false,count_star,10,492,4,bound_dynamic,30.643632
0,65536,false,count_star,10,492,5,bound_static,31.098492
0,65536,false,count_star,11,492,0,after,30.614754
0,65536,false,count_star,11,492,1,enum_dynamic,30.554455
0,65536,false,count_star,11,492,2,enum_static,30.573002
0,65536,false,count_star,11,492,3,bound_dynamic,30.597900
0,65536,false,count_star,11,492,4,bound_static,30.665565
0,65536,false,count_star,11,492,5,before,31.121104
0,65536,false,sum_i64,0,134,0,enum_dynamic,111.973261
0,65536,false,sum_i64,0,134,1,enum_static,112.000933
0,65536,false,sum_i64,0,134,2,bound_dynamic,111.992224
0,65536,false,sum_i64,0,134,3,bound_static,114.060321
0,65536,false,sum_i64,0,134,4,before,114.231037
0,65536,false,sum_i64,0,134,5,after,114.354478
0,65536,false,sum_i64,1,134,0,enum_static,114.495336
0,65536,false,sum_i64,1,134,1,bound_dynamic,114.526739
0,65536,false,sum_i64,1,134,2,bound_static,114.359761
0,65536,false,sum_i64,1,134,3,before,114.632463
0,65536,false,sum_i64,1,134,4,after,114.643970
0,65536,false,sum_i64,1,134,5,enum_dynamic,112.175373
0,65536,false,sum_i64,2,134,0,bound_dynamic,114.092045
0,65536,false,sum_i64,2,134,1,bound_static,114.362254
0,65536,false,sum_i64,2,134,2,before,114.517097
0,65536,false,sum_i64,2,134,3,after,114.574940
0,65536,false,sum_i64,2,134,4,enum_dynamic,115.075560
0,65536,false,sum_i64,2,134,5,enum_static,114.523634
0,65536,false,sum_i64,3,134,0,bound_static,114.611627
0,65536,false,sum_i64,3,134,1,before,114.981343
0,65536,false,sum_i64,3,134,2,after,113.530784
0,65536,false,sum_i64,3,134,3,enum_dynamic,112.325873
0,65536,false,sum_i64,3,134,4,enum_static,112.033896
0,65536,false,sum_i64,3,134,5,bound_dynamic,112.625313
0,65536,false,sum_i64,4,134,0,before,112.617224
0,65536,false,sum_i64,4,134,1,after,112.172881
0,65536,false,sum_i64,4,134,2,enum_dynamic,112.317784
0,65536,false,sum_i64,4,134,3,enum_static,113.914179
0,65536,false,sum_i64,4,134,4,bound_dynamic,113.472634
0,65536,false,sum_i64,4,134,5,bound_static,112.261507
0,65536,false,sum_i64,5,134,0,after,112.304731
0,65536,false,sum_i64,5,134,1,enum_dynamic,113.701179
0,65536,false,sum_i64,5,134,2,enum_static,112.253418
0,65536,false,sum_i64,5,134,3,bound_dynamic,112.690918
0,65536,false,sum_i64,5,134,4,bound_static,112.602612
0,65536,false,sum_i64,5,134,5,before,112.538866
0,65536,false,sum_i64,6,134,0,enum_dynamic,112.406097
0,65536,false,sum_i64,6,134,1,enum_static,112.617537
0,65536,false,sum_i64,6,134,2,bound_dynamic,112.243470
0,65536,false,sum_i64,6,134,3,bound_static,112.374067
0,65536,false,sum_i64,6,134,4,before,112.193724
0,65536,false,sum_i64,6,134,5,after,112.296336
0,65536,false,sum_i64,7,134,0,enum_static,112.410448
0,65536,false,sum_i64,7,134,1,bound_dynamic,112.318403
0,65536,false,sum_i64,7,134,2,bound_static,112.702112
0,65536,false,sum_i64,7,134,3,before,114.595769
0,65536,false,sum_i64,7,134,4,after,112.868470
0,65536,false,sum_i64,7,134,5,enum_dynamic,114.488179
0,65536,false,sum_i64,8,134,0,bound_dynamic,114.546642
0,65536,false,sum_i64,8,134,1,bound_static,114.495336
0,65536,false,sum_i64,8,134,2,before,114.920709
0,65536,false,sum_i64,8,134,3,after,114.448075
0,65536,false,sum_i64,8,134,4,enum_dynamic,114.398007
0,65536,false,sum_i64,8,134,5,enum_static,114.489739
0,65536,false,sum_i64,9,134,0,bound_static,115.164485
0,65536,false,sum_i64,9,134,1,before,113.124373
0,65536,false,sum_i64,9,134,2,after,114.341418
0,65536,false,sum_i64,9,134,3,enum_dynamic,113.157336
0,65536,false,sum_i64,9,134,4,enum_static,112.710821
0,65536,false,sum_i64,9,134,5,bound_dynamic,112.703045
0,65536,false,sum_i64,10,134,0,before,112.556597
0,65536,false,sum_i64,10,134,1,after,112.231963
0,65536,false,sum_i64,10,134,2,enum_dynamic,113.974500
0,65536,false,sum_i64,10,134,3,enum_static,114.141478
0,65536,false,sum_i64,10,134,4,bound_dynamic,114.157649
0,65536,false,sum_i64,10,134,5,bound_static,114.255597
0,65536,false,sum_i64,11,134,0,after,114.245030
0,65536,false,sum_i64,11,134,1,enum_dynamic,114.361940
0,65536,false,sum_i64,11,134,2,enum_static,114.170396
0,65536,false,sum_i64,11,134,3,bound_dynamic,114.189985
0,65536,false,sum_i64,11,134,4,bound_static,114.099507
0,65536,false,sum_i64,11,134,5,before,114.250000
0,128,false,sum_f64,0,50000,0,enum_dynamic,0.220337
0,128,false,sum_f64,0,50000,1,enum_static,0.217922
0,128,false,sum_f64,0,50000,2,bound_dynamic,0.215264
0,128,false,sum_f64,0,50000,3,bound_static,0.218681
0,128,false,sum_f64,0,50000,4,before,0.217638
0,128,false,sum_f64,0,50000,5,after,0.228252
0,128,false,sum_f64,1,50000,0,enum_static,0.217588
0,128,false,sum_f64,1,50000,1,bound_dynamic,0.216013
0,128,false,sum_f64,1,50000,2,bound_static,0.217957
0,128,false,sum_f64,1,50000,3,before,0.217694
0,128,false,sum_f64,1,50000,4,after,0.231433
0,128,false,sum_f64,1,50000,5,enum_dynamic,0.221464
0,128,false,sum_f64,2,50000,0,bound_dynamic,0.215926
0,128,false,sum_f64,2,50000,1,bound_static,0.218097
0,128,false,sum_f64,2,50000,2,before,0.217622
0,128,false,sum_f64,2,50000,3,after,0.228277
0,128,false,sum_f64,2,50000,4,enum_dynamic,0.225072
0,128,false,sum_f64,2,50000,5,enum_static,0.216858
0,128,false,sum_f64,3,50000,0,bound_static,0.222658
0,128,false,sum_f64,3,50000,1,before,0.224709
0,128,false,sum_f64,3,50000,2,after,0.228780
0,128,false,sum_f64,3,50000,3,enum_dynamic,0.217539
0,128,false,sum_f64,3,50000,4,enum_static,0.217524
0,128,false,sum_f64,3,50000,5,bound_dynamic,0.216051
0,128,false,sum_f64,4,50000,0,before,0.217802
0,128,false,sum_f64,4,50000,1,after,0.228140
0,128,false,sum_f64,4,50000,2,enum_dynamic,0.217328
0,128,false,sum_f64,4,50000,3,enum_static,0.217673
0,128,false,sum_f64,4,50000,4,bound_dynamic,0.216232
0,128,false,sum_f64,4,50000,5,bound_static,0.220947
0,128,false,sum_f64,5,50000,0,after,0.231166
0,128,false,sum_f64,5,50000,1,enum_dynamic,0.217152
0,128,false,sum_f64,5,50000,2,enum_static,0.217212
0,128,false,sum_f64,5,50000,3,bound_dynamic,0.215524
0,128,false,sum_f64,5,50000,4,bound_static,0.218872
0,128,false,sum_f64,5,50000,5,before,0.217992
0,128,false,sum_f64,6,50000,0,enum_dynamic,0.217470
0,128,false,sum_f64,6,50000,1,enum_static,0.217535
0,128,false,sum_f64,6,50000,2,bound_dynamic,0.215715
0,128,false,sum_f64,6,50000,3,bound_static,0.218417
0,128,false,sum_f64,6,50000,4,before,0.218397
0,128,false,sum_f64,6,50000,5,after,0.230806
0,128,false,sum_f64,7,50000,0,enum_static,0.216860
0,128,false,sum_f64,7,50000,1,bound_dynamic,0.215879
0,128,false,sum_f64,7,50000,2,bound_static,0.218095
0,128,false,sum_f64,7,50000,3,before,0.216798
0,128,false,sum_f64,7,50000,4,after,0.231001
0,128,false,sum_f64,7,50000,5,enum_dynamic,0.217856
0,128,false,sum_f64,8,50000,0,bound_dynamic,0.215300
0,128,false,sum_f64,8,50000,1,bound_static,0.218986
0,128,false,sum_f64,8,50000,2,before,0.217815
0,128,false,sum_f64,8,50000,3,after,0.230160
0,128,false,sum_f64,8,50000,4,enum_dynamic,0.218162
0,128,false,sum_f64,8,50000,5,enum_static,0.217758
0,128,false,sum_f64,9,50000,0,bound_static,0.218121
0,128,false,sum_f64,9,50000,1,before,0.217927
0,128,false,sum_f64,9,50000,2,after,0.231357
0,128,false,sum_f64,9,50000,3,enum_dynamic,0.217287
0,128,false,sum_f64,9,50000,4,enum_static,0.219727
0,128,false,sum_f64,9,50000,5,bound_dynamic,0.218496
0,128,false,sum_f64,10,50000,0,before,0.217273
0,128,false,sum_f64,10,50000,1,after,0.231101
0,128,false,sum_f64,10,50000,2,enum_dynamic,0.217312
0,128,false,sum_f64,10,50000,3,enum_static,0.216903
0,128,false,sum_f64,10,50000,4,bound_dynamic,0.216168
0,128,false,sum_f64,10,50000,5,bound_static,0.218969
0,128,false,sum_f64,11,50000,0,after,0.230840
0,128,false,sum_f64,11,50000,1,enum_dynamic,0.219631
0,128,false,sum_f64,11,50000,2,enum_static,0.220037
0,128,false,sum_f64,11,50000,3,bound_dynamic,0.217338
0,128,false,sum_f64,11,50000,4,bound_static,0.219104
0,128,false,sum_f64,11,50000,5,before,0.217663
0,8192,false,count_i64,0,3927,0,enum_dynamic,3.872337
0,8192,false,count_i64,0,3927,1,enum_static,3.823933
0,8192,false,count_i64,0,3927,2,bound_dynamic,3.822808
0,8192,false,count_i64,0,3927,3,bound_static,3.831190
0,8192,false,count_i64,0,3927,4,before,3.823763
0,8192,false,count_i64,0,3927,5,after,3.820558
0,8192,false,count_i64,1,3927,0,enum_static,3.820474
0,8192,false,count_i64,1,3927,1,bound_dynamic,3.821704
0,8192,false,count_i64,1,3927,2,bound_static,3.827975
0,8192,false,count_i64,1,3927,3,before,3.828272
0,8192,false,count_i64,1,3927,4,after,3.819243
0,8192,false,count_i64,1,3927,5,enum_dynamic,3.818532
0,8192,false,count_i64,2,3927,0,bound_dynamic,3.827370
0,8192,false,count_i64,2,3927,1,bound_static,3.820028
0,8192,false,count_i64,2,3927,2,before,3.834989
0,8192,false,count_i64,2,3927,3,after,3.822490
0,8192,false,count_i64,2,3927,4,enum_dynamic,3.830140
0,8192,false,count_i64,2,3927,5,enum_static,3.829959
0,8192,false,count_i64,3,3927,0,bound_static,3.820028
0,8192,false,count_i64,3,3927,1,before,3.829821
0,8192,false,count_i64,3,3927,2,after,3.818861
0,8192,false,count_i64,3,3927,3,enum_dynamic,3.829514
0,8192,false,count_i64,3,3927,4,enum_static,3.820537
0,8192,false,count_i64,3,3927,5,bound_dynamic,3.824325
0,8192,false,count_i64,4,3927,0,before,3.830363
0,8192,false,count_i64,4,3927,1,after,3.834925
0,8192,false,count_i64,4,3927,2,enum_dynamic,3.901101
0,8192,false,count_i64,4,3927,3,enum_static,3.828962
0,8192,false,count_i64,4,3927,4,bound_dynamic,3.823625
0,8192,false,count_i64,4,3927,5,bound_static,3.833005
0,8192,false,count_i64,5,3927,0,after,3.826373
0,8192,false,count_i64,5,3927,1,enum_dynamic,3.824983
0,8192,false,count_i64,5,3927,2,enum_static,3.824134
0,8192,false,count_i64,5,3927,3,bound_dynamic,3.817322
0,8192,false,count_i64,5,3927,4,bound_static,3.833652
0,8192,false,count_i64,5,3927,5,before,3.884061
0,8192,false,count_i64,6,3927,0,enum_dynamic,3.828898
0,8192,false,count_i64,6,3927,1,enum_static,3.846278
0,8192,false,count_i64,6,3927,2,bound_dynamic,3.830787
0,8192,false,count_i64,6,3927,3,bound_static,3.824060
0,8192,false,count_i64,6,3927,4,before,3.835700
0,8192,false,count_i64,6,3927,5,after,3.830256
0,8192,false,count_i64,7,3927,0,enum_static,3.826012
0,8192,false,count_i64,7,3927,1,bound_dynamic,3.829302
0,8192,false,count_i64,7,3927,2,bound_static,3.827593
0,8192,false,count_i64,7,3927,3,before,3.840930
0,8192,false,count_i64,7,3927,4,after,3.834076
0,8192,false,count_i64,7,3927,5,enum_dynamic,3.830415
0,8192,false,count_i64,8,3927,0,bound_dynamic,3.841779
0,8192,false,count_i64,8,3927,1,bound_static,3.835158
0,8192,false,count_i64,8,3927,2,before,3.829598
0,8192,false,count_i64,8,3927,3,after,3.824240
0,8192,false,count_i64,8,3927,4,enum_dynamic,3.836633
0,8192,false,count_i64,8,3927,5,enum_static,3.820463
0,8192,false,count_i64,9,3927,0,bound_static,3.832463
0,8192,false,count_i64,9,3927,1,before,3.829959
0,8192,false,count_i64,9,3927,2,after,3.833100
0,8192,false,count_i64,9,3927,3,enum_dynamic,3.846681
0,8192,false,count_i64,9,3927,4,enum_static,3.824919
0,8192,false,count_i64,9,3927,5,bound_dynamic,3.833100
0,8192,false,count_i64,10,3927,0,before,3.827890
0,8192,false,count_i64,10,3927,1,after,3.860262
0,8192,false,count_i64,10,3927,2,enum_dynamic,3.912868
0,8192,false,count_i64,10,3927,3,enum_static,3.850968
0,8192,false,count_i64,10,3927,4,bound_dynamic,3.845397
0,8192,false,count_i64,10,3927,5,bound_static,3.830585
0,8192,false,count_i64,11,3927,0,after,3.834819
0,8192,false,count_i64,11,3927,1,enum_dynamic,3.846299
0,8192,false,count_i64,11,3927,2,enum_static,3.828644
0,8192,false,count_i64,11,3927,3,bound_dynamic,3.863806
0,8192,false,count_i64,11,3927,4,bound_static,3.860835
0,8192,false,count_i64,11,3927,5,before,3.825694
0,8192,true,max_i64,0,342,0,enum_dynamic,46.191155
0,8192,true,max_i64,0,342,1,enum_static,44.028266
0,8192,true,max_i64,0,342,2,bound_dynamic,46.633526
0,8192,true,max_i64,0,342,3,bound_static,44.037769
0,8192,true,max_i64,0,342,4,before,46.114646
0,8192,true,max_i64,0,342,5,after,43.965643
0,8192,true,max_i64,1,342,0,enum_static,44.090398
0,8192,true,max_i64,1,342,1,bound_dynamic,46.722465
0,8192,true,max_i64,1,342,2,bound_static,44.003532
0,8192,true,max_i64,1,342,3,before,46.045687
0,8192,true,max_i64,1,342,4,after,44.202974
0,8192,true,max_i64,1,342,5,enum_dynamic,46.250488
0,8192,true,max_i64,2,342,0,bound_dynamic,46.421175
0,8192,true,max_i64,2,342,1,bound_static,44.007310
0,8192,true,max_i64,2,342,2,before,46.090278
0,8192,true,max_i64,2,342,3,after,44.098073
0,8192,true,max_i64,2,342,4,enum_dynamic,46.361354
0,8192,true,max_i64,2,342,5,enum_static,44.058722
0,8192,true,max_i64,3,342,0,bound_static,44.039351
0,8192,true,max_i64,3,342,1,before,46.097953
0,8192,true,max_i64,3,342,2,after,44.309088
0,8192,true,max_i64,3,342,3,enum_dynamic,46.333699
0,8192,true,max_i64,3,342,4,enum_static,44.219664
0,8192,true,max_i64,3,342,5,bound_dynamic,46.830895
0,8192,true,max_i64,4,342,0,before,46.065547
0,8192,true,max_i64,4,342,1,after,43.979289
0,8192,true,max_i64,4,342,2,enum_dynamic,46.794836
0,8192,true,max_i64,4,342,3,enum_static,44.745249
0,8192,true,max_i64,4,342,4,bound_dynamic,46.844784
0,8192,true,max_i64,4,342,5,bound_static,44.144251
0,8192,true,max_i64,5,342,0,after,44.026073
0,8192,true,max_i64,5,342,1,enum_dynamic,46.274731
0,8192,true,max_i64,5,342,2,enum_static,44.021076
0,8192,true,max_i64,5,342,3,bound_dynamic,46.380605
0,8192,true,max_i64,5,342,4,bound_static,44.156678
0,8192,true,max_i64,5,342,5,before,46.129143
0,8192,true,max_i64,6,342,0,enum_dynamic,46.475632
0,8192,true,max_i64,6,342,1,enum_static,44.107699
0,8192,true,max_i64,6,342,2,bound_dynamic,46.344906
0,8192,true,max_i64,6,342,3,bound_static,44.236842
0,8192,true,max_i64,6,342,4,before,46.016205
0,8192,true,max_i64,6,342,5,after,43.962354
0,8192,true,max_i64,7,342,0,enum_static,44.150827
0,8192,true,max_i64,7,342,1,bound_dynamic,46.295076
0,8192,true,max_i64,7,342,2,bound_static,44.024854
0,8192,true,max_i64,7,342,3,before,46.075292
0,8192,true,max_i64,7,342,4,after,44.117570
0,8192,true,max_i64,7,342,5,enum_dynamic,46.201146
0,8192,true,max_i64,8,342,0,bound_dynamic,46.512550
0,8192,true,max_i64,8,342,1,bound_static,44.117567
0,8192,true,max_i64,8,342,2,before,46.054947
0,8192,true,max_i64,8,342,3,after,44.016447
0,8192,true,max_i64,8,342,4,enum_dynamic,46.346614
0,8192,true,max_i64,8,342,5,enum_static,44.334430
0,8192,true,max_i64,9,342,0,bound_static,44.497076
0,8192,true,max_i64,9,342,1,before,46.899488
0,8192,true,max_i64,9,342,2,after,44.020345
0,8192,true,max_i64,9,342,3,enum_dynamic,46.360988
0,8192,true,max_i64,9,342,4,enum_static,44.909965
0,8192,true,max_i64,9,342,5,bound_dynamic,46.466254
0,8192,true,max_i64,10,342,0,before,46.056652
0,8192,true,max_i64,10,342,1,after,44.079070
0,8192,true,max_i64,10,342,2,enum_dynamic,46.441886
0,8192,true,max_i64,10,342,3,enum_static,44.031313
0,8192,true,max_i64,10,342,4,bound_dynamic,46.352216
0,8192,true,max_i64,10,342,5,bound_static,44.006579
0,8192,true,max_i64,11,342,0,after,44.107822
0,8192,true,max_i64,11,342,1,enum_dynamic,46.210526
0,8192,true,max_i64,11,342,2,enum_static,44.026316
0,8192,true,max_i64,11,342,3,bound_dynamic,46.310427
0,8192,true,max_i64,11,342,4,bound_static,44.019980
0,8192,true,max_i64,11,342,5,before,46.163377
0,8192,true,count_distinct_i64,0,38,0,enum_dynamic,398.189711
0,8192,true,count_distinct_i64,0,38,1,enum_static,396.362921
0,8192,true,count_distinct_i64,0,38,2,bound_dynamic,398.680921
0,8192,true,count_distinct_i64,0,38,3,bound_static,398.508789
0,8192,true,count_distinct_i64,0,38,4,before,350.929816
0,8192,true,count_distinct_i64,0,38,5,after,399.282895
0,8192,true,count_distinct_i64,1,38,0,enum_static,391.323474
0,8192,true,count_distinct_i64,1,38,1,bound_dynamic,400.497816
0,8192,true,count_distinct_i64,1,38,2,bound_static,390.072368
0,8192,true,count_distinct_i64,1,38,3,before,342.383763
0,8192,true,count_distinct_i64,1,38,4,after,392.825658
0,8192,true,count_distinct_i64,1,38,5,enum_dynamic,400.315789
0,8192,true,count_distinct_i64,2,38,0,bound_dynamic,401.237947
0,8192,true,count_distinct_i64,2,38,1,bound_static,403.866237
0,8192,true,count_distinct_i64,2,38,2,before,351.708316
0,8192,true,count_distinct_i64,2,38,3,after,396.017553
0,8192,true,count_distinct_i64,2,38,4,enum_dynamic,399.347605
0,8192,true,count_distinct_i64,2,38,5,enum_static,399.471500
0,8192,true,count_distinct_i64,3,38,0,bound_static,397.838816
0,8192,true,count_distinct_i64,3,38,1,before,401.024132
0,8192,true,count_distinct_i64,3,38,2,after,396.519737
0,8192,true,count_distinct_i64,3,38,3,enum_dynamic,397.330026
0,8192,true,count_distinct_i64,3,38,4,enum_static,386.914474
0,8192,true,count_distinct_i64,3,38,5,bound_dynamic,388.998921
0,8192,true,count_distinct_i64,4,38,0,before,387.371711
0,8192,true,count_distinct_i64,4,38,1,after,387.502184
0,8192,true,count_distinct_i64,4,38,2,enum_dynamic,386.912263
0,8192,true,count_distinct_i64,4,38,3,enum_static,386.423263
0,8192,true,count_distinct_i64,4,38,4,bound_dynamic,400.680921
0,8192,true,count_distinct_i64,4,38,5,bound_static,399.813605
0,8192,true,count_distinct_i64,5,38,0,after,390.482447
0,8192,true,count_distinct_i64,5,38,1,enum_dynamic,398.193000
0,8192,true,count_distinct_i64,5,38,2,enum_static,399.915579
0,8192,true,count_distinct_i64,5,38,3,bound_dynamic,400.041684
0,8192,true,count_distinct_i64,5,38,4,bound_static,386.880474
0,8192,true,count_distinct_i64,5,38,5,before,344.039474
0,8192,true,count_distinct_i64,6,38,0,enum_dynamic,385.172158
0,8192,true,count_distinct_i64,6,38,1,enum_static,387.062500
0,8192,true,count_distinct_i64,6,38,2,bound_dynamic,385.169947
0,8192,true,count_distinct_i64,6,38,3,bound_static,386.418868
0,8192,true,count_distinct_i64,6,38,4,before,342.042763
0,8192,true,count_distinct_i64,6,38,5,after,391.298237
0,8192,true,count_distinct_i64,7,38,0,enum_static,392.091000
0,8192,true,count_distinct_i64,7,38,1,bound_dynamic,400.394737
0,8192,true,count_distinct_i64,7,38,2,bound_static,393.765342
0,8192,true,count_distinct_i64,7,38,3,before,343.982447
0,8192,true,count_distinct_i64,7,38,4,after,387.077842
0,8192,true,count_distinct_i64,7,38,5,enum_dynamic,388.341000
0,8192,true,count_distinct_i64,8,38,0,bound_dynamic,387.049342
0,8192,true,count_distinct_i64,8,38,1,bound_static,392.609658
0,8192,true,count_distinct_i64,8,38,2,before,342.676526
0,8192,true,count_distinct_i64,8,38,3,after,384.951763
0,8192,true,count_distinct_i64,8,38,4,enum_dynamic,396.672158
0,8192,true,count_distinct_i64,8,38,5,enum_static,399.599789
0,8192,true,count_distinct_i64,9,38,0,bound_static,398.478079
0,8192,true,count_distinct_i64,9,38,1,before,399.007684
0,8192,true,count_distinct_i64,9,38,2,after,398.095395
0,8192,true,count_distinct_i64,9,38,3,enum_dynamic,398.330053
0,8192,true,count_distinct_i64,9,38,4,enum_static,398.918868
0,8192,true,count_distinct_i64,9,38,5,bound_dynamic,400.773026
0,8192,true,count_distinct_i64,10,38,0,before,396.074553
0,8192,true,count_distinct_i64,10,38,1,after,398.157895
0,8192,true,count_distinct_i64,10,38,2,enum_dynamic,397.424342
0,8192,true,count_distinct_i64,10,38,3,enum_static,385.414474
0,8192,true,count_distinct_i64,10,38,4,bound_dynamic,386.107447
0,8192,true,count_distinct_i64,10,38,5,bound_static,384.711632
0,8192,true,count_distinct_i64,11,38,0,after,386.444079
0,8192,true,count_distinct_i64,11,38,1,enum_dynamic,385.481368
0,8192,true,count_distinct_i64,11,38,2,enum_static,387.190789
0,8192,true,count_distinct_i64,11,38,3,bound_dynamic,385.790579
0,8192,true,count_distinct_i64,11,38,4,bound_static,385.567974
0,8192,true,count_distinct_i64,11,38,5,before,343.050421
0,65536,false,mixed_7,0,8,0,enum_dynamic,4062.484375
0,65536,false,mixed_7,0,8,1,enum_static,3916.349000
0,65536,false,mixed_7,0,8,2,bound_dynamic,3994.937500
0,65536,false,mixed_7,0,8,3,bound_static,3936.078125
0,65536,false,mixed_7,0,8,4,before,3984.020875
0,65536,false,mixed_7,0,8,5,after,3966.760375
0,65536,false,mixed_7,1,8,0,enum_static,3924.401125
0,65536,false,mixed_7,1,8,1,bound_dynamic,4001.838500
0,65536,false,mixed_7,1,8,2,bound_static,3926.750000
0,65536,false,mixed_7,1,8,3,before,3989.198000
0,65536,false,mixed_7,1,8,4,after,4084.104250
0,65536,false,mixed_7,1,8,5,enum_dynamic,4032.713625
0,65536,false,mixed_7,2,8,0,bound_dynamic,4015.151000
0,65536,false,mixed_7,2,8,1,bound_static,3939.796875
0,65536,false,mixed_7,2,8,2,before,4000.338625
0,65536,false,mixed_7,2,8,3,after,3938.932250
0,65536,false,mixed_7,2,8,4,enum_dynamic,4028.000000
0,65536,false,mixed_7,2,8,5,enum_static,3981.260500
0,65536,false,mixed_7,3,8,0,bound_static,3950.843750
0,65536,false,mixed_7,3,8,1,before,3990.015625
0,65536,false,mixed_7,3,8,2,after,3948.182375
0,65536,false,mixed_7,3,8,3,enum_dynamic,4038.557250
0,65536,false,mixed_7,3,8,4,enum_static,3948.635375
0,65536,false,mixed_7,3,8,5,bound_dynamic,4026.677125
0,65536,false,mixed_7,4,8,0,before,4026.364500
0,65536,false,mixed_7,4,8,1,after,3970.859375
0,65536,false,mixed_7,4,8,2,enum_dynamic,4017.812500
0,65536,false,mixed_7,4,8,3,enum_static,3953.364625
0,65536,false,mixed_7,4,8,4,bound_dynamic,4010.406250
0,65536,false,mixed_7,4,8,5,bound_static,3945.869750
0,65536,false,mixed_7,5,8,0,after,3945.651125
0,65536,false,mixed_7,5,8,1,enum_dynamic,4033.937500
0,65536,false,mixed_7,5,8,2,enum_static,3954.104250
0,65536,false,mixed_7,5,8,3,bound_dynamic,3994.953125
0,65536,false,mixed_7,5,8,4,bound_static,3984.541750
0,65536,false,mixed_7,5,8,5,before,4002.974000
0,65536,false,mixed_7,6,8,0,enum_dynamic,4027.973875
0,65536,false,mixed_7,6,8,1,enum_static,3952.026000
0,65536,false,mixed_7,6,8,2,bound_dynamic,4009.869750
0,65536,false,mixed_7,6,8,3,bound_static,3961.026000
0,65536,false,mixed_7,6,8,4,before,3982.656250
0,65536,false,mixed_7,6,8,5,after,4019.104125
0,65536,false,mixed_7,7,8,0,enum_static,3976.630250
0,65536,false,mixed_7,7,8,1,bound_dynamic,4014.671875
0,65536,false,mixed_7,7,8,2,bound_static,3952.885375
0,65536,false,mixed_7,7,8,3,before,3995.380125
0,65536,false,mixed_7,7,8,4,after,4017.401000
0,65536,false,mixed_7,7,8,5,enum_dynamic,4042.541750
0,65536,false,mixed_7,8,8,0,bound_dynamic,4017.099000
0,65536,false,mixed_7,8,8,1,bound_static,3962.458375
0,65536,false,mixed_7,8,8,2,before,3992.093750
0,65536,false,mixed_7,8,8,3,after,3989.484375
0,65536,false,mixed_7,8,8,4,enum_dynamic,4059.286500
0,65536,false,mixed_7,8,8,5,enum_static,3957.713500
0,65536,false,mixed_7,9,8,0,bound_static,3954.948000
0,65536,false,mixed_7,9,8,1,before,4006.671875
0,65536,false,mixed_7,9,8,2,after,3954.546875
0,65536,false,mixed_7,9,8,3,enum_dynamic,4041.906250
0,65536,false,mixed_7,9,8,4,enum_static,3952.697875
0,65536,false,mixed_7,9,8,5,bound_dynamic,4137.948000
0,65536,false,mixed_7,10,8,0,before,4001.260375
0,65536,false,mixed_7,10,8,1,after,3943.802125
0,65536,false,mixed_7,10,8,2,enum_dynamic,4036.968750
0,65536,false,mixed_7,10,8,3,enum_static,3967.083375
0,65536,false,mixed_7,10,8,4,bound_dynamic,4004.854125
0,65536,false,mixed_7,10,8,5,bound_static,4074.895875
0,65536,false,mixed_7,11,8,0,after,3949.911500
0,65536,false,mixed_7,11,8,1,enum_dynamic,4034.723875
0,65536,false,mixed_7,11,8,2,enum_static,3963.401000
0,65536,false,mixed_7,11,8,3,bound_dynamic,4006.802125
0,65536,false,mixed_7,11,8,4,bound_static,3932.401000
0,65536,false,mixed_7,11,8,5,before,3995.380125
0,65536,false,max_i64,0,46,0,enum_dynamic,354.365935
0,65536,false,max_i64,0,46,1,enum_static,343.443848
0,65536,false,max_i64,0,46,2,bound_dynamic,363.769935
0,65536,false,max_i64,0,46,3,bound_static,334.539848
0,65536,false,max_i64,0,46,4,before,335.916674
0,65536,false,max_i64,0,46,5,after,332.566109
0,65536,false,max_i64,1,46,0,enum_static,333.798913
0,65536,false,max_i64,1,46,1,bound_dynamic,353.076087
0,65536,false,max_i64,1,46,2,bound_static,334.506348
0,65536,false,max_i64,1,46,3,before,334.432978
0,65536,false,max_i64,1,46,4,after,332.375913
0,65536,false,max_i64,1,46,5,enum_dynamic,353.303457
0,65536,false,max_i64,2,46,0,bound_dynamic,354.798022
0,65536,false,max_i64,2,46,1,bound_static,332.522630
0,65536,false,max_i64,2,46,2,before,334.896739
0,65536,false,max_i64,2,46,3,after,332.422087
0,65536,false,max_i64,2,46,4,enum_dynamic,352.528087
0,65536,false,max_i64,2,46,5,enum_static,337.538043
0,65536,false,max_i64,3,46,0,bound_static,338.855087
0,65536,false,max_i64,3,46,1,before,338.361413
0,65536,false,max_i64,3,46,2,after,336.531696
0,65536,false,max_i64,3,46,3,enum_dynamic,355.114130
0,65536,false,max_i64,3,46,4,enum_static,335.028065
0,65536,false,max_i64,3,46,5,bound_dynamic,357.623174
0,65536,false,max_i64,4,46,0,before,336.719196
0,65536,false,max_i64,4,46,1,after,334.320652
0,65536,false,max_i64,4,46,2,enum_dynamic,353.445652
0,65536,false,max_i64,4,46,3,enum_static,334.807978
0,65536,false,max_i64,4,46,4,bound_dynamic,353.872283
0,65536,false,max_i64,4,46,5,bound_static,336.893130
0,65536,false,max_i64,5,46,0,after,341.182065
0,65536,false,max_i64,5,46,1,enum_dynamic,354.667565
0,65536,false,max_i64,5,46,2,enum_static,335.700174
0,65536,false,max_i64,5,46,3,bound_dynamic,369.131348
0,65536,false,max_i64,5,46,4,bound_static,346.038957
0,65536,false,max_i64,5,46,5,before,340.469196
0,65536,false,max_i64,6,46,0,enum_dynamic,353.581522
0,65536,false,max_i64,6,46,1,enum_static,333.833348
0,65536,false,max_i64,6,46,2,bound_dynamic,354.579717
0,65536,false,max_i64,6,46,3,bound_static,336.835152
0,65536,false,max_i64,6,46,4,before,337.209239
0,65536,false,max_i64,6,46,5,after,333.520826
0,65536,false,max_i64,7,46,0,enum_static,335.390391
0,65536,false,max_i64,7,46,1,bound_dynamic,351.918478
0,65536,false,max_i64,7,46,2,bound_static,336.936609
0,65536,false,max_i64,7,46,3,before,334.965587
0,65536,false,max_i64,7,46,4,after,334.221935
0,65536,false,max_i64,7,46,5,enum_dynamic,357.589674
0,65536,false,max_i64,8,46,0,bound_dynamic,352.561587
0,65536,false,max_i64,8,46,1,bound_static,334.319761
0,65536,false,max_i64,8,46,2,before,337.220109
0,65536,false,max_i64,8,46,3,after,335.118652
0,65536,false,max_i64,8,46,4,enum_dynamic,354.254522
0,65536,false,max_i64,8,46,5,enum_static,333.673913
0,65536,false,max_i64,9,46,0,bound_static,336.158522
0,65536,false,max_i64,9,46,1,before,335.619565
0,65536,false,max_i64,9,46,2,after,338.026261
0,65536,false,max_i64,9,46,3,enum_dynamic,363.451087
0,65536,false,max_i64,9,46,4,enum_static,338.610500
0,65536,false,max_i64,9,46,5,bound_dynamic,355.201978
0,65536,false,max_i64,10,46,0,before,336.728261
0,65536,false,max_i64,10,46,1,after,336.317935
0,65536,false,max_i64,10,46,2,enum_dynamic,352.693826
0,65536,false,max_i64,10,46,3,enum_static,334.294391
0,65536,false,max_i64,10,46,4,bound_dynamic,352.604174
0,65536,false,max_i64,10,46,5,bound_static,338.581522
0,65536,false,max_i64,11,46,0,after,334.571565
0,65536,false,max_i64,11,46,1,enum_dynamic,352.392217
0,65536,false,max_i64,11,46,2,enum_static,333.148543
0,65536,false,max_i64,11,46,3,bound_dynamic,354.408522
0,65536,false,max_i64,11,46,4,bound_static,333.020826
0,65536,false,max_i64,11,46,5,before,333.756326
0,8192,false,sum_f64,0,2285,0,enum_dynamic,6.614825
0,8192,false,sum_f64,0,2285,1,enum_static,6.596663
0,8192,false,sum_f64,0,2285,2,bound_dynamic,6.604212
0,8192,false,sum_f64,0,2285,3,bound_static,6.600583
0,8192,false,sum_f64,0,2285,4,before,6.604941
0,8192,false,sum_f64,0,2285,5,after,6.587400
0,8192,false,sum_f64,1,2285,0,enum_static,6.611652
0,8192,false,sum_f64,1,2285,1,bound_dynamic,6.604705
0,8192,false,sum_f64,1,2285,2,bound_static,6.706966
0,8192,false,sum_f64,1,2285,3,before,6.579249
0,8192,false,sum_f64,1,2285,4,after,6.587582
0,8192,false,sum_f64,1,2285,5,enum_dynamic,6.594384
0,8192,false,sum_f64,2,2285,0,bound_dynamic,6.620733
0,8192,false,sum_f64,2,2285,1,bound_static,6.694220
0,8192,false,sum_f64,2,2285,2,before,6.601459
0,8192,false,sum_f64,2,2285,3,after,6.608388
0,8192,false,sum_f64,2,2285,4,enum_dynamic,6.583789
0,8192,false,sum_f64,2,2285,5,enum_static,6.652370
0,8192,false,sum_f64,3,2285,0,bound_static,6.737819
0,8192,false,sum_f64,3,2285,1,before,6.735358
0,8192,false,sum_f64,3,2285,2,after,6.707257
0,8192,false,sum_f64,3,2285,3,enum_dynamic,6.724526
0,8192,false,sum_f64,3,2285,4,enum_static,6.748888
0,8192,false,sum_f64,3,2285,5,bound_dynamic,6.629322
0,8192,false,sum_f64,4,2285,0,before,6.586944
0,8192,false,sum_f64,4,2285,1,after,6.577188
0,8192,false,sum_f64,4,2285,2,enum_dynamic,6.590244
0,8192,false,sum_f64,4,2285,3,enum_static,6.580105
0,8192,false,sum_f64,4,2285,4,bound_dynamic,6.626422
0,8192,false,sum_f64,4,2285,5,bound_static,6.597283
0,8192,false,sum_f64,5,2285,0,after,6.595751
0,8192,false,sum_f64,5,2285,1,enum_dynamic,6.590572
0,8192,false,sum_f64,5,2285,2,enum_static,6.601404
0,8192,false,sum_f64,5,2285,3,bound_dynamic,6.591885
0,8192,false,sum_f64,5,2285,4,bound_static,6.610430
0,8192,false,sum_f64,5,2285,5,before,6.584409
0,8192,false,sum_f64,6,2285,0,enum_dynamic,6.582440
0,8192,false,sum_f64,6,2285,1,enum_static,6.578592
0,8192,false,sum_f64,6,2285,2,bound_dynamic,6.588676
0,8192,false,sum_f64,6,2285,3,bound_static,6.598578
0,8192,false,sum_f64,6,2285,4,before,6.574362
0,8192,false,sum_f64,6,2285,5,after,6.599253
0,8192,false,sum_f64,7,2285,0,enum_static,6.590573
0,8192,false,sum_f64,7,2285,1,bound_dynamic,6.609701
0,8192,false,sum_f64,7,2285,2,bound_static,6.602553
0,8192,false,sum_f64,7,2285,3,before,6.597502
0,8192,false,sum_f64,7,2285,4,after,6.666320
0,8192,false,sum_f64,7,2285,5,enum_dynamic,6.705343
0,8192,false,sum_f64,8,2285,0,bound_dynamic,6.728410
0,8192,false,sum_f64,8,2285,1,bound_static,6.764861
0,8192,false,sum_f64,8,2285,2,before,6.677061
0,8192,false,sum_f64,8,2285,3,after,6.599270
0,8192,false,sum_f64,8,2285,4,enum_dynamic,6.604595
0,8192,false,sum_f64,8,2285,5,enum_static,6.589351
0,8192,false,sum_f64,9,2285,0,bound_static,6.608643
0,8192,false,sum_f64,9,2285,1,before,6.581473
0,8192,false,sum_f64,9,2285,2,after,6.591174
0,8192,false,sum_f64,9,2285,3,enum_dynamic,6.578282
0,8192,false,sum_f64,9,2285,4,enum_static,6.584792
0,8192,false,sum_f64,9,2285,5,bound_dynamic,6.594001
0,8192,false,sum_f64,10,2285,0,before,6.575456
0,8192,false,sum_f64,10,2285,1,after,6.577024
0,8192,false,sum_f64,10,2285,2,enum_dynamic,6.607057
0,8192,false,sum_f64,10,2285,3,enum_static,6.596353
0,8192,false,sum_f64,10,2285,4,bound_dynamic,6.598833
0,8192,false,sum_f64,10,2285,5,bound_static,6.600200
0,8192,false,sum_f64,11,2285,0,after,6.631054
0,8192,false,sum_f64,11,2285,1,enum_dynamic,6.722247
0,8192,false,sum_f64,11,2285,2,enum_static,6.725000
0,8192,false,sum_f64,11,2285,3,bound_dynamic,6.726933
0,8192,false,sum_f64,11,2285,4,bound_static,6.749380
0,8192,false,sum_f64,11,2285,5,before,6.721554
0,65536,true,min_i64,0,45,0,enum_dynamic,370.828711
0,65536,true,min_i64,0,45,1,enum_static,341.127778
0,65536,true,min_i64,0,45,2,bound_dynamic,371.113889
0,65536,true,min_i64,0,45,3,bound_static,341.253711
0,65536,true,min_i64,0,45,4,before,369.536111
0,65536,true,min_i64,0,45,5,after,339.999089
0,65536,true,min_i64,1,45,0,enum_static,340.824067
0,65536,true,min_i64,1,45,1,bound_dynamic,376.058333
0,65536,true,min_i64,1,45,2,bound_static,336.987956
0,65536,true,min_i64,1,45,3,before,361.197222
0,65536,true,min_i64,1,45,4,after,334.800000
0,65536,true,min_i64,1,45,5,enum_dynamic,363.857400
0,65536,true,min_i64,2,45,0,bound_dynamic,365.163889
0,65536,true,min_i64,2,45,1,bound_static,334.178711
0,65536,true,min_i64,2,45,2,before,361.871289
0,65536,true,min_i64,2,45,3,after,332.953689
0,65536,true,min_i64,2,45,4,enum_dynamic,364.693511
0,65536,true,min_i64,2,45,5,enum_static,334.385178
0,65536,true,min_i64,3,45,0,bound_static,335.366667
0,65536,true,min_i64,3,45,1,before,361.145356
0,65536,true,min_i64,3,45,2,after,334.141667
0,65536,true,min_i64,3,45,3,enum_dynamic,364.562044
0,65536,true,min_i64,3,45,4,enum_static,335.100911
0,65536,true,min_i64,3,45,5,bound_dynamic,363.762956
0,65536,true,min_i64,4,45,0,before,359.794444
0,65536,true,min_i64,4,45,1,after,334.959244
0,65536,true,min_i64,4,45,2,enum_dynamic,365.538889
0,65536,true,min_i64,4,45,3,enum_static,334.334267
0,65536,true,min_i64,4,45,4,bound_dynamic,364.591667
0,65536,true,min_i64,4,45,5,bound_static,336.306489
0,65536,true,min_i64,5,45,0,after,334.405556
0,65536,true,min_i64,5,45,1,enum_dynamic,365.159244
0,65536,true,min_i64,5,45,2,enum_static,334.809267
0,65536,true,min_i64,5,45,3,bound_dynamic,364.375000
0,65536,true,min_i64,5,45,4,bound_static,335.296289
0,65536,true,min_i64,5,45,5,before,370.796311
0,65536,true,min_i64,6,45,0,enum_dynamic,366.189800
0,65536,true,min_i64,6,45,1,enum_static,338.280556
0,65536,true,min_i64,6,45,2,bound_dynamic,366.149067
0,65536,true,min_i64,6,45,3,bound_static,335.237956
0,65536,true,min_i64,6,45,4,before,360.685200
0,65536,true,min_i64,6,45,5,after,334.699067
0,65536,true,min_i64,7,45,0,enum_static,334.698133
0,65536,true,min_i64,7,45,1,bound_dynamic,363.296311
0,65536,true,min_i64,7,45,2,bound_static,333.652778
0,65536,true,min_i64,7,45,3,before,359.905556
0,65536,true,min_i64,7,45,4,after,332.523133
0,65536,true,min_i64,7,45,5,enum_dynamic,364.722222
0,65536,true,min_i64,8,45,0,bound_dynamic,363.178711
0,65536,true,min_i64,8,45,1,bound_static,333.787956
0,65536,true,min_i64,8,45,2,before,361.745378
0,65536,true,min_i64,8,45,3,after,332.972222
0,65536,true,min_i64,8,45,4,enum_dynamic,364.876867
0,65536,true,min_i64,8,45,5,enum_static,335.323156
0,65536,true,min_i64,9,45,0,bound_static,334.848156
0,65536,true,min_i64,9,45,1,before,370.001844
0,65536,true,min_i64,9,45,2,after,333.749089
0,65536,true,min_i64,9,45,3,enum_dynamic,363.891667
0,65536,true,min_i64,9,45,4,enum_static,334.763889
0,65536,true,min_i64,9,45,5,bound_dynamic,366.314822
0,65536,true,min_i64,10,45,0,before,361.410178
0,65536,true,min_i64,10,45,1,after,333.331467
0,65536,true,min_i64,10,45,2,enum_dynamic,364.279644
0,65536,true,min_i64,10,45,3,enum_static,335.618533
0,65536,true,min_i64,10,45,4,bound_dynamic,365.151844
0,65536,true,min_i64,10,45,5,bound_static,334.019444
0,65536,true,min_i64,11,45,0,after,332.774067
0,65536,true,min_i64,11,45,1,enum_dynamic,364.566667
0,65536,true,min_i64,11,45,2,enum_static,337.958333
0,65536,true,min_i64,11,45,3,bound_dynamic,364.989800
0,65536,true,min_i64,11,45,4,bound_static,334.950000
0,65536,true,min_i64,11,45,5,before,374.568511
0,65536,false,count_i64,0,492,0,enum_dynamic,30.620173
0,65536,false,count_i64,0,492,1,enum_static,30.509315
0,65536,false,count_i64,0,492,2,bound_dynamic,30.607386
0,65536,false,count_i64,0,492,3,bound_static,30.549203
0,65536,false,count_i64,0,492,4,before,31.142616
0,65536,false,count_i64,0,492,5,after,30.597053
0,65536,false,count_i64,1,492,0,enum_static,30.591972
0,65536,false,count_i64,1,492,1,bound_dynamic,30.576136
0,65536,false,count_i64,1,492,2,bound_static,30.605862
0,65536,false,count_i64,1,492,3,before,31.056063
0,65536,false,count_i64,1,492,4,after,30.533283
0,65536,false,count_i64,1,492,5,enum_dynamic,30.698339
0,65536,false,count_i64,2,492,0,bound_dynamic,30.522951
0,65536,false,count_i64,2,492,1,bound_static,30.613650
0,65536,false,count_i64,2,492,2,before,30.932756
0,65536,false,count_i64,2,492,3,after,30.595953
0,65536,false,count_i64,2,492,4,enum_dynamic,30.698254
0,65536,false,count_i64,2,492,5,enum_static,30.769817
0,65536,false,count_i64,3,492,0,bound_static,30.522104
0,65536,false,count_i64,3,492,1,before,31.012278
0,65536,false,count_i64,3,492,2,after,30.592140
0,65536,false,count_i64,3,492,3,enum_dynamic,30.618394
0,65536,false,count_i64,3,492,4,enum_static,30.618648
0,65536,false,count_i64,3,492,5,bound_dynamic,30.571732
0,65536,false,count_i64,4,492,0,before,31.176575
0,65536,false,count_i64,4,492,1,after,30.558352
0,65536,false,count_i64,4,492,2,enum_dynamic,31.564278
0,65536,false,count_i64,4,492,3,enum_static,30.811059
0,65536,false,count_i64,4,492,4,bound_dynamic,30.633892
0,65536,false,count_i64,4,492,5,bound_static,30.649305
0,65536,false,count_i64,5,492,0,after,30.586299
0,65536,false,count_i64,5,492,1,enum_dynamic,30.583673
0,65536,false,count_i64,5,492,2,enum_static,30.513211
0,65536,false,count_i64,5,492,3,bound_dynamic,30.519309
0,65536,false,count_i64,5,492,4,bound_static,30.984163
0,65536,false,count_i64,5,492,5,before,31.328252
0,65536,false,count_i64,6,492,0,enum_dynamic,30.605437
0,65536,false,count_i64,6,492,1,enum_static,30.542006
0,65536,false,count_i64,6,492,2,bound_dynamic,30.718413
0,65536,false,count_i64,6,492,3,bound_static,30.525238
0,65536,false,count_i64,6,492,4,before,31.013888
0,65536,false,count_i64,6,492,5,after,30.517022
0,65536,false,count_i64,7,492,0,enum_static,30.525238
0,65536,false,count_i64,7,492,1,bound_dynamic,30.590024
0,65536,false,count_i64,7,492,2,bound_static,30.619073
0,65536,false,count_i64,7,492,3,before,31.015498
0,65536,false,count_i64,7,492,4,after,30.575880
0,65536,false,count_i64,7,492,5,enum_dynamic,30.551746
0,65536,false,count_i64,8,492,0,bound_dynamic,30.670478
0,65536,false,count_i64,8,492,1,bound_static,30.549543
0,65536,false,count_i64,8,492,2,before,31.094004
0,65536,false,count_i64,8,492,3,after,30.730774
0,65536,false,count_i64,8,492,4,enum_dynamic,30.563433
0,65536,false,count_i64,8,492,5,enum_static,30.581132
0,65536,false,count_i64,9,492,0,bound_static,30.535654
0,65536,false,count_i64,9,492,1,before,31.041581
0,65536,false,count_i64,9,492,2,after,30.638803
0,65536,false,count_i64,9,492,3,enum_dynamic,30.569360
0,65536,false,count_i64,9,492,4,enum_static,30.581640
0,65536,false,count_i64,9,492,5,bound_dynamic,30.540396
0,65536,false,count_i64,10,492,0,before,31.212907
0,65536,false,count_i64,10,492,1,after,30.568343
0,65536,false,count_i64,10,492,2,enum_dynamic,30.554370
0,65536,false,count_i64,10,492,3,enum_static,30.522189
0,65536,false,count_i64,10,492,4,bound_dynamic,31.072494
0,65536,false,count_i64,10,492,5,bound_static,30.591463
0,65536,false,count_i64,11,492,0,after,30.620173
0,65536,false,count_i64,11,492,1,enum_dynamic,30.547510
0,65536,false,count_i64,11,492,2,enum_static,30.597222
0,65536,false,count_i64,11,492,3,bound_dynamic,31.175220
0,65536,false,count_i64,11,492,4,bound_static,30.847222
0,65536,false,count_i64,11,492,5,before,31.080622
0,65536,false,sum_f64,0,295,0,enum_dynamic,51.084746
0,65536,false,sum_f64,0,295,1,enum_static,51.223586
0,65536,false,sum_f64,0,295,2,bound_dynamic,51.484041
0,65536,false,sum_f64,0,295,3,bound_static,51.583193
0,65536,false,sum_f64,0,295,4,before,51.213278
0,65536,false,sum_f64,0,295,5,after,51.435169
0,65536,false,sum_f64,1,295,0,enum_static,52.095620
0,65536,false,sum_f64,1,295,1,bound_dynamic,52.222458
0,65536,false,sum_f64,1,295,2,bound_static,52.134607
0,65536,false,sum_f64,1,295,3,before,52.214831
0,65536,false,sum_f64,1,295,4,after,52.118644
0,65536,false,sum_f64,1,295,5,enum_dynamic,52.078108
0,65536,false,sum_f64,2,295,0,bound_dynamic,52.193505
0,65536,false,sum_f64,2,295,1,bound_static,52.046329
0,65536,false,sum_f64,2,295,2,before,52.198447
0,65536,false,sum_f64,2,295,3,after,52.083193
0,65536,false,sum_f64,2,295,4,enum_dynamic,52.194634
0,65536,false,sum_f64,2,295,5,enum_static,51.978251
0,65536,false,sum_f64,3,295,0,bound_static,51.856071
0,65536,false,sum_f64,3,295,1,before,52.456922
0,65536,false,sum_f64,3,295,2,after,51.346186
0,65536,false,sum_f64,3,295,3,enum_dynamic,51.452966
0,65536,false,sum_f64,3,295,4,enum_static,51.379522
0,65536,false,sum_f64,3,295,5,bound_dynamic,52.046753
0,65536,false,sum_f64,4,295,0,before,51.506356
0,65536,false,sum_f64,4,295,1,after,51.269776
0,65536,false,sum_f64,4,295,2,enum_dynamic,51.127966
0,65536,false,sum_f64,4,295,3,enum_static,51.055932
0,65536,false,sum_f64,4,295,4,bound_dynamic,51.293078
0,65536,false,sum_f64,4,295,5,bound_static,51.093078
0,65536,false,sum_f64,5,295,0,after,52.130932
0,65536,false,sum_f64,5,295,1,enum_dynamic,51.514969
0,65536,false,sum_f64,5,295,2,enum_static,51.098586
0,65536,false,sum_f64,5,295,3,bound_dynamic,51.080508
0,65536,false,sum_f64,5,295,4,bound_static,51.052966
0,65536,false,sum_f64,5,295,5,before,51.120478
0,65536,false,sum_f64,6,295,0,enum_dynamic,51.201556
0,65536,false,sum_f64,6,295,1,enum_static,51.161441
0,65536,false,sum_f64,6,295,2,bound_dynamic,51.116949
0,65536,false,sum_f64,6,295,3,bound_static,51.469492
0,65536,false,sum_f64,6,295,4,before,51.227827
0,65536,false,sum_f64,6,295,5,after,51.078108
0,65536,false,sum_f64,7,295,0,enum_static,51.287569
0,65536,false,sum_f64,7,295,1,bound_dynamic,52.084183
0,65536,false,sum_f64,7,295,2,bound_static,51.410875
0,65536,false,sum_f64,7,295,3,before,52.046186
0,65536,false,sum_f64,7,295,4,after,52.063136
0,65536,false,sum_f64,7,295,5,enum_dynamic,52.103814
0,65536,false,sum_f64,8,295,0,bound_dynamic,52.121892
0,65536,false,sum_f64,8,295,1,bound_static,52.091668
0,65536,false,sum_f64,8,295,2,before,52.091807
0,65536,false,sum_f64,8,295,3,after,52.254661
0,65536,false,sum_f64,8,295,4,enum_dynamic,52.323166
0,65536,false,sum_f64,8,295,5,enum_static,52.149719
0,65536,false,sum_f64,9,295,0,bound_static,52.118502
0,65536,false,sum_f64,9,295,1,before,52.380224
0,65536,false,sum_f64,9,295,2,after,51.564549
0,65536,false,sum_f64,9,295,3,enum_dynamic,51.206922
0,65536,false,sum_f64,9,295,4,enum_static,51.226271
0,65536,false,sum_f64,9,295,5,bound_dynamic,51.132627
0,65536,false,sum_f64,10,295,0,before,51.333614
0,65536,false,sum_f64,10,295,1,after,51.115678
0,65536,false,sum_f64,10,295,2,enum_dynamic,51.218220
0,65536,false,sum_f64,10,295,3,enum_static,51.240678
0,65536,false,sum_f64,10,295,4,bound_dynamic,51.257485
0,65536,false,sum_f64,10,295,5,bound_static,52.223871
0,65536,false,sum_f64,11,295,0,after,51.558193
0,65536,false,sum_f64,11,295,1,enum_dynamic,51.178532
0,65536,false,sum_f64,11,295,2,enum_static,51.242654
0,65536,false,sum_f64,11,295,3,bound_dynamic,51.195905
0,65536,false,sum_f64,11,295,4,bound_static,51.228675
0,65536,false,sum_f64,11,295,5,before,51.185169
0,128,false,min_i64,0,20069,0,enum_dynamic,0.790932
0,128,false,min_i64,0,20069,1,enum_static,0.712567
0,128,false,min_i64,0,20069,2,bound_dynamic,0.807055
0,128,false,min_i64,0,20069,3,bound_static,0.723226
0,128,false,min_i64,0,20069,4,before,0.782328
0,128,false,min_i64,0,20069,5,after,0.714178
0,128,false,min_i64,1,20069,0,enum_static,0.710621
0,128,false,min_i64,1,20069,1,bound_dynamic,0.809511
0,128,false,min_i64,1,20069,2,bound_static,0.722848
0,128,false,min_i64,1,20069,3,before,0.780640
0,128,false,min_i64,1,20069,4,after,0.713904
0,128,false,min_i64,1,20069,5,enum_dynamic,0.800914
0,128,false,min_i64,2,20069,0,bound_dynamic,0.806347
0,128,false,min_i64,2,20069,1,bound_static,0.728125
0,128,false,min_i64,2,20069,2,before,0.782652
0,128,false,min_i64,2,20069,3,after,0.713277
0,128,false,min_i64,2,20069,4,enum_dynamic,0.791604
0,128,false,min_i64,2,20069,5,enum_static,0.711022
0,128,false,min_i64,3,20069,0,bound_static,0.723226
0,128,false,min_i64,3,20069,1,before,0.781018
0,128,false,min_i64,3,20069,2,after,0.719968
0,128,false,min_i64,3,20069,3,enum_dynamic,0.804090
0,128,false,min_i64,3,20069,4,enum_static,0.722927
0,128,false,min_i64,3,20069,5,bound_dynamic,0.820675
0,128,false,min_i64,4,20069,0,before,0.791455
0,128,false,min_i64,4,20069,1,after,0.711601
0,128,false,min_i64,4,20069,2,enum_dynamic,0.788189
0,128,false,min_i64,4,20069,3,enum_static,0.712286
0,128,false,min_i64,4,20069,4,bound_dynamic,0.808295
0,128,false,min_i64,4,20069,5,bound_static,0.720265
0,128,false,min_i64,5,20069,0,after,0.713607
0,128,false,min_i64,5,20069,1,enum_dynamic,0.788006
0,128,false,min_i64,5,20069,2,enum_static,0.712183
0,128,false,min_i64,5,20069,3,bound_dynamic,0.796708
0,128,false,min_i64,5,20069,4,bound_static,0.720514
0,128,false,min_i64,5,20069,5,before,0.778294
0,128,false,min_i64,6,20069,0,enum_dynamic,0.800497
0,128,false,min_i64,6,20069,1,enum_static,0.714869
0,128,false,min_i64,6,20069,2,bound_dynamic,0.797796
0,128,false,min_i64,6,20069,3,bound_static,0.717850
0,128,false,min_i64,6,20069,4,before,0.780125
0,128,false,min_i64,6,20069,5,after,0.709996
0,128,false,min_i64,7,20069,0,enum_static,0.710472
0,128,false,min_i64,7,20069,1,bound_dynamic,0.795819
0,128,false,min_i64,7,20069,2,bound_static,0.717429
0,128,false,min_i64,7,20069,3,before,0.780283
0,128,false,min_i64,7,20069,4,after,0.708900
0,128,false,min_i64,7,20069,5,enum_dynamic,0.805176
0,128,false,min_i64,8,20069,0,bound_dynamic,0.795582
0,128,false,min_i64,8,20069,1,bound_static,0.727166
0,128,false,min_i64,8,20069,2,before,0.779058
0,128,false,min_i64,8,20069,3,after,0.717425
0,128,false,min_i64,8,20069,4,enum_dynamic,0.788517
0,128,false,min_i64,8,20069,5,enum_static,0.711419
0,128,false,min_i64,9,20069,0,bound_static,0.725694
0,128,false,min_i64,9,20069,1,before,0.780298
0,128,false,min_i64,9,20069,2,after,0.715519
0,128,false,min_i64,9,20069,3,enum_dynamic,0.788436
0,128,false,min_i64,9,20069,4,enum_static,0.712394
0,128,false,min_i64,9,20069,5,bound_dynamic,0.807495
0,128,false,min_i64,10,20069,0,before,0.797594
0,128,false,min_i64,10,20069,1,after,0.713997
0,128,false,min_i64,10,20069,2,enum_dynamic,0.789439
0,128,false,min_i64,10,20069,3,enum_static,0.709349
0,128,false,min_i64,10,20069,4,bound_dynamic,0.818877
0,128,false,min_i64,10,20069,5,bound_static,0.719472
0,128,false,min_i64,11,20069,0,after,0.713183
0,128,false,min_i64,11,20069,1,enum_dynamic,0.794860
0,128,false,min_i64,11,20069,2,enum_static,0.710372
0,128,false,min_i64,11,20069,3,bound_dynamic,0.803150
0,128,false,min_i64,11,20069,4,bound_static,0.719989
0,128,false,min_i64,11,20069,5,before,0.782824
0,8192,true,sum_u64,0,909,0,enum_dynamic,16.576595
0,8192,true,sum_u64,0,909,1,enum_static,16.559360
0,8192,true,sum_u64,0,909,2,bound_dynamic,16.529153
0,8192,true,sum_u64,0,909,3,bound_static,16.544554
0,8192,true,sum_u64,0,909,4,before,16.534471
0,8192,true,sum_u64,0,909,5,after,16.836541
0,8192,true,sum_u64,1,909,0,enum_static,16.624954
0,8192,true,sum_u64,1,909,1,bound_dynamic,16.725798
0,8192,true,sum_u64,1,909,2,bound_static,16.572974
0,8192,true,sum_u64,1,909,3,before,16.543683
0,8192,true,sum_u64,1,909,4,after,16.580308
0,8192,true,sum_u64,1,909,5,enum_dynamic,16.533553
0,8192,true,sum_u64,2,909,0,bound_dynamic,16.593509
0,8192,true,sum_u64,2,909,1,bound_static,16.542217
0,8192,true,sum_u64,2,909,2,before,16.563761
0,8192,true,sum_u64,2,909,3,after,16.530024
0,8192,true,sum_u64,2,909,4,enum_dynamic,16.542537
0,8192,true,sum_u64,2,909,5,enum_static,16.594747
0,8192,true,sum_u64,3,909,0,bound_static,16.533737
0,8192,true,sum_u64,3,909,1,before,16.519802
0,8192,true,sum_u64,3,909,2,after,16.709525
0,8192,true,sum_u64,3,909,3,enum_dynamic,16.850156
0,8192,true,sum_u64,3,909,4,enum_static,16.870325
0,8192,true,sum_u64,3,909,5,bound_dynamic,16.897965
0,8192,true,sum_u64,4,909,0,before,16.834388
0,8192,true,sum_u64,4,909,1,after,16.856894
0,8192,true,sum_u64,4,909,2,enum_dynamic,16.931839
0,8192,true,sum_u64,4,909,3,enum_static,16.625641
0,8192,true,sum_u64,4,909,4,bound_dynamic,16.629492
0,8192,true,sum_u64,4,909,5,bound_static,16.537633
0,8192,true,sum_u64,5,909,0,after,16.536121
0,8192,true,sum_u64,5,909,1,enum_dynamic,16.492758
0,8192,true,sum_u64,5,909,2,enum_static,16.557481
0,8192,true,sum_u64,5,909,3,bound_dynamic,16.530803
0,8192,true,sum_u64,5,909,4,bound_static,16.550147
0,8192,true,sum_u64,5,909,5,before,16.550101
0,8192,true,sum_u64,6,909,0,enum_dynamic,16.748854
0,8192,true,sum_u64,6,909,1,enum_static,16.914237
0,8192,true,sum_u64,6,909,2,bound_dynamic,16.862120
0,8192,true,sum_u64,6,909,3,bound_static,16.880729
0,8192,true,sum_u64,6,909,4,before,16.893059
0,8192,true,sum_u64,6,909,5,after,16.821737
0,8192,true,sum_u64,7,909,0,enum_static,16.844197
0,8192,true,sum_u64,7,909,1,bound_dynamic,16.976439
0,8192,true,sum_u64,7,909,2,bound_static,16.815824
0,8192,true,sum_u64,7,909,3,before,16.854464
0,8192,true,sum_u64,7,909,4,after,16.824166
0,8192,true,sum_u64,7,909,5,enum_dynamic,16.873991
0,8192,true,sum_u64,8,909,0,bound_dynamic,16.868079
0,8192,true,sum_u64,8,909,1,bound_static,16.871378
0,8192,true,sum_u64,8,909,2,before,16.825541
0,8192,true,sum_u64,8,909,3,after,16.843327
0,8192,true,sum_u64,8,909,4,enum_dynamic,16.856481
0,8192,true,sum_u64,8,909,5,enum_static,16.894527
0,8192,true,sum_u64,9,909,0,bound_static,16.853594
0,8192,true,sum_u64,9,909,1,before,16.831179
0,8192,true,sum_u64,9,909,2,after,16.859415
0,8192,true,sum_u64,9,909,3,enum_dynamic,16.834296
0,8192,true,sum_u64,9,909,4,enum_static,16.870462
0,8192,true,sum_u64,9,909,5,bound_dynamic,16.829941
0,8192,true,sum_u64,10,909,0,before,16.876191
0,8192,true,sum_u64,10,909,1,after,16.969656
0,8192,true,sum_u64,10,909,2,enum_dynamic,16.567337
0,8192,true,sum_u64,10,909,3,enum_static,16.593327
0,8192,true,sum_u64,10,909,4,bound_dynamic,16.826641
0,8192,true,sum_u64,10,909,5,bound_static,16.694490
0,8192,true,sum_u64,11,909,0,after,16.487211
0,8192,true,sum_u64,11,909,1,enum_dynamic,16.542537
0,8192,true,sum_u64,11,909,2,enum_static,16.530437
0,8192,true,sum_u64,11,909,3,bound_dynamic,16.583930
0,8192,true,sum_u64,11,909,4,bound_static,16.566235
0,8192,true,sum_u64,11,909,5,before,16.745553
0,65536,false,covar_i64,0,74,0,enum_dynamic,208.094041
0,65536,false,covar_i64,0,74,1,enum_static,207.663284
0,65536,false,covar_i64,0,74,2,bound_dynamic,207.862041
0,65536,false,covar_i64,0,74,3,bound_static,207.614865
0,65536,false,covar_i64,0,74,4,before,213.726905
0,65536,false,covar_i64,0,74,5,after,207.629514
0,65536,false,covar_i64,1,74,0,enum_static,208.079959
0,65536,false,covar_i64,1,74,1,bound_dynamic,207.640203
0,65536,false,covar_i64,1,74,2,bound_static,207.553486
0,65536,false,covar_i64,1,74,3,before,213.653716
0,65536,false,covar_i64,1,74,4,after,207.428486
0,65536,false,covar_i64,1,74,5,enum_dynamic,208.727473
0,65536,false,covar_i64,2,74,0,bound_dynamic,208.357541
0,65536,false,covar_i64,2,74,1,bound_static,207.627243
0,65536,false,covar_i64,2,74,2,before,214.823757
0,65536,false,covar_i64,2,74,3,after,204.845162
0,65536,false,covar_i64,2,74,4,enum_dynamic,206.711716
0,65536,false,covar_i64,2,74,5,enum_static,208.732541
0,65536,false,covar_i64,3,74,0,bound_static,208.934122
0,65536,false,covar_i64,3,74,1,before,216.956081
0,65536,false,covar_i64,3,74,2,after,207.795041
0,65536,false,covar_i64,3,74,3,enum_dynamic,208.848541
0,65536,false,covar_i64,3,74,4,enum_static,208.672865
0,65536,false,covar_i64,3,74,5,bound_dynamic,207.190878
0,65536,false,covar_i64,4,74,0,before,209.867108
0,65536,false,covar_i64,4,74,1,after,205.401459
0,65536,false,covar_i64,4,74,2,enum_dynamic,209.024216
0,65536,false,covar_i64,4,74,3,enum_static,208.877824
0,65536,false,covar_i64,4,74,4,bound_dynamic,207.854730
0,65536,false,covar_i64,4,74,5,bound_static,209.136824
0,65536,false,covar_i64,5,74,0,after,208.230297
0,65536,false,covar_i64,5,74,1,enum_dynamic,207.979162
0,65536,false,covar_i64,5,74,2,enum_static,199.664986
0,65536,false,covar_i64,5,74,3,bound_dynamic,201.028716
0,65536,false,covar_i64,5,74,4,bound_static,200.934689
0,65536,false,covar_i64,5,74,5,before,206.654851
0,65536,false,covar_i64,6,74,0,enum_dynamic,200.812500
0,65536,false,covar_i64,6,74,1,enum_static,200.489297
0,65536,false,covar_i64,6,74,2,bound_dynamic,201.213959
0,65536,false,covar_i64,6,74,3,bound_static,200.768014
0,65536,false,covar_i64,6,74,4,before,208.321514
0,65536,false,covar_i64,6,74,5,after,200.640203
0,65536,false,covar_i64,7,74,0,enum_static,200.957203
0,65536,false,covar_i64,7,74,1,bound_dynamic,206.063054
0,65536,false,covar_i64,7,74,2,bound_static,214.261257
0,65536,false,covar_i64,7,74,3,before,215.862041
0,65536,false,covar_i64,7,74,4,after,200.998865
0,65536,false,covar_i64,7,74,5,enum_dynamic,201.275338
0,65536,false,covar_i64,8,74,0,bound_dynamic,201.135135
0,65536,false,covar_i64,8,74,1,bound_static,201.936946
0,65536,false,covar_i64,8,74,2,before,206.987041
0,65536,false,covar_i64,8,74,3,after,201.991554
0,65536,false,covar_i64,8,74,4,enum_dynamic,201.866554
0,65536,false,covar_i64,8,74,5,enum_static,201.644703
0,65536,false,covar_i64,9,74,0,bound_static,203.192568
0,65536,false,covar_i64,9,74,1,before,207.041662
0,65536,false,covar_i64,9,74,2,after,198.061378
0,65536,false,covar_i64,9,74,3,enum_dynamic,201.031527
0,65536,false,covar_i64,9,74,4,enum_static,201.612622
0,65536,false,covar_i64,9,74,5,bound_dynamic,200.563622
0,65536,false,covar_i64,10,74,0,before,205.822635
0,65536,false,covar_i64,10,74,1,after,198.652595
0,65536,false,covar_i64,10,74,2,enum_dynamic,199.145838
0,65536,false,covar_i64,10,74,3,enum_static,200.962838
0,65536,false,covar_i64,10,74,4,bound_dynamic,201.366554
0,65536,false,covar_i64,10,74,5,bound_static,201.725784
0,65536,false,covar_i64,11,74,0,after,200.857541
0,65536,false,covar_i64,11,74,1,enum_dynamic,200.414986
0,65536,false,covar_i64,11,74,2,enum_static,200.766338
0,65536,false,covar_i64,11,74,3,bound_dynamic,200.543919
0,65536,false,covar_i64,11,74,4,bound_static,200.498311
0,65536,false,covar_i64,11,74,5,before,206.845730
0,128,true,avg_i64,0,32359,0,enum_dynamic,0.461012
0,128,true,avg_i64,0,32359,1,enum_static,0.461518
0,128,true,avg_i64,0,32359,2,bound_dynamic,0.458505
0,128,true,avg_i64,0,32359,3,bound_static,0.461764
0,128,true,avg_i64,0,32359,4,before,0.489813
0,128,true,avg_i64,0,32359,5,after,0.452583
0,128,true,avg_i64,1,32359,0,enum_static,0.457559
0,128,true,avg_i64,1,32359,1,bound_dynamic,0.448728
0,128,true,avg_i64,1,32359,2,bound_static,0.451274
0,128,true,avg_i64,1,32359,3,before,0.483662
0,128,true,avg_i64,1,32359,4,after,0.453117
0,128,true,avg_i64,1,32359,5,enum_dynamic,0.459602
0,128,true,avg_i64,2,32359,0,bound_dynamic,0.454580
0,128,true,avg_i64,2,32359,1,bound_static,0.464939
0,128,true,avg_i64,2,32359,2,before,0.520654
0,128,true,avg_i64,2,32359,3,after,0.470768
0,128,true,avg_i64,2,32359,4,enum_dynamic,0.458387
0,128,true,avg_i64,2,32359,5,enum_static,0.466032
0,128,true,avg_i64,3,32359,0,bound_static,0.451246
0,128,true,avg_i64,3,32359,1,before,0.482543
0,128,true,avg_i64,3,32359,2,after,0.451829
0,128,true,avg_i64,3,32359,3,enum_dynamic,0.454208
0,128,true,avg_i64,3,32359,4,enum_static,0.457016
0,128,true,avg_i64,3,32359,5,bound_dynamic,0.451244
0,128,true,avg_i64,4,32359,0,before,0.484431
0,128,true,avg_i64,4,32359,1,after,0.454436
0,128,true,avg_i64,4,32359,2,enum_dynamic,0.467226
0,128,true,avg_i64,4,32359,3,enum_static,0.459051
0,128,true,avg_i64,4,32359,4,bound_dynamic,0.451895
0,128,true,avg_i64,4,32359,5,bound_static,0.451594
0,128,true,avg_i64,5,32359,0,after,0.451191
0,128,true,avg_i64,5,32359,1,enum_dynamic,0.464537
0,128,true,avg_i64,5,32359,2,enum_static,0.457399
0,128,true,avg_i64,5,32359,3,bound_dynamic,0.449212
0,128,true,avg_i64,5,32359,4,bound_static,0.451981
0,128,true,avg_i64,5,32359,5,before,0.484018
0,128,true,avg_i64,6,32359,0,enum_dynamic,0.451076
0,128,true,avg_i64,6,32359,1,enum_static,0.451272
0,128,true,avg_i64,6,32359,2,bound_dynamic,0.454591
0,128,true,avg_i64,6,32359,3,bound_static,0.455699
0,128,true,avg_i64,6,32359,4,before,0.484547
0,128,true,avg_i64,6,32359,5,after,0.452760
0,128,true,avg_i64,7,32359,0,enum_static,0.451672
0,128,true,avg_i64,7,32359,1,bound_dynamic,0.451913
0,128,true,avg_i64,7,32359,2,bound_static,0.453716
0,128,true,avg_i64,7,32359,3,before,0.482751
0,128,true,avg_i64,7,32359,4,after,0.453257
0,128,true,avg_i64,7,32359,5,enum_dynamic,0.455034
0,128,true,avg_i64,8,32359,0,bound_dynamic,0.452355
0,128,true,avg_i64,8,32359,1,bound_static,0.454884
0,128,true,avg_i64,8,32359,2,before,0.494182
0,128,true,avg_i64,8,32359,3,after,0.458305
0,128,true,avg_i64,8,32359,4,enum_dynamic,0.460871
0,128,true,avg_i64,8,32359,5,enum_static,0.467007
0,128,true,avg_i64,9,32359,0,bound_static,0.458626
0,128,true,avg_i64,9,32359,1,before,0.485043
0,128,true,avg_i64,9,32359,2,after,0.457332
0,128,true,avg_i64,9,32359,3,enum_dynamic,0.456738
0,128,true,avg_i64,9,32359,4,enum_static,0.454564
0,128,true,avg_i64,9,32359,5,bound_dynamic,0.451206
0,128,true,avg_i64,10,32359,0,before,0.487323
0,128,true,avg_i64,10,32359,1,after,0.457190
0,128,true,avg_i64,10,32359,2,enum_dynamic,0.459079
0,128,true,avg_i64,10,32359,3,enum_static,0.458448
0,128,true,avg_i64,10,32359,4,bound_dynamic,0.449772
0,128,true,avg_i64,10,32359,5,bound_static,0.451971
0,128,true,avg_i64,11,32359,0,after,0.451371
0,128,true,avg_i64,11,32359,1,enum_dynamic,0.451363
0,128,true,avg_i64,11,32359,2,enum_static,0.450319
0,128,true,avg_i64,11,32359,3,bound_dynamic,0.450605
0,128,true,avg_i64,11,32359,4,bound_static,0.452187
0,128,true,avg_i64,11,32359,5,before,0.483786
0,128,false,count_star,0,50000,0,enum_dynamic,0.068740
0,128,false,count_star,0,50000,1,enum_static,0.068827
0,128,false,count_star,0,50000,2,bound_dynamic,0.067937
0,128,false,count_star,0,50000,3,bound_static,0.068044
0,128,false,count_star,0,50000,4,before,0.070579
0,128,false,count_star,0,50000,5,after,0.067952
0,128,false,count_star,1,50000,0,enum_static,0.068738
0,128,false,count_star,1,50000,1,bound_dynamic,0.067947
0,128,false,count_star,1,50000,2,bound_static,0.068098
0,128,false,count_star,1,50000,3,before,0.069576
0,128,false,count_star,1,50000,4,after,0.067887
0,128,false,count_star,1,50000,5,enum_dynamic,0.068799
0,128,false,count_star,2,50000,0,bound_dynamic,0.067977
0,128,false,count_star,2,50000,1,bound_static,0.067958
0,128,false,count_star,2,50000,2,before,0.069986
0,128,false,count_star,2,50000,3,after,0.067859
0,128,false,count_star,2,50000,4,enum_dynamic,0.069007
0,128,false,count_star,2,50000,5,enum_static,0.068904
0,128,false,count_star,3,50000,0,bound_static,0.067974
0,128,false,count_star,3,50000,1,before,0.069654
0,128,false,count_star,3,50000,2,after,0.067848
0,128,false,count_star,3,50000,3,enum_dynamic,0.069263
0,128,false,count_star,3,50000,4,enum_static,0.068897
0,128,false,count_star,3,50000,5,bound_dynamic,0.067848
0,128,false,count_star,4,50000,0,before,0.069809
0,128,false,count_star,4,50000,1,after,0.067893
0,128,false,count_star,4,50000,2,enum_dynamic,0.068810
0,128,false,count_star,4,50000,3,enum_static,0.069036
0,128,false,count_star,4,50000,4,bound_dynamic,0.067998
0,128,false,count_star,4,50000,5,bound_static,0.067901
0,128,false,count_star,5,50000,0,after,0.067902
0,128,false,count_star,5,50000,1,enum_dynamic,0.068905
0,128,false,count_star,5,50000,2,enum_static,0.068737
0,128,false,count_star,5,50000,3,bound_dynamic,0.068410
0,128,false,count_star,5,50000,4,bound_static,0.068737
0,128,false,count_star,5,50000,5,before,0.069609
0,128,false,count_star,6,50000,0,enum_dynamic,0.068817
0,128,false,count_star,6,50000,1,enum_static,0.069001
0,128,false,count_star,6,50000,2,bound_dynamic,0.068491
0,128,false,count_star,6,50000,3,bound_static,0.068515
0,128,false,count_star,6,50000,4,before,0.069528
0,128,false,count_star,6,50000,5,after,0.067903
0,128,false,count_star,7,50000,0,enum_static,0.069012
0,128,false,count_star,7,50000,1,bound_dynamic,0.068825
0,128,false,count_star,7,50000,2,bound_static,0.067848
0,128,false,count_star,7,50000,3,before,0.070271
0,128,false,count_star,7,50000,4,after,0.068291
0,128,false,count_star,7,50000,5,enum_dynamic,0.068820
0,128,false,count_star,8,50000,0,bound_dynamic,0.068337
0,128,false,count_star,8,50000,1,bound_static,0.067848
0,128,false,count_star,8,50000,2,before,0.069582
0,128,false,count_star,8,50000,3,after,0.068037
0,128,false,count_star,8,50000,4,enum_dynamic,0.068749
0,128,false,count_star,8,50000,5,enum_static,0.068760
0,128,false,count_star,9,50000,0,bound_static,0.067928
0,128,false,count_star,9,50000,1,before,0.069815
0,128,false,count_star,9,50000,2,after,0.068163
0,128,false,count_star,9,50000,3,enum_dynamic,0.068881
0,128,false,count_star,9,50000,4,enum_static,0.068851
0,128,false,count_star,9,50000,5,bound_dynamic,0.067850
0,128,false,count_star,10,50000,0,before,0.069593
0,128,false,count_star,10,50000,1,after,0.067923
0,128,false,count_star,10,50000,2,enum_dynamic,0.068741
0,128,false,count_star,10,50000,3,enum_static,0.068800
0,128,false,count_star,10,50000,4,bound_dynamic,0.067851
0,128,false,count_star,10,50000,5,bound_static,0.067903
0,128,false,count_star,11,50000,0,after,0.068303
0,128,false,count_star,11,50000,1,enum_dynamic,0.068747
0,128,false,count_star,11,50000,2,enum_static,0.068793
0,128,false,count_star,11,50000,3,bound_dynamic,0.068333
0,128,false,count_star,11,50000,4,bound_static,0.067903
0,128,false,count_star,11,50000,5,before,0.069616
0,128,true,mixed_7,0,1707,0,enum_dynamic,9.007396
0,128,true,mixed_7,0,1707,1,enum_static,9.095831
0,128,true,mixed_7,0,1707,2,bound_dynamic,9.075351
0,128,true,mixed_7,0,1707,3,bound_static,8.807313
0,128,true,mixed_7,0,1707,4,before,9.035711
0,128,true,mixed_7,0,1707,5,after,8.827793
0,128,true,mixed_7,1,1707,0,enum_static,8.840779
0,128,true,mixed_7,1,1707,1,bound_dynamic,8.909197
0,128,true,mixed_7,1,1707,2,bound_static,8.814612
0,128,true,mixed_7,1,1707,3,before,8.999854
0,128,true,mixed_7,1,1707,4,after,8.811414
0,128,true,mixed_7,1,1707,5,enum_dynamic,9.029584
0,128,true,mixed_7,2,1707,0,bound_dynamic,9.046671
0,128,true,mixed_7,2,1707,1,bound_static,8.820909
0,128,true,mixed_7,2,1707,2,before,9.152631
0,128,true,mixed_7,2,1707,3,after,9.016159
0,128,true,mixed_7,2,1707,4,enum_dynamic,9.067296
0,128,true,mixed_7,2,1707,5,enum_static,8.891476
0,128,true,mixed_7,3,1707,0,bound_static,8.817712
0,128,true,mixed_7,3,1707,1,before,8.993312
0,128,true,mixed_7,3,1707,2,after,8.794547
0,128,true,mixed_7,3,1707,3,enum_dynamic,9.008030
0,128,true,mixed_7,3,1707,4,enum_static,8.803407
0,128,true,mixed_7,3,1707,5,bound_dynamic,8.979716
0,128,true,mixed_7,4,1707,0,before,8.965241
0,128,true,mixed_7,4,1707,1,after,8.800478
0,128,true,mixed_7,4,1707,2,enum_dynamic,9.051699
0,128,true,mixed_7,4,1707,3,enum_static,8.931117
0,128,true,mixed_7,4,1707,4,bound_dynamic,8.959505
0,128,true,mixed_7,4,1707,5,bound_static,8.853641
0,128,true,mixed_7,5,1707,0,after,8.799649
0,128,true,mixed_7,5,1707,1,enum_dynamic,9.028168
0,128,true,mixed_7,5,1707,2,enum_static,9.306166
0,128,true,mixed_7,5,1707,3,bound_dynamic,8.931361
0,128,true,mixed_7,5,1707,4,bound_static,8.889670
0,128,true,mixed_7,5,1707,5,before,8.985330
0,128,true,mixed_7,6,1707,0,enum_dynamic,9.166325
0,128,true,mixed_7,6,1707,1,enum_static,8.818322
0,128,true,mixed_7,6,1707,2,bound_dynamic,8.896309
0,128,true,mixed_7,6,1707,3,bound_static,8.796524
0,128,true,mixed_7,6,1707,4,before,8.963118
0,128,true,mixed_7,6,1707,5,after,8.789958
0,128,true,mixed_7,7,1707,0,enum_static,8.786028
0,128,true,mixed_7,7,1707,1,bound_dynamic,8.905780
0,128,true,mixed_7,7,1707,2,bound_static,8.787591
0,128,true,mixed_7,7,1707,3,before,9.000756
0,128,true,mixed_7,7,1707,4,after,8.792082
0,128,true,mixed_7,7,1707,5,enum_dynamic,9.034759
0,128,true,mixed_7,8,1707,0,bound_dynamic,8.916569
0,128,true,mixed_7,8,1707,1,bound_static,8.821031
0,128,true,mixed_7,8,1707,2,before,9.000025
0,128,true,mixed_7,8,1707,3,after,8.797915
0,128,true,mixed_7,8,1707,4,enum_dynamic,9.047745
0,128,true,mixed_7,8,1707,5,enum_static,8.836458
0,128,true,mixed_7,9,1707,0,bound_static,8.794401
0,128,true,mixed_7,9,1707,1,before,8.964313
0,128,true,mixed_7,9,1707,2,after,8.777289
0,128,true,mixed_7,9,1707,3,enum_dynamic,9.037224
0,128,true,mixed_7,9,1707,4,enum_static,9.456552
0,128,true,mixed_7,9,1707,5,bound_dynamic,8.927358
0,128,true,mixed_7,10,1707,0,before,8.963679
0,128,true,mixed_7,10,1707,1,after,8.800039
0,128,true,mixed_7,10,1707,2,enum_dynamic,9.010593
0,128,true,mixed_7,10,1707,3,enum_static,8.811682
0,128,true,mixed_7,10,1707,4,bound_dynamic,8.917424
0,128,true,mixed_7,10,1707,5,bound_static,8.793351
0,128,true,mixed_7,11,1707,0,after,8.845831
0,128,true,mixed_7,11,1707,1,enum_dynamic,9.016207
0,128,true,mixed_7,11,1707,2,enum_static,8.830770
0,128,true,mixed_7,11,1707,3,bound_dynamic,9.109231
0,128,true,mixed_7,11,1707,4,bound_static,9.259910
0,128,true,mixed_7,11,1707,5,before,9.018820
0,128,true,min_i64,0,17778,0,enum_dynamic,0.889168
0,128,true,min_i64,0,17778,1,enum_static,0.820844
0,128,true,min_i64,0,17778,2,bound_dynamic,0.903087
0,128,true,min_i64,0,17778,3,bound_static,0.833054
0,128,true,min_i64,0,17778,4,before,0.892550
0,128,true,min_i64,0,17778,5,after,0.824873
0,128,true,min_i64,1,17778,0,enum_static,0.824636
0,128,true,min_i64,1,17778,1,bound_dynamic,0.900507
0,128,true,min_i64,1,17778,2,bound_static,0.833664
0,128,true,min_i64,1,17778,3,before,0.886953
0,128,true,min_i64,1,17778,4,after,0.822887
0,128,true,min_i64,1,17778,5,enum_dynamic,0.887525
0,128,true,min_i64,2,17778,0,bound_dynamic,0.895032
0,128,true,min_i64,2,17778,1,bound_static,0.827338
0,128,true,min_i64,2,17778,2,before,0.887098
0,128,true,min_i64,2,17778,3,after,0.823199
0,128,true,min_i64,2,17778,4,enum_dynamic,0.888113
0,128,true,min_i64,2,17778,5,enum_static,0.820455
0,128,true,min_i64,3,17778,0,bound_static,0.826508
0,128,true,min_i64,3,17778,1,before,0.885812
0,128,true,min_i64,3,17778,2,after,0.822557
0,128,true,min_i64,3,17778,3,enum_dynamic,0.888305
0,128,true,min_i64,3,17778,4,enum_static,0.820194
0,128,true,min_i64,3,17778,5,bound_dynamic,0.893970
0,128,true,min_i64,4,17778,0,before,0.887183
0,128,true,min_i64,4,17778,1,after,0.837128
0,128,true,min_i64,4,17778,2,enum_dynamic,0.892742
0,128,true,min_i64,4,17778,3,enum_static,0.828648
0,128,true,min_i64,4,17778,4,bound_dynamic,0.902909
0,128,true,min_i64,4,17778,5,bound_static,0.830176
0,128,true,min_i64,5,17778,0,after,0.823471
0,128,true,min_i64,5,17778,1,enum_dynamic,0.890051
0,128,true,min_i64,5,17778,2,enum_static,0.813646
0,128,true,min_i64,5,17778,3,bound_dynamic,0.906521
0,128,true,min_i64,5,17778,4,bound_static,0.826860
0,128,true,min_i64,5,17778,5,before,0.884490
0,128,true,min_i64,6,17778,0,enum_dynamic,0.886299
0,128,true,min_i64,6,17778,1,enum_static,0.822173
0,128,true,min_i64,6,17778,2,bound_dynamic,0.897631
0,128,true,min_i64,6,17778,3,bound_static,0.829694
0,128,true,min_i64,6,17778,4,before,0.889519
0,128,true,min_i64,6,17778,5,after,0.826286
0,128,true,min_i64,7,17778,0,enum_static,0.822519
0,128,true,min_i64,7,17778,1,bound_dynamic,0.902405
0,128,true,min_i64,7,17778,2,bound_static,0.830076
0,128,true,min_i64,7,17778,3,before,0.887708
0,128,true,min_i64,7,17778,4,after,0.826241
0,128,true,min_i64,7,17778,5,enum_dynamic,0.889543
0,128,true,min_i64,8,17778,0,bound_dynamic,0.901102
0,128,true,min_i64,8,17778,1,bound_static,0.831322
0,128,true,min_i64,8,17778,2,before,0.892090
0,128,true,min_i64,8,17778,3,after,0.826354
0,128,true,min_i64,8,17778,4,enum_dynamic,0.889939
0,128,true,min_i64,8,17778,5,enum_static,0.827922
0,128,true,min_i64,9,17778,0,bound_static,0.862906
0,128,true,min_i64,9,17778,1,before,0.924169
0,128,true,min_i64,9,17778,2,after,0.862304
0,128,true,min_i64,9,17778,3,enum_dynamic,0.926004
0,128,true,min_i64,9,17778,4,enum_static,0.859119
0,128,true,min_i64,9,17778,5,bound_dynamic,0.957394
0,128,true,min_i64,10,17778,0,before,0.938210
0,128,true,min_i64,10,17778,1,after,0.857884
0,128,true,min_i64,10,17778,2,enum_dynamic,0.930691
0,128,true,min_i64,10,17778,3,enum_static,0.875488
0,128,true,min_i64,10,17778,4,bound_dynamic,0.956850
0,128,true,min_i64,10,17778,5,bound_static,0.871712
0,128,true,min_i64,11,17778,0,after,0.854122
0,128,true,min_i64,11,17778,1,enum_dynamic,0.923609
0,128,true,min_i64,11,17778,2,enum_static,0.861390
0,128,true,min_i64,11,17778,3,bound_dynamic,0.932904
0,128,true,min_i64,11,17778,4,bound_static,0.841951
0,128,true,min_i64,11,17778,5,before,0.889011
